news_date_new_york,word,word_occurrences,articles_containing_word,publication_utc_dates,next_trading_date,next_day_close_to_close_return,next_day_open_to_close_return,next_day_price_move_1pct,next_day_price_move_5pct,top_event_category
2025-09-30,ai,5,1,2025-10-01,2025-10-01,0.0035373253819614,0.0107968038258008,0,0,competing_accelerators_custom_chips
2025-09-30,company,3,1,2025-10-01,2025-10-01,0.0035373253819614,0.0107968038258008,0,0,competing_accelerators_custom_chips
2025-09-30,market,1,1,2025-10-01,2025-10-01,0.0035373253819614,0.0107968038258008,0,0,other_nvidia_development
2025-09-30,nasdaq,1,1,2025-10-01,2025-10-01,0.0035373253819614,0.0107968038258008,0,0,competing_accelerators_custom_chips
2025-09-30,nvidia,1,1,2025-10-01,2025-10-01,0.0035373253819614,0.0107968038258008,0,0,other_nvidia_development
2025-09-30,stocks,3,2,2025-10-01,2025-10-01,0.0035373253819614,0.0107968038258008,0,0,other_nvidia_development
2025-10-01,ai,51,28,2025-10-01|2025-10-02,2025-10-02,0.0088122237296464,-0.0037447610285387,0,0,other_nvidia_development
2025-10-01,billion,10,8,2025-10-01,2025-10-02,0.0088122237296464,-0.0037447610285387,0,0,partnership_contract
2025-10-01,chip,4,4,2025-10-01,2025-10-02,0.0088122237296464,-0.0037447610285387,0,0,other_nvidia_development
2025-10-01,chips,5,4,2025-10-01,2025-10-02,0.0088122237296464,-0.0037447610285387,0,0,other_nvidia_development
2025-10-01,company,12,11,2025-10-01,2025-10-02,0.0088122237296464,-0.0037447610285387,0,0,partnership_contract
2025-10-01,data,3,3,2025-10-01,2025-10-02,0.0088122237296464,-0.0037447610285387,0,0,other_nvidia_development
2025-10-01,market,19,12,2025-10-01|2025-10-02,2025-10-02,0.0088122237296464,-0.0037447610285387,0,0,other_nvidia_development
2025-10-01,nasdaq,11,8,2025-10-01,2025-10-02,0.0088122237296464,-0.0037447610285387,0,0,partnership_contract
2025-10-01,nvda,13,8,2025-10-01,2025-10-02,0.0088122237296464,-0.0037447610285387,0,0,other_nvidia_development
2025-10-01,nvidia,53,36,2025-10-01|2025-10-02,2025-10-02,0.0088122237296464,-0.0037447610285387,0,0,other_nvidia_development
2025-10-01,stock,27,19,2025-10-01|2025-10-02,2025-10-02,0.0088122237296464,-0.0037447610285387,0,0,other_nvidia_development
2025-10-01,stocks,13,10,2025-10-01|2025-10-02,2025-10-02,0.0088122237296464,-0.0037447610285387,0,0,other_nvidia_development
2025-10-02,ai,32,18,2025-10-02|2025-10-03,2025-10-03,-0.0067235067178385,-0.0082985744698903,0,0,other_nvidia_development
2025-10-02,billion,5,5,2025-10-02,2025-10-03,-0.0067235067178385,-0.0082985744698903,0,0,ai_infrastructure_spending
2025-10-02,chip,9,5,2025-10-02,2025-10-03,-0.0067235067178385,-0.0082985744698903,0,0,other_nvidia_development
2025-10-02,chips,5,4,2025-10-02|2025-10-03,2025-10-03,-0.0067235067178385,-0.0082985744698903,0,0,partnership_contract
2025-10-02,company,1,1,2025-10-02,2025-10-03,-0.0067235067178385,-0.0082985744698903,0,0,partnership_contract
2025-10-02,data,2,2,2025-10-02,2025-10-03,-0.0067235067178385,-0.0082985744698903,0,0,ai_infrastructure_spending
2025-10-02,market,14,6,2025-10-02,2025-10-03,-0.0067235067178385,-0.0082985744698903,0,0,other_nvidia_development
2025-10-02,nasdaq,5,2,2025-10-02,2025-10-03,-0.0067235067178385,-0.0082985744698903,0,0,other_nvidia_development
2025-10-02,nvda,7,7,2025-10-02,2025-10-03,-0.0067235067178385,-0.0082985744698903,0,0,other_nvidia_development
2025-10-02,nvidia,39,25,2025-10-02|2025-10-03,2025-10-03,-0.0067235067178385,-0.0082985744698903,0,0,other_nvidia_development
2025-10-02,stock,14,9,2025-10-02,2025-10-03,-0.0067235067178385,-0.0082985744698903,0,0,other_nvidia_development
2025-10-02,stocks,11,9,2025-10-02,2025-10-03,-0.0067235067178385,-0.0082985744698903,0,0,other_nvidia_development
2025-10-03,ai,36,18,2025-10-03,2025-10-06,-0.0110863136242227,0.0002155972298265,-1,0,partnership_contract
2025-10-03,billion,6,5,2025-10-03,2025-10-06,-0.0110863136242227,0.0002155972298265,-1,0,other_nvidia_development
2025-10-03,chip,12,9,2025-10-03,2025-10-06,-0.0110863136242227,0.0002155972298265,-1,0,partnership_contract
2025-10-03,chips,6,5,2025-10-03,2025-10-06,-0.0110863136242227,0.0002155972298265,-1,0,other_nvidia_development
2025-10-03,company,12,10,2025-10-03,2025-10-06,-0.0110863136242227,0.0002155972298265,-1,0,other_nvidia_development
2025-10-03,data,2,2,2025-10-03,2025-10-06,-0.0110863136242227,0.0002155972298265,-1,0,ai_infrastructure_spending
2025-10-03,market,11,7,2025-10-03,2025-10-06,-0.0110863136242227,0.0002155972298265,-1,0,other_nvidia_development
2025-10-03,nasdaq,6,5,2025-10-03,2025-10-06,-0.0110863136242227,0.0002155972298265,-1,0,other_nvidia_development
2025-10-03,nvda,6,6,2025-10-03,2025-10-06,-0.0110863136242227,0.0002155972298265,-1,0,other_nvidia_development
2025-10-03,nvidia,41,29,2025-10-03,2025-10-06,-0.0110863136242227,0.0002155972298265,-1,0,other_nvidia_development
2025-10-03,stock,18,11,2025-10-03,2025-10-06,-0.0110863136242227,0.0002155972298265,-1,0,other_nvidia_development
2025-10-03,stocks,3,3,2025-10-03,2025-10-06,-0.0110863136242227,0.0002155972298265,-1,0,other_nvidia_development
2025-10-04,ai,3,2,2025-10-04,2025-10-06,-0.0110863136242227,0.0002155972298265,-1,0,other_nvidia_development
2025-10-04,nvidia,3,2,2025-10-04,2025-10-06,-0.0110863136242227,0.0002155972298265,-1,0,other_nvidia_development
2025-10-04,stock,1,1,2025-10-04,2025-10-06,-0.0110863136242227,0.0002155972298265,-1,0,other_nvidia_development
2025-10-04,stocks,2,1,2025-10-04,2025-10-06,-0.0110863136242227,0.0002155972298265,-1,0,other_nvidia_development
2025-10-05,ai,8,5,2025-10-05|2025-10-06,2025-10-06,-0.0110863136242227,0.0002155972298265,-1,0,other_nvidia_development
2025-10-05,billion,1,1,2025-10-05,2025-10-06,-0.0110863136242227,0.0002155972298265,-1,0,partnership_contract
2025-10-05,chip,1,1,2025-10-06,2025-10-06,-0.0110863136242227,0.0002155972298265,-1,0,partnership_contract
2025-10-05,chips,1,1,2025-10-05,2025-10-06,-0.0110863136242227,0.0002155972298265,-1,0,ai_infrastructure_spending
2025-10-05,company,2,2,2025-10-05,2025-10-06,-0.0110863136242227,0.0002155972298265,-1,0,partnership_contract
2025-10-05,data,1,1,2025-10-05,2025-10-06,-0.0110863136242227,0.0002155972298265,-1,0,ai_infrastructure_spending
2025-10-05,nasdaq,1,1,2025-10-05,2025-10-06,-0.0110863136242227,0.0002155972298265,-1,0,other_nvidia_development
2025-10-05,nvda,2,1,2025-10-05,2025-10-06,-0.0110863136242227,0.0002155972298265,-1,0,other_nvidia_development
2025-10-05,nvidia,15,11,2025-10-05,2025-10-06,-0.0110863136242227,0.0002155972298265,-1,0,other_nvidia_development
2025-10-05,stock,8,6,2025-10-05,2025-10-06,-0.0110863136242227,0.0002155972298265,-1,0,other_nvidia_development
2025-10-05,stocks,3,2,2025-10-05,2025-10-06,-0.0110863136242227,0.0002155972298265,-1,0,other_nvidia_development
2025-10-06,ai,38,24,2025-10-06|2025-10-07,2025-10-07,-0.0026947807367321,-0.0063899611700964,0,0,other_nvidia_development
2025-10-06,billion,5,5,2025-10-06,2025-10-07,-0.0026947807367321,-0.0063899611700964,0,0,partnership_contract
2025-10-06,chip,16,10,2025-10-06,2025-10-07,-0.0026947807367321,-0.0063899611700964,0,0,partnership_contract
2025-10-06,chips,4,4,2025-10-06,2025-10-07,-0.0026947807367321,-0.0063899611700964,0,0,ai_infrastructure_spending
2025-10-06,company,5,5,2025-10-06,2025-10-07,-0.0026947807367321,-0.0063899611700964,0,0,other_nvidia_development
2025-10-06,data,4,4,2025-10-06,2025-10-07,-0.0026947807367321,-0.0063899611700964,0,0,ai_infrastructure_spending
2025-10-06,market,13,9,2025-10-06,2025-10-07,-0.0026947807367321,-0.0063899611700964,0,0,other_nvidia_development
2025-10-06,nasdaq,3,2,2025-10-06,2025-10-07,-0.0026947807367321,-0.0063899611700964,0,0,competing_accelerators_custom_chips
2025-10-06,nvda,10,9,2025-10-06|2025-10-07,2025-10-07,-0.0026947807367321,-0.0063899611700964,0,0,other_nvidia_development
2025-10-06,nvidia,38,28,2025-10-06|2025-10-07,2025-10-07,-0.0026947807367321,-0.0063899611700964,0,0,other_nvidia_development
2025-10-06,stock,24,18,2025-10-06,2025-10-07,-0.0026947807367321,-0.0063899611700964,0,0,other_nvidia_development
2025-10-06,stocks,10,7,2025-10-06,2025-10-07,-0.0026947807367321,-0.0063899611700964,0,0,other_nvidia_development
2025-10-07,ai,46,26,2025-10-07|2025-10-08,2025-10-08,0.021995326917785,0.0136141565440304,1,0,other_nvidia_development
2025-10-07,billion,11,4,2025-10-07|2025-10-08,2025-10-08,0.021995326917785,0.0136141565440304,1,0,ai_infrastructure_spending
2025-10-07,chip,23,20,2025-10-07|2025-10-08,2025-10-08,0.021995326917785,0.0136141565440304,1,0,other_nvidia_development
2025-10-07,chips,7,5,2025-10-07|2025-10-08,2025-10-08,0.021995326917785,0.0136141565440304,1,0,other_nvidia_development
2025-10-07,company,13,10,2025-10-07|2025-10-08,2025-10-08,0.021995326917785,0.0136141565440304,1,0,other_nvidia_development
2025-10-07,data,6,6,2025-10-07,2025-10-08,0.021995326917785,0.0136141565440304,1,0,ai_infrastructure_spending
2025-10-07,market,18,7,2025-10-07,2025-10-08,0.021995326917785,0.0136141565440304,1,0,partnership_contract
2025-10-07,nasdaq,3,3,2025-10-07,2025-10-08,0.021995326917785,0.0136141565440304,1,0,other_nvidia_development
2025-10-07,nvda,8,8,2025-10-07,2025-10-08,0.021995326917785,0.0136141565440304,1,0,other_nvidia_development
2025-10-07,nvidia,57,38,2025-10-07|2025-10-08,2025-10-08,0.021995326917785,0.0136141565440304,1,0,other_nvidia_development
2025-10-07,stock,26,20,2025-10-07|2025-10-08,2025-10-08,0.021995326917785,0.0136141565440304,1,0,other_nvidia_development
2025-10-07,stocks,18,13,2025-10-07,2025-10-08,0.021995326917785,0.0136141565440304,1,0,other_nvidia_development
2025-10-08,ai,72,37,2025-10-08|2025-10-09,2025-10-09,0.0182962614037716,0.0017687749271015,1,0,other_nvidia_development
2025-10-08,billion,16,11,2025-10-08,2025-10-09,0.0182962614037716,0.0017687749271015,1,0,other_nvidia_development
2025-10-08,chip,8,7,2025-10-08|2025-10-09,2025-10-09,0.0182962614037716,0.0017687749271015,1,0,partnership_contract
2025-10-08,chips,8,8,2025-10-08,2025-10-09,0.0182962614037716,0.0017687749271015,1,0,other_nvidia_development
2025-10-08,company,17,12,2025-10-08,2025-10-09,0.0182962614037716,0.0017687749271015,1,0,other_nvidia_development
2025-10-08,data,13,11,2025-10-08|2025-10-09,2025-10-09,0.0182962614037716,0.0017687749271015,1,0,other_nvidia_development
2025-10-08,market,32,19,2025-10-08|2025-10-09,2025-10-09,0.0182962614037716,0.0017687749271015,1,0,other_nvidia_development
2025-10-08,nasdaq,13,10,2025-10-08|2025-10-09,2025-10-09,0.0182962614037716,0.0017687749271015,1,0,ai_infrastructure_spending
2025-10-08,nvda,25,19,2025-10-08|2025-10-09,2025-10-09,0.0182962614037716,0.0017687749271015,1,0,other_nvidia_development
2025-10-08,nvidia,104,60,2025-10-08|2025-10-09,2025-10-09,0.0182962614037716,0.0017687749271015,1,0,other_nvidia_development
2025-10-08,stock,39,29,2025-10-08|2025-10-09,2025-10-09,0.0182962614037716,0.0017687749271015,1,0,other_nvidia_development
2025-10-08,stocks,14,11,2025-10-08|2025-10-09,2025-10-09,0.0182962614037716,0.0017687749271015,1,0,other_nvidia_development
2025-10-09,ai,46,28,2025-10-09|2025-10-10,2025-10-10,-0.0488653589465695,-0.0534855621855796,-1,0,other_nvidia_development
2025-10-09,billion,8,4,2025-10-09|2025-10-10,2025-10-10,-0.0488653589465695,-0.0534855621855796,-1,0,other_nvidia_development
2025-10-09,chip,6,5,2025-10-09,2025-10-10,-0.0488653589465695,-0.0534855621855796,-1,0,regulatory_action
2025-10-09,chips,6,6,2025-10-09|2025-10-10,2025-10-10,-0.0488653589465695,-0.0534855621855796,-1,0,other_nvidia_development
2025-10-09,company,8,8,2025-10-09|2025-10-10,2025-10-10,-0.0488653589465695,-0.0534855621855796,-1,0,other_nvidia_development
2025-10-09,data,6,5,2025-10-09,2025-10-10,-0.0488653589465695,-0.0534855621855796,-1,0,ai_infrastructure_spending
2025-10-09,market,16,12,2025-10-09,2025-10-10,-0.0488653589465695,-0.0534855621855796,-1,0,other_nvidia_development
2025-10-09,nasdaq,16,11,2025-10-09|2025-10-10,2025-10-10,-0.0488653589465695,-0.0534855621855796,-1,0,other_nvidia_development
2025-10-09,nvda,20,13,2025-10-09|2025-10-10,2025-10-10,-0.0488653589465695,-0.0534855621855796,-1,0,other_nvidia_development
2025-10-09,nvidia,73,45,2025-10-09|2025-10-10,2025-10-10,-0.0488653589465695,-0.0534855621855796,-1,0,other_nvidia_development
2025-10-09,stock,25,18,2025-10-09,2025-10-10,-0.0488653589465695,-0.0534855621855796,-1,0,other_nvidia_development
2025-10-09,stocks,15,11,2025-10-09|2025-10-10,2025-10-10,-0.0488653589465695,-0.0534855621855796,-1,0,other_nvidia_development
2025-10-10,ai,18,15,2025-10-10,2025-10-13,0.0281721285841158,0.001862031713798,1,0,other_nvidia_development
2025-10-10,billion,4,3,2025-10-10,2025-10-13,0.0281721285841158,0.001862031713798,1,0,manufacturing_packaging_hbm
2025-10-10,chip,2,1,2025-10-10,2025-10-13,0.0281721285841158,0.001862031713798,1,0,other_nvidia_development
2025-10-10,chips,2,2,2025-10-10,2025-10-13,0.0281721285841158,0.001862031713798,1,0,other_nvidia_development
2025-10-10,company,4,4,2025-10-10|2025-10-11,2025-10-13,0.0281721285841158,0.001862031713798,1,0,manufacturing_packaging_hbm
2025-10-10,data,3,2,2025-10-10,2025-10-13,0.0281721285841158,0.001862031713798,1,0,manufacturing_packaging_hbm
2025-10-10,market,9,3,2025-10-10,2025-10-13,0.0281721285841158,0.001862031713798,1,0,other_nvidia_development
2025-10-10,nasdaq,4,3,2025-10-10|2025-10-11,2025-10-13,0.0281721285841158,0.001862031713798,1,0,product_announcement
2025-10-10,nvda,5,5,2025-10-10|2025-10-11,2025-10-13,0.0281721285841158,0.001862031713798,1,0,other_nvidia_development
2025-10-10,nvidia,35,23,2025-10-10|2025-10-11,2025-10-13,0.0281721285841158,0.001862031713798,1,0,other_nvidia_development
2025-10-10,stock,10,8,2025-10-10,2025-10-13,0.0281721285841158,0.001862031713798,1,0,other_nvidia_development
2025-10-10,stocks,7,4,2025-10-10,2025-10-13,0.0281721285841158,0.001862031713798,1,0,other_nvidia_development
2025-10-11,ai,21,10,2025-10-11|2025-10-12,2025-10-13,0.0281721285841158,0.001862031713798,1,0,other_nvidia_development
2025-10-11,billion,6,4,2025-10-11|2025-10-12,2025-10-13,0.0281721285841158,0.001862031713798,1,0,other_nvidia_development
2025-10-11,chip,2,2,2025-10-11,2025-10-13,0.0281721285841158,0.001862031713798,1,0,other_nvidia_development
2025-10-11,company,1,1,2025-10-11,2025-10-13,0.0281721285841158,0.001862031713798,1,0,other_nvidia_development
2025-10-11,data,5,3,2025-10-11|2025-10-12,2025-10-13,0.0281721285841158,0.001862031713798,1,0,ai_infrastructure_spending
2025-10-11,market,1,1,2025-10-11,2025-10-13,0.0281721285841158,0.001862031713798,1,0,other_nvidia_development
2025-10-11,nasdaq,6,4,2025-10-11,2025-10-13,0.0281721285841158,0.001862031713798,1,0,other_nvidia_development
2025-10-11,nvda,10,4,2025-10-11,2025-10-13,0.0281721285841158,0.001862031713798,1,0,other_nvidia_development
2025-10-11,nvidia,22,14,2025-10-11|2025-10-12,2025-10-13,0.0281721285841158,0.001862031713798,1,0,other_nvidia_development
2025-10-11,stock,4,4,2025-10-11|2025-10-12,2025-10-13,0.0281721285841158,0.001862031713798,1,0,other_nvidia_development
2025-10-11,stocks,8,7,2025-10-11,2025-10-13,0.0281721285841158,0.001862031713798,1,0,other_nvidia_development
2025-10-12,ai,14,9,2025-10-12|2025-10-13,2025-10-13,0.0281721285841158,0.001862031713798,1,0,other_nvidia_development
2025-10-12,chips,1,1,2025-10-12,2025-10-13,0.0281721285841158,0.001862031713798,1,0,other_nvidia_development
2025-10-12,company,1,1,2025-10-12,2025-10-13,0.0281721285841158,0.001862031713798,1,0,other_nvidia_development
2025-10-12,market,4,4,2025-10-12|2025-10-13,2025-10-13,0.0281721285841158,0.001862031713798,1,0,partnership_contract
2025-10-12,nasdaq,1,1,2025-10-13,2025-10-13,0.0281721285841158,0.001862031713798,1,0,manufacturing_packaging_hbm
2025-10-12,nvidia,7,6,2025-10-12,2025-10-13,0.0281721285841158,0.001862031713798,1,0,other_nvidia_development
2025-10-12,stock,6,5,2025-10-12|2025-10-13,2025-10-13,0.0281721285841158,0.001862031713798,1,0,other_nvidia_development
2025-10-12,stocks,1,1,2025-10-13,2025-10-13,0.0281721285841158,0.001862031713798,1,0,manufacturing_packaging_hbm
2025-10-13,ai,67,37,2025-10-13|2025-10-14,2025-10-14,-0.0440208985478924,-0.0256535443175858,-1,0,other_nvidia_development
2025-10-13,billion,16,8,2025-10-13|2025-10-14,2025-10-14,-0.0440208985478924,-0.0256535443175858,-1,0,ai_infrastructure_spending
2025-10-13,chip,12,9,2025-10-13,2025-10-14,-0.0440208985478924,-0.0256535443175858,-1,0,other_nvidia_development
2025-10-13,chips,11,6,2025-10-13|2025-10-14,2025-10-14,-0.0440208985478924,-0.0256535443175858,-1,0,ai_infrastructure_spending
2025-10-13,company,11,10,2025-10-13|2025-10-14,2025-10-14,-0.0440208985478924,-0.0256535443175858,-1,0,other_nvidia_development
2025-10-13,data,27,17,2025-10-13|2025-10-14,2025-10-14,-0.0440208985478924,-0.0256535443175858,-1,0,ai_infrastructure_spending
2025-10-13,market,26,16,2025-10-13|2025-10-14,2025-10-14,-0.0440208985478924,-0.0256535443175858,-1,0,other_nvidia_development
2025-10-13,nasdaq,7,6,2025-10-13,2025-10-14,-0.0440208985478924,-0.0256535443175858,-1,0,other_nvidia_development
2025-10-13,nvda,9,6,2025-10-13,2025-10-14,-0.0440208985478924,-0.0256535443175858,-1,0,ai_infrastructure_spending
2025-10-13,nvidia,89,53,2025-10-13|2025-10-14,2025-10-14,-0.0440208985478924,-0.0256535443175858,-1,0,other_nvidia_development
2025-10-13,stock,26,21,2025-10-13|2025-10-14,2025-10-14,-0.0440208985478924,-0.0256535443175858,-1,0,other_nvidia_development
2025-10-13,stocks,26,15,2025-10-13|2025-10-14,2025-10-14,-0.0440208985478924,-0.0256535443175858,-1,0,other_nvidia_development
2025-10-14,ai,41,20,2025-10-14,2025-10-15,-0.0011109367543433,-0.0268939455553534,0,0,competing_accelerators_custom_chips
2025-10-14,billion,3,2,2025-10-14,2025-10-15,-0.0011109367543433,-0.0268939455553534,0,0,ai_infrastructure_spending
2025-10-14,chip,3,3,2025-10-14,2025-10-15,-0.0011109367543433,-0.0268939455553534,0,0,competing_accelerators_custom_chips
2025-10-14,chips,6,4,2025-10-14,2025-10-15,-0.0011109367543433,-0.0268939455553534,0,0,partnership_contract
2025-10-14,company,6,5,2025-10-14,2025-10-15,-0.0011109367543433,-0.0268939455553534,0,0,other_nvidia_development
2025-10-14,data,5,5,2025-10-14,2025-10-15,-0.0011109367543433,-0.0268939455553534,0,0,ai_infrastructure_spending
2025-10-14,market,10,5,2025-10-14,2025-10-15,-0.0011109367543433,-0.0268939455553534,0,0,other_nvidia_development
2025-10-14,nasdaq,5,4,2025-10-14,2025-10-15,-0.0011109367543433,-0.0268939455553534,0,0,other_nvidia_development
2025-10-14,nvda,4,3,2025-10-14,2025-10-15,-0.0011109367543433,-0.0268939455553534,0,0,other_nvidia_development
2025-10-14,nvidia,36,20,2025-10-14,2025-10-15,-0.0011109367543433,-0.0268939455553534,0,0,other_nvidia_development
2025-10-14,stock,22,17,2025-10-14,2025-10-15,-0.0011109367543433,-0.0268939455553534,0,0,other_nvidia_development
2025-10-14,stocks,3,2,2025-10-14,2025-10-15,-0.0011109367543433,-0.0268939455553534,0,0,other_nvidia_development
2025-10-15,ai,57,32,2025-10-15|2025-10-16,2025-10-16,0.0110103867673609,-0.0023047696800324,1,0,partnership_contract
2025-10-15,billion,16,9,2025-10-15,2025-10-16,0.0110103867673609,-0.0023047696800324,1,0,ai_infrastructure_spending
2025-10-15,chip,7,7,2025-10-15,2025-10-16,0.0110103867673609,-0.0023047696800324,1,0,partnership_contract
2025-10-15,chips,12,10,2025-10-15,2025-10-16,0.0110103867673609,-0.0023047696800324,1,0,partnership_contract
2025-10-15,company,10,7,2025-10-15,2025-10-16,0.0110103867673609,-0.0023047696800324,1,0,ai_infrastructure_spending
2025-10-15,data,28,15,2025-10-15,2025-10-16,0.0110103867673609,-0.0023047696800324,1,0,ai_infrastructure_spending
2025-10-15,market,16,11,2025-10-15|2025-10-16,2025-10-16,0.0110103867673609,-0.0023047696800324,1,0,other_nvidia_development
2025-10-15,nasdaq,7,5,2025-10-15,2025-10-16,0.0110103867673609,-0.0023047696800324,1,0,other_nvidia_development
2025-10-15,nvda,10,5,2025-10-15,2025-10-16,0.0110103867673609,-0.0023047696800324,1,0,other_nvidia_development
2025-10-15,nvidia,77,45,2025-10-15|2025-10-16,2025-10-16,0.0110103867673609,-0.0023047696800324,1,0,other_nvidia_development
2025-10-15,stock,30,20,2025-10-15|2025-10-16,2025-10-16,0.0110103867673609,-0.0023047696800324,1,0,other_nvidia_development
2025-10-15,stocks,12,12,2025-10-15,2025-10-16,0.0110103867673609,-0.0023047696800324,1,0,other_nvidia_development
2025-10-16,ai,52,25,2025-10-16|2025-10-17,2025-10-17,0.0077553572411068,0.0168720649822209,0,0,other_nvidia_development
2025-10-16,billion,16,11,2025-10-16,2025-10-17,0.0077553572411068,0.0168720649822209,0,0,ai_infrastructure_spending
2025-10-16,chip,5,4,2025-10-16,2025-10-17,0.0077553572411068,0.0168720649822209,0,0,partnership_contract
2025-10-16,chips,9,8,2025-10-16|2025-10-17,2025-10-17,0.0077553572411068,0.0168720649822209,0,0,other_nvidia_development
2025-10-16,company,14,10,2025-10-16|2025-10-17,2025-10-17,0.0077553572411068,0.0168720649822209,0,0,other_nvidia_development
2025-10-16,data,23,12,2025-10-16|2025-10-17,2025-10-17,0.0077553572411068,0.0168720649822209,0,0,partnership_contract
2025-10-16,market,18,10,2025-10-16,2025-10-17,0.0077553572411068,0.0168720649822209,0,0,other_nvidia_development
2025-10-16,nasdaq,11,8,2025-10-16,2025-10-17,0.0077553572411068,0.0168720649822209,0,0,other_nvidia_development
2025-10-16,nvda,13,8,2025-10-16,2025-10-17,0.0077553572411068,0.0168720649822209,0,0,other_nvidia_development
2025-10-16,nvidia,66,42,2025-10-16|2025-10-17,2025-10-17,0.0077553572411068,0.0168720649822209,0,0,other_nvidia_development
2025-10-16,stock,28,21,2025-10-16,2025-10-17,0.0077553572411068,0.0168720649822209,0,0,other_nvidia_development
2025-10-16,stocks,12,9,2025-10-16,2025-10-17,0.0077553572411068,0.0168720649822209,0,0,other_nvidia_development
2025-10-17,ai,31,18,2025-10-17,2025-10-20,-0.00316559069697,-0.002675724786212,0,0,other_nvidia_development
2025-10-17,billion,4,4,2025-10-17,2025-10-20,-0.00316559069697,-0.002675724786212,0,0,partnership_contract
2025-10-17,chip,7,7,2025-10-17,2025-10-20,-0.00316559069697,-0.002675724786212,0,0,other_nvidia_development
2025-10-17,chips,8,5,2025-10-17,2025-10-20,-0.00316559069697,-0.002675724786212,0,0,regulatory_action
2025-10-17,company,4,4,2025-10-17,2025-10-20,-0.00316559069697,-0.002675724786212,0,0,ai_infrastructure_spending
2025-10-17,data,8,8,2025-10-17,2025-10-20,-0.00316559069697,-0.002675724786212,0,0,ai_infrastructure_spending
2025-10-17,market,10,7,2025-10-17,2025-10-20,-0.00316559069697,-0.002675724786212,0,0,other_nvidia_development
2025-10-17,nasdaq,4,2,2025-10-17,2025-10-20,-0.00316559069697,-0.002675724786212,0,0,regulatory_action
2025-10-17,nvda,13,8,2025-10-17,2025-10-20,-0.00316559069697,-0.002675724786212,0,0,other_nvidia_development
2025-10-17,nvidia,50,33,2025-10-17,2025-10-20,-0.00316559069697,-0.002675724786212,0,0,other_nvidia_development
2025-10-17,stock,24,18,2025-10-17,2025-10-20,-0.00316559069697,-0.002675724786212,0,0,other_nvidia_development
2025-10-17,stocks,11,9,2025-10-17,2025-10-20,-0.00316559069697,-0.002675724786212,0,0,other_nvidia_development
2025-10-18,ai,11,6,2025-10-18,2025-10-20,-0.00316559069697,-0.002675724786212,0,0,competing_accelerators_custom_chips
2025-10-18,billion,1,1,2025-10-18,2025-10-20,-0.00316559069697,-0.002675724786212,0,0,ai_infrastructure_spending
2025-10-18,chip,4,3,2025-10-18,2025-10-20,-0.00316559069697,-0.002675724786212,0,0,manufacturing_packaging_hbm
2025-10-18,chips,2,2,2025-10-18,2025-10-20,-0.00316559069697,-0.002675724786212,0,0,competing_accelerators_custom_chips
2025-10-18,company,2,2,2025-10-18,2025-10-20,-0.00316559069697,-0.002675724786212,0,0,competing_accelerators_custom_chips
2025-10-18,data,5,3,2025-10-18,2025-10-20,-0.00316559069697,-0.002675724786212,0,0,ai_infrastructure_spending
2025-10-18,market,4,4,2025-10-18,2025-10-20,-0.00316559069697,-0.002675724786212,0,0,ai_infrastructure_spending
2025-10-18,nasdaq,4,1,2025-10-18,2025-10-20,-0.00316559069697,-0.002675724786212,0,0,ai_infrastructure_spending
2025-10-18,nvda,1,1,2025-10-18,2025-10-20,-0.00316559069697,-0.002675724786212,0,0,ai_infrastructure_spending
2025-10-18,nvidia,7,4,2025-10-18,2025-10-20,-0.00316559069697,-0.002675724786212,0,0,ai_infrastructure_spending
2025-10-18,stock,2,1,2025-10-18,2025-10-20,-0.00316559069697,-0.002675724786212,0,0,competing_accelerators_custom_chips
2025-10-19,ai,11,8,2025-10-19|2025-10-20,2025-10-20,-0.00316559069697,-0.002675724786212,0,0,other_nvidia_development
2025-10-19,billion,1,1,2025-10-19,2025-10-20,-0.00316559069697,-0.002675724786212,0,0,ai_infrastructure_spending
2025-10-19,chip,2,2,2025-10-19,2025-10-20,-0.00316559069697,-0.002675724786212,0,0,manufacturing_packaging_hbm
2025-10-19,chips,6,4,2025-10-19|2025-10-20,2025-10-20,-0.00316559069697,-0.002675724786212,0,0,other_nvidia_development
2025-10-19,data,1,1,2025-10-19,2025-10-20,-0.00316559069697,-0.002675724786212,0,0,other_nvidia_development
2025-10-19,market,2,2,2025-10-19,2025-10-20,-0.00316559069697,-0.002675724786212,0,0,other_nvidia_development
2025-10-19,nasdaq,1,1,2025-10-19,2025-10-20,-0.00316559069697,-0.002675724786212,0,0,other_nvidia_development
2025-10-19,nvda,3,1,2025-10-19,2025-10-20,-0.00316559069697,-0.002675724786212,0,0,other_nvidia_development
2025-10-19,nvidia,16,12,2025-10-19|2025-10-20,2025-10-20,-0.00316559069697,-0.002675724786212,0,0,other_nvidia_development
2025-10-19,stock,8,8,2025-10-19,2025-10-20,-0.00316559069697,-0.002675724786212,0,0,other_nvidia_development
2025-10-19,stocks,3,2,2025-10-19,2025-10-20,-0.00316559069697,-0.002675724786212,0,0,other_nvidia_development
2025-10-20,ai,10,7,2025-10-20|2025-10-21,2025-10-21,-0.0081033343670365,-0.0089172803976853,0,0,other_nvidia_development
2025-10-20,billion,5,3,2025-10-20,2025-10-21,-0.0081033343670365,-0.0089172803976853,0,0,partnership_contract
2025-10-20,chip,7,6,2025-10-20,2025-10-21,-0.0081033343670365,-0.0089172803976853,0,0,other_nvidia_development
2025-10-20,chips,2,2,2025-10-20,2025-10-21,-0.0081033343670365,-0.0089172803976853,0,0,partnership_contract
2025-10-20,company,3,1,2025-10-20,2025-10-21,-0.0081033343670365,-0.0089172803976853,0,0,partnership_contract
2025-10-20,market,1,1,2025-10-20,2025-10-21,-0.0081033343670365,-0.0089172803976853,0,0,other_nvidia_development
2025-10-20,nasdaq,6,3,2025-10-20,2025-10-21,-0.0081033343670365,-0.0089172803976853,0,0,other_nvidia_development
2025-10-20,nvda,5,3,2025-10-20,2025-10-21,-0.0081033343670365,-0.0089172803976853,0,0,other_nvidia_development
2025-10-20,nvidia,25,16,2025-10-20|2025-10-21,2025-10-21,-0.0081033343670365,-0.0089172803976853,0,0,other_nvidia_development
2025-10-20,stock,9,6,2025-10-20|2025-10-21,2025-10-21,-0.0081033343670365,-0.0089172803976853,0,0,other_nvidia_development
2025-10-20,stocks,3,3,2025-10-20,2025-10-21,-0.0081033343670365,-0.0089172803976853,0,0,other_nvidia_development
2025-10-21,ai,22,12,2025-10-21,2025-10-22,-0.0048576821962211,-0.0047477123398992,0,0,product_announcement
2025-10-21,billion,5,4,2025-10-21,2025-10-22,-0.0048576821962211,-0.0047477123398992,0,0,other_nvidia_development
2025-10-21,chip,4,3,2025-10-21,2025-10-22,-0.0048576821962211,-0.0047477123398992,0,0,other_nvidia_development
2025-10-21,chips,4,4,2025-10-21,2025-10-22,-0.0048576821962211,-0.0047477123398992,0,0,partnership_contract
2025-10-21,company,1,1,2025-10-21,2025-10-22,-0.0048576821962211,-0.0047477123398992,0,0,other_nvidia_development
2025-10-21,data,3,3,2025-10-21,2025-10-22,-0.0048576821962211,-0.0047477123398992,0,0,product_announcement
2025-10-21,market,7,5,2025-10-21,2025-10-22,-0.0048576821962211,-0.0047477123398992,0,0,other_nvidia_development
2025-10-21,nasdaq,3,2,2025-10-21,2025-10-22,-0.0048576821962211,-0.0047477123398992,0,0,partnership_contract
2025-10-21,nvda,4,4,2025-10-21,2025-10-22,-0.0048576821962211,-0.0047477123398992,0,0,product_announcement
2025-10-21,nvidia,32,22,2025-10-21,2025-10-22,-0.0048576821962211,-0.0047477123398992,0,0,other_nvidia_development
2025-10-21,stock,24,16,2025-10-21,2025-10-22,-0.0048576821962211,-0.0047477123398992,0,0,other_nvidia_development
2025-10-21,stocks,3,3,2025-10-21,2025-10-22,-0.0048576821962211,-0.0047477123398992,0,0,other_nvidia_development
2025-10-22,ai,35,18,2025-10-22|2025-10-23,2025-10-23,0.0104282909282249,0.0096441941626377,1,0,other_nvidia_development
2025-10-22,billion,5,3,2025-10-22,2025-10-23,0.0104282909282249,0.0096441941626377,1,0,ai_infrastructure_spending
2025-10-22,chip,10,7,2025-10-22,2025-10-23,0.0104282909282249,0.0096441941626377,1,0,other_nvidia_development
2025-10-22,chips,6,3,2025-10-22,2025-10-23,0.0104282909282249,0.0096441941626377,1,0,competing_accelerators_custom_chips
2025-10-22,company,2,2,2025-10-22,2025-10-23,0.0104282909282249,0.0096441941626377,1,0,other_nvidia_development
2025-10-22,data,5,5,2025-10-22,2025-10-23,0.0104282909282249,0.0096441941626377,1,0,other_nvidia_development
2025-10-22,market,2,2,2025-10-22,2025-10-23,0.0104282909282249,0.0096441941626377,1,0,other_nvidia_development
2025-10-22,nasdaq,1,1,2025-10-22,2025-10-23,0.0104282909282249,0.0096441941626377,1,0,other_nvidia_development
2025-10-22,nvda,7,4,2025-10-22,2025-10-23,0.0104282909282249,0.0096441941626377,1,0,other_nvidia_development
2025-10-22,nvidia,30,17,2025-10-22|2025-10-23,2025-10-23,0.0104282909282249,0.0096441941626377,1,0,other_nvidia_development
2025-10-22,stock,15,9,2025-10-22,2025-10-23,0.0104282909282249,0.0096441941626377,1,0,other_nvidia_development
2025-10-22,stocks,4,4,2025-10-22,2025-10-23,0.0104282909282249,0.0096441941626377,1,0,other_nvidia_development
2025-10-23,ai,9,8,2025-10-23,2025-10-24,0.0225076525010907,0.0131636108417745,1,0,other_nvidia_development
2025-10-23,chips,1,1,2025-10-23,2025-10-24,0.0225076525010907,0.0131636108417745,1,0,other_nvidia_development
2025-10-23,company,4,3,2025-10-23|2025-10-24,2025-10-24,0.0225076525010907,0.0131636108417745,1,0,ai_infrastructure_spending
2025-10-23,data,5,2,2025-10-23,2025-10-24,0.0225076525010907,0.0131636108417745,1,0,ai_infrastructure_spending
2025-10-23,market,2,2,2025-10-23,2025-10-24,0.0225076525010907,0.0131636108417745,1,0,other_nvidia_development
2025-10-23,nasdaq,2,2,2025-10-23,2025-10-24,0.0225076525010907,0.0131636108417745,1,0,other_nvidia_development
2025-10-23,nvda,4,3,2025-10-23,2025-10-24,0.0225076525010907,0.0131636108417745,1,0,other_nvidia_development
2025-10-23,nvidia,23,13,2025-10-23|2025-10-24,2025-10-24,0.0225076525010907,0.0131636108417745,1,0,other_nvidia_development
2025-10-23,stock,14,9,2025-10-23,2025-10-24,0.0225076525010907,0.0131636108417745,1,0,other_nvidia_development
2025-10-23,stocks,2,1,2025-10-23,2025-10-24,0.0225076525010907,0.0131636108417745,1,0,other_nvidia_development
2025-10-24,ai,8,4,2025-10-24,2025-10-27,0.0280790240409409,0.0078951521481691,1,0,ai_infrastructure_spending
2025-10-24,chips,4,2,2025-10-24,2025-10-27,0.0280790240409409,0.0078951521481691,1,0,other_nvidia_development
2025-10-24,market,3,2,2025-10-24,2025-10-27,0.0280790240409409,0.0078951521481691,1,0,other_nvidia_development
2025-10-24,nasdaq,5,4,2025-10-24,2025-10-27,0.0280790240409409,0.0078951521481691,1,0,other_nvidia_development
2025-10-24,nvda,3,3,2025-10-24,2025-10-27,0.0280790240409409,0.0078951521481691,1,0,other_nvidia_development
2025-10-24,nvidia,19,10,2025-10-24,2025-10-27,0.0280790240409409,0.0078951521481691,1,0,other_nvidia_development
2025-10-24,stock,8,5,2025-10-24,2025-10-27,0.0280790240409409,0.0078951521481691,1,0,other_nvidia_development
2025-10-24,stocks,1,1,2025-10-24,2025-10-27,0.0280790240409409,0.0078951521481691,1,0,other_nvidia_development
2025-10-25,ai,2,2,2025-10-25,2025-10-27,0.0280790240409409,0.0078951521481691,1,0,other_nvidia_development
2025-10-25,nvidia,2,2,2025-10-25,2025-10-27,0.0280790240409409,0.0078951521481691,1,0,other_nvidia_development
2025-10-25,stock,2,2,2025-10-25,2025-10-27,0.0280790240409409,0.0078951521481691,1,0,other_nvidia_development
2025-10-26,ai,17,9,2025-10-26|2025-10-27,2025-10-27,0.0280790240409409,0.0078951521481691,1,0,other_nvidia_development
2025-10-26,chip,1,1,2025-10-26,2025-10-27,0.0280790240409409,0.0078951521481691,1,0,partnership_contract
2025-10-26,chips,1,1,2025-10-26,2025-10-27,0.0280790240409409,0.0078951521481691,1,0,competing_accelerators_custom_chips
2025-10-26,company,1,1,2025-10-27,2025-10-27,0.0280790240409409,0.0078951521481691,1,0,partnership_contract
2025-10-26,data,1,1,2025-10-27,2025-10-27,0.0280790240409409,0.0078951521481691,1,0,partnership_contract
2025-10-26,market,3,2,2025-10-26,2025-10-27,0.0280790240409409,0.0078951521481691,1,0,ai_infrastructure_spending
2025-10-26,nvda,2,2,2025-10-26,2025-10-27,0.0280790240409409,0.0078951521481691,1,0,ai_infrastructure_spending
2025-10-26,nvidia,11,11,2025-10-26|2025-10-27,2025-10-27,0.0280790240409409,0.0078951521481691,1,0,other_nvidia_development
2025-10-26,stock,7,7,2025-10-26,2025-10-27,0.0280790240409409,0.0078951521481691,1,0,other_nvidia_development
2025-10-26,stocks,5,3,2025-10-26,2025-10-27,0.0280790240409409,0.0078951521481691,1,0,partnership_contract
2025-10-27,ai,42,24,2025-10-27|2025-10-28,2025-10-28,0.0498199048619694,0.0413364185516202,1,0,other_nvidia_development
2025-10-27,billion,4,3,2025-10-27,2025-10-28,0.0498199048619694,0.0413364185516202,1,0,ai_infrastructure_spending
2025-10-27,chip,9,7,2025-10-27|2025-10-28,2025-10-28,0.0498199048619694,0.0413364185516202,1,0,other_nvidia_development
2025-10-27,chips,22,11,2025-10-27,2025-10-28,0.0498199048619694,0.0413364185516202,1,0,product_announcement
2025-10-27,company,10,8,2025-10-27|2025-10-28,2025-10-28,0.0498199048619694,0.0413364185516202,1,0,other_nvidia_development
2025-10-27,data,16,11,2025-10-27|2025-10-28,2025-10-28,0.0498199048619694,0.0413364185516202,1,0,ai_infrastructure_spending
2025-10-27,market,20,14,2025-10-27,2025-10-28,0.0498199048619694,0.0413364185516202,1,0,other_nvidia_development
2025-10-27,nasdaq,9,5,2025-10-27|2025-10-28,2025-10-28,0.0498199048619694,0.0413364185516202,1,0,other_nvidia_development
2025-10-27,nvda,11,9,2025-10-27|2025-10-28,2025-10-28,0.0498199048619694,0.0413364185516202,1,0,other_nvidia_development
2025-10-27,nvidia,60,37,2025-10-27|2025-10-28,2025-10-28,0.0498199048619694,0.0413364185516202,1,0,other_nvidia_development
2025-10-27,stock,26,17,2025-10-27|2025-10-28,2025-10-28,0.0498199048619694,0.0413364185516202,1,0,other_nvidia_development
2025-10-27,stocks,9,6,2025-10-27,2025-10-28,0.0498199048619694,0.0413364185516202,1,0,other_nvidia_development
2025-10-28,ai,74,40,2025-10-28|2025-10-29,2025-10-29,0.0298958839139344,-0.0045196771839425,1,0,other_nvidia_development
2025-10-28,billion,9,7,2025-10-28|2025-10-29,2025-10-29,0.0298958839139344,-0.0045196771839425,1,0,other_nvidia_development
2025-10-28,chip,13,9,2025-10-28|2025-10-29,2025-10-29,0.0298958839139344,-0.0045196771839425,1,0,other_nvidia_development
2025-10-28,chips,7,7,2025-10-28|2025-10-29,2025-10-29,0.0298958839139344,-0.0045196771839425,1,0,other_nvidia_development
2025-10-28,company,13,12,2025-10-28|2025-10-29,2025-10-29,0.0298958839139344,-0.0045196771839425,1,0,other_nvidia_development
2025-10-28,data,8,7,2025-10-28|2025-10-29,2025-10-29,0.0298958839139344,-0.0045196771839425,1,0,other_nvidia_development
2025-10-28,market,14,10,2025-10-28,2025-10-29,0.0298958839139344,-0.0045196771839425,1,0,other_nvidia_development
2025-10-28,nasdaq,13,11,2025-10-28|2025-10-29,2025-10-29,0.0298958839139344,-0.0045196771839425,1,0,other_nvidia_development
2025-10-28,nvda,13,8,2025-10-28|2025-10-29,2025-10-29,0.0298958839139344,-0.0045196771839425,1,0,other_nvidia_development
2025-10-28,nvidia,126,68,2025-10-28|2025-10-29,2025-10-29,0.0298958839139344,-0.0045196771839425,1,0,other_nvidia_development
2025-10-28,stock,23,18,2025-10-28|2025-10-29,2025-10-29,0.0298958839139344,-0.0045196771839425,1,0,other_nvidia_development
2025-10-28,stocks,15,12,2025-10-28,2025-10-29,0.0298958839139344,-0.0045196771839425,1,0,other_nvidia_development
2025-10-29,ai,81,43,2025-10-29|2025-10-30,2025-10-30,-0.0200444114726338,-0.0110163030664106,-1,0,other_nvidia_development
2025-10-29,billion,17,12,2025-10-29|2025-10-30,2025-10-30,-0.0200444114726338,-0.0110163030664106,-1,0,ai_infrastructure_spending
2025-10-29,chip,21,12,2025-10-29|2025-10-30,2025-10-30,-0.0200444114726338,-0.0110163030664106,-1,0,other_nvidia_development
2025-10-29,chips,14,13,2025-10-29,2025-10-30,-0.0200444114726338,-0.0110163030664106,-1,0,product_announcement
2025-10-29,company,47,31,2025-10-29|2025-10-30,2025-10-30,-0.0200444114726338,-0.0110163030664106,-1,0,other_nvidia_development
2025-10-29,data,11,8,2025-10-29,2025-10-30,-0.0200444114726338,-0.0110163030664106,-1,0,ai_infrastructure_spending
2025-10-29,market,63,36,2025-10-29|2025-10-30,2025-10-30,-0.0200444114726338,-0.0110163030664106,-1,0,other_nvidia_development
2025-10-29,nasdaq,9,7,2025-10-29|2025-10-30,2025-10-30,-0.0200444114726338,-0.0110163030664106,-1,0,other_nvidia_development
2025-10-29,nvda,28,23,2025-10-29|2025-10-30,2025-10-30,-0.0200444114726338,-0.0110163030664106,-1,0,other_nvidia_development
2025-10-29,nvidia,145,82,2025-10-29|2025-10-30,2025-10-30,-0.0200444114726338,-0.0110163030664106,-1,0,other_nvidia_development
2025-10-29,stock,57,43,2025-10-29|2025-10-30,2025-10-30,-0.0200444114726338,-0.0110163030664106,-1,0,other_nvidia_development
2025-10-29,stocks,16,12,2025-10-29,2025-10-30,-0.0200444114726338,-0.0110163030664106,-1,0,other_nvidia_development
2025-10-30,ai,49,23,2025-10-30,2025-10-31,-0.0019713802330344,-0.0191813587484377,0,0,other_nvidia_development
2025-10-30,billion,20,9,2025-10-30,2025-10-31,-0.0019713802330344,-0.0191813587484377,0,0,other_nvidia_development
2025-10-30,chip,12,11,2025-10-30,2025-10-31,-0.0019713802330344,-0.0191813587484377,0,0,product_announcement
2025-10-30,chips,5,4,2025-10-30,2025-10-31,-0.0019713802330344,-0.0191813587484377,0,0,product_announcement
2025-10-30,company,17,15,2025-10-30,2025-10-31,-0.0019713802330344,-0.0191813587484377,0,0,other_nvidia_development
2025-10-30,data,4,4,2025-10-30,2025-10-31,-0.0019713802330344,-0.0191813587484377,0,0,ai_infrastructure_spending
2025-10-30,market,19,13,2025-10-30,2025-10-31,-0.0019713802330344,-0.0191813587484377,0,0,other_nvidia_development
2025-10-30,nasdaq,13,7,2025-10-30,2025-10-31,-0.0019713802330344,-0.0191813587484377,0,0,other_nvidia_development
2025-10-30,nvda,15,12,2025-10-30,2025-10-31,-0.0019713802330344,-0.0191813587484377,0,0,other_nvidia_development
2025-10-30,nvidia,66,39,2025-10-30,2025-10-31,-0.0019713802330344,-0.0191813587484377,0,0,other_nvidia_development
2025-10-30,stock,17,12,2025-10-30,2025-10-31,-0.0019713802330344,-0.0191813587484377,0,0,other_nvidia_development
2025-10-30,stocks,6,5,2025-10-30,2025-10-31,-0.0019713802330344,-0.0191813587484377,0,0,other_nvidia_development
2025-10-31,ai,47,25,2025-10-31,2025-11-03,0.0216800511954828,-0.005766997970408,1,0,other_nvidia_development
2025-10-31,billion,5,5,2025-10-31,2025-11-03,0.0216800511954828,-0.005766997970408,1,0,partnership_contract
2025-10-31,chip,11,9,2025-10-31,2025-11-03,0.0216800511954828,-0.005766997970408,1,0,other_nvidia_development
2025-10-31,chips,16,12,2025-10-31,2025-11-03,0.0216800511954828,-0.005766997970408,1,0,product_announcement
2025-10-31,company,9,5,2025-10-31,2025-11-03,0.0216800511954828,-0.005766997970408,1,0,partnership_contract
2025-10-31,data,11,6,2025-10-31,2025-11-03,0.0216800511954828,-0.005766997970408,1,0,ai_infrastructure_spending
2025-10-31,market,22,14,2025-10-31,2025-11-03,0.0216800511954828,-0.005766997970408,1,0,other_nvidia_development
2025-10-31,nasdaq,18,10,2025-10-31,2025-11-03,0.0216800511954828,-0.005766997970408,1,0,other_nvidia_development
2025-10-31,nvda,13,11,2025-10-31,2025-11-03,0.0216800511954828,-0.005766997970408,1,0,other_nvidia_development
2025-10-31,nvidia,59,35,2025-10-31,2025-11-03,0.0216800511954828,-0.005766997970408,1,0,other_nvidia_development
2025-10-31,stock,21,14,2025-10-31,2025-11-03,0.0216800511954828,-0.005766997970408,1,0,other_nvidia_development
2025-10-31,stocks,15,9,2025-10-31,2025-11-03,0.0216800511954828,-0.005766997970408,1,0,other_nvidia_development
2025-11-01,ai,2,1,2025-11-01,2025-11-03,0.0216800511954828,-0.005766997970408,1,0,other_nvidia_development
2025-11-01,chip,2,2,2025-11-01,2025-11-03,0.0216800511954828,-0.005766997970408,1,0,other_nvidia_development
2025-11-01,chips,2,1,2025-11-01,2025-11-03,0.0216800511954828,-0.005766997970408,1,0,other_nvidia_development
2025-11-01,market,2,2,2025-11-01,2025-11-03,0.0216800511954828,-0.005766997970408,1,0,other_nvidia_development
2025-11-01,nvidia,5,5,2025-11-01,2025-11-03,0.0216800511954828,-0.005766997970408,1,0,other_nvidia_development
2025-11-01,stocks,1,1,2025-11-01,2025-11-03,0.0216800511954828,-0.005766997970408,1,0,other_nvidia_development
2025-11-02,ai,13,9,2025-11-02|2025-11-03,2025-11-03,0.0216800511954828,-0.005766997970408,1,0,other_nvidia_development
2025-11-02,billion,1,1,2025-11-02,2025-11-03,0.0216800511954828,-0.005766997970408,1,0,other_nvidia_development
2025-11-02,chip,4,3,2025-11-02,2025-11-03,0.0216800511954828,-0.005766997970408,1,0,other_nvidia_development
2025-11-02,chips,2,1,2025-11-03,2025-11-03,0.0216800511954828,-0.005766997970408,1,0,product_delay_supply_constraint
2025-11-02,company,5,5,2025-11-02,2025-11-03,0.0216800511954828,-0.005766997970408,1,0,other_nvidia_development
2025-11-02,data,1,1,2025-11-02,2025-11-03,0.0216800511954828,-0.005766997970408,1,0,ai_infrastructure_spending
2025-11-02,market,8,5,2025-11-02,2025-11-03,0.0216800511954828,-0.005766997970408,1,0,other_nvidia_development
2025-11-02,nasdaq,2,2,2025-11-02,2025-11-03,0.0216800511954828,-0.005766997970408,1,0,other_nvidia_development
2025-11-02,nvda,5,3,2025-11-02|2025-11-03,2025-11-03,0.0216800511954828,-0.005766997970408,1,0,other_nvidia_development
2025-11-02,nvidia,24,16,2025-11-02|2025-11-03,2025-11-03,0.0216800511954828,-0.005766997970408,1,0,other_nvidia_development
2025-11-02,stock,15,11,2025-11-02|2025-11-03,2025-11-03,0.0216800511954828,-0.005766997970408,1,0,other_nvidia_development
2025-11-02,stocks,2,2,2025-11-02,2025-11-03,0.0216800511954828,-0.005766997970408,1,0,other_nvidia_development
2025-11-03,ai,65,37,2025-11-03,2025-11-04,-0.0395881671927399,-0.0212315150669643,-1,0,partnership_contract
2025-11-03,billion,26,16,2025-11-03,2025-11-04,-0.0395881671927399,-0.0212315150669643,-1,0,partnership_contract
2025-11-03,chip,6,5,2025-11-03,2025-11-04,-0.0395881671927399,-0.0212315150669643,-1,0,manufacturing_packaging_hbm
2025-11-03,chips,23,14,2025-11-03,2025-11-04,-0.0395881671927399,-0.0212315150669643,-1,0,partnership_contract
2025-11-03,company,12,11,2025-11-03,2025-11-04,-0.0395881671927399,-0.0212315150669643,-1,0,other_nvidia_development
2025-11-03,data,9,8,2025-11-03,2025-11-04,-0.0395881671927399,-0.0212315150669643,-1,0,partnership_contract
2025-11-03,market,15,12,2025-11-03,2025-11-04,-0.0395881671927399,-0.0212315150669643,-1,0,other_nvidia_development
2025-11-03,nasdaq,19,14,2025-11-03,2025-11-04,-0.0395881671927399,-0.0212315150669643,-1,0,other_nvidia_development
2025-11-03,nvda,14,9,2025-11-03,2025-11-04,-0.0395881671927399,-0.0212315150669643,-1,0,other_nvidia_development
2025-11-03,nvidia,84,54,2025-11-03|2025-11-04,2025-11-04,-0.0395881671927399,-0.0212315150669643,-1,0,other_nvidia_development
2025-11-03,stock,25,17,2025-11-03|2025-11-04,2025-11-04,-0.0395881671927399,-0.0212315150669643,-1,0,other_nvidia_development
2025-11-03,stocks,6,4,2025-11-03,2025-11-04,-0.0395881671927399,-0.0212315150669643,-1,0,other_nvidia_development
2025-11-04,ai,27,18,2025-11-04,2025-11-05,-0.0175147838074563,-0.017910134739012,-1,0,other_nvidia_development
2025-11-04,billion,15,8,2025-11-04,2025-11-05,-0.0175147838074563,-0.017910134739012,-1,0,other_nvidia_development
2025-11-04,chip,4,3,2025-11-04,2025-11-05,-0.0175147838074563,-0.017910134739012,-1,0,other_nvidia_development
2025-11-04,chips,7,3,2025-11-04,2025-11-05,-0.0175147838074563,-0.017910134739012,-1,0,product_announcement
2025-11-04,company,4,4,2025-11-04,2025-11-05,-0.0175147838074563,-0.017910134739012,-1,0,other_nvidia_development
2025-11-04,data,1,1,2025-11-04,2025-11-05,-0.0175147838074563,-0.017910134739012,-1,0,ai_infrastructure_spending
2025-11-04,market,3,3,2025-11-04,2025-11-05,-0.0175147838074563,-0.017910134739012,-1,0,other_nvidia_development
2025-11-04,nasdaq,4,2,2025-11-04,2025-11-05,-0.0175147838074563,-0.017910134739012,-1,0,other_nvidia_development
2025-11-04,nvda,8,4,2025-11-04,2025-11-05,-0.0175147838074563,-0.017910134739012,-1,0,other_nvidia_development
2025-11-04,nvidia,46,25,2025-11-04,2025-11-05,-0.0175147838074563,-0.017910134739012,-1,0,other_nvidia_development
2025-11-04,stock,7,6,2025-11-04,2025-11-05,-0.0175147838074563,-0.017910134739012,-1,0,other_nvidia_development
2025-11-04,stocks,4,4,2025-11-04,2025-11-05,-0.0175147838074563,-0.017910134739012,-1,0,other_nvidia_development
2025-11-05,ai,9,7,2025-11-05,2025-11-06,-0.0365247806009776,-0.0424600163712312,-1,0,other_nvidia_development
2025-11-05,billion,2,1,2025-11-05,2025-11-06,-0.0365247806009776,-0.0424600163712312,-1,0,other_nvidia_development
2025-11-05,chips,2,1,2025-11-05,2025-11-06,-0.0365247806009776,-0.0424600163712312,-1,0,other_nvidia_development
2025-11-05,market,2,2,2025-11-05,2025-11-06,-0.0365247806009776,-0.0424600163712312,-1,0,other_nvidia_development
2025-11-05,nasdaq,1,1,2025-11-05,2025-11-06,-0.0365247806009776,-0.0424600163712312,-1,0,other_nvidia_development
2025-11-05,nvda,2,2,2025-11-05,2025-11-06,-0.0365247806009776,-0.0424600163712312,-1,0,ai_infrastructure_spending
2025-11-05,nvidia,13,8,2025-11-05,2025-11-06,-0.0365247806009776,-0.0424600163712312,-1,0,other_nvidia_development
2025-11-05,stock,4,3,2025-11-05,2025-11-06,-0.0365247806009776,-0.0424600163712312,-1,0,ai_infrastructure_spending
2025-11-05,stocks,4,2,2025-11-05,2025-11-06,-0.0365247806009776,-0.0424600163712312,-1,0,other_nvidia_development
2025-11-06,ai,28,18,2025-11-06|2025-11-07,2025-11-07,0.0003722182238106,0.017577069265992,0,0,other_nvidia_development
2025-11-06,chip,11,5,2025-11-06|2025-11-07,2025-11-07,0.0003722182238106,0.017577069265992,0,0,competing_accelerators_custom_chips
2025-11-06,chips,4,3,2025-11-06|2025-11-07,2025-11-07,0.0003722182238106,0.017577069265992,0,0,other_nvidia_development
2025-11-06,company,4,4,2025-11-06|2025-11-07,2025-11-07,0.0003722182238106,0.017577069265992,0,0,other_nvidia_development
2025-11-06,market,12,7,2025-11-06|2025-11-07,2025-11-07,0.0003722182238106,0.017577069265992,0,0,other_nvidia_development
2025-11-06,nasdaq,8,4,2025-11-06|2025-11-07,2025-11-07,0.0003722182238106,0.017577069265992,0,0,other_nvidia_development
2025-11-06,nvda,6,6,2025-11-06|2025-11-07,2025-11-07,0.0003722182238106,0.017577069265992,0,0,other_nvidia_development
2025-11-06,nvidia,37,24,2025-11-06|2025-11-07,2025-11-07,0.0003722182238106,0.017577069265992,0,0,other_nvidia_development
2025-11-06,stock,16,13,2025-11-06|2025-11-07,2025-11-07,0.0003722182238106,0.017577069265992,0,0,other_nvidia_development
2025-11-06,stocks,7,4,2025-11-06|2025-11-07,2025-11-07,0.0003722182238106,0.017577069265992,0,0,other_nvidia_development
2025-11-07,ai,51,30,2025-11-07|2025-11-08,2025-11-10,0.0579325780475237,0.0201937493161856,1,1,ai_infrastructure_spending
2025-11-07,billion,5,2,2025-11-07,2025-11-10,0.0579325780475237,0.0201937493161856,1,1,partnership_contract
2025-11-07,chip,18,14,2025-11-07|2025-11-08,2025-11-10,0.0579325780475237,0.0201937493161856,1,1,other_nvidia_development
2025-11-07,chips,13,9,2025-11-07|2025-11-08,2025-11-10,0.0579325780475237,0.0201937493161856,1,1,product_announcement
2025-11-07,company,6,6,2025-11-07,2025-11-10,0.0579325780475237,0.0201937493161856,1,1,other_nvidia_development
2025-11-07,data,8,5,2025-11-07,2025-11-10,0.0579325780475237,0.0201937493161856,1,1,ai_infrastructure_spending
2025-11-07,market,14,12,2025-11-07,2025-11-10,0.0579325780475237,0.0201937493161856,1,1,other_nvidia_development
2025-11-07,nasdaq,9,7,2025-11-07,2025-11-10,0.0579325780475237,0.0201937493161856,1,1,other_nvidia_development
2025-11-07,nvda,10,7,2025-11-07,2025-11-10,0.0579325780475237,0.0201937493161856,1,1,other_nvidia_development
2025-11-07,nvidia,65,39,2025-11-07|2025-11-08,2025-11-10,0.0579325780475237,0.0201937493161856,1,1,other_nvidia_development
2025-11-07,stock,18,11,2025-11-07,2025-11-10,0.0579325780475237,0.0201937493161856,1,1,other_nvidia_development
2025-11-07,stocks,15,9,2025-11-07,2025-11-10,0.0579325780475237,0.0201937493161856,1,1,other_nvidia_development
2025-11-08,ai,21,9,2025-11-08,2025-11-10,0.0579325780475237,0.0201937493161856,1,1,other_nvidia_development
2025-11-08,billion,4,2,2025-11-08,2025-11-10,0.0579325780475237,0.0201937493161856,1,1,ai_infrastructure_spending
2025-11-08,company,3,3,2025-11-08,2025-11-10,0.0579325780475237,0.0201937493161856,1,1,other_nvidia_development
2025-11-08,data,3,3,2025-11-08,2025-11-10,0.0579325780475237,0.0201937493161856,1,1,ai_infrastructure_spending
2025-11-08,market,4,3,2025-11-08,2025-11-10,0.0579325780475237,0.0201937493161856,1,1,other_nvidia_development
2025-11-08,nasdaq,4,3,2025-11-08,2025-11-10,0.0579325780475237,0.0201937493161856,1,1,other_nvidia_development
2025-11-08,nvda,2,2,2025-11-08,2025-11-10,0.0579325780475237,0.0201937493161856,1,1,other_nvidia_development
2025-11-08,nvidia,17,11,2025-11-08,2025-11-10,0.0579325780475237,0.0201937493161856,1,1,other_nvidia_development
2025-11-08,stock,12,9,2025-11-08,2025-11-10,0.0579325780475237,0.0201937493161856,1,1,other_nvidia_development
2025-11-08,stocks,6,4,2025-11-08,2025-11-10,0.0579325780475237,0.0201937493161856,1,1,other_nvidia_development
2025-11-09,ai,24,11,2025-11-09|2025-11-10,2025-11-10,0.0579325780475237,0.0201937493161856,1,1,ai_infrastructure_spending
2025-11-09,billion,1,1,2025-11-09,2025-11-10,0.0579325780475237,0.0201937493161856,1,1,partnership_contract
2025-11-09,chip,3,2,2025-11-09,2025-11-10,0.0579325780475237,0.0201937493161856,1,1,product_announcement
2025-11-09,chips,5,3,2025-11-09|2025-11-10,2025-11-10,0.0579325780475237,0.0201937493161856,1,1,other_nvidia_development
2025-11-09,company,3,3,2025-11-09,2025-11-10,0.0579325780475237,0.0201937493161856,1,1,other_nvidia_development
2025-11-09,data,5,4,2025-11-09,2025-11-10,0.0579325780475237,0.0201937493161856,1,1,ai_infrastructure_spending
2025-11-09,market,3,3,2025-11-09|2025-11-10,2025-11-10,0.0579325780475237,0.0201937493161856,1,1,other_nvidia_development
2025-11-09,nasdaq,3,2,2025-11-09,2025-11-10,0.0579325780475237,0.0201937493161856,1,1,other_nvidia_development
2025-11-09,nvda,2,2,2025-11-09,2025-11-10,0.0579325780475237,0.0201937493161856,1,1,other_nvidia_development
2025-11-09,nvidia,25,16,2025-11-09|2025-11-10,2025-11-10,0.0579325780475237,0.0201937493161856,1,1,other_nvidia_development
2025-11-09,stock,7,5,2025-11-09|2025-11-10,2025-11-10,0.0579325780475237,0.0201937493161856,1,1,other_nvidia_development
2025-11-09,stocks,1,1,2025-11-10,2025-11-10,0.0579325780475237,0.0201937493161856,1,1,other_nvidia_development
2025-11-10,ai,41,27,2025-11-10|2025-11-11,2025-11-11,-0.0295905957408321,-0.0102480014473801,-1,0,other_nvidia_development
2025-11-10,billion,11,7,2025-11-10|2025-11-11,2025-11-11,-0.0295905957408321,-0.0102480014473801,-1,0,ai_infrastructure_spending
2025-11-10,chip,7,6,2025-11-10,2025-11-11,-0.0295905957408321,-0.0102480014473801,-1,0,other_nvidia_development
2025-11-10,chips,8,4,2025-11-10,2025-11-11,-0.0295905957408321,-0.0102480014473801,-1,0,competing_accelerators_custom_chips
2025-11-10,company,10,9,2025-11-10|2025-11-11,2025-11-11,-0.0295905957408321,-0.0102480014473801,-1,0,ai_infrastructure_spending
2025-11-10,data,16,6,2025-11-10,2025-11-11,-0.0295905957408321,-0.0102480014473801,-1,0,competing_accelerators_custom_chips
2025-11-10,market,16,7,2025-11-10,2025-11-11,-0.0295905957408321,-0.0102480014473801,-1,0,partnership_contract
2025-11-10,nasdaq,10,7,2025-11-10,2025-11-11,-0.0295905957408321,-0.0102480014473801,-1,0,other_nvidia_development
2025-11-10,nvda,11,10,2025-11-10,2025-11-11,-0.0295905957408321,-0.0102480014473801,-1,0,other_nvidia_development
2025-11-10,nvidia,58,40,2025-11-10|2025-11-11,2025-11-11,-0.0295905957408321,-0.0102480014473801,-1,0,other_nvidia_development
2025-11-10,stock,28,20,2025-11-10|2025-11-11,2025-11-11,-0.0295905957408321,-0.0102480014473801,-1,0,other_nvidia_development
2025-11-10,stocks,11,9,2025-11-10,2025-11-11,-0.0295905957408321,-0.0102480014473801,-1,0,other_nvidia_development
2025-11-11,ai,52,28,2025-11-11,2025-11-12,0.0033133317675846,-0.0098099231400485,0,0,other_nvidia_development
2025-11-11,billion,20,15,2025-11-11,2025-11-12,0.0033133317675846,-0.0098099231400485,0,0,other_nvidia_development
2025-11-11,chip,19,11,2025-11-11,2025-11-12,0.0033133317675846,-0.0098099231400485,0,0,other_nvidia_development
2025-11-11,chips,5,4,2025-11-11,2025-11-12,0.0033133317675846,-0.0098099231400485,0,0,product_delay_supply_constraint
2025-11-11,company,16,12,2025-11-11,2025-11-12,0.0033133317675846,-0.0098099231400485,0,0,other_nvidia_development
2025-11-11,data,19,13,2025-11-11,2025-11-12,0.0033133317675846,-0.0098099231400485,0,0,ai_infrastructure_spending
2025-11-11,market,23,15,2025-11-11,2025-11-12,0.0033133317675846,-0.0098099231400485,0,0,other_nvidia_development
2025-11-11,nasdaq,13,13,2025-11-11,2025-11-12,0.0033133317675846,-0.0098099231400485,0,0,other_nvidia_development
2025-11-11,nvda,10,9,2025-11-11,2025-11-12,0.0033133317675846,-0.0098099231400485,0,0,other_nvidia_development
2025-11-11,nvidia,81,55,2025-11-11|2025-11-12,2025-11-12,0.0033133317675846,-0.0098099231400485,0,0,other_nvidia_development
2025-11-11,stock,21,15,2025-11-11,2025-11-12,0.0033133317675846,-0.0098099231400485,0,0,other_nvidia_development
2025-11-11,stocks,28,15,2025-11-11|2025-11-12,2025-11-12,0.0033133317675846,-0.0098099231400485,0,0,other_nvidia_development
2025-11-12,ai,74,41,2025-11-12|2025-11-13,2025-11-13,-0.0358100507469266,-0.0219314439909803,-1,0,other_nvidia_development
2025-11-12,billion,18,11,2025-11-12|2025-11-13,2025-11-13,-0.0358100507469266,-0.0219314439909803,-1,0,other_nvidia_development
2025-11-12,chip,7,7,2025-11-12|2025-11-13,2025-11-13,-0.0358100507469266,-0.0219314439909803,-1,0,other_nvidia_development
2025-11-12,chips,7,5,2025-11-12|2025-11-13,2025-11-13,-0.0358100507469266,-0.0219314439909803,-1,0,ai_infrastructure_spending
2025-11-12,company,9,9,2025-11-12|2025-11-13,2025-11-13,-0.0358100507469266,-0.0219314439909803,-1,0,other_nvidia_development
2025-11-12,data,21,14,2025-11-12,2025-11-13,-0.0358100507469266,-0.0219314439909803,-1,0,ai_infrastructure_spending
2025-11-12,market,20,14,2025-11-12|2025-11-13,2025-11-13,-0.0358100507469266,-0.0219314439909803,-1,0,other_nvidia_development
2025-11-12,nasdaq,9,6,2025-11-12|2025-11-13,2025-11-13,-0.0358100507469266,-0.0219314439909803,-1,0,other_nvidia_development
2025-11-12,nvda,5,5,2025-11-12,2025-11-13,-0.0358100507469266,-0.0219314439909803,-1,0,other_nvidia_development
2025-11-12,nvidia,73,45,2025-11-12|2025-11-13,2025-11-13,-0.0358100507469266,-0.0219314439909803,-1,0,other_nvidia_development
2025-11-12,stock,17,11,2025-11-12|2025-11-13,2025-11-13,-0.0358100507469266,-0.0219314439909803,-1,0,other_nvidia_development
2025-11-12,stocks,9,6,2025-11-12|2025-11-13,2025-11-13,-0.0358100507469266,-0.0219314439909803,-1,0,other_nvidia_development
2025-11-13,ai,50,30,2025-11-13|2025-11-14,2025-11-14,0.0177137380370571,0.0399759243913069,1,0,other_nvidia_development
2025-11-13,billion,6,5,2025-11-13,2025-11-14,0.0177137380370571,0.0399759243913069,1,0,other_nvidia_development
2025-11-13,chip,4,4,2025-11-13|2025-11-14,2025-11-14,0.0177137380370571,0.0399759243913069,1,0,other_nvidia_development
2025-11-13,chips,4,4,2025-11-13|2025-11-14,2025-11-14,0.0177137380370571,0.0399759243913069,1,0,other_nvidia_development
2025-11-13,company,9,7,2025-11-13,2025-11-14,0.0177137380370571,0.0399759243913069,1,0,other_nvidia_development
2025-11-13,data,9,8,2025-11-13,2025-11-14,0.0177137380370571,0.0399759243913069,1,0,ai_infrastructure_spending
2025-11-13,market,17,13,2025-11-13|2025-11-14,2025-11-14,0.0177137380370571,0.0399759243913069,1,0,other_nvidia_development
2025-11-13,nasdaq,18,10,2025-11-13|2025-11-14,2025-11-14,0.0177137380370571,0.0399759243913069,1,0,other_nvidia_development
2025-11-13,nvda,17,15,2025-11-13|2025-11-14,2025-11-14,0.0177137380370571,0.0399759243913069,1,0,other_nvidia_development
2025-11-13,nvidia,91,55,2025-11-13|2025-11-14,2025-11-14,0.0177137380370571,0.0399759243913069,1,0,other_nvidia_development
2025-11-13,stock,35,22,2025-11-13|2025-11-14,2025-11-14,0.0177137380370571,0.0399759243913069,1,0,other_nvidia_development
2025-11-13,stocks,17,11,2025-11-13|2025-11-14,2025-11-14,0.0177137380370571,0.0399759243913069,1,0,other_nvidia_development
2025-11-14,ai,31,21,2025-11-14|2025-11-15,2025-11-17,-0.0187725696228985,0.0033876694019312,-1,0,other_nvidia_development
2025-11-14,billion,5,5,2025-11-14,2025-11-17,-0.0187725696228985,0.0033876694019312,-1,0,other_nvidia_development
2025-11-14,chip,5,5,2025-11-14,2025-11-17,-0.0187725696228985,0.0033876694019312,-1,0,other_nvidia_development
2025-11-14,chips,2,2,2025-11-14,2025-11-17,-0.0187725696228985,0.0033876694019312,-1,0,other_nvidia_development
2025-11-14,company,6,4,2025-11-14,2025-11-17,-0.0187725696228985,0.0033876694019312,-1,0,other_nvidia_development
2025-11-14,data,4,4,2025-11-14,2025-11-17,-0.0187725696228985,0.0033876694019312,-1,0,ai_infrastructure_spending
2025-11-14,market,27,16,2025-11-14|2025-11-15,2025-11-17,-0.0187725696228985,0.0033876694019312,-1,0,other_nvidia_development
2025-11-14,nasdaq,12,10,2025-11-14,2025-11-17,-0.0187725696228985,0.0033876694019312,-1,0,other_nvidia_development
2025-11-14,nvda,13,12,2025-11-14|2025-11-15,2025-11-17,-0.0187725696228985,0.0033876694019312,-1,0,other_nvidia_development
2025-11-14,nvidia,81,53,2025-11-14|2025-11-15,2025-11-17,-0.0187725696228985,0.0033876694019312,-1,0,other_nvidia_development
2025-11-14,stock,38,25,2025-11-14,2025-11-17,-0.0187725696228985,0.0033876694019312,-1,0,other_nvidia_development
2025-11-14,stocks,23,17,2025-11-14,2025-11-17,-0.0187725696228985,0.0033876694019312,-1,0,other_nvidia_development
2025-11-15,ai,21,14,2025-11-15|2025-11-16,2025-11-17,-0.0187725696228985,0.0033876694019312,-1,0,other_nvidia_development
2025-11-15,billion,5,4,2025-11-15,2025-11-17,-0.0187725696228985,0.0033876694019312,-1,0,ai_infrastructure_spending
2025-11-15,chip,1,1,2025-11-15,2025-11-17,-0.0187725696228985,0.0033876694019312,-1,0,other_nvidia_development
2025-11-15,chips,2,2,2025-11-15,2025-11-17,-0.0187725696228985,0.0033876694019312,-1,0,other_nvidia_development
2025-11-15,company,4,4,2025-11-15|2025-11-16,2025-11-17,-0.0187725696228985,0.0033876694019312,-1,0,other_nvidia_development
2025-11-15,data,3,2,2025-11-15,2025-11-17,-0.0187725696228985,0.0033876694019312,-1,0,ai_infrastructure_spending
2025-11-15,market,3,2,2025-11-15,2025-11-17,-0.0187725696228985,0.0033876694019312,-1,0,other_nvidia_development
2025-11-15,nasdaq,21,9,2025-11-15|2025-11-16,2025-11-17,-0.0187725696228985,0.0033876694019312,-1,0,other_nvidia_development
2025-11-15,nvda,13,8,2025-11-15|2025-11-16,2025-11-17,-0.0187725696228985,0.0033876694019312,-1,0,other_nvidia_development
2025-11-15,nvidia,28,15,2025-11-15|2025-11-16,2025-11-17,-0.0187725696228985,0.0033876694019312,-1,0,other_nvidia_development
2025-11-15,stock,9,6,2025-11-15|2025-11-16,2025-11-17,-0.0187725696228985,0.0033876694019312,-1,0,other_nvidia_development
2025-11-15,stocks,12,9,2025-11-15|2025-11-16,2025-11-17,-0.0187725696228985,0.0033876694019312,-1,0,other_nvidia_development
2025-11-16,ai,16,10,2025-11-16|2025-11-17,2025-11-17,-0.0187725696228985,0.0033876694019312,-1,0,other_nvidia_development
2025-11-16,billion,1,1,2025-11-16,2025-11-17,-0.0187725696228985,0.0033876694019312,-1,0,ai_infrastructure_spending
2025-11-16,chip,1,1,2025-11-16,2025-11-17,-0.0187725696228985,0.0033876694019312,-1,0,other_nvidia_development
2025-11-16,chips,1,1,2025-11-17,2025-11-17,-0.0187725696228985,0.0033876694019312,-1,0,other_nvidia_development
2025-11-16,company,3,3,2025-11-16,2025-11-17,-0.0187725696228985,0.0033876694019312,-1,0,other_nvidia_development
2025-11-16,data,2,2,2025-11-16,2025-11-17,-0.0187725696228985,0.0033876694019312,-1,0,other_nvidia_development
2025-11-16,market,10,10,2025-11-16|2025-11-17,2025-11-17,-0.0187725696228985,0.0033876694019312,-1,0,other_nvidia_development
2025-11-16,nasdaq,3,2,2025-11-17,2025-11-17,-0.0187725696228985,0.0033876694019312,-1,0,other_nvidia_development
2025-11-16,nvda,5,5,2025-11-16|2025-11-17,2025-11-17,-0.0187725696228985,0.0033876694019312,-1,0,other_nvidia_development
2025-11-16,nvidia,30,20,2025-11-16|2025-11-17,2025-11-17,-0.0187725696228985,0.0033876694019312,-1,0,other_nvidia_development
2025-11-16,stock,13,11,2025-11-16|2025-11-17,2025-11-17,-0.0187725696228985,0.0033876694019312,-1,0,other_nvidia_development
2025-11-16,stocks,8,4,2025-11-16|2025-11-17,2025-11-17,-0.0187725696228985,0.0033876694019312,-1,0,other_nvidia_development
2025-11-17,ai,57,31,2025-11-17|2025-11-18,2025-11-18,-0.0280816286115062,-0.0110154009089039,-1,0,other_nvidia_development
2025-11-17,billion,6,5,2025-11-17,2025-11-18,-0.0280816286115062,-0.0110154009089039,-1,0,ai_infrastructure_spending
2025-11-17,chip,7,6,2025-11-17,2025-11-18,-0.0280816286115062,-0.0110154009089039,-1,0,other_nvidia_development
2025-11-17,chips,8,5,2025-11-17|2025-11-18,2025-11-18,-0.0280816286115062,-0.0110154009089039,-1,0,ai_infrastructure_spending
2025-11-17,company,9,9,2025-11-17,2025-11-18,-0.0280816286115062,-0.0110154009089039,-1,0,other_nvidia_development
2025-11-17,data,18,13,2025-11-17|2025-11-18,2025-11-18,-0.0280816286115062,-0.0110154009089039,-1,0,other_nvidia_development
2025-11-17,market,38,22,2025-11-17|2025-11-18,2025-11-18,-0.0280816286115062,-0.0110154009089039,-1,0,other_nvidia_development
2025-11-17,nasdaq,13,10,2025-11-17|2025-11-18,2025-11-18,-0.0280816286115062,-0.0110154009089039,-1,0,other_nvidia_development
2025-11-17,nvda,24,20,2025-11-17|2025-11-18,2025-11-18,-0.0280816286115062,-0.0110154009089039,-1,0,other_nvidia_development
2025-11-17,nvidia,121,66,2025-11-17|2025-11-18,2025-11-18,-0.0280816286115062,-0.0110154009089039,-1,0,other_nvidia_development
2025-11-17,stock,39,24,2025-11-17|2025-11-18,2025-11-18,-0.0280816286115062,-0.0110154009089039,-1,0,other_nvidia_development
2025-11-17,stocks,29,21,2025-11-17|2025-11-18,2025-11-18,-0.0280816286115062,-0.0110154009089039,-1,0,other_nvidia_development
2025-11-18,ai,61,40,2025-11-18|2025-11-19,2025-11-19,0.0284517400017085,0.0093620382552281,1,0,other_nvidia_development
2025-11-18,billion,15,9,2025-11-18|2025-11-19,2025-11-19,0.0284517400017085,0.0093620382552281,1,0,partnership_contract
2025-11-18,chip,11,11,2025-11-18,2025-11-19,0.0284517400017085,0.0093620382552281,1,0,other_nvidia_development
2025-11-18,chips,4,4,2025-11-18|2025-11-19,2025-11-19,0.0284517400017085,0.0093620382552281,1,0,other_nvidia_development
2025-11-18,company,7,6,2025-11-18,2025-11-19,0.0284517400017085,0.0093620382552281,1,0,product_announcement
2025-11-18,data,12,10,2025-11-18|2025-11-19,2025-11-19,0.0284517400017085,0.0093620382552281,1,0,ai_infrastructure_spending
2025-11-18,market,28,18,2025-11-18|2025-11-19,2025-11-19,0.0284517400017085,0.0093620382552281,1,0,other_nvidia_development
2025-11-18,nasdaq,18,15,2025-11-18|2025-11-19,2025-11-19,0.0284517400017085,0.0093620382552281,1,0,other_nvidia_development
2025-11-18,nvda,14,14,2025-11-18|2025-11-19,2025-11-19,0.0284517400017085,0.0093620382552281,1,0,other_nvidia_development
2025-11-18,nvidia,114,71,2025-11-18|2025-11-19,2025-11-19,0.0284517400017085,0.0093620382552281,1,0,other_nvidia_development
2025-11-18,stock,33,20,2025-11-18|2025-11-19,2025-11-19,0.0284517400017085,0.0093620382552281,1,0,other_nvidia_development
2025-11-18,stocks,34,25,2025-11-18|2025-11-19,2025-11-19,0.0284517400017085,0.0093620382552281,1,0,other_nvidia_development
2025-11-19,ai,111,59,2025-11-19|2025-11-20,2025-11-20,-0.0315247972476907,-0.0781321653331675,-1,0,other_nvidia_development
2025-11-19,billion,22,8,2025-11-19,2025-11-20,-0.0315247972476907,-0.0781321653331675,-1,0,ai_infrastructure_spending
2025-11-19,chip,17,14,2025-11-19,2025-11-20,-0.0315247972476907,-0.0781321653331675,-1,0,other_nvidia_development
2025-11-19,chips,14,10,2025-11-19|2025-11-20,2025-11-20,-0.0315247972476907,-0.0781321653331675,-1,0,ai_infrastructure_spending
2025-11-19,company,17,13,2025-11-19|2025-11-20,2025-11-20,-0.0315247972476907,-0.0781321653331675,-1,0,other_nvidia_development
2025-11-19,data,22,14,2025-11-19,2025-11-20,-0.0315247972476907,-0.0781321653331675,-1,0,ai_infrastructure_spending
2025-11-19,market,37,26,2025-11-19|2025-11-20,2025-11-20,-0.0315247972476907,-0.0781321653331675,-1,0,other_nvidia_development
2025-11-19,nasdaq,19,14,2025-11-19|2025-11-20,2025-11-20,-0.0315247972476907,-0.0781321653331675,-1,0,other_nvidia_development
2025-11-19,nvda,24,22,2025-11-19,2025-11-20,-0.0315247972476907,-0.0781321653331675,-1,0,other_nvidia_development
2025-11-19,nvidia,163,95,2025-11-19|2025-11-20,2025-11-20,-0.0315247972476907,-0.0781321653331675,-1,0,other_nvidia_development
2025-11-19,stock,50,32,2025-11-19|2025-11-20,2025-11-20,-0.0315247972476907,-0.0781321653331675,-1,0,other_nvidia_development
2025-11-19,stocks,34,22,2025-11-19|2025-11-20,2025-11-20,-0.0315247972476907,-0.0781321653331675,-1,0,other_nvidia_development
2025-11-20,ai,115,66,2025-11-20|2025-11-21,2025-11-21,-0.0097430781444536,-0.0130214110506666,0,0,other_nvidia_development
2025-11-20,billion,14,9,2025-11-20|2025-11-21,2025-11-21,-0.0097430781444536,-0.0130214110506666,0,0,ai_infrastructure_spending
2025-11-20,chip,26,23,2025-11-20|2025-11-21,2025-11-21,-0.0097430781444536,-0.0130214110506666,0,0,other_nvidia_development
2025-11-20,chips,6,5,2025-11-20,2025-11-21,-0.0097430781444536,-0.0130214110506666,0,0,ai_infrastructure_spending
2025-11-20,company,11,11,2025-11-20|2025-11-21,2025-11-21,-0.0097430781444536,-0.0130214110506666,0,0,other_nvidia_development
2025-11-20,data,17,12,2025-11-20|2025-11-21,2025-11-21,-0.0097430781444536,-0.0130214110506666,0,0,ai_infrastructure_spending
2025-11-20,market,59,40,2025-11-20|2025-11-21,2025-11-21,-0.0097430781444536,-0.0130214110506666,0,0,other_nvidia_development
2025-11-20,nasdaq,17,15,2025-11-20|2025-11-21,2025-11-21,-0.0097430781444536,-0.0130214110506666,0,0,other_nvidia_development
2025-11-20,nvda,27,25,2025-11-20,2025-11-21,-0.0097430781444536,-0.0130214110506666,0,0,other_nvidia_development
2025-11-20,nvidia,193,117,2025-11-20|2025-11-21,2025-11-21,-0.0097430781444536,-0.0130214110506666,0,0,other_nvidia_development
2025-11-20,stock,70,44,2025-11-20|2025-11-21,2025-11-21,-0.0097430781444536,-0.0130214110506666,0,0,other_nvidia_development
2025-11-20,stocks,61,44,2025-11-20|2025-11-21,2025-11-21,-0.0097430781444536,-0.0130214110506666,0,0,other_nvidia_development
2025-11-21,ai,45,28,2025-11-21|2025-11-22,2025-11-24,0.0205164385205001,0.0170482894030012,1,0,other_nvidia_development
2025-11-21,billion,4,2,2025-11-21,2025-11-24,0.0205164385205001,0.0170482894030012,1,0,other_nvidia_development
2025-11-21,chip,5,4,2025-11-21,2025-11-24,0.0205164385205001,0.0170482894030012,1,0,other_nvidia_development
2025-11-21,chips,8,5,2025-11-21,2025-11-24,0.0205164385205001,0.0170482894030012,1,0,competing_accelerators_custom_chips
2025-11-21,company,8,7,2025-11-21|2025-11-22,2025-11-24,0.0205164385205001,0.0170482894030012,1,0,other_nvidia_development
2025-11-21,data,3,2,2025-11-21,2025-11-24,0.0205164385205001,0.0170482894030012,1,0,competing_accelerators_custom_chips
2025-11-21,market,25,16,2025-11-21|2025-11-22,2025-11-24,0.0205164385205001,0.0170482894030012,1,0,other_nvidia_development
2025-11-21,nasdaq,8,6,2025-11-21|2025-11-22,2025-11-24,0.0205164385205001,0.0170482894030012,1,0,other_nvidia_development
2025-11-21,nvda,11,10,2025-11-21,2025-11-24,0.0205164385205001,0.0170482894030012,1,0,other_nvidia_development
2025-11-21,nvidia,62,40,2025-11-21|2025-11-22,2025-11-24,0.0205164385205001,0.0170482894030012,1,0,other_nvidia_development
2025-11-21,stock,21,18,2025-11-21|2025-11-22,2025-11-24,0.0205164385205001,0.0170482894030012,1,0,other_nvidia_development
2025-11-21,stocks,15,11,2025-11-21|2025-11-22,2025-11-24,0.0205164385205001,0.0170482894030012,1,0,other_nvidia_development
2025-11-22,ai,16,6,2025-11-22,2025-11-24,0.0205164385205001,0.0170482894030012,1,0,other_nvidia_development
2025-11-22,chip,1,1,2025-11-22,2025-11-24,0.0205164385205001,0.0170482894030012,1,0,other_nvidia_development
2025-11-22,company,2,2,2025-11-22,2025-11-24,0.0205164385205001,0.0170482894030012,1,0,other_nvidia_development
2025-11-22,data,2,1,2025-11-22,2025-11-24,0.0205164385205001,0.0170482894030012,1,0,ai_infrastructure_spending
2025-11-22,market,9,7,2025-11-22,2025-11-24,0.0205164385205001,0.0170482894030012,1,0,other_nvidia_development
2025-11-22,nasdaq,1,1,2025-11-22,2025-11-24,0.0205164385205001,0.0170482894030012,1,0,other_nvidia_development
2025-11-22,nvda,4,4,2025-11-22,2025-11-24,0.0205164385205001,0.0170482894030012,1,0,other_nvidia_development
2025-11-22,nvidia,19,14,2025-11-22,2025-11-24,0.0205164385205001,0.0170482894030012,1,0,other_nvidia_development
2025-11-22,stock,6,5,2025-11-22,2025-11-24,0.0205164385205001,0.0170482894030012,1,0,other_nvidia_development
2025-11-22,stocks,6,4,2025-11-22,2025-11-24,0.0205164385205001,0.0170482894030012,1,0,other_nvidia_development
2025-11-23,ai,16,10,2025-11-23|2025-11-24,2025-11-24,0.0205164385205001,0.0170482894030012,1,0,other_nvidia_development
2025-11-23,billion,4,2,2025-11-23,2025-11-24,0.0205164385205001,0.0170482894030012,1,0,ai_infrastructure_spending
2025-11-23,chips,2,1,2025-11-23,2025-11-24,0.0205164385205001,0.0170482894030012,1,0,other_nvidia_development
2025-11-23,company,1,1,2025-11-23,2025-11-24,0.0205164385205001,0.0170482894030012,1,0,other_nvidia_development
2025-11-23,data,4,2,2025-11-23,2025-11-24,0.0205164385205001,0.0170482894030012,1,0,partnership_contract
2025-11-23,market,8,7,2025-11-23|2025-11-24,2025-11-24,0.0205164385205001,0.0170482894030012,1,0,other_nvidia_development
2025-11-23,nasdaq,2,2,2025-11-23,2025-11-24,0.0205164385205001,0.0170482894030012,1,0,other_nvidia_development
2025-11-23,nvda,6,6,2025-11-23|2025-11-24,2025-11-24,0.0205164385205001,0.0170482894030012,1,0,other_nvidia_development
2025-11-23,nvidia,28,16,2025-11-23|2025-11-24,2025-11-24,0.0205164385205001,0.0170482894030012,1,0,other_nvidia_development
2025-11-23,stock,9,8,2025-11-23|2025-11-24,2025-11-24,0.0205164385205001,0.0170482894030012,1,0,other_nvidia_development
2025-11-23,stocks,2,2,2025-11-23|2025-11-24,2025-11-24,0.0205164385205001,0.0170482894030012,1,0,other_nvidia_development
2025-11-24,ai,58,35,2025-11-24|2025-11-25,2025-11-25,-0.025910510949223,0.0166371482544298,-1,0,other_nvidia_development
2025-11-24,billion,4,2,2025-11-24,2025-11-25,-0.025910510949223,0.0166371482544298,-1,0,ai_infrastructure_spending
2025-11-24,chip,12,10,2025-11-24,2025-11-25,-0.025910510949223,0.0166371482544298,-1,0,other_nvidia_development
2025-11-24,chips,16,10,2025-11-24|2025-11-25,2025-11-25,-0.025910510949223,0.0166371482544298,-1,0,other_nvidia_development
2025-11-24,company,6,5,2025-11-24|2025-11-25,2025-11-25,-0.025910510949223,0.0166371482544298,-1,0,other_nvidia_development
2025-11-24,data,15,11,2025-11-24|2025-11-25,2025-11-25,-0.025910510949223,0.0166371482544298,-1,0,ai_infrastructure_spending
2025-11-24,market,31,16,2025-11-24,2025-11-25,-0.025910510949223,0.0166371482544298,-1,0,other_nvidia_development
2025-11-24,nasdaq,9,8,2025-11-24,2025-11-25,-0.025910510949223,0.0166371482544298,-1,0,other_nvidia_development
2025-11-24,nvda,15,11,2025-11-24,2025-11-25,-0.025910510949223,0.0166371482544298,-1,0,ai_infrastructure_spending
2025-11-24,nvidia,62,40,2025-11-24|2025-11-25,2025-11-25,-0.025910510949223,0.0166371482544298,-1,0,other_nvidia_development
2025-11-24,stock,26,18,2025-11-24|2025-11-25,2025-11-25,-0.025910510949223,0.0166371482544298,-1,0,other_nvidia_development
2025-11-24,stocks,14,10,2025-11-24,2025-11-25,-0.025910510949223,0.0166371482544298,-1,0,other_nvidia_development
2025-11-25,ai,85,52,2025-11-25|2025-11-26,2025-11-26,0.0137215975557727,-0.0075428637292639,1,0,other_nvidia_development
2025-11-25,billion,11,8,2025-11-25,2025-11-26,0.0137215975557727,-0.0075428637292639,1,0,other_nvidia_development
2025-11-25,chip,17,14,2025-11-25|2025-11-26,2025-11-26,0.0137215975557727,-0.0075428637292639,1,0,other_nvidia_development
2025-11-25,chips,30,23,2025-11-25,2025-11-26,0.0137215975557727,-0.0075428637292639,1,0,other_nvidia_development
2025-11-25,company,6,4,2025-11-25,2025-11-26,0.0137215975557727,-0.0075428637292639,1,0,other_nvidia_development
2025-11-25,data,8,7,2025-11-25,2025-11-26,0.0137215975557727,-0.0075428637292639,1,0,other_nvidia_development
2025-11-25,market,38,27,2025-11-25|2025-11-26,2025-11-26,0.0137215975557727,-0.0075428637292639,1,0,other_nvidia_development
2025-11-25,nasdaq,21,11,2025-11-25|2025-11-26,2025-11-26,0.0137215975557727,-0.0075428637292639,1,0,other_nvidia_development
2025-11-25,nvda,16,15,2025-11-25|2025-11-26,2025-11-26,0.0137215975557727,-0.0075428637292639,1,0,other_nvidia_development
2025-11-25,nvidia,115,71,2025-11-25|2025-11-26,2025-11-26,0.0137215975557727,-0.0075428637292639,1,0,other_nvidia_development
2025-11-25,stock,46,33,2025-11-25|2025-11-26,2025-11-26,0.0137215975557727,-0.0075428637292639,1,0,other_nvidia_development
2025-11-25,stocks,23,14,2025-11-25|2025-11-26,2025-11-26,0.0137215975557727,-0.0075428637292639,1,0,other_nvidia_development
2025-11-26,ai,86,47,2025-11-26|2025-11-27,2025-11-28,-0.018084926930908,-0.0112283926513342,-1,0,other_nvidia_development
2025-11-26,billion,7,6,2025-11-26,2025-11-28,-0.018084926930908,-0.0112283926513342,-1,0,other_nvidia_development
2025-11-26,chip,17,14,2025-11-26|2025-11-27,2025-11-28,-0.018084926930908,-0.0112283926513342,-1,0,other_nvidia_development
2025-11-26,chips,27,21,2025-11-26|2025-11-27,2025-11-28,-0.018084926930908,-0.0112283926513342,-1,0,other_nvidia_development
2025-11-26,company,10,8,2025-11-26|2025-11-27,2025-11-28,-0.018084926930908,-0.0112283926513342,-1,0,ai_infrastructure_spending
2025-11-26,data,12,9,2025-11-26,2025-11-28,-0.018084926930908,-0.0112283926513342,-1,0,ai_infrastructure_spending
2025-11-26,market,32,25,2025-11-26|2025-11-27,2025-11-28,-0.018084926930908,-0.0112283926513342,-1,0,other_nvidia_development
2025-11-26,nasdaq,7,6,2025-11-26|2025-11-27,2025-11-28,-0.018084926930908,-0.0112283926513342,-1,0,other_nvidia_development
2025-11-26,nvda,20,16,2025-11-26|2025-11-27,2025-11-28,-0.018084926930908,-0.0112283926513342,-1,0,other_nvidia_development
2025-11-26,nvidia,110,64,2025-11-26|2025-11-27,2025-11-28,-0.018084926930908,-0.0112283926513342,-1,0,other_nvidia_development
2025-11-26,stock,35,29,2025-11-26|2025-11-27,2025-11-28,-0.018084926930908,-0.0112283926513342,-1,0,other_nvidia_development
2025-11-26,stocks,23,16,2025-11-26,2025-11-28,-0.018084926930908,-0.0112283926513342,-1,0,other_nvidia_development
2025-11-27,ai,23,15,2025-11-27|2025-11-28,2025-11-28,-0.018084926930908,-0.0112283926513342,-1,0,other_nvidia_development
2025-11-27,billion,3,1,2025-11-27,2025-11-28,-0.018084926930908,-0.0112283926513342,-1,0,ai_infrastructure_spending
2025-11-27,chip,4,3,2025-11-27|2025-11-28,2025-11-28,-0.018084926930908,-0.0112283926513342,-1,0,other_nvidia_development
2025-11-27,chips,11,7,2025-11-27|2025-11-28,2025-11-28,-0.018084926930908,-0.0112283926513342,-1,0,other_nvidia_development
2025-11-27,company,5,5,2025-11-27|2025-11-28,2025-11-28,-0.018084926930908,-0.0112283926513342,-1,0,other_nvidia_development
2025-11-27,data,5,4,2025-11-27,2025-11-28,-0.018084926930908,-0.0112283926513342,-1,0,other_nvidia_development
2025-11-27,market,3,3,2025-11-27,2025-11-28,-0.018084926930908,-0.0112283926513342,-1,0,other_nvidia_development
2025-11-27,nasdaq,6,3,2025-11-27,2025-11-28,-0.018084926930908,-0.0112283926513342,-1,0,ai_infrastructure_spending
2025-11-27,nvda,6,5,2025-11-27,2025-11-28,-0.018084926930908,-0.0112283926513342,-1,0,other_nvidia_development
2025-11-27,nvidia,32,22,2025-11-27|2025-11-28,2025-11-28,-0.018084926930908,-0.0112283926513342,-1,0,other_nvidia_development
2025-11-27,stock,11,8,2025-11-27,2025-11-28,-0.018084926930908,-0.0112283926513342,-1,0,other_nvidia_development
2025-11-27,stocks,3,3,2025-11-27,2025-11-28,-0.018084926930908,-0.0112283926513342,-1,0,other_nvidia_development
2025-11-28,ai,34,18,2025-11-28|2025-11-29,2025-12-01,0.0164971101302886,0.0295262292532718,1,0,other_nvidia_development
2025-11-28,billion,1,1,2025-11-28,2025-12-01,0.0164971101302886,0.0295262292532718,1,0,competing_accelerators_custom_chips
2025-11-28,chip,6,4,2025-11-28,2025-12-01,0.0164971101302886,0.0295262292532718,1,0,competing_accelerators_custom_chips
2025-11-28,chips,6,6,2025-11-28,2025-12-01,0.0164971101302886,0.0295262292532718,1,0,competing_accelerators_custom_chips
2025-11-28,company,1,1,2025-11-28,2025-12-01,0.0164971101302886,0.0295262292532718,1,0,other_nvidia_development
2025-11-28,data,3,2,2025-11-28,2025-12-01,0.0164971101302886,0.0295262292532718,1,0,product_delay_supply_constraint
2025-11-28,market,8,5,2025-11-28,2025-12-01,0.0164971101302886,0.0295262292532718,1,0,other_nvidia_development
2025-11-28,nvda,3,2,2025-11-28,2025-12-01,0.0164971101302886,0.0295262292532718,1,0,other_nvidia_development
2025-11-28,nvidia,33,21,2025-11-28,2025-12-01,0.0164971101302886,0.0295262292532718,1,0,other_nvidia_development
2025-11-28,stock,18,15,2025-11-28|2025-11-29,2025-12-01,0.0164971101302886,0.0295262292532718,1,0,other_nvidia_development
2025-11-28,stocks,2,1,2025-11-28,2025-12-01,0.0164971101302886,0.0295262292532718,1,0,other_nvidia_development
2025-11-29,ai,10,7,2025-11-29|2025-11-30,2025-12-01,0.0164971101302886,0.0295262292532718,1,0,manufacturing_packaging_hbm
2025-11-29,billion,3,1,2025-11-29,2025-12-01,0.0164971101302886,0.0295262292532718,1,0,manufacturing_packaging_hbm
2025-11-29,chip,3,2,2025-11-29,2025-12-01,0.0164971101302886,0.0295262292532718,1,0,manufacturing_packaging_hbm
2025-11-29,chips,7,3,2025-11-29,2025-12-01,0.0164971101302886,0.0295262292532718,1,0,other_nvidia_development
2025-11-29,company,1,1,2025-11-29,2025-12-01,0.0164971101302886,0.0295262292532718,1,0,other_nvidia_development
2025-11-29,data,1,1,2025-11-29,2025-12-01,0.0164971101302886,0.0295262292532718,1,0,manufacturing_packaging_hbm
2025-11-29,market,2,2,2025-11-29,2025-12-01,0.0164971101302886,0.0295262292532718,1,0,manufacturing_packaging_hbm
2025-11-29,nasdaq,3,3,2025-11-29,2025-12-01,0.0164971101302886,0.0295262292532718,1,0,other_nvidia_development
2025-11-29,nvda,3,2,2025-11-29,2025-12-01,0.0164971101302886,0.0295262292532718,1,0,other_nvidia_development
2025-11-29,nvidia,12,5,2025-11-29|2025-11-30,2025-12-01,0.0164971101302886,0.0295262292532718,1,0,other_nvidia_development
2025-11-29,stock,4,2,2025-11-29,2025-12-01,0.0164971101302886,0.0295262292532718,1,0,other_nvidia_development
2025-11-29,stocks,4,4,2025-11-29|2025-11-30,2025-12-01,0.0164971101302886,0.0295262292532718,1,0,other_nvidia_development
2025-11-30,ai,7,5,2025-11-30,2025-12-01,0.0164971101302886,0.0295262292532718,1,0,ai_infrastructure_spending
2025-11-30,billion,1,1,2025-11-30,2025-12-01,0.0164971101302886,0.0295262292532718,1,0,ai_infrastructure_spending
2025-11-30,chip,1,1,2025-11-30,2025-12-01,0.0164971101302886,0.0295262292532718,1,0,other_nvidia_development
2025-11-30,data,1,1,2025-11-30,2025-12-01,0.0164971101302886,0.0295262292532718,1,0,ai_infrastructure_spending
2025-11-30,market,2,2,2025-11-30,2025-12-01,0.0164971101302886,0.0295262292532718,1,0,ai_infrastructure_spending
2025-11-30,nasdaq,2,1,2025-11-30,2025-12-01,0.0164971101302886,0.0295262292532718,1,0,other_nvidia_development
2025-11-30,nvda,1,1,2025-11-30,2025-12-01,0.0164971101302886,0.0295262292532718,1,0,other_nvidia_development
2025-11-30,nvidia,6,6,2025-11-30,2025-12-01,0.0164971101302886,0.0295262292532718,1,0,other_nvidia_development
2025-11-30,stock,4,3,2025-11-30,2025-12-01,0.0164971101302886,0.0295262292532718,1,0,other_nvidia_development
2025-11-30,stocks,2,2,2025-11-30,2025-12-01,0.0164971101302886,0.0295262292532718,1,0,ai_infrastructure_spending
2025-12-01,ai,43,29,2025-12-01|2025-12-02,2025-12-02,0.0085593410895383,-0.0016504610587311,0,0,other_nvidia_development
2025-12-01,billion,13,10,2025-12-01,2025-12-02,0.0085593410895383,-0.0016504610587311,0,0,partnership_contract
2025-12-01,chip,7,7,2025-12-01|2025-12-02,2025-12-02,0.0085593410895383,-0.0016504610587311,0,0,partnership_contract
2025-12-01,chips,3,3,2025-12-01|2025-12-02,2025-12-02,0.0085593410895383,-0.0016504610587311,0,0,partnership_contract
2025-12-01,company,4,4,2025-12-01,2025-12-02,0.0085593410895383,-0.0016504610587311,0,0,product_announcement
2025-12-01,data,4,3,2025-12-01,2025-12-02,0.0085593410895383,-0.0016504610587311,0,0,competing_accelerators_custom_chips
2025-12-01,market,15,10,2025-12-01|2025-12-02,2025-12-02,0.0085593410895383,-0.0016504610587311,0,0,other_nvidia_development
2025-12-01,nasdaq,11,8,2025-12-01,2025-12-02,0.0085593410895383,-0.0016504610587311,0,0,other_nvidia_development
2025-12-01,nvda,8,7,2025-12-01|2025-12-02,2025-12-02,0.0085593410895383,-0.0016504610587311,0,0,partnership_contract
2025-12-01,nvidia,69,44,2025-12-01|2025-12-02,2025-12-02,0.0085593410895383,-0.0016504610587311,0,0,partnership_contract
2025-12-01,stock,28,19,2025-12-01|2025-12-02,2025-12-02,0.0085593410895383,-0.0016504610587311,0,0,other_nvidia_development
2025-12-01,stocks,8,6,2025-12-01|2025-12-02,2025-12-02,0.0085593410895383,-0.0016504610587311,0,0,other_nvidia_development
2025-12-02,ai,63,31,2025-12-02|2025-12-03,2025-12-03,-0.0103052671674587,-0.0082284375861351,-1,0,ai_infrastructure_spending
2025-12-02,billion,3,2,2025-12-02,2025-12-03,-0.0103052671674587,-0.0082284375861351,-1,0,competing_accelerators_custom_chips
2025-12-02,chip,14,9,2025-12-02|2025-12-03,2025-12-03,-0.0103052671674587,-0.0082284375861351,-1,0,partnership_contract
2025-12-02,chips,5,4,2025-12-02,2025-12-03,-0.0103052671674587,-0.0082284375861351,-1,0,competing_accelerators_custom_chips
2025-12-02,company,7,7,2025-12-02|2025-12-03,2025-12-03,-0.0103052671674587,-0.0082284375861351,-1,0,competing_accelerators_custom_chips
2025-12-02,data,10,8,2025-12-02,2025-12-03,-0.0103052671674587,-0.0082284375861351,-1,0,ai_infrastructure_spending
2025-12-02,market,8,4,2025-12-02,2025-12-03,-0.0103052671674587,-0.0082284375861351,-1,0,other_nvidia_development
2025-12-02,nasdaq,4,4,2025-12-02,2025-12-03,-0.0103052671674587,-0.0082284375861351,-1,0,partnership_contract
2025-12-02,nvda,8,7,2025-12-02,2025-12-03,-0.0103052671674587,-0.0082284375861351,-1,0,other_nvidia_development
2025-12-02,nvidia,60,34,2025-12-02|2025-12-03,2025-12-03,-0.0103052671674587,-0.0082284375861351,-1,0,other_nvidia_development
2025-12-02,stock,23,16,2025-12-02|2025-12-03,2025-12-03,-0.0103052671674587,-0.0082284375861351,-1,0,other_nvidia_development
2025-12-02,stocks,5,3,2025-12-02,2025-12-03,-0.0103052671674587,-0.0082284375861351,-1,0,other_nvidia_development
2025-12-03,ai,70,29,2025-12-03|2025-12-04,2025-12-04,0.0211604499603115,0.009690616743434,1,0,other_nvidia_development
2025-12-03,billion,4,2,2025-12-03,2025-12-04,0.0211604499603115,0.009690616743434,1,0,partnership_contract
2025-12-03,chip,14,10,2025-12-03,2025-12-04,0.0211604499603115,0.009690616743434,1,0,other_nvidia_development
2025-12-03,chips,17,12,2025-12-03|2025-12-04,2025-12-04,0.0211604499603115,0.009690616743434,1,0,competing_accelerators_custom_chips
2025-12-03,company,10,9,2025-12-03,2025-12-04,0.0211604499603115,0.009690616743434,1,0,ai_infrastructure_spending
2025-12-03,data,11,8,2025-12-03|2025-12-04,2025-12-04,0.0211604499603115,0.009690616743434,1,0,other_nvidia_development
2025-12-03,market,10,7,2025-12-03|2025-12-04,2025-12-04,0.0211604499603115,0.009690616743434,1,0,other_nvidia_development
2025-12-03,nasdaq,7,5,2025-12-03,2025-12-04,0.0211604499603115,0.009690616743434,1,0,other_nvidia_development
2025-12-03,nvda,12,11,2025-12-03|2025-12-04,2025-12-04,0.0211604499603115,0.009690616743434,1,0,other_nvidia_development
2025-12-03,nvidia,71,36,2025-12-03|2025-12-04,2025-12-04,0.0211604499603115,0.009690616743434,1,0,other_nvidia_development
2025-12-03,stock,16,11,2025-12-03|2025-12-04,2025-12-04,0.0211604499603115,0.009690616743434,1,0,other_nvidia_development
2025-12-03,stocks,8,7,2025-12-03|2025-12-04,2025-12-04,0.0211604499603115,0.009690616743434,1,0,other_nvidia_development
2025-12-04,ai,73,37,2025-12-04|2025-12-05,2025-12-05,-0.0052896033214522,-0.0080482665313578,0,0,other_nvidia_development
2025-12-04,billion,6,4,2025-12-04|2025-12-05,2025-12-05,-0.0052896033214522,-0.0080482665313578,0,0,other_nvidia_development
2025-12-04,chip,20,15,2025-12-04|2025-12-05,2025-12-05,-0.0052896033214522,-0.0080482665313578,0,0,other_nvidia_development
2025-12-04,chips,16,11,2025-12-04|2025-12-05,2025-12-05,-0.0052896033214522,-0.0080482665313578,0,0,other_nvidia_development
2025-12-04,company,11,8,2025-12-04,2025-12-05,-0.0052896033214522,-0.0080482665313578,0,0,partnership_contract
2025-12-04,data,11,8,2025-12-04|2025-12-05,2025-12-05,-0.0052896033214522,-0.0080482665313578,0,0,ai_infrastructure_spending
2025-12-04,market,22,12,2025-12-04|2025-12-05,2025-12-05,-0.0052896033214522,-0.0080482665313578,0,0,other_nvidia_development
2025-12-04,nasdaq,8,7,2025-12-04|2025-12-05,2025-12-05,-0.0052896033214522,-0.0080482665313578,0,0,product_announcement
2025-12-04,nvda,13,10,2025-12-04|2025-12-05,2025-12-05,-0.0052896033214522,-0.0080482665313578,0,0,other_nvidia_development
2025-12-04,nvidia,73,43,2025-12-04|2025-12-05,2025-12-05,-0.0052896033214522,-0.0080482665313578,0,0,other_nvidia_development
2025-12-04,stock,25,18,2025-12-04|2025-12-05,2025-12-05,-0.0052896033214522,-0.0080482665313578,0,0,other_nvidia_development
2025-12-04,stocks,9,8,2025-12-04|2025-12-05,2025-12-05,-0.0052896033214522,-0.0080482665313578,0,0,other_nvidia_development
2025-12-05,ai,38,21,2025-12-05|2025-12-06,2025-12-08,0.0172140004375125,0.0159330030214306,1,0,other_nvidia_development
2025-12-05,billion,1,1,2025-12-05,2025-12-08,0.0172140004375125,0.0159330030214306,1,0,other_nvidia_development
2025-12-05,chip,9,7,2025-12-05|2025-12-06,2025-12-08,0.0172140004375125,0.0159330030214306,1,0,other_nvidia_development
2025-12-05,chips,6,4,2025-12-05|2025-12-06,2025-12-08,0.0172140004375125,0.0159330030214306,1,0,other_nvidia_development
2025-12-05,company,6,6,2025-12-05|2025-12-06,2025-12-08,0.0172140004375125,0.0159330030214306,1,0,other_nvidia_development
2025-12-05,data,4,4,2025-12-05|2025-12-06,2025-12-08,0.0172140004375125,0.0159330030214306,1,0,product_delay_supply_constraint
2025-12-05,market,13,9,2025-12-05|2025-12-06,2025-12-08,0.0172140004375125,0.0159330030214306,1,0,other_nvidia_development
2025-12-05,nasdaq,3,3,2025-12-05|2025-12-06,2025-12-08,0.0172140004375125,0.0159330030214306,1,0,other_nvidia_development
2025-12-05,nvda,8,7,2025-12-05|2025-12-06,2025-12-08,0.0172140004375125,0.0159330030214306,1,0,other_nvidia_development
2025-12-05,nvidia,48,28,2025-12-05|2025-12-06,2025-12-08,0.0172140004375125,0.0159330030214306,1,0,other_nvidia_development
2025-12-05,stock,18,12,2025-12-05|2025-12-06,2025-12-08,0.0172140004375125,0.0159330030214306,1,0,other_nvidia_development
2025-12-05,stocks,5,3,2025-12-05,2025-12-08,0.0172140004375125,0.0159330030214306,1,0,other_nvidia_development
2025-12-06,ai,11,6,2025-12-06|2025-12-07,2025-12-08,0.0172140004375125,0.0159330030214306,1,0,partnership_contract
2025-12-06,chip,2,1,2025-12-06,2025-12-08,0.0172140004375125,0.0159330030214306,1,0,manufacturing_packaging_hbm
2025-12-06,data,1,1,2025-12-06,2025-12-08,0.0172140004375125,0.0159330030214306,1,0,ai_infrastructure_spending
2025-12-06,market,1,1,2025-12-06,2025-12-08,0.0172140004375125,0.0159330030214306,1,0,other_nvidia_development
2025-12-06,nvidia,10,7,2025-12-06|2025-12-07,2025-12-08,0.0172140004375125,0.0159330030214306,1,0,other_nvidia_development
2025-12-06,stock,2,2,2025-12-06|2025-12-07,2025-12-08,0.0172140004375125,0.0159330030214306,1,0,manufacturing_packaging_hbm
2025-12-06,stocks,5,4,2025-12-06|2025-12-07,2025-12-08,0.0172140004375125,0.0159330030214306,1,0,other_nvidia_development
2025-12-07,ai,7,5,2025-12-07|2025-12-08,2025-12-08,0.0172140004375125,0.0159330030214306,1,0,other_nvidia_development
2025-12-07,chip,3,3,2025-12-07|2025-12-08,2025-12-08,0.0172140004375125,0.0159330030214306,1,0,other_nvidia_development
2025-12-07,chips,2,2,2025-12-07,2025-12-08,0.0172140004375125,0.0159330030214306,1,0,other_nvidia_development
2025-12-07,market,3,2,2025-12-07,2025-12-08,0.0172140004375125,0.0159330030214306,1,0,other_nvidia_development
2025-12-07,nvda,1,1,2025-12-07,2025-12-08,0.0172140004375125,0.0159330030214306,1,0,other_nvidia_development
2025-12-07,nvidia,13,9,2025-12-07|2025-12-08,2025-12-08,0.0172140004375125,0.0159330030214306,1,0,other_nvidia_development
2025-12-07,stock,6,4,2025-12-07,2025-12-08,0.0172140004375125,0.0159330030214306,1,0,other_nvidia_development
2025-12-07,stocks,6,4,2025-12-07,2025-12-08,0.0172140004375125,0.0159330030214306,1,0,other_nvidia_development
2025-12-08,ai,51,28,2025-12-08|2025-12-09,2025-12-09,-0.0031258304609959,-0.0031795448677151,0,0,other_nvidia_development
2025-12-08,billion,12,6,2025-12-08,2025-12-09,-0.0031258304609959,-0.0031795448677151,0,0,partnership_contract
2025-12-08,chip,27,17,2025-12-08|2025-12-09,2025-12-09,-0.0031258304609959,-0.0031795448677151,0,0,other_nvidia_development
2025-12-08,chips,26,16,2025-12-08|2025-12-09,2025-12-09,-0.0031258304609959,-0.0031795448677151,0,0,other_nvidia_development
2025-12-08,company,9,6,2025-12-08|2025-12-09,2025-12-09,-0.0031258304609959,-0.0031795448677151,0,0,other_nvidia_development
2025-12-08,data,4,3,2025-12-08,2025-12-09,-0.0031258304609959,-0.0031795448677151,0,0,product_delay_supply_constraint
2025-12-08,market,8,6,2025-12-08|2025-12-09,2025-12-09,-0.0031258304609959,-0.0031795448677151,0,0,other_nvidia_development
2025-12-08,nasdaq,10,8,2025-12-08,2025-12-09,-0.0031258304609959,-0.0031795448677151,0,0,competing_accelerators_custom_chips
2025-12-08,nvda,6,5,2025-12-08,2025-12-09,-0.0031258304609959,-0.0031795448677151,0,0,other_nvidia_development
2025-12-08,nvidia,78,40,2025-12-08|2025-12-09,2025-12-09,-0.0031258304609959,-0.0031795448677151,0,0,other_nvidia_development
2025-12-08,stock,19,15,2025-12-08|2025-12-09,2025-12-09,-0.0031258304609959,-0.0031795448677151,0,0,other_nvidia_development
2025-12-08,stocks,9,8,2025-12-08,2025-12-09,-0.0031258304609959,-0.0031795448677151,0,0,other_nvidia_development
2025-12-09,ai,51,31,2025-12-09,2025-12-10,-0.0064334117696088,-0.0064334888552353,0,0,other_nvidia_development
2025-12-09,billion,12,5,2025-12-09,2025-12-10,-0.0064334117696088,-0.0064334888552353,0,0,ai_infrastructure_spending
2025-12-09,chip,24,20,2025-12-09,2025-12-10,-0.0064334117696088,-0.0064334888552353,0,0,other_nvidia_development
2025-12-09,chips,17,15,2025-12-09,2025-12-10,-0.0064334117696088,-0.0064334888552353,0,0,other_nvidia_development
2025-12-09,company,8,8,2025-12-09,2025-12-10,-0.0064334117696088,-0.0064334888552353,0,0,other_nvidia_development
2025-12-09,data,1,1,2025-12-09,2025-12-10,-0.0064334117696088,-0.0064334888552353,0,0,ai_infrastructure_spending
2025-12-09,market,11,8,2025-12-09,2025-12-10,-0.0064334117696088,-0.0064334888552353,0,0,other_nvidia_development
2025-12-09,nasdaq,6,5,2025-12-09,2025-12-10,-0.0064334117696088,-0.0064334888552353,0,0,other_nvidia_development
2025-12-09,nvda,22,15,2025-12-09,2025-12-10,-0.0064334117696088,-0.0064334888552353,0,0,other_nvidia_development
2025-12-09,nvidia,84,47,2025-12-09,2025-12-10,-0.0064334117696088,-0.0064334888552353,0,0,other_nvidia_development
2025-12-09,stock,25,17,2025-12-09,2025-12-10,-0.0064334117696088,-0.0064334888552353,0,0,other_nvidia_development
2025-12-09,stocks,7,7,2025-12-09,2025-12-10,-0.0064334117696088,-0.0064334888552353,0,0,other_nvidia_development
2025-12-10,ai,43,21,2025-12-10|2025-12-11,2025-12-11,-0.0155077080404447,0.003605468720244,-1,0,other_nvidia_development
2025-12-10,billion,3,3,2025-12-10,2025-12-11,-0.0155077080404447,0.003605468720244,-1,0,other_nvidia_development
2025-12-10,chip,13,8,2025-12-10,2025-12-11,-0.0155077080404447,0.003605468720244,-1,0,other_nvidia_development
2025-12-10,chips,15,10,2025-12-10|2025-12-11,2025-12-11,-0.0155077080404447,0.003605468720244,-1,0,other_nvidia_development
2025-12-10,data,3,3,2025-12-10,2025-12-11,-0.0155077080404447,0.003605468720244,-1,0,ai_infrastructure_spending
2025-12-10,market,3,3,2025-12-10,2025-12-11,-0.0155077080404447,0.003605468720244,-1,0,other_nvidia_development
2025-12-10,nasdaq,4,3,2025-12-10|2025-12-11,2025-12-11,-0.0155077080404447,0.003605468720244,-1,0,other_nvidia_development
2025-12-10,nvda,6,6,2025-12-10|2025-12-11,2025-12-11,-0.0155077080404447,0.003605468720244,-1,0,other_nvidia_development
2025-12-10,nvidia,45,29,2025-12-10|2025-12-11,2025-12-11,-0.0155077080404447,0.003605468720244,-1,0,other_nvidia_development
2025-12-10,stock,12,9,2025-12-10|2025-12-11,2025-12-11,-0.0155077080404447,0.003605468720244,-1,0,other_nvidia_development
2025-12-10,stocks,4,3,2025-12-10|2025-12-11,2025-12-11,-0.0155077080404447,0.003605468720244,-1,0,other_nvidia_development
2025-12-11,ai,49,32,2025-12-11|2025-12-12,2025-12-12,-0.0326645193679966,-0.0336259528317981,-1,0,other_nvidia_development
2025-12-11,billion,4,4,2025-12-11,2025-12-12,-0.0326645193679966,-0.0336259528317981,-1,0,other_nvidia_development
2025-12-11,chip,13,13,2025-12-11,2025-12-12,-0.0326645193679966,-0.0336259528317981,-1,0,other_nvidia_development
2025-12-11,chips,12,9,2025-12-11|2025-12-12,2025-12-12,-0.0326645193679966,-0.0336259528317981,-1,0,other_nvidia_development
2025-12-11,company,9,8,2025-12-11,2025-12-12,-0.0326645193679966,-0.0336259528317981,-1,0,other_nvidia_development
2025-12-11,data,9,9,2025-12-11,2025-12-12,-0.0326645193679966,-0.0336259528317981,-1,0,ai_infrastructure_spending
2025-12-11,market,10,7,2025-12-11,2025-12-12,-0.0326645193679966,-0.0336259528317981,-1,0,other_nvidia_development
2025-12-11,nasdaq,13,12,2025-12-11,2025-12-12,-0.0326645193679966,-0.0336259528317981,-1,0,other_nvidia_development
2025-12-11,nvda,19,14,2025-12-11,2025-12-12,-0.0326645193679966,-0.0336259528317981,-1,0,other_nvidia_development
2025-12-11,nvidia,65,39,2025-12-11|2025-12-12,2025-12-12,-0.0326645193679966,-0.0336259528317981,-1,0,other_nvidia_development
2025-12-11,stock,26,19,2025-12-11|2025-12-12,2025-12-12,-0.0326645193679966,-0.0336259528317981,-1,0,other_nvidia_development
2025-12-11,stocks,15,14,2025-12-11,2025-12-12,-0.0326645193679966,-0.0336259528317981,-1,0,other_nvidia_development
2025-12-12,ai,30,18,2025-12-12,2025-12-15,0.0072561894986198,-0.0092728399046569,0,0,other_nvidia_development
2025-12-12,billion,2,2,2025-12-12,2025-12-15,0.0072561894986198,-0.0092728399046569,0,0,other_nvidia_development
2025-12-12,chip,12,8,2025-12-12,2025-12-15,0.0072561894986198,-0.0092728399046569,0,0,other_nvidia_development
2025-12-12,chips,6,4,2025-12-12,2025-12-15,0.0072561894986198,-0.0092728399046569,0,0,other_nvidia_development
2025-12-12,company,8,5,2025-12-12,2025-12-15,0.0072561894986198,-0.0092728399046569,0,0,other_nvidia_development
2025-12-12,data,10,7,2025-12-12,2025-12-15,0.0072561894986198,-0.0092728399046569,0,0,ai_infrastructure_spending
2025-12-12,market,11,7,2025-12-12,2025-12-15,0.0072561894986198,-0.0092728399046569,0,0,other_nvidia_development
2025-12-12,nasdaq,3,3,2025-12-12,2025-12-15,0.0072561894986198,-0.0092728399046569,0,0,ai_infrastructure_spending
2025-12-12,nvda,6,5,2025-12-12,2025-12-15,0.0072561894986198,-0.0092728399046569,0,0,other_nvidia_development
2025-12-12,nvidia,41,23,2025-12-12,2025-12-15,0.0072561894986198,-0.0092728399046569,0,0,other_nvidia_development
2025-12-12,stock,16,13,2025-12-12,2025-12-15,0.0072561894986198,-0.0092728399046569,0,0,other_nvidia_development
2025-12-12,stocks,7,6,2025-12-12,2025-12-15,0.0072561894986198,-0.0092728399046569,0,0,other_nvidia_development
2025-12-13,ai,4,2,2025-12-13|2025-12-14,2025-12-15,0.0072561894986198,-0.0092728399046569,0,0,other_nvidia_development
2025-12-13,company,1,1,2025-12-13,2025-12-15,0.0072561894986198,-0.0092728399046569,0,0,other_nvidia_development
2025-12-13,nvda,1,1,2025-12-14,2025-12-15,0.0072561894986198,-0.0092728399046569,0,0,other_nvidia_development
2025-12-13,nvidia,2,1,2025-12-14,2025-12-15,0.0072561894986198,-0.0092728399046569,0,0,other_nvidia_development
2025-12-13,stock,1,1,2025-12-14,2025-12-15,0.0072561894986198,-0.0092728399046569,0,0,other_nvidia_development
2025-12-14,ai,9,3,2025-12-14|2025-12-15,2025-12-15,0.0072561894986198,-0.0092728399046569,0,0,competing_accelerators_custom_chips
2025-12-14,chips,2,1,2025-12-14,2025-12-15,0.0072561894986198,-0.0092728399046569,0,0,competing_accelerators_custom_chips
2025-12-14,company,1,1,2025-12-14,2025-12-15,0.0072561894986198,-0.0092728399046569,0,0,other_nvidia_development
2025-12-14,data,1,1,2025-12-15,2025-12-15,0.0072561894986198,-0.0092728399046569,0,0,ai_infrastructure_spending
2025-12-14,nasdaq,2,1,2025-12-14,2025-12-15,0.0072561894986198,-0.0092728399046569,0,0,competing_accelerators_custom_chips
2025-12-14,nvda,1,1,2025-12-14,2025-12-15,0.0072561894986198,-0.0092728399046569,0,0,competing_accelerators_custom_chips
2025-12-14,nvidia,8,3,2025-12-14|2025-12-15,2025-12-15,0.0072561894986198,-0.0092728399046569,0,0,competing_accelerators_custom_chips
2025-12-15,ai,40,23,2025-12-15|2025-12-16,2025-12-16,0.008111661183153,0.0082832563222994,0,0,other_nvidia_development
2025-12-15,billion,4,4,2025-12-15,2025-12-16,0.008111661183153,0.0082832563222994,0,0,other_nvidia_development
2025-12-15,chip,10,8,2025-12-15|2025-12-16,2025-12-16,0.008111661183153,0.0082832563222994,0,0,other_nvidia_development
2025-12-15,chips,7,5,2025-12-15,2025-12-16,0.008111661183153,0.0082832563222994,0,0,other_nvidia_development
2025-12-15,company,11,7,2025-12-15,2025-12-16,0.008111661183153,0.0082832563222994,0,0,other_nvidia_development
2025-12-15,data,5,5,2025-12-15|2025-12-16,2025-12-16,0.008111661183153,0.0082832563222994,0,0,other_nvidia_development
2025-12-15,market,16,8,2025-12-15|2025-12-16,2025-12-16,0.008111661183153,0.0082832563222994,0,0,other_nvidia_development
2025-12-15,nasdaq,22,8,2025-12-15,2025-12-16,0.008111661183153,0.0082832563222994,0,0,other_nvidia_development
2025-12-15,nvda,15,12,2025-12-15,2025-12-16,0.008111661183153,0.0082832563222994,0,0,other_nvidia_development
2025-12-15,nvidia,75,39,2025-12-15|2025-12-16,2025-12-16,0.008111661183153,0.0082832563222994,0,0,other_nvidia_development
2025-12-15,stock,28,17,2025-12-15|2025-12-16,2025-12-16,0.008111661183153,0.0082832563222994,0,0,other_nvidia_development
2025-12-15,stocks,9,6,2025-12-15,2025-12-16,0.008111661183153,0.0082832563222994,0,0,other_nvidia_development
2025-12-16,ai,21,15,2025-12-16|2025-12-17,2025-12-17,-0.0381498342450907,-0.0293015529998119,-1,0,other_nvidia_development
2025-12-16,billion,3,2,2025-12-16,2025-12-17,-0.0381498342450907,-0.0293015529998119,-1,0,other_nvidia_development
2025-12-16,chip,7,6,2025-12-16,2025-12-17,-0.0381498342450907,-0.0293015529998119,-1,0,other_nvidia_development
2025-12-16,chips,8,5,2025-12-16|2025-12-17,2025-12-17,-0.0381498342450907,-0.0293015529998119,-1,0,other_nvidia_development
2025-12-16,company,3,3,2025-12-16|2025-12-17,2025-12-17,-0.0381498342450907,-0.0293015529998119,-1,0,partnership_contract
2025-12-16,data,1,1,2025-12-16,2025-12-17,-0.0381498342450907,-0.0293015529998119,-1,0,other_nvidia_development
2025-12-16,market,11,8,2025-12-16|2025-12-17,2025-12-17,-0.0381498342450907,-0.0293015529998119,-1,0,other_nvidia_development
2025-12-16,nasdaq,6,5,2025-12-16|2025-12-17,2025-12-17,-0.0381498342450907,-0.0293015529998119,-1,0,other_nvidia_development
2025-12-16,nvda,6,6,2025-12-16|2025-12-17,2025-12-17,-0.0381498342450907,-0.0293015529998119,-1,0,other_nvidia_development
2025-12-16,nvidia,37,25,2025-12-16|2025-12-17,2025-12-17,-0.0381498342450907,-0.0293015529998119,-1,0,other_nvidia_development
2025-12-16,stock,15,12,2025-12-16,2025-12-17,-0.0381498342450907,-0.0293015529998119,-1,0,other_nvidia_development
2025-12-16,stocks,4,3,2025-12-16,2025-12-17,-0.0381498342450907,-0.0293015529998119,-1,0,other_nvidia_development
2025-12-17,ai,55,27,2025-12-17|2025-12-18,2025-12-18,0.0187199633948551,-0.0022345693713183,1,0,other_nvidia_development
2025-12-17,billion,7,5,2025-12-17|2025-12-18,2025-12-18,0.0187199633948551,-0.0022345693713183,1,0,manufacturing_packaging_hbm
2025-12-17,chip,12,9,2025-12-17,2025-12-18,0.0187199633948551,-0.0022345693713183,1,0,other_nvidia_development
2025-12-17,chips,6,5,2025-12-17|2025-12-18,2025-12-18,0.0187199633948551,-0.0022345693713183,1,0,partnership_contract
2025-12-17,company,7,6,2025-12-17|2025-12-18,2025-12-18,0.0187199633948551,-0.0022345693713183,1,0,other_nvidia_development
2025-12-17,data,5,4,2025-12-17|2025-12-18,2025-12-18,0.0187199633948551,-0.0022345693713183,1,0,ai_infrastructure_spending
2025-12-17,market,8,7,2025-12-17|2025-12-18,2025-12-18,0.0187199633948551,-0.0022345693713183,1,0,other_nvidia_development
2025-12-17,nasdaq,5,3,2025-12-17|2025-12-18,2025-12-18,0.0187199633948551,-0.0022345693713183,1,0,other_nvidia_development
2025-12-17,nvda,5,5,2025-12-17|2025-12-18,2025-12-18,0.0187199633948551,-0.0022345693713183,1,0,other_nvidia_development
2025-12-17,nvidia,55,33,2025-12-17|2025-12-18,2025-12-18,0.0187199633948551,-0.0022345693713183,1,0,other_nvidia_development
2025-12-17,stock,18,12,2025-12-17|2025-12-18,2025-12-18,0.0187199633948551,-0.0022345693713183,1,0,other_nvidia_development
2025-12-17,stocks,20,9,2025-12-17|2025-12-18,2025-12-18,0.0187199633948551,-0.0022345693713183,1,0,other_nvidia_development
2025-12-18,ai,43,25,2025-12-18|2025-12-19,2025-12-19,0.0393362045130618,0.0244524105337209,1,0,other_nvidia_development
2025-12-18,billion,11,8,2025-12-18,2025-12-19,0.0393362045130618,0.0244524105337209,1,0,other_nvidia_development
2025-12-18,chip,15,12,2025-12-18|2025-12-19,2025-12-19,0.0393362045130618,0.0244524105337209,1,0,other_nvidia_development
2025-12-18,chips,7,4,2025-12-18|2025-12-19,2025-12-19,0.0393362045130618,0.0244524105337209,1,0,product_announcement
2025-12-18,company,5,5,2025-12-18|2025-12-19,2025-12-19,0.0393362045130618,0.0244524105337209,1,0,partnership_contract
2025-12-18,data,5,5,2025-12-18,2025-12-19,0.0393362045130618,0.0244524105337209,1,0,manufacturing_packaging_hbm
2025-12-18,market,27,15,2025-12-18|2025-12-19,2025-12-19,0.0393362045130618,0.0244524105337209,1,0,other_nvidia_development
2025-12-18,nasdaq,7,5,2025-12-18|2025-12-19,2025-12-19,0.0393362045130618,0.0244524105337209,1,0,other_nvidia_development
2025-12-18,nvda,9,9,2025-12-18|2025-12-19,2025-12-19,0.0393362045130618,0.0244524105337209,1,0,other_nvidia_development
2025-12-18,nvidia,55,34,2025-12-18|2025-12-19,2025-12-19,0.0393362045130618,0.0244524105337209,1,0,other_nvidia_development
2025-12-18,stock,32,21,2025-12-18,2025-12-19,0.0393362045130618,0.0244524105337209,1,0,other_nvidia_development
2025-12-18,stocks,9,6,2025-12-18|2025-12-19,2025-12-19,0.0393362045130618,0.0244524105337209,1,0,other_nvidia_development
2025-12-19,ai,32,22,2025-12-19,2025-12-22,0.0149179417712339,-0.0012505204971119,1,0,other_nvidia_development
2025-12-19,billion,5,2,2025-12-19,2025-12-22,0.0149179417712339,-0.0012505204971119,1,0,other_nvidia_development
2025-12-19,chip,12,8,2025-12-19,2025-12-22,0.0149179417712339,-0.0012505204971119,1,0,other_nvidia_development
2025-12-19,chips,6,5,2025-12-19,2025-12-22,0.0149179417712339,-0.0012505204971119,1,0,other_nvidia_development
2025-12-19,company,5,5,2025-12-19,2025-12-22,0.0149179417712339,-0.0012505204971119,1,0,other_nvidia_development
2025-12-19,data,5,5,2025-12-19,2025-12-22,0.0149179417712339,-0.0012505204971119,1,0,other_nvidia_development
2025-12-19,market,11,5,2025-12-19,2025-12-22,0.0149179417712339,-0.0012505204971119,1,0,other_nvidia_development
2025-12-19,nasdaq,13,9,2025-12-19,2025-12-22,0.0149179417712339,-0.0012505204971119,1,0,other_nvidia_development
2025-12-19,nvda,7,6,2025-12-19,2025-12-22,0.0149179417712339,-0.0012505204971119,1,0,other_nvidia_development
2025-12-19,nvidia,47,30,2025-12-19,2025-12-22,0.0149179417712339,-0.0012505204971119,1,0,other_nvidia_development
2025-12-19,stock,20,14,2025-12-19,2025-12-22,0.0149179417712339,-0.0012505204971119,1,0,other_nvidia_development
2025-12-19,stocks,20,11,2025-12-19,2025-12-22,0.0149179417712339,-0.0012505204971119,1,0,other_nvidia_development
2025-12-20,ai,7,6,2025-12-20,2025-12-22,0.0149179417712339,-0.0012505204971119,1,0,other_nvidia_development
2025-12-20,chip,1,1,2025-12-20,2025-12-22,0.0149179417712339,-0.0012505204971119,1,0,other_nvidia_development
2025-12-20,chips,1,1,2025-12-20,2025-12-22,0.0149179417712339,-0.0012505204971119,1,0,other_nvidia_development
2025-12-20,company,1,1,2025-12-20,2025-12-22,0.0149179417712339,-0.0012505204971119,1,0,other_nvidia_development
2025-12-20,data,1,1,2025-12-20,2025-12-22,0.0149179417712339,-0.0012505204971119,1,0,other_nvidia_development
2025-12-20,market,3,2,2025-12-20,2025-12-22,0.0149179417712339,-0.0012505204971119,1,0,other_nvidia_development
2025-12-20,nasdaq,2,2,2025-12-20,2025-12-22,0.0149179417712339,-0.0012505204971119,1,0,other_nvidia_development
2025-12-20,nvda,2,1,2025-12-20,2025-12-22,0.0149179417712339,-0.0012505204971119,1,0,other_nvidia_development
2025-12-20,nvidia,11,8,2025-12-20,2025-12-22,0.0149179417712339,-0.0012505204971119,1,0,other_nvidia_development
2025-12-20,stock,7,4,2025-12-20,2025-12-22,0.0149179417712339,-0.0012505204971119,1,0,other_nvidia_development
2025-12-20,stocks,2,2,2025-12-20,2025-12-22,0.0149179417712339,-0.0012505204971119,1,0,other_nvidia_development
2025-12-21,ai,15,6,2025-12-21|2025-12-22,2025-12-22,0.0149179417712339,-0.0012505204971119,1,0,other_nvidia_development
2025-12-21,chip,5,2,2025-12-21,2025-12-22,0.0149179417712339,-0.0012505204971119,1,0,product_announcement
2025-12-21,chips,5,2,2025-12-21|2025-12-22,2025-12-22,0.0149179417712339,-0.0012505204971119,1,0,product_announcement
2025-12-21,company,5,4,2025-12-21,2025-12-22,0.0149179417712339,-0.0012505204971119,1,0,other_nvidia_development
2025-12-21,data,1,1,2025-12-22,2025-12-22,0.0149179417712339,-0.0012505204971119,1,0,partnership_contract
2025-12-21,market,1,1,2025-12-21,2025-12-22,0.0149179417712339,-0.0012505204971119,1,0,other_nvidia_development
2025-12-21,nasdaq,1,1,2025-12-21,2025-12-22,0.0149179417712339,-0.0012505204971119,1,0,other_nvidia_development
2025-12-21,nvda,2,2,2025-12-21|2025-12-22,2025-12-22,0.0149179417712339,-0.0012505204971119,1,0,other_nvidia_development
2025-12-21,nvidia,17,10,2025-12-21|2025-12-22,2025-12-22,0.0149179417712339,-0.0012505204971119,1,0,other_nvidia_development
2025-12-21,stock,6,4,2025-12-21|2025-12-22,2025-12-22,0.0149179417712339,-0.0012505204971119,1,0,other_nvidia_development
2025-12-21,stocks,2,1,2025-12-21,2025-12-22,0.0149179417712339,-0.0012505204971119,1,0,other_nvidia_development
2025-12-22,ai,38,23,2025-12-22|2025-12-23,2025-12-23,0.0300506136282114,0.034103981262137,1,0,other_nvidia_development
2025-12-22,billion,9,4,2025-12-22,2025-12-23,0.0300506136282114,0.034103981262137,1,0,ai_infrastructure_spending
2025-12-22,chip,9,7,2025-12-22|2025-12-23,2025-12-23,0.0300506136282114,0.034103981262137,1,0,ai_infrastructure_spending
2025-12-22,chips,13,8,2025-12-22,2025-12-23,0.0300506136282114,0.034103981262137,1,0,other_nvidia_development
2025-12-22,company,8,7,2025-12-22,2025-12-23,0.0300506136282114,0.034103981262137,1,0,other_nvidia_development
2025-12-22,data,3,3,2025-12-22,2025-12-23,0.0300506136282114,0.034103981262137,1,0,ai_infrastructure_spending
2025-12-22,market,11,7,2025-12-22,2025-12-23,0.0300506136282114,0.034103981262137,1,0,other_nvidia_development
2025-12-22,nasdaq,15,6,2025-12-22,2025-12-23,0.0300506136282114,0.034103981262137,1,0,other_nvidia_development
2025-12-22,nvda,10,8,2025-12-22,2025-12-23,0.0300506136282114,0.034103981262137,1,0,other_nvidia_development
2025-12-22,nvidia,50,33,2025-12-22|2025-12-23,2025-12-23,0.0300506136282114,0.034103981262137,1,0,other_nvidia_development
2025-12-22,stock,26,18,2025-12-22,2025-12-23,0.0300506136282114,0.034103981262137,1,0,other_nvidia_development
2025-12-22,stocks,10,7,2025-12-22,2025-12-23,0.0300506136282114,0.034103981262137,1,0,other_nvidia_development
2025-12-23,ai,34,19,2025-12-23,2025-12-24,-0.0031710957732357,0.0035649577537608,0,0,other_nvidia_development
2025-12-23,billion,2,2,2025-12-23,2025-12-24,-0.0031710957732357,0.0035649577537608,0,0,other_nvidia_development
2025-12-23,chip,12,6,2025-12-23,2025-12-24,-0.0031710957732357,0.0035649577537608,0,0,other_nvidia_development
2025-12-23,chips,5,4,2025-12-23,2025-12-24,-0.0031710957732357,0.0035649577537608,0,0,export_controls_market_access
2025-12-23,company,8,5,2025-12-23,2025-12-24,-0.0031710957732357,0.0035649577537608,0,0,other_nvidia_development
2025-12-23,market,10,7,2025-12-23,2025-12-24,-0.0031710957732357,0.0035649577537608,0,0,other_nvidia_development
2025-12-23,nasdaq,12,6,2025-12-23,2025-12-24,-0.0031710957732357,0.0035649577537608,0,0,other_nvidia_development
2025-12-23,nvda,12,10,2025-12-23,2025-12-24,-0.0031710957732357,0.0035649577537608,0,0,other_nvidia_development
2025-12-23,nvidia,41,27,2025-12-23,2025-12-24,-0.0031710957732357,0.0035649577537608,0,0,other_nvidia_development
2025-12-23,stock,22,15,2025-12-23,2025-12-24,-0.0031710957732357,0.0035649577537608,0,0,other_nvidia_development
2025-12-23,stocks,11,8,2025-12-23,2025-12-24,-0.0031710957732357,0.0035649577537608,0,0,other_nvidia_development
2025-12-24,ai,33,19,2025-12-24|2025-12-25,2025-12-26,0.0101797875556444,0.0032118819304585,1,0,other_nvidia_development
2025-12-24,billion,9,5,2025-12-24|2025-12-25,2025-12-26,0.0101797875556444,0.0032118819304585,1,0,partnership_contract
2025-12-24,chip,20,14,2025-12-24|2025-12-25,2025-12-26,0.0101797875556444,0.0032118819304585,1,0,partnership_contract
2025-12-24,chips,5,3,2025-12-24,2025-12-26,0.0101797875556444,0.0032118819304585,1,0,partnership_contract
2025-12-24,company,5,4,2025-12-24,2025-12-26,0.0101797875556444,0.0032118819304585,1,0,partnership_contract
2025-12-24,data,3,3,2025-12-24|2025-12-25,2025-12-26,0.0101797875556444,0.0032118819304585,1,0,ai_infrastructure_spending
2025-12-24,market,7,4,2025-12-24,2025-12-26,0.0101797875556444,0.0032118819304585,1,0,other_nvidia_development
2025-12-24,nasdaq,8,3,2025-12-24,2025-12-26,0.0101797875556444,0.0032118819304585,1,0,other_nvidia_development
2025-12-24,nvda,7,7,2025-12-24|2025-12-25,2025-12-26,0.0101797875556444,0.0032118819304585,1,0,other_nvidia_development
2025-12-24,nvidia,65,35,2025-12-24|2025-12-25,2025-12-26,0.0101797875556444,0.0032118819304585,1,0,other_nvidia_development
2025-12-24,stock,16,9,2025-12-24|2025-12-25,2025-12-26,0.0101797875556444,0.0032118819304585,1,0,other_nvidia_development
2025-12-24,stocks,7,4,2025-12-24,2025-12-26,0.0101797875556444,0.0032118819304585,1,0,other_nvidia_development
2025-12-25,ai,11,6,2025-12-25|2025-12-26,2025-12-26,0.0101797875556444,0.0032118819304585,1,0,product_announcement
2025-12-25,billion,6,4,2025-12-25|2025-12-26,2025-12-26,0.0101797875556444,0.0032118819304585,1,0,other_nvidia_development
2025-12-25,chip,2,2,2025-12-25|2025-12-26,2025-12-26,0.0101797875556444,0.0032118819304585,1,0,other_nvidia_development
2025-12-25,chips,5,3,2025-12-25,2025-12-26,0.0101797875556444,0.0032118819304585,1,0,other_nvidia_development
2025-12-25,company,2,2,2025-12-26,2025-12-26,0.0101797875556444,0.0032118819304585,1,0,partnership_contract
2025-12-25,data,2,2,2025-12-25,2025-12-26,0.0101797875556444,0.0032118819304585,1,0,ai_infrastructure_spending
2025-12-25,market,1,1,2025-12-25,2025-12-26,0.0101797875556444,0.0032118819304585,1,0,other_nvidia_development
2025-12-25,nasdaq,1,1,2025-12-26,2025-12-26,0.0101797875556444,0.0032118819304585,1,0,partnership_contract
2025-12-25,nvda,4,4,2025-12-25|2025-12-26,2025-12-26,0.0101797875556444,0.0032118819304585,1,0,other_nvidia_development
2025-12-25,nvidia,21,12,2025-12-25|2025-12-26,2025-12-26,0.0101797875556444,0.0032118819304585,1,0,other_nvidia_development
2025-12-25,stock,7,5,2025-12-25|2025-12-26,2025-12-26,0.0101797875556444,0.0032118819304585,1,0,other_nvidia_development
2025-12-25,stocks,5,2,2025-12-25|2025-12-26,2025-12-26,0.0101797875556444,0.0032118819304585,1,0,other_nvidia_development
2025-12-26,ai,33,26,2025-12-26|2025-12-27,2025-12-29,-0.0121240956396764,0.0027169276468745,-1,0,other_nvidia_development
2025-12-26,billion,7,6,2025-12-26,2025-12-29,-0.0121240956396764,0.0027169276468745,-1,0,ai_infrastructure_spending
2025-12-26,chip,11,10,2025-12-26,2025-12-29,-0.0121240956396764,0.0027169276468745,-1,0,partnership_contract
2025-12-26,chips,7,5,2025-12-26,2025-12-29,-0.0121240956396764,0.0027169276468745,-1,0,other_nvidia_development
2025-12-26,company,2,2,2025-12-26|2025-12-27,2025-12-29,-0.0121240956396764,0.0027169276468745,-1,0,other_nvidia_development
2025-12-26,data,7,5,2025-12-26,2025-12-29,-0.0121240956396764,0.0027169276468745,-1,0,other_nvidia_development
2025-12-26,market,17,11,2025-12-26,2025-12-29,-0.0121240956396764,0.0027169276468745,-1,0,other_nvidia_development
2025-12-26,nasdaq,4,4,2025-12-26,2025-12-29,-0.0121240956396764,0.0027169276468745,-1,0,other_nvidia_development
2025-12-26,nvda,13,11,2025-12-26,2025-12-29,-0.0121240956396764,0.0027169276468745,-1,0,other_nvidia_development
2025-12-26,nvidia,57,37,2025-12-26|2025-12-27,2025-12-29,-0.0121240956396764,0.0027169276468745,-1,0,other_nvidia_development
2025-12-26,stock,24,17,2025-12-26|2025-12-27,2025-12-29,-0.0121240956396764,0.0027169276468745,-1,0,other_nvidia_development
2025-12-26,stocks,11,7,2025-12-26,2025-12-29,-0.0121240956396764,0.0027169276468745,-1,0,other_nvidia_development
2025-12-27,ai,6,5,2025-12-27,2025-12-29,-0.0121240956396764,0.0027169276468745,-1,0,other_nvidia_development
2025-12-27,chip,3,3,2025-12-27,2025-12-29,-0.0121240956396764,0.0027169276468745,-1,0,other_nvidia_development
2025-12-27,chips,1,1,2025-12-27,2025-12-29,-0.0121240956396764,0.0027169276468745,-1,0,other_nvidia_development
2025-12-27,market,1,1,2025-12-27,2025-12-29,-0.0121240956396764,0.0027169276468745,-1,0,partnership_contract
2025-12-27,nasdaq,3,2,2025-12-27,2025-12-29,-0.0121240956396764,0.0027169276468745,-1,0,other_nvidia_development
2025-12-27,nvidia,7,6,2025-12-27,2025-12-29,-0.0121240956396764,0.0027169276468745,-1,0,other_nvidia_development
2025-12-27,stock,1,1,2025-12-27,2025-12-29,-0.0121240956396764,0.0027169276468745,-1,0,other_nvidia_development
2025-12-27,stocks,7,5,2025-12-27,2025-12-29,-0.0121240956396764,0.0027169276468745,-1,0,other_nvidia_development
2025-12-28,ai,1,1,2025-12-28,2025-12-29,-0.0121240956396764,0.0027169276468745,-1,0,other_nvidia_development
2025-12-28,nvidia,3,3,2025-12-28|2025-12-29,2025-12-29,-0.0121240956396764,0.0027169276468745,-1,0,other_nvidia_development
2025-12-28,stock,2,2,2025-12-29,2025-12-29,-0.0121240956396764,0.0027169276468745,-1,0,competing_accelerators_custom_chips
2025-12-28,stocks,2,2,2025-12-28|2025-12-29,2025-12-29,-0.0121240956396764,0.0027169276468745,-1,0,other_nvidia_development
2025-12-29,ai,29,21,2025-12-29|2025-12-30,2025-12-30,-0.0036128388270515,-0.003718721773288,0,0,other_nvidia_development
2025-12-29,billion,10,9,2025-12-29|2025-12-30,2025-12-30,-0.0036128388270515,-0.003718721773288,0,0,partnership_contract
2025-12-29,chip,6,6,2025-12-29|2025-12-30,2025-12-30,-0.0036128388270515,-0.003718721773288,0,0,partnership_contract
2025-12-29,chips,1,1,2025-12-30,2025-12-30,-0.0036128388270515,-0.003718721773288,0,0,other_nvidia_development
2025-12-29,company,3,3,2025-12-29,2025-12-30,-0.0036128388270515,-0.003718721773288,0,0,other_nvidia_development
2025-12-29,data,6,5,2025-12-29,2025-12-30,-0.0036128388270515,-0.003718721773288,0,0,other_nvidia_development
2025-12-29,market,19,15,2025-12-29,2025-12-30,-0.0036128388270515,-0.003718721773288,0,0,other_nvidia_development
2025-12-29,nasdaq,14,9,2025-12-29|2025-12-30,2025-12-30,-0.0036128388270515,-0.003718721773288,0,0,other_nvidia_development
2025-12-29,nvda,17,14,2025-12-29,2025-12-30,-0.0036128388270515,-0.003718721773288,0,0,other_nvidia_development
2025-12-29,nvidia,70,42,2025-12-29|2025-12-30,2025-12-30,-0.0036128388270515,-0.003718721773288,0,0,other_nvidia_development
2025-12-29,stock,29,16,2025-12-29,2025-12-30,-0.0036128388270515,-0.003718721773288,0,0,other_nvidia_development
2025-12-29,stocks,9,7,2025-12-29|2025-12-30,2025-12-30,-0.0036128388270515,-0.003718721773288,0,0,other_nvidia_development
2025-12-30,ai,45,21,2025-12-30,2025-12-31,-0.0055454574517154,-0.0161945835607221,0,0,other_nvidia_development
2025-12-30,billion,12,9,2025-12-30,2025-12-31,-0.0055454574517154,-0.0161945835607221,0,0,other_nvidia_development
2025-12-30,chip,9,5,2025-12-30,2025-12-31,-0.0055454574517154,-0.0161945835607221,0,0,product_announcement
2025-12-30,chips,2,2,2025-12-30,2025-12-31,-0.0055454574517154,-0.0161945835607221,0,0,other_nvidia_development
2025-12-30,company,5,5,2025-12-30,2025-12-31,-0.0055454574517154,-0.0161945835607221,0,0,other_nvidia_development
2025-12-30,data,2,2,2025-12-30,2025-12-31,-0.0055454574517154,-0.0161945835607221,0,0,manufacturing_packaging_hbm
2025-12-30,market,9,5,2025-12-30,2025-12-31,-0.0055454574517154,-0.0161945835607221,0,0,ai_infrastructure_spending
2025-12-30,nasdaq,4,4,2025-12-30,2025-12-31,-0.0055454574517154,-0.0161945835607221,0,0,other_nvidia_development
2025-12-30,nvda,6,5,2025-12-30,2025-12-31,-0.0055454574517154,-0.0161945835607221,0,0,other_nvidia_development
2025-12-30,nvidia,53,31,2025-12-30,2025-12-31,-0.0055454574517154,-0.0161945835607221,0,0,other_nvidia_development
2025-12-30,stock,11,9,2025-12-30,2025-12-31,-0.0055454574517154,-0.0161945835607221,0,0,other_nvidia_development
2025-12-30,stocks,18,12,2025-12-30,2025-12-31,-0.0055454574517154,-0.0161945835607221,0,0,other_nvidia_development
2025-12-31,ai,34,17,2025-12-31,2026-01-02,0.0126006135839715,-0.0052148664847897,1,0,partnership_contract
2025-12-31,billion,5,3,2025-12-31,2026-01-02,0.0126006135839715,-0.0052148664847897,1,0,partnership_contract
2025-12-31,chip,11,8,2025-12-31,2026-01-02,0.0126006135839715,-0.0052148664847897,1,0,other_nvidia_development
2025-12-31,chips,7,6,2025-12-31,2026-01-02,0.0126006135839715,-0.0052148664847897,1,0,partnership_contract
2025-12-31,company,4,3,2025-12-31,2026-01-02,0.0126006135839715,-0.0052148664847897,1,0,partnership_contract
2025-12-31,data,4,3,2025-12-31,2026-01-02,0.0126006135839715,-0.0052148664847897,1,0,ai_infrastructure_spending
2025-12-31,market,6,4,2025-12-31,2026-01-02,0.0126006135839715,-0.0052148664847897,1,0,other_nvidia_development
2025-12-31,nasdaq,6,3,2025-12-31,2026-01-02,0.0126006135839715,-0.0052148664847897,1,0,other_nvidia_development
2025-12-31,nvda,12,8,2025-12-31,2026-01-02,0.0126006135839715,-0.0052148664847897,1,0,other_nvidia_development
2025-12-31,nvidia,54,29,2025-12-31,2026-01-02,0.0126006135839715,-0.0052148664847897,1,0,other_nvidia_development
2025-12-31,stock,8,8,2025-12-31,2026-01-02,0.0126006135839715,-0.0052148664847897,1,0,other_nvidia_development
2025-12-31,stocks,6,5,2025-12-31,2026-01-02,0.0126006135839715,-0.0052148664847897,1,0,other_nvidia_development
2026-01-01,ai,1,1,2026-01-01,2026-01-02,0.0126006135839715,-0.0052148664847897,1,0,partnership_contract
2026-01-01,nvidia,3,3,2026-01-01,2026-01-02,0.0126006135839715,-0.0052148664847897,1,0,other_nvidia_development
2026-01-01,stock,3,2,2026-01-01,2026-01-02,0.0126006135839715,-0.0052148664847897,1,0,other_nvidia_development
2026-01-02,ai,16,9,2026-01-02|2026-01-03,2026-01-05,-0.0038656154594165,-0.0189820582703377,0,0,other_nvidia_development
2026-01-02,chip,1,1,2026-01-02,2026-01-05,-0.0038656154594165,-0.0189820582703377,0,0,other_nvidia_development
2026-01-02,chips,5,4,2026-01-02,2026-01-05,-0.0038656154594165,-0.0189820582703377,0,0,other_nvidia_development
2026-01-02,data,2,2,2026-01-02,2026-01-05,-0.0038656154594165,-0.0189820582703377,0,0,other_nvidia_development
2026-01-02,market,12,5,2026-01-02|2026-01-03,2026-01-05,-0.0038656154594165,-0.0189820582703377,0,0,other_nvidia_development
2026-01-02,nvda,7,7,2026-01-02|2026-01-03,2026-01-05,-0.0038656154594165,-0.0189820582703377,0,0,other_nvidia_development
2026-01-02,nvidia,16,11,2026-01-02|2026-01-03,2026-01-05,-0.0038656154594165,-0.0189820582703377,0,0,other_nvidia_development
2026-01-02,stock,3,3,2026-01-02,2026-01-05,-0.0038656154594165,-0.0189820582703377,0,0,other_nvidia_development
2026-01-02,stocks,6,4,2026-01-02,2026-01-05,-0.0038656154594165,-0.0189820582703377,0,0,other_nvidia_development
2026-01-03,ai,5,3,2026-01-03|2026-01-04,2026-01-05,-0.0038656154594165,-0.0189820582703377,0,0,ai_infrastructure_spending
2026-01-03,chip,1,1,2026-01-04,2026-01-05,-0.0038656154594165,-0.0189820582703377,0,0,ai_infrastructure_spending
2026-01-03,data,4,1,2026-01-04,2026-01-05,-0.0038656154594165,-0.0189820582703377,0,0,ai_infrastructure_spending
2026-01-03,nasdaq,1,1,2026-01-04,2026-01-05,-0.0038656154594165,-0.0189820582703377,0,0,ai_infrastructure_spending
2026-01-03,nvda,2,2,2026-01-04,2026-01-05,-0.0038656154594165,-0.0189820582703377,0,0,ai_infrastructure_spending
2026-01-03,nvidia,4,4,2026-01-03|2026-01-04,2026-01-05,-0.0038656154594165,-0.0189820582703377,0,0,other_nvidia_development
2026-01-03,stock,2,2,2026-01-03,2026-01-05,-0.0038656154594165,-0.0189820582703377,0,0,other_nvidia_development
2026-01-04,ai,5,4,2026-01-04|2026-01-05,2026-01-05,-0.0038656154594165,-0.0189820582703377,0,0,manufacturing_packaging_hbm
2026-01-04,chip,1,1,2026-01-04,2026-01-05,-0.0038656154594165,-0.0189820582703377,0,0,other_nvidia_development
2026-01-04,company,1,1,2026-01-04,2026-01-05,-0.0038656154594165,-0.0189820582703377,0,0,other_nvidia_development
2026-01-04,market,3,1,2026-01-04,2026-01-05,-0.0038656154594165,-0.0189820582703377,0,0,other_nvidia_development
2026-01-04,nasdaq,1,1,2026-01-04,2026-01-05,-0.0038656154594165,-0.0189820582703377,0,0,other_nvidia_development
2026-01-04,nvda,1,1,2026-01-04,2026-01-05,-0.0038656154594165,-0.0189820582703377,0,0,other_nvidia_development
2026-01-04,nvidia,17,10,2026-01-04|2026-01-05,2026-01-05,-0.0038656154594165,-0.0189820582703377,0,0,other_nvidia_development
2026-01-04,stock,4,4,2026-01-04|2026-01-05,2026-01-05,-0.0038656154594165,-0.0189820582703377,0,0,other_nvidia_development
2026-01-04,stocks,3,3,2026-01-04|2026-01-05,2026-01-05,-0.0038656154594165,-0.0189820582703377,0,0,other_nvidia_development
2026-01-05,ai,119,52,2026-01-05|2026-01-06,2026-01-06,-0.0046777806233408,-0.0172160335174366,0,0,other_nvidia_development
2026-01-05,billion,5,4,2026-01-05|2026-01-06,2026-01-06,-0.0046777806233408,-0.0172160335174366,0,0,other_nvidia_development
2026-01-05,chip,15,12,2026-01-05|2026-01-06,2026-01-06,-0.0046777806233408,-0.0172160335174366,0,0,other_nvidia_development
2026-01-05,chips,10,7,2026-01-05|2026-01-06,2026-01-06,-0.0046777806233408,-0.0172160335174366,0,0,other_nvidia_development
2026-01-05,company,8,7,2026-01-05|2026-01-06,2026-01-06,-0.0046777806233408,-0.0172160335174366,0,0,other_nvidia_development
2026-01-05,data,12,8,2026-01-05|2026-01-06,2026-01-06,-0.0046777806233408,-0.0172160335174366,0,0,ai_infrastructure_spending
2026-01-05,market,20,13,2026-01-05|2026-01-06,2026-01-06,-0.0046777806233408,-0.0172160335174366,0,0,other_nvidia_development
2026-01-05,nasdaq,7,7,2026-01-05,2026-01-06,-0.0046777806233408,-0.0172160335174366,0,0,product_announcement
2026-01-05,nvda,15,14,2026-01-05,2026-01-06,-0.0046777806233408,-0.0172160335174366,0,0,other_nvidia_development
2026-01-05,nvidia,104,57,2026-01-05|2026-01-06,2026-01-06,-0.0046777806233408,-0.0172160335174366,0,0,other_nvidia_development
2026-01-05,stock,22,14,2026-01-05,2026-01-06,-0.0046777806233408,-0.0172160335174366,0,0,other_nvidia_development
2026-01-05,stocks,12,9,2026-01-05,2026-01-06,-0.0046777806233408,-0.0172160335174366,0,0,other_nvidia_development
2026-01-06,ai,152,75,2026-01-06|2026-01-07,2026-01-07,0.0099871641913447,0.0028636223426792,0,0,other_nvidia_development
2026-01-06,billion,15,9,2026-01-06|2026-01-07,2026-01-07,0.0099871641913447,0.0028636223426792,0,0,other_nvidia_development
2026-01-06,chip,23,19,2026-01-06|2026-01-07,2026-01-07,0.0099871641913447,0.0028636223426792,0,0,other_nvidia_development
2026-01-06,chips,29,18,2026-01-06,2026-01-07,0.0099871641913447,0.0028636223426792,0,0,other_nvidia_development
2026-01-06,company,16,15,2026-01-06|2026-01-07,2026-01-07,0.0099871641913447,0.0028636223426792,0,0,product_announcement
2026-01-06,data,18,13,2026-01-06|2026-01-07,2026-01-07,0.0099871641913447,0.0028636223426792,0,0,ai_infrastructure_spending
2026-01-06,market,42,28,2026-01-06|2026-01-07,2026-01-07,0.0099871641913447,0.0028636223426792,0,0,other_nvidia_development
2026-01-06,nasdaq,14,13,2026-01-06|2026-01-07,2026-01-07,0.0099871641913447,0.0028636223426792,0,0,product_announcement
2026-01-06,nvda,22,20,2026-01-06|2026-01-07,2026-01-07,0.0099871641913447,0.0028636223426792,0,0,other_nvidia_development
2026-01-06,nvidia,196,106,2026-01-06|2026-01-07,2026-01-07,0.0099871641913447,0.0028636223426792,0,0,other_nvidia_development
2026-01-06,stock,43,33,2026-01-06|2026-01-07,2026-01-07,0.0099871641913447,0.0028636223426792,0,0,other_nvidia_development
2026-01-06,stocks,27,22,2026-01-06|2026-01-07,2026-01-07,0.0099871641913447,0.0028636223426792,0,0,other_nvidia_development
2026-01-07,ai,64,31,2026-01-07|2026-01-08,2026-01-08,-0.0215218794330256,-0.0215219042413559,-1,0,other_nvidia_development
2026-01-07,billion,3,3,2026-01-07,2026-01-08,-0.0215218794330256,-0.0215219042413559,-1,0,other_nvidia_development
2026-01-07,chip,17,11,2026-01-07,2026-01-08,-0.0215218794330256,-0.0215219042413559,-1,0,partnership_contract
2026-01-07,chips,17,11,2026-01-07|2026-01-08,2026-01-08,-0.0215218794330256,-0.0215219042413559,-1,0,other_nvidia_development
2026-01-07,company,7,6,2026-01-07|2026-01-08,2026-01-08,-0.0215218794330256,-0.0215219042413559,-1,0,other_nvidia_development
2026-01-07,data,8,7,2026-01-07|2026-01-08,2026-01-08,-0.0215218794330256,-0.0215219042413559,-1,0,ai_infrastructure_spending
2026-01-07,market,11,8,2026-01-07|2026-01-08,2026-01-08,-0.0215218794330256,-0.0215219042413559,-1,0,other_nvidia_development
2026-01-07,nasdaq,6,4,2026-01-07,2026-01-08,-0.0215218794330256,-0.0215219042413559,-1,0,product_announcement
2026-01-07,nvda,8,7,2026-01-07,2026-01-08,-0.0215218794330256,-0.0215219042413559,-1,0,product_announcement
2026-01-07,nvidia,74,45,2026-01-07|2026-01-08,2026-01-08,-0.0215218794330256,-0.0215219042413559,-1,0,other_nvidia_development
2026-01-07,stock,15,13,2026-01-07|2026-01-08,2026-01-08,-0.0215218794330256,-0.0215219042413559,-1,0,other_nvidia_development
2026-01-07,stocks,6,5,2026-01-07,2026-01-08,-0.0215218794330256,-0.0215219042413559,-1,0,other_nvidia_development
2026-01-08,ai,83,45,2026-01-08|2026-01-09,2026-01-09,-0.0009727675505442,-0.0011886817512782,0,0,other_nvidia_development
2026-01-08,billion,3,3,2026-01-08,2026-01-09,-0.0009727675505442,-0.0011886817512782,0,0,partnership_contract
2026-01-08,chip,19,14,2026-01-08|2026-01-09,2026-01-09,-0.0009727675505442,-0.0011886817512782,0,0,other_nvidia_development
2026-01-08,chips,23,15,2026-01-08|2026-01-09,2026-01-09,-0.0009727675505442,-0.0011886817512782,0,0,other_nvidia_development
2026-01-08,company,6,6,2026-01-08,2026-01-09,-0.0009727675505442,-0.0011886817512782,0,0,other_nvidia_development
2026-01-08,data,11,7,2026-01-08,2026-01-09,-0.0009727675505442,-0.0011886817512782,0,0,ai_infrastructure_spending
2026-01-08,market,23,16,2026-01-08|2026-01-09,2026-01-09,-0.0009727675505442,-0.0011886817512782,0,0,other_nvidia_development
2026-01-08,nasdaq,16,11,2026-01-08|2026-01-09,2026-01-09,-0.0009727675505442,-0.0011886817512782,0,0,other_nvidia_development
2026-01-08,nvda,21,17,2026-01-08|2026-01-09,2026-01-09,-0.0009727675505442,-0.0011886817512782,0,0,other_nvidia_development
2026-01-08,nvidia,110,60,2026-01-08|2026-01-09,2026-01-09,-0.0009727675505442,-0.0011886817512782,0,0,other_nvidia_development
2026-01-08,stock,26,19,2026-01-08,2026-01-09,-0.0009727675505442,-0.0011886817512782,0,0,other_nvidia_development
2026-01-08,stocks,17,12,2026-01-08,2026-01-09,-0.0009727675505442,-0.0011886817512782,0,0,other_nvidia_development
2026-01-09,ai,49,29,2026-01-09|2026-01-10,2026-01-12,0.0004327896890317,0.0093876280386617,0,0,other_nvidia_development
2026-01-09,billion,5,3,2026-01-09,2026-01-12,0.0004327896890317,0.0093876280386617,0,0,partnership_contract
2026-01-09,chip,12,9,2026-01-09,2026-01-12,0.0004327896890317,0.0093876280386617,0,0,other_nvidia_development
2026-01-09,chips,6,5,2026-01-09,2026-01-12,0.0004327896890317,0.0093876280386617,0,0,ai_infrastructure_spending
2026-01-09,company,14,11,2026-01-09|2026-01-10,2026-01-12,0.0004327896890317,0.0093876280386617,0,0,other_nvidia_development
2026-01-09,data,5,5,2026-01-09,2026-01-12,0.0004327896890317,0.0093876280386617,0,0,ai_infrastructure_spending
2026-01-09,market,14,10,2026-01-09,2026-01-12,0.0004327896890317,0.0093876280386617,0,0,other_nvidia_development
2026-01-09,nasdaq,10,8,2026-01-09|2026-01-10,2026-01-12,0.0004327896890317,0.0093876280386617,0,0,other_nvidia_development
2026-01-09,nvda,10,8,2026-01-09|2026-01-10,2026-01-12,0.0004327896890317,0.0093876280386617,0,0,other_nvidia_development
2026-01-09,nvidia,66,43,2026-01-09|2026-01-10,2026-01-12,0.0004327896890317,0.0093876280386617,0,0,other_nvidia_development
2026-01-09,stock,24,17,2026-01-09|2026-01-10,2026-01-12,0.0004327896890317,0.0093876280386617,0,0,other_nvidia_development
2026-01-09,stocks,14,11,2026-01-09,2026-01-12,0.0004327896890317,0.0093876280386617,0,0,other_nvidia_development
2026-01-10,ai,6,4,2026-01-10|2026-01-11,2026-01-12,0.0004327896890317,0.0093876280386617,0,0,ai_infrastructure_spending
2026-01-10,chips,1,1,2026-01-10,2026-01-12,0.0004327896890317,0.0093876280386617,0,0,other_nvidia_development
2026-01-10,company,2,2,2026-01-10|2026-01-11,2026-01-12,0.0004327896890317,0.0093876280386617,0,0,other_nvidia_development
2026-01-10,nasdaq,1,1,2026-01-10,2026-01-12,0.0004327896890317,0.0093876280386617,0,0,manufacturing_packaging_hbm
2026-01-10,nvda,4,2,2026-01-10,2026-01-12,0.0004327896890317,0.0093876280386617,0,0,product_announcement
2026-01-10,nvidia,9,6,2026-01-10,2026-01-12,0.0004327896890317,0.0093876280386617,0,0,other_nvidia_development
2026-01-10,stock,5,4,2026-01-10|2026-01-11,2026-01-12,0.0004327896890317,0.0093876280386617,0,0,other_nvidia_development
2026-01-10,stocks,4,3,2026-01-10,2026-01-12,0.0004327896890317,0.0093876280386617,0,0,other_nvidia_development
2026-01-11,ai,21,11,2026-01-11|2026-01-12,2026-01-12,0.0004327896890317,0.0093876280386617,0,0,other_nvidia_development
2026-01-11,billion,4,2,2026-01-12,2026-01-12,0.0004327896890317,0.0093876280386617,0,0,ai_infrastructure_spending
2026-01-11,chips,6,4,2026-01-11|2026-01-12,2026-01-12,0.0004327896890317,0.0093876280386617,0,0,other_nvidia_development
2026-01-11,company,6,4,2026-01-11|2026-01-12,2026-01-12,0.0004327896890317,0.0093876280386617,0,0,other_nvidia_development
2026-01-11,data,1,1,2026-01-11,2026-01-12,0.0004327896890317,0.0093876280386617,0,0,other_nvidia_development
2026-01-11,market,2,2,2026-01-11|2026-01-12,2026-01-12,0.0004327896890317,0.0093876280386617,0,0,other_nvidia_development
2026-01-11,nasdaq,4,3,2026-01-11,2026-01-12,0.0004327896890317,0.0093876280386617,0,0,partnership_contract
2026-01-11,nvda,4,4,2026-01-11,2026-01-12,0.0004327896890317,0.0093876280386617,0,0,other_nvidia_development
2026-01-11,nvidia,27,15,2026-01-11|2026-01-12,2026-01-12,0.0004327896890317,0.0093876280386617,0,0,other_nvidia_development
2026-01-11,stock,9,8,2026-01-11|2026-01-12,2026-01-12,0.0004327896890317,0.0093876280386617,0,0,other_nvidia_development
2026-01-11,stocks,7,4,2026-01-11,2026-01-12,0.0004327896890317,0.0093876280386617,0,0,other_nvidia_development
2026-01-12,ai,70,35,2026-01-12|2026-01-13,2026-01-13,0.0047041279504276,0.0043783651815878,0,0,other_nvidia_development
2026-01-12,billion,9,8,2026-01-12|2026-01-13,2026-01-13,0.0047041279504276,0.0043783651815878,0,0,other_nvidia_development
2026-01-12,chip,11,10,2026-01-12|2026-01-13,2026-01-13,0.0047041279504276,0.0043783651815878,0,0,other_nvidia_development
2026-01-12,chips,11,7,2026-01-12|2026-01-13,2026-01-13,0.0047041279504276,0.0043783651815878,0,0,other_nvidia_development
2026-01-12,company,17,11,2026-01-12|2026-01-13,2026-01-13,0.0047041279504276,0.0043783651815878,0,0,partnership_contract
2026-01-12,data,5,4,2026-01-12|2026-01-13,2026-01-13,0.0047041279504276,0.0043783651815878,0,0,partnership_contract
2026-01-12,market,15,9,2026-01-12,2026-01-13,0.0047041279504276,0.0043783651815878,0,0,other_nvidia_development
2026-01-12,nasdaq,12,8,2026-01-12,2026-01-13,0.0047041279504276,0.0043783651815878,0,0,other_nvidia_development
2026-01-12,nvda,12,5,2026-01-12|2026-01-13,2026-01-13,0.0047041279504276,0.0043783651815878,0,0,other_nvidia_development
2026-01-12,nvidia,96,52,2026-01-12|2026-01-13,2026-01-13,0.0047041279504276,0.0043783651815878,0,0,other_nvidia_development
2026-01-12,stock,22,13,2026-01-12,2026-01-13,0.0047041279504276,0.0043783651815878,0,0,other_nvidia_development
2026-01-12,stocks,12,10,2026-01-12,2026-01-13,0.0047041279504276,0.0043783651815878,0,0,other_nvidia_development
2026-01-13,ai,61,31,2026-01-13|2026-01-14,2026-01-14,-0.014369467310186,-0.0064019525156304,-1,0,other_nvidia_development
2026-01-13,billion,11,10,2026-01-13|2026-01-14,2026-01-14,-0.014369467310186,-0.0064019525156304,-1,0,partnership_contract
2026-01-13,chip,21,15,2026-01-13|2026-01-14,2026-01-14,-0.014369467310186,-0.0064019525156304,-1,0,other_nvidia_development
2026-01-13,chips,23,16,2026-01-13|2026-01-14,2026-01-14,-0.014369467310186,-0.0064019525156304,-1,0,manufacturing_packaging_hbm
2026-01-13,company,13,10,2026-01-13|2026-01-14,2026-01-14,-0.014369467310186,-0.0064019525156304,-1,0,other_nvidia_development
2026-01-13,data,8,6,2026-01-13|2026-01-14,2026-01-14,-0.014369467310186,-0.0064019525156304,-1,0,ai_infrastructure_spending
2026-01-13,market,13,9,2026-01-13,2026-01-14,-0.014369467310186,-0.0064019525156304,-1,0,other_nvidia_development
2026-01-13,nasdaq,10,5,2026-01-13|2026-01-14,2026-01-14,-0.014369467310186,-0.0064019525156304,-1,0,other_nvidia_development
2026-01-13,nvda,8,8,2026-01-13|2026-01-14,2026-01-14,-0.014369467310186,-0.0064019525156304,-1,0,other_nvidia_development
2026-01-13,nvidia,82,52,2026-01-13|2026-01-14,2026-01-14,-0.014369467310186,-0.0064019525156304,-1,0,other_nvidia_development
2026-01-13,stock,21,16,2026-01-13,2026-01-14,-0.014369467310186,-0.0064019525156304,-1,0,other_nvidia_development
2026-01-13,stocks,8,6,2026-01-13,2026-01-14,-0.014369467310186,-0.0064019525156304,-1,0,other_nvidia_development
2026-01-14,ai,94,53,2026-01-14|2026-01-15,2026-01-15,0.0213498256215445,0.002949078025511,1,0,other_nvidia_development
2026-01-14,billion,7,5,2026-01-14|2026-01-15,2026-01-15,0.0213498256215445,0.002949078025511,1,0,other_nvidia_development
2026-01-14,chip,37,27,2026-01-14|2026-01-15,2026-01-15,0.0213498256215445,0.002949078025511,1,0,other_nvidia_development
2026-01-14,chips,57,35,2026-01-14|2026-01-15,2026-01-15,0.0213498256215445,0.002949078025511,1,0,other_nvidia_development
2026-01-14,company,4,4,2026-01-14|2026-01-15,2026-01-15,0.0213498256215445,0.002949078025511,1,0,other_nvidia_development
2026-01-14,data,9,6,2026-01-14,2026-01-15,0.0213498256215445,0.002949078025511,1,0,ai_infrastructure_spending
2026-01-14,market,18,14,2026-01-14,2026-01-15,0.0213498256215445,0.002949078025511,1,0,other_nvidia_development
2026-01-14,nasdaq,13,10,2026-01-14|2026-01-15,2026-01-15,0.0213498256215445,0.002949078025511,1,0,other_nvidia_development
2026-01-14,nvda,13,10,2026-01-14|2026-01-15,2026-01-15,0.0213498256215445,0.002949078025511,1,0,other_nvidia_development
2026-01-14,nvidia,105,67,2026-01-14|2026-01-15,2026-01-15,0.0213498256215445,0.002949078025511,1,0,other_nvidia_development
2026-01-14,stock,38,25,2026-01-14|2026-01-15,2026-01-15,0.0213498256215445,0.002949078025511,1,0,other_nvidia_development
2026-01-14,stocks,30,21,2026-01-14|2026-01-15,2026-01-15,0.0213498256215445,0.002949078025511,1,0,other_nvidia_development
2026-01-15,ai,80,44,2026-01-15|2026-01-16,2026-01-16,-0.0043838493736371,-0.0150730171140053,0,0,other_nvidia_development
2026-01-15,billion,12,5,2026-01-15,2026-01-16,-0.0043838493736371,-0.0150730171140053,0,0,partnership_contract
2026-01-15,chip,42,26,2026-01-15|2026-01-16,2026-01-16,-0.0043838493736371,-0.0150730171140053,0,0,other_nvidia_development
2026-01-15,chips,27,17,2026-01-15|2026-01-16,2026-01-16,-0.0043838493736371,-0.0150730171140053,0,0,other_nvidia_development
2026-01-15,company,4,4,2026-01-15,2026-01-16,-0.0043838493736371,-0.0150730171140053,0,0,other_nvidia_development
2026-01-15,data,13,8,2026-01-15,2026-01-16,-0.0043838493736371,-0.0150730171140053,0,0,ai_infrastructure_spending
2026-01-15,market,17,10,2026-01-15,2026-01-16,-0.0043838493736371,-0.0150730171140053,0,0,other_nvidia_development
2026-01-15,nasdaq,12,11,2026-01-15|2026-01-16,2026-01-16,-0.0043838493736371,-0.0150730171140053,0,0,other_nvidia_development
2026-01-15,nvda,18,12,2026-01-15|2026-01-16,2026-01-16,-0.0043838493736371,-0.0150730171140053,0,0,other_nvidia_development
2026-01-15,nvidia,109,70,2026-01-15|2026-01-16,2026-01-16,-0.0043838493736371,-0.0150730171140053,0,0,other_nvidia_development
2026-01-15,stock,33,26,2026-01-15,2026-01-16,-0.0043838493736371,-0.0150730171140053,0,0,other_nvidia_development
2026-01-15,stocks,24,15,2026-01-15,2026-01-16,-0.0043838493736371,-0.0150730171140053,0,0,other_nvidia_development
2026-01-16,ai,49,31,2026-01-16|2026-01-17,2026-01-20,-0.0438167594249047,-0.0210554519009231,-1,0,other_nvidia_development
2026-01-16,billion,7,4,2026-01-16|2026-01-17,2026-01-20,-0.0438167594249047,-0.0210554519009231,-1,0,partnership_contract
2026-01-16,chip,20,17,2026-01-16|2026-01-17,2026-01-20,-0.0438167594249047,-0.0210554519009231,-1,0,other_nvidia_development
2026-01-16,chips,9,9,2026-01-16|2026-01-17,2026-01-20,-0.0438167594249047,-0.0210554519009231,-1,0,other_nvidia_development
2026-01-16,company,11,8,2026-01-16|2026-01-17,2026-01-20,-0.0438167594249047,-0.0210554519009231,-1,0,other_nvidia_development
2026-01-16,data,7,5,2026-01-16|2026-01-17,2026-01-20,-0.0438167594249047,-0.0210554519009231,-1,0,ai_infrastructure_spending
2026-01-16,market,21,13,2026-01-16|2026-01-17,2026-01-20,-0.0438167594249047,-0.0210554519009231,-1,0,other_nvidia_development
2026-01-16,nasdaq,14,5,2026-01-16,2026-01-20,-0.0438167594249047,-0.0210554519009231,-1,0,other_nvidia_development
2026-01-16,nvda,14,10,2026-01-16,2026-01-20,-0.0438167594249047,-0.0210554519009231,-1,0,other_nvidia_development
2026-01-16,nvidia,76,51,2026-01-16|2026-01-17,2026-01-20,-0.0438167594249047,-0.0210554519009231,-1,0,other_nvidia_development
2026-01-16,stock,35,23,2026-01-16,2026-01-20,-0.0438167594249047,-0.0210554519009231,-1,0,other_nvidia_development
2026-01-16,stocks,13,12,2026-01-16|2026-01-17,2026-01-20,-0.0438167594249047,-0.0210554519009231,-1,0,other_nvidia_development
2026-01-17,ai,24,13,2026-01-17|2026-01-18,2026-01-20,-0.0438167594249047,-0.0210554519009231,-1,0,other_nvidia_development
2026-01-17,chip,4,4,2026-01-17|2026-01-18,2026-01-20,-0.0438167594249047,-0.0210554519009231,-1,0,other_nvidia_development
2026-01-17,chips,7,4,2026-01-17|2026-01-18,2026-01-20,-0.0438167594249047,-0.0210554519009231,-1,0,other_nvidia_development
2026-01-17,company,1,1,2026-01-17,2026-01-20,-0.0438167594249047,-0.0210554519009231,-1,0,other_nvidia_development
2026-01-17,nasdaq,11,6,2026-01-17|2026-01-18,2026-01-20,-0.0438167594249047,-0.0210554519009231,-1,0,other_nvidia_development
2026-01-17,nvda,8,5,2026-01-17|2026-01-18,2026-01-20,-0.0438167594249047,-0.0210554519009231,-1,0,other_nvidia_development
2026-01-17,nvidia,27,17,2026-01-17|2026-01-18,2026-01-20,-0.0438167594249047,-0.0210554519009231,-1,0,other_nvidia_development
2026-01-17,stock,10,7,2026-01-17|2026-01-18,2026-01-20,-0.0438167594249047,-0.0210554519009231,-1,0,other_nvidia_development
2026-01-17,stocks,6,5,2026-01-17,2026-01-20,-0.0438167594249047,-0.0210554519009231,-1,0,other_nvidia_development
2026-01-18,ai,13,9,2026-01-18|2026-01-19,2026-01-20,-0.0438167594249047,-0.0210554519009231,-1,0,other_nvidia_development
2026-01-18,billion,2,2,2026-01-19,2026-01-20,-0.0438167594249047,-0.0210554519009231,-1,0,regulatory_action
2026-01-18,chips,3,2,2026-01-18,2026-01-20,-0.0438167594249047,-0.0210554519009231,-1,0,product_announcement
2026-01-18,company,3,3,2026-01-18|2026-01-19,2026-01-20,-0.0438167594249047,-0.0210554519009231,-1,0,other_nvidia_development
2026-01-18,data,2,1,2026-01-19,2026-01-20,-0.0438167594249047,-0.0210554519009231,-1,0,regulatory_action
2026-01-18,market,1,1,2026-01-19,2026-01-20,-0.0438167594249047,-0.0210554519009231,-1,0,other_nvidia_development
2026-01-18,nasdaq,6,4,2026-01-18,2026-01-20,-0.0438167594249047,-0.0210554519009231,-1,0,other_nvidia_development
2026-01-18,nvda,5,3,2026-01-18,2026-01-20,-0.0438167594249047,-0.0210554519009231,-1,0,other_nvidia_development
2026-01-18,nvidia,22,13,2026-01-18|2026-01-19,2026-01-20,-0.0438167594249047,-0.0210554519009231,-1,0,other_nvidia_development
2026-01-18,stock,7,6,2026-01-18|2026-01-19,2026-01-20,-0.0438167594249047,-0.0210554519009231,-1,0,other_nvidia_development
2026-01-18,stocks,5,4,2026-01-18,2026-01-20,-0.0438167594249047,-0.0210554519009231,-1,0,other_nvidia_development
2026-01-19,ai,16,11,2026-01-19|2026-01-20,2026-01-20,-0.0438167594249047,-0.0210554519009231,-1,0,other_nvidia_development
2026-01-19,billion,1,1,2026-01-19,2026-01-20,-0.0438167594249047,-0.0210554519009231,-1,0,other_nvidia_development
2026-01-19,chip,4,4,2026-01-19,2026-01-20,-0.0438167594249047,-0.0210554519009231,-1,0,other_nvidia_development
2026-01-19,chips,4,4,2026-01-19,2026-01-20,-0.0438167594249047,-0.0210554519009231,-1,0,other_nvidia_development
2026-01-19,data,1,1,2026-01-19,2026-01-20,-0.0438167594249047,-0.0210554519009231,-1,0,other_nvidia_development
2026-01-19,market,8,3,2026-01-19|2026-01-20,2026-01-20,-0.0438167594249047,-0.0210554519009231,-1,0,partnership_contract
2026-01-19,nasdaq,8,5,2026-01-19|2026-01-20,2026-01-20,-0.0438167594249047,-0.0210554519009231,-1,0,other_nvidia_development
2026-01-19,nvda,9,5,2026-01-19,2026-01-20,-0.0438167594249047,-0.0210554519009231,-1,0,other_nvidia_development
2026-01-19,nvidia,25,18,2026-01-19|2026-01-20,2026-01-20,-0.0438167594249047,-0.0210554519009231,-1,0,other_nvidia_development
2026-01-19,stock,14,13,2026-01-19|2026-01-20,2026-01-20,-0.0438167594249047,-0.0210554519009231,-1,0,other_nvidia_development
2026-01-19,stocks,3,3,2026-01-19,2026-01-20,-0.0438167594249047,-0.0210554519009231,-1,0,other_nvidia_development
2026-01-20,ai,69,35,2026-01-20|2026-01-21,2026-01-21,0.0294828061269363,0.0238481105818613,1,0,other_nvidia_development
2026-01-20,billion,9,6,2026-01-20,2026-01-21,0.0294828061269363,0.0238481105818613,1,0,other_nvidia_development
2026-01-20,chip,20,16,2026-01-20|2026-01-21,2026-01-21,0.0294828061269363,0.0238481105818613,1,0,other_nvidia_development
2026-01-20,chips,7,7,2026-01-20,2026-01-21,0.0294828061269363,0.0238481105818613,1,0,competing_accelerators_custom_chips
2026-01-20,company,10,9,2026-01-20,2026-01-21,0.0294828061269363,0.0238481105818613,1,0,other_nvidia_development
2026-01-20,data,7,5,2026-01-20,2026-01-21,0.0294828061269363,0.0238481105818613,1,0,ai_infrastructure_spending
2026-01-20,market,21,15,2026-01-20,2026-01-21,0.0294828061269363,0.0238481105818613,1,0,other_nvidia_development
2026-01-20,nasdaq,19,12,2026-01-20|2026-01-21,2026-01-21,0.0294828061269363,0.0238481105818613,1,0,other_nvidia_development
2026-01-20,nvda,33,21,2026-01-20|2026-01-21,2026-01-21,0.0294828061269363,0.0238481105818613,1,0,other_nvidia_development
2026-01-20,nvidia,110,66,2026-01-20|2026-01-21,2026-01-21,0.0294828061269363,0.0238481105818613,1,0,other_nvidia_development
2026-01-20,stock,34,25,2026-01-20|2026-01-21,2026-01-21,0.0294828061269363,0.0238481105818613,1,0,other_nvidia_development
2026-01-20,stocks,40,28,2026-01-20|2026-01-21,2026-01-21,0.0294828061269363,0.0238481105818613,1,0,other_nvidia_development
2026-01-21,ai,29,14,2026-01-21|2026-01-22,2026-01-22,0.0082914143343579,0.0004871249682849,0,0,other_nvidia_development
2026-01-21,billion,10,4,2026-01-21|2026-01-22,2026-01-22,0.0082914143343579,0.0004871249682849,0,0,other_nvidia_development
2026-01-21,chip,13,8,2026-01-21|2026-01-22,2026-01-22,0.0082914143343579,0.0004871249682849,0,0,other_nvidia_development
2026-01-21,chips,4,4,2026-01-21|2026-01-22,2026-01-22,0.0082914143343579,0.0004871249682849,0,0,ai_infrastructure_spending
2026-01-21,company,7,6,2026-01-21|2026-01-22,2026-01-22,0.0082914143343579,0.0004871249682849,0,0,other_nvidia_development
2026-01-21,data,4,4,2026-01-21|2026-01-22,2026-01-22,0.0082914143343579,0.0004871249682849,0,0,other_nvidia_development
2026-01-21,market,5,4,2026-01-21,2026-01-22,0.0082914143343579,0.0004871249682849,0,0,other_nvidia_development
2026-01-21,nasdaq,5,2,2026-01-21,2026-01-22,0.0082914143343579,0.0004871249682849,0,0,other_nvidia_development
2026-01-21,nvda,5,5,2026-01-21|2026-01-22,2026-01-22,0.0082914143343579,0.0004871249682849,0,0,other_nvidia_development
2026-01-21,nvidia,33,22,2026-01-21|2026-01-22,2026-01-22,0.0082914143343579,0.0004871249682849,0,0,other_nvidia_development
2026-01-21,stock,11,8,2026-01-21,2026-01-22,0.0082914143343579,0.0004871249682849,0,0,other_nvidia_development
2026-01-21,stocks,8,5,2026-01-21,2026-01-22,0.0082914143343579,0.0004871249682849,0,0,other_nvidia_development
2026-01-22,ai,59,33,2026-01-22|2026-01-23,2026-01-23,0.0153105475915804,0.0009066569010416,1,0,other_nvidia_development
2026-01-22,billion,2,2,2026-01-22,2026-01-23,0.0153105475915804,0.0009066569010416,1,0,partnership_contract
2026-01-22,chip,12,9,2026-01-22|2026-01-23,2026-01-23,0.0153105475915804,0.0009066569010416,1,0,other_nvidia_development
2026-01-22,chips,12,8,2026-01-22,2026-01-23,0.0153105475915804,0.0009066569010416,1,0,other_nvidia_development
2026-01-22,company,3,3,2026-01-22,2026-01-23,0.0153105475915804,0.0009066569010416,1,0,other_nvidia_development
2026-01-22,data,10,8,2026-01-22,2026-01-23,0.0153105475915804,0.0009066569010416,1,0,other_nvidia_development
2026-01-22,market,13,12,2026-01-22,2026-01-23,0.0153105475915804,0.0009066569010416,1,0,other_nvidia_development
2026-01-22,nasdaq,7,5,2026-01-22,2026-01-23,0.0153105475915804,0.0009066569010416,1,0,other_nvidia_development
2026-01-22,nvda,12,9,2026-01-22|2026-01-23,2026-01-23,0.0153105475915804,0.0009066569010416,1,0,other_nvidia_development
2026-01-22,nvidia,77,52,2026-01-22|2026-01-23,2026-01-23,0.0153105475915804,0.0009066569010416,1,0,other_nvidia_development
2026-01-22,stock,29,24,2026-01-22|2026-01-23,2026-01-23,0.0153105475915804,0.0009066569010416,1,0,other_nvidia_development
2026-01-22,stocks,18,14,2026-01-22|2026-01-23,2026-01-23,0.0153105475915804,0.0009066569010416,1,0,other_nvidia_development
2026-01-23,ai,31,18,2026-01-23|2026-01-24,2026-01-26,-0.0063941534883706,-0.0036866981614935,0,0,ai_infrastructure_spending
2026-01-23,billion,3,3,2026-01-23,2026-01-26,-0.0063941534883706,-0.0036866981614935,0,0,other_nvidia_development
2026-01-23,chip,12,9,2026-01-23|2026-01-24,2026-01-26,-0.0063941534883706,-0.0036866981614935,0,0,partnership_contract
2026-01-23,chips,16,10,2026-01-23,2026-01-26,-0.0063941534883706,-0.0036866981614935,0,0,partnership_contract
2026-01-23,company,5,4,2026-01-23,2026-01-26,-0.0063941534883706,-0.0036866981614935,0,0,ai_infrastructure_spending
2026-01-23,data,5,4,2026-01-23,2026-01-26,-0.0063941534883706,-0.0036866981614935,0,0,ai_infrastructure_spending
2026-01-23,market,12,9,2026-01-23,2026-01-26,-0.0063941534883706,-0.0036866981614935,0,0,other_nvidia_development
2026-01-23,nasdaq,9,6,2026-01-23,2026-01-26,-0.0063941534883706,-0.0036866981614935,0,0,other_nvidia_development
2026-01-23,nvda,14,11,2026-01-23,2026-01-26,-0.0063941534883706,-0.0036866981614935,0,0,other_nvidia_development
2026-01-23,nvidia,91,49,2026-01-23|2026-01-24,2026-01-26,-0.0063941534883706,-0.0036866981614935,0,0,other_nvidia_development
2026-01-23,stock,26,17,2026-01-23,2026-01-26,-0.0063941534883706,-0.0036866981614935,0,0,other_nvidia_development
2026-01-23,stocks,16,11,2026-01-23,2026-01-26,-0.0063941534883706,-0.0036866981614935,0,0,other_nvidia_development
2026-01-24,ai,8,4,2026-01-24,2026-01-26,-0.0063941534883706,-0.0036866981614935,0,0,other_nvidia_development
2026-01-24,chip,1,1,2026-01-24,2026-01-26,-0.0063941534883706,-0.0036866981614935,0,0,regulatory_action
2026-01-24,chips,2,2,2026-01-24,2026-01-26,-0.0063941534883706,-0.0036866981614935,0,0,other_nvidia_development
2026-01-24,company,1,1,2026-01-24,2026-01-26,-0.0063941534883706,-0.0036866981614935,0,0,competing_accelerators_custom_chips
2026-01-24,data,3,2,2026-01-24,2026-01-26,-0.0063941534883706,-0.0036866981614935,0,0,other_nvidia_development
2026-01-24,market,2,1,2026-01-24,2026-01-26,-0.0063941534883706,-0.0036866981614935,0,0,other_nvidia_development
2026-01-24,nasdaq,2,1,2026-01-24,2026-01-26,-0.0063941534883706,-0.0036866981614935,0,0,other_nvidia_development
2026-01-24,nvda,5,2,2026-01-24,2026-01-26,-0.0063941534883706,-0.0036866981614935,0,0,other_nvidia_development
2026-01-24,nvidia,15,8,2026-01-24,2026-01-26,-0.0063941534883706,-0.0036866981614935,0,0,other_nvidia_development
2026-01-24,stock,3,2,2026-01-24,2026-01-26,-0.0063941534883706,-0.0036866981614935,0,0,other_nvidia_development
2026-01-24,stocks,4,3,2026-01-24,2026-01-26,-0.0063941534883706,-0.0036866981614935,0,0,other_nvidia_development
2026-01-25,ai,24,13,2026-01-25|2026-01-26,2026-01-26,-0.0063941534883706,-0.0036866981614935,0,0,other_nvidia_development
2026-01-25,billion,1,1,2026-01-26,2026-01-26,-0.0063941534883706,-0.0036866981614935,0,0,other_nvidia_development
2026-01-25,chip,6,3,2026-01-25,2026-01-26,-0.0063941534883706,-0.0036866981614935,0,0,ai_infrastructure_spending
2026-01-25,chips,8,4,2026-01-25|2026-01-26,2026-01-26,-0.0063941534883706,-0.0036866981614935,0,0,export_controls_market_access
2026-01-25,company,5,5,2026-01-25|2026-01-26,2026-01-26,-0.0063941534883706,-0.0036866981614935,0,0,export_controls_market_access
2026-01-25,data,1,1,2026-01-25,2026-01-26,-0.0063941534883706,-0.0036866981614935,0,0,ai_infrastructure_spending
2026-01-25,market,5,4,2026-01-25|2026-01-26,2026-01-26,-0.0063941534883706,-0.0036866981614935,0,0,other_nvidia_development
2026-01-25,nasdaq,2,2,2026-01-25,2026-01-26,-0.0063941534883706,-0.0036866981614935,0,0,other_nvidia_development
2026-01-25,nvda,3,2,2026-01-25,2026-01-26,-0.0063941534883706,-0.0036866981614935,0,0,other_nvidia_development
2026-01-25,nvidia,31,17,2026-01-25|2026-01-26,2026-01-26,-0.0063941534883706,-0.0036866981614935,0,0,other_nvidia_development
2026-01-25,stock,13,8,2026-01-25,2026-01-26,-0.0063941534883706,-0.0036866981614935,0,0,other_nvidia_development
2026-01-25,stocks,3,3,2026-01-25|2026-01-26,2026-01-26,-0.0063941534883706,-0.0036866981614935,0,0,other_nvidia_development
2026-01-26,ai,87,60,2026-01-26|2026-01-27,2026-01-27,0.010993712336375,0.0068361394026106,1,0,other_nvidia_development
2026-01-26,billion,32,23,2026-01-26|2026-01-27,2026-01-27,0.010993712336375,0.0068361394026106,1,0,ai_infrastructure_spending
2026-01-26,chip,31,28,2026-01-26|2026-01-27,2026-01-27,0.010993712336375,0.0068361394026106,1,0,other_nvidia_development
2026-01-26,chips,15,12,2026-01-26|2026-01-27,2026-01-27,0.010993712336375,0.0068361394026106,1,0,competing_accelerators_custom_chips
2026-01-26,company,18,14,2026-01-26,2026-01-27,0.010993712336375,0.0068361394026106,1,0,other_nvidia_development
2026-01-26,data,17,13,2026-01-26,2026-01-27,0.010993712336375,0.0068361394026106,1,0,ai_infrastructure_spending
2026-01-26,market,15,11,2026-01-26|2026-01-27,2026-01-27,0.010993712336375,0.0068361394026106,1,0,other_nvidia_development
2026-01-26,nasdaq,25,14,2026-01-26|2026-01-27,2026-01-27,0.010993712336375,0.0068361394026106,1,0,other_nvidia_development
2026-01-26,nvda,18,16,2026-01-26|2026-01-27,2026-01-27,0.010993712336375,0.0068361394026106,1,0,other_nvidia_development
2026-01-26,nvidia,125,72,2026-01-26|2026-01-27,2026-01-27,0.010993712336375,0.0068361394026106,1,0,other_nvidia_development
2026-01-26,stock,40,25,2026-01-26,2026-01-27,0.010993712336375,0.0068361394026106,1,0,ai_infrastructure_spending
2026-01-26,stocks,6,5,2026-01-26,2026-01-27,0.010993712336375,0.0068361394026106,1,0,other_nvidia_development
2026-01-27,ai,66,31,2026-01-27|2026-01-28,2026-01-28,0.0159134298512315,0.0013070528280214,1,0,ai_infrastructure_spending
2026-01-27,billion,14,11,2026-01-27|2026-01-28,2026-01-28,0.0159134298512315,0.0013070528280214,1,0,ai_infrastructure_spending
2026-01-27,chip,13,10,2026-01-27|2026-01-28,2026-01-28,0.0159134298512315,0.0013070528280214,1,0,other_nvidia_development
2026-01-27,chips,12,6,2026-01-27|2026-01-28,2026-01-28,0.0159134298512315,0.0013070528280214,1,0,other_nvidia_development
2026-01-27,company,9,8,2026-01-27,2026-01-28,0.0159134298512315,0.0013070528280214,1,0,partnership_contract
2026-01-27,data,8,7,2026-01-27,2026-01-28,0.0159134298512315,0.0013070528280214,1,0,ai_infrastructure_spending
2026-01-27,market,13,9,2026-01-27|2026-01-28,2026-01-28,0.0159134298512315,0.0013070528280214,1,0,other_nvidia_development
2026-01-27,nasdaq,3,2,2026-01-27|2026-01-28,2026-01-28,0.0159134298512315,0.0013070528280214,1,0,other_nvidia_development
2026-01-27,nvda,6,5,2026-01-27|2026-01-28,2026-01-28,0.0159134298512315,0.0013070528280214,1,0,other_nvidia_development
2026-01-27,nvidia,74,42,2026-01-27|2026-01-28,2026-01-28,0.0159134298512315,0.0013070528280214,1,0,other_nvidia_development
2026-01-27,stock,26,20,2026-01-27,2026-01-28,0.0159134298512315,0.0013070528280214,1,0,other_nvidia_development
2026-01-27,stocks,2,2,2026-01-27,2026-01-28,0.0159134298512315,0.0013070528280214,1,0,other_nvidia_development
2026-01-28,ai,150,58,2026-01-28|2026-01-29,2026-01-29,0.0051691590096367,0.0061147600676187,0,0,other_nvidia_development
2026-01-28,billion,32,15,2026-01-28|2026-01-29,2026-01-29,0.0051691590096367,0.0061147600676187,0,0,ai_infrastructure_spending
2026-01-28,chip,33,23,2026-01-28|2026-01-29,2026-01-29,0.0051691590096367,0.0061147600676187,0,0,other_nvidia_development
2026-01-28,chips,38,21,2026-01-28|2026-01-29,2026-01-29,0.0051691590096367,0.0061147600676187,0,0,other_nvidia_development
2026-01-28,company,24,19,2026-01-28|2026-01-29,2026-01-29,0.0051691590096367,0.0061147600676187,0,0,other_nvidia_development
2026-01-28,data,19,13,2026-01-28,2026-01-29,0.0051691590096367,0.0061147600676187,0,0,ai_infrastructure_spending
2026-01-28,market,20,14,2026-01-28,2026-01-29,0.0051691590096367,0.0061147600676187,0,0,other_nvidia_development
2026-01-28,nasdaq,23,17,2026-01-28|2026-01-29,2026-01-29,0.0051691590096367,0.0061147600676187,0,0,other_nvidia_development
2026-01-28,nvda,16,14,2026-01-28,2026-01-29,0.0051691590096367,0.0061147600676187,0,0,other_nvidia_development
2026-01-28,nvidia,130,71,2026-01-28|2026-01-29,2026-01-29,0.0051691590096367,0.0061147600676187,0,0,other_nvidia_development
2026-01-28,stock,38,28,2026-01-28,2026-01-29,0.0051691590096367,0.0061147600676187,0,0,other_nvidia_development
2026-01-28,stocks,19,15,2026-01-28|2026-01-29,2026-01-29,0.0051691590096367,0.0061147600676187,0,0,other_nvidia_development
2026-01-29,ai,87,49,2026-01-29,2026-01-30,-0.0071684154979764,-0.0004183977210689,0,0,other_nvidia_development
2026-01-29,billion,16,9,2026-01-29,2026-01-30,-0.0071684154979764,-0.0004183977210689,0,0,other_nvidia_development
2026-01-29,chip,18,14,2026-01-29,2026-01-30,-0.0071684154979764,-0.0004183977210689,0,0,other_nvidia_development
2026-01-29,chips,10,8,2026-01-29,2026-01-30,-0.0071684154979764,-0.0004183977210689,0,0,partnership_contract
2026-01-29,company,8,8,2026-01-29,2026-01-30,-0.0071684154979764,-0.0004183977210689,0,0,partnership_contract
2026-01-29,data,15,10,2026-01-29,2026-01-30,-0.0071684154979764,-0.0004183977210689,0,0,ai_infrastructure_spending
2026-01-29,market,19,13,2026-01-29,2026-01-30,-0.0071684154979764,-0.0004183977210689,0,0,other_nvidia_development
2026-01-29,nasdaq,5,4,2026-01-29,2026-01-30,-0.0071684154979764,-0.0004183977210689,0,0,partnership_contract
2026-01-29,nvda,12,9,2026-01-29,2026-01-30,-0.0071684154979764,-0.0004183977210689,0,0,other_nvidia_development
2026-01-29,nvidia,83,54,2026-01-29|2026-01-30,2026-01-30,-0.0071684154979764,-0.0004183977210689,0,0,other_nvidia_development
2026-01-29,stock,28,23,2026-01-29|2026-01-30,2026-01-30,-0.0071684154979764,-0.0004183977210689,0,0,other_nvidia_development
2026-01-29,stocks,8,7,2026-01-29|2026-01-30,2026-01-30,-0.0071684154979764,-0.0004183977210689,0,0,other_nvidia_development
2026-01-30,ai,57,29,2026-01-30|2026-01-31,2026-02-02,-0.0288809308475692,-0.0084935703195029,-1,0,ai_infrastructure_spending
2026-01-30,billion,13,7,2026-01-30|2026-01-31,2026-02-02,-0.0288809308475692,-0.0084935703195029,-1,0,other_nvidia_development
2026-01-30,chip,16,14,2026-01-30|2026-01-31,2026-02-02,-0.0288809308475692,-0.0084935703195029,-1,0,other_nvidia_development
2026-01-30,chips,15,10,2026-01-30|2026-01-31,2026-02-02,-0.0288809308475692,-0.0084935703195029,-1,0,regulatory_action
2026-01-30,company,7,7,2026-01-30,2026-02-02,-0.0288809308475692,-0.0084935703195029,-1,0,regulatory_action
2026-01-30,data,6,6,2026-01-30,2026-02-02,-0.0288809308475692,-0.0084935703195029,-1,0,ai_infrastructure_spending
2026-01-30,market,1,1,2026-01-30,2026-02-02,-0.0288809308475692,-0.0084935703195029,-1,0,ai_infrastructure_spending
2026-01-30,nasdaq,8,5,2026-01-30,2026-02-02,-0.0288809308475692,-0.0084935703195029,-1,0,other_nvidia_development
2026-01-30,nvda,10,7,2026-01-30,2026-02-02,-0.0288809308475692,-0.0084935703195029,-1,0,other_nvidia_development
2026-01-30,nvidia,67,38,2026-01-30|2026-01-31,2026-02-02,-0.0288809308475692,-0.0084935703195029,-1,0,other_nvidia_development
2026-01-30,stock,10,6,2026-01-30,2026-02-02,-0.0288809308475692,-0.0084935703195029,-1,0,other_nvidia_development
2026-01-30,stocks,5,4,2026-01-30,2026-02-02,-0.0288809308475692,-0.0084935703195029,-1,0,other_nvidia_development
2026-01-31,ai,34,16,2026-01-31|2026-02-01,2026-02-02,-0.0288809308475692,-0.0084935703195029,-1,0,other_nvidia_development
2026-01-31,billion,5,5,2026-01-31,2026-02-02,-0.0288809308475692,-0.0084935703195029,-1,0,partnership_contract
2026-01-31,chip,5,4,2026-01-31,2026-02-02,-0.0288809308475692,-0.0084935703195029,-1,0,other_nvidia_development
2026-01-31,chips,6,4,2026-01-31|2026-02-01,2026-02-02,-0.0288809308475692,-0.0084935703195029,-1,0,other_nvidia_development
2026-01-31,company,5,4,2026-01-31,2026-02-02,-0.0288809308475692,-0.0084935703195029,-1,0,other_nvidia_development
2026-01-31,data,7,5,2026-01-31|2026-02-01,2026-02-02,-0.0288809308475692,-0.0084935703195029,-1,0,other_nvidia_development
2026-01-31,market,2,2,2026-01-31|2026-02-01,2026-02-02,-0.0288809308475692,-0.0084935703195029,-1,0,other_nvidia_development
2026-01-31,nasdaq,4,3,2026-01-31,2026-02-02,-0.0288809308475692,-0.0084935703195029,-1,0,other_nvidia_development
2026-01-31,nvda,6,6,2026-01-31|2026-02-01,2026-02-02,-0.0288809308475692,-0.0084935703195029,-1,0,partnership_contract
2026-01-31,nvidia,40,24,2026-01-31|2026-02-01,2026-02-02,-0.0288809308475692,-0.0084935703195029,-1,0,other_nvidia_development
2026-01-31,stock,8,8,2026-01-31|2026-02-01,2026-02-02,-0.0288809308475692,-0.0084935703195029,-1,0,other_nvidia_development
2026-01-31,stocks,1,1,2026-02-01,2026-02-02,-0.0288809308475692,-0.0084935703195029,-1,0,other_nvidia_development
2026-02-01,ai,31,18,2026-02-01|2026-02-02,2026-02-02,-0.0288809308475692,-0.0084935703195029,-1,0,ai_infrastructure_spending
2026-02-01,billion,10,9,2026-02-01|2026-02-02,2026-02-02,-0.0288809308475692,-0.0084935703195029,-1,0,partnership_contract
2026-02-01,chip,9,5,2026-02-01|2026-02-02,2026-02-02,-0.0288809308475692,-0.0084935703195029,-1,0,partnership_contract
2026-02-01,chips,7,6,2026-02-01|2026-02-02,2026-02-02,-0.0288809308475692,-0.0084935703195029,-1,0,ai_infrastructure_spending
2026-02-01,company,11,10,2026-02-01|2026-02-02,2026-02-02,-0.0288809308475692,-0.0084935703195029,-1,0,other_nvidia_development
2026-02-01,data,7,3,2026-02-01,2026-02-02,-0.0288809308475692,-0.0084935703195029,-1,0,partnership_contract
2026-02-01,market,6,4,2026-02-01,2026-02-02,-0.0288809308475692,-0.0084935703195029,-1,0,other_nvidia_development
2026-02-01,nasdaq,9,5,2026-02-01|2026-02-02,2026-02-02,-0.0288809308475692,-0.0084935703195029,-1,0,other_nvidia_development
2026-02-01,nvda,9,6,2026-02-01|2026-02-02,2026-02-02,-0.0288809308475692,-0.0084935703195029,-1,0,other_nvidia_development
2026-02-01,nvidia,43,26,2026-02-01|2026-02-02,2026-02-02,-0.0288809308475692,-0.0084935703195029,-1,0,other_nvidia_development
2026-02-01,stock,9,7,2026-02-01|2026-02-02,2026-02-02,-0.0288809308475692,-0.0084935703195029,-1,0,other_nvidia_development
2026-02-01,stocks,3,3,2026-02-01,2026-02-02,-0.0288809308475692,-0.0084935703195029,-1,0,partnership_contract
2026-02-02,ai,80,38,2026-02-02|2026-02-03,2026-02-03,-0.028392832113479,-0.0316796014886823,-1,0,other_nvidia_development
2026-02-02,billion,35,19,2026-02-02|2026-02-03,2026-02-03,-0.028392832113479,-0.0316796014886823,-1,0,other_nvidia_development
2026-02-02,chip,23,16,2026-02-02|2026-02-03,2026-02-03,-0.028392832113479,-0.0316796014886823,-1,0,other_nvidia_development
2026-02-02,chips,16,10,2026-02-02|2026-02-03,2026-02-03,-0.028392832113479,-0.0316796014886823,-1,0,other_nvidia_development
2026-02-02,company,11,11,2026-02-02|2026-02-03,2026-02-03,-0.028392832113479,-0.0316796014886823,-1,0,other_nvidia_development
2026-02-02,data,8,6,2026-02-02|2026-02-03,2026-02-03,-0.028392832113479,-0.0316796014886823,-1,0,ai_infrastructure_spending
2026-02-02,market,10,9,2026-02-02|2026-02-03,2026-02-03,-0.028392832113479,-0.0316796014886823,-1,0,other_nvidia_development
2026-02-02,nasdaq,10,8,2026-02-02,2026-02-03,-0.028392832113479,-0.0316796014886823,-1,0,other_nvidia_development
2026-02-02,nvda,16,13,2026-02-02,2026-02-03,-0.028392832113479,-0.0316796014886823,-1,0,other_nvidia_development
2026-02-02,nvidia,123,71,2026-02-02|2026-02-03,2026-02-03,-0.028392832113479,-0.0316796014886823,-1,0,other_nvidia_development
2026-02-02,stock,23,17,2026-02-02|2026-02-03,2026-02-03,-0.028392832113479,-0.0316796014886823,-1,0,other_nvidia_development
2026-02-02,stocks,17,12,2026-02-02,2026-02-03,-0.028392832113479,-0.0316796014886823,-1,0,other_nvidia_development
2026-02-03,ai,108,50,2026-02-03|2026-02-04,2026-02-04,-0.0341022108830412,-0.0293658981126836,-1,0,ai_infrastructure_spending
2026-02-03,billion,22,9,2026-02-03,2026-02-04,-0.0341022108830412,-0.0293658981126836,-1,0,partnership_contract
2026-02-03,chip,21,17,2026-02-03|2026-02-04,2026-02-04,-0.0341022108830412,-0.0293658981126836,-1,0,ai_infrastructure_spending
2026-02-03,chips,15,11,2026-02-03|2026-02-04,2026-02-04,-0.0341022108830412,-0.0293658981126836,-1,0,other_nvidia_development
2026-02-03,company,21,15,2026-02-03|2026-02-04,2026-02-04,-0.0341022108830412,-0.0293658981126836,-1,0,ai_infrastructure_spending
2026-02-03,data,19,14,2026-02-03|2026-02-04,2026-02-04,-0.0341022108830412,-0.0293658981126836,-1,0,ai_infrastructure_spending
2026-02-03,market,12,11,2026-02-03|2026-02-04,2026-02-04,-0.0341022108830412,-0.0293658981126836,-1,0,other_nvidia_development
2026-02-03,nasdaq,17,11,2026-02-03|2026-02-04,2026-02-04,-0.0341022108830412,-0.0293658981126836,-1,0,other_nvidia_development
2026-02-03,nvda,26,18,2026-02-03|2026-02-04,2026-02-04,-0.0341022108830412,-0.0293658981126836,-1,0,other_nvidia_development
2026-02-03,nvidia,115,66,2026-02-03|2026-02-04,2026-02-04,-0.0341022108830412,-0.0293658981126836,-1,0,other_nvidia_development
2026-02-03,stock,26,18,2026-02-03|2026-02-04,2026-02-04,-0.0341022108830412,-0.0293658981126836,-1,0,other_nvidia_development
2026-02-03,stocks,12,9,2026-02-03|2026-02-04,2026-02-04,-0.0341022108830412,-0.0293658981126836,-1,0,other_nvidia_development
2026-02-04,ai,111,52,2026-02-04|2026-02-05,2026-02-05,-0.0132614035251003,-0.0174354765944663,-1,0,other_nvidia_development
2026-02-04,billion,18,11,2026-02-04|2026-02-05,2026-02-05,-0.0132614035251003,-0.0174354765944663,-1,0,other_nvidia_development
2026-02-04,chip,17,9,2026-02-04|2026-02-05,2026-02-05,-0.0132614035251003,-0.0174354765944663,-1,0,partnership_contract
2026-02-04,chips,22,13,2026-02-04|2026-02-05,2026-02-05,-0.0132614035251003,-0.0174354765944663,-1,0,other_nvidia_development
2026-02-04,company,7,7,2026-02-04,2026-02-05,-0.0132614035251003,-0.0174354765944663,-1,0,other_nvidia_development
2026-02-04,data,17,12,2026-02-04,2026-02-05,-0.0132614035251003,-0.0174354765944663,-1,0,ai_infrastructure_spending
2026-02-04,market,9,9,2026-02-04,2026-02-05,-0.0132614035251003,-0.0174354765944663,-1,0,other_nvidia_development
2026-02-04,nasdaq,5,5,2026-02-04,2026-02-05,-0.0132614035251003,-0.0174354765944663,-1,0,other_nvidia_development
2026-02-04,nvda,14,11,2026-02-04|2026-02-05,2026-02-05,-0.0132614035251003,-0.0174354765944663,-1,0,other_nvidia_development
2026-02-04,nvidia,94,59,2026-02-04|2026-02-05,2026-02-05,-0.0132614035251003,-0.0174354765944663,-1,0,other_nvidia_development
2026-02-04,stock,35,30,2026-02-04|2026-02-05,2026-02-05,-0.0132614035251003,-0.0174354765944663,-1,0,other_nvidia_development
2026-02-04,stocks,18,11,2026-02-04|2026-02-05,2026-02-05,-0.0132614035251003,-0.0174354765944663,-1,0,other_nvidia_development
2026-02-05,ai,74,35,2026-02-05|2026-02-06,2026-02-06,0.0787177041956905,0.0493519786078153,1,1,partnership_contract
2026-02-05,billion,21,10,2026-02-05|2026-02-06,2026-02-06,0.0787177041956905,0.0493519786078153,1,1,ai_infrastructure_spending
2026-02-05,chip,24,17,2026-02-05|2026-02-06,2026-02-06,0.0787177041956905,0.0493519786078153,1,1,partnership_contract
2026-02-05,chips,14,9,2026-02-05,2026-02-06,0.0787177041956905,0.0493519786078153,1,1,partnership_contract
2026-02-05,company,12,11,2026-02-05|2026-02-06,2026-02-06,0.0787177041956905,0.0493519786078153,1,1,partnership_contract
2026-02-05,data,18,12,2026-02-05|2026-02-06,2026-02-06,0.0787177041956905,0.0493519786078153,1,1,ai_infrastructure_spending
2026-02-05,market,10,8,2026-02-05,2026-02-06,0.0787177041956905,0.0493519786078153,1,1,other_nvidia_development
2026-02-05,nasdaq,11,11,2026-02-05|2026-02-06,2026-02-06,0.0787177041956905,0.0493519786078153,1,1,ai_infrastructure_spending
2026-02-05,nvda,14,12,2026-02-05|2026-02-06,2026-02-06,0.0787177041956905,0.0493519786078153,1,1,other_nvidia_development
2026-02-05,nvidia,66,35,2026-02-05|2026-02-06,2026-02-06,0.0787177041956905,0.0493519786078153,1,1,other_nvidia_development
2026-02-05,stock,17,11,2026-02-05|2026-02-06,2026-02-06,0.0787177041956905,0.0493519786078153,1,1,other_nvidia_development
2026-02-05,stocks,10,8,2026-02-05|2026-02-06,2026-02-06,0.0787177041956905,0.0493519786078153,1,1,other_nvidia_development
2026-02-06,ai,79,43,2026-02-06|2026-02-07,2026-02-09,0.0249715759647859,0.0313687124259762,1,0,other_nvidia_development
2026-02-06,billion,31,16,2026-02-06|2026-02-07,2026-02-09,0.0249715759647859,0.0313687124259762,1,0,ai_infrastructure_spending
2026-02-06,chip,8,7,2026-02-06,2026-02-09,0.0249715759647859,0.0313687124259762,1,0,other_nvidia_development
2026-02-06,chips,7,6,2026-02-06|2026-02-07,2026-02-09,0.0249715759647859,0.0313687124259762,1,0,other_nvidia_development
2026-02-06,company,16,14,2026-02-06|2026-02-07,2026-02-09,0.0249715759647859,0.0313687124259762,1,0,other_nvidia_development
2026-02-06,data,11,9,2026-02-06|2026-02-07,2026-02-09,0.0249715759647859,0.0313687124259762,1,0,ai_infrastructure_spending
2026-02-06,market,27,18,2026-02-06,2026-02-09,0.0249715759647859,0.0313687124259762,1,0,other_nvidia_development
2026-02-06,nasdaq,12,10,2026-02-06,2026-02-09,0.0249715759647859,0.0313687124259762,1,0,other_nvidia_development
2026-02-06,nvda,11,9,2026-02-06,2026-02-09,0.0249715759647859,0.0313687124259762,1,0,other_nvidia_development
2026-02-06,nvidia,92,62,2026-02-06|2026-02-07,2026-02-09,0.0249715759647859,0.0313687124259762,1,0,other_nvidia_development
2026-02-06,stock,33,23,2026-02-06,2026-02-09,0.0249715759647859,0.0313687124259762,1,0,other_nvidia_development
2026-02-06,stocks,19,12,2026-02-06|2026-02-07,2026-02-09,0.0249715759647859,0.0313687124259762,1,0,other_nvidia_development
2026-02-07,ai,43,17,2026-02-07|2026-02-08,2026-02-09,0.0249715759647859,0.0313687124259762,1,0,other_nvidia_development
2026-02-07,chips,2,2,2026-02-07,2026-02-09,0.0249715759647859,0.0313687124259762,1,0,other_nvidia_development
2026-02-07,company,11,8,2026-02-07,2026-02-09,0.0249715759647859,0.0313687124259762,1,0,other_nvidia_development
2026-02-07,data,8,4,2026-02-07,2026-02-09,0.0249715759647859,0.0313687124259762,1,0,ai_infrastructure_spending
2026-02-07,market,9,4,2026-02-07,2026-02-09,0.0249715759647859,0.0313687124259762,1,0,other_nvidia_development
2026-02-07,nasdaq,3,3,2026-02-07,2026-02-09,0.0249715759647859,0.0313687124259762,1,0,other_nvidia_development
2026-02-07,nvda,8,6,2026-02-07|2026-02-08,2026-02-09,0.0249715759647859,0.0313687124259762,1,0,other_nvidia_development
2026-02-07,nvidia,30,17,2026-02-07|2026-02-08,2026-02-09,0.0249715759647859,0.0313687124259762,1,0,other_nvidia_development
2026-02-07,stock,7,7,2026-02-07|2026-02-08,2026-02-09,0.0249715759647859,0.0313687124259762,1,0,other_nvidia_development
2026-02-07,stocks,1,1,2026-02-07,2026-02-09,0.0249715759647859,0.0313687124259762,1,0,other_nvidia_development
2026-02-08,ai,24,11,2026-02-08|2026-02-09,2026-02-09,0.0249715759647859,0.0313687124259762,1,0,competing_accelerators_custom_chips
2026-02-08,billion,1,1,2026-02-08,2026-02-09,0.0249715759647859,0.0313687124259762,1,0,other_nvidia_development
2026-02-08,chip,3,2,2026-02-08,2026-02-09,0.0249715759647859,0.0313687124259762,1,0,competing_accelerators_custom_chips
2026-02-08,chips,2,2,2026-02-08,2026-02-09,0.0249715759647859,0.0313687124259762,1,0,ai_infrastructure_spending
2026-02-08,company,2,2,2026-02-08,2026-02-09,0.0249715759647859,0.0313687124259762,1,0,ai_infrastructure_spending
2026-02-08,data,9,4,2026-02-08|2026-02-09,2026-02-09,0.0249715759647859,0.0313687124259762,1,0,ai_infrastructure_spending
2026-02-08,market,2,2,2026-02-08,2026-02-09,0.0249715759647859,0.0313687124259762,1,0,other_nvidia_development
2026-02-08,nasdaq,7,3,2026-02-08,2026-02-09,0.0249715759647859,0.0313687124259762,1,0,other_nvidia_development
2026-02-08,nvda,11,4,2026-02-08,2026-02-09,0.0249715759647859,0.0313687124259762,1,0,other_nvidia_development
2026-02-08,nvidia,30,14,2026-02-08|2026-02-09,2026-02-09,0.0249715759647859,0.0313687124259762,1,0,other_nvidia_development
2026-02-08,stock,8,6,2026-02-08,2026-02-09,0.0249715759647859,0.0313687124259762,1,0,other_nvidia_development
2026-02-08,stocks,7,5,2026-02-08,2026-02-09,0.0249715759647859,0.0313687124259762,1,0,other_nvidia_development
2026-02-09,ai,53,28,2026-02-09|2026-02-10,2026-02-10,-0.0078930351051498,-0.014839646380084,0,0,other_nvidia_development
2026-02-09,billion,12,8,2026-02-09|2026-02-10,2026-02-10,-0.0078930351051498,-0.014839646380084,0,0,ai_infrastructure_spending
2026-02-09,chip,11,10,2026-02-09|2026-02-10,2026-02-10,-0.0078930351051498,-0.014839646380084,0,0,manufacturing_packaging_hbm
2026-02-09,chips,12,10,2026-02-09,2026-02-10,-0.0078930351051498,-0.014839646380084,0,0,manufacturing_packaging_hbm
2026-02-09,company,11,10,2026-02-09|2026-02-10,2026-02-10,-0.0078930351051498,-0.014839646380084,0,0,partnership_contract
2026-02-09,data,8,6,2026-02-09|2026-02-10,2026-02-10,-0.0078930351051498,-0.014839646380084,0,0,ai_infrastructure_spending
2026-02-09,market,12,9,2026-02-09,2026-02-10,-0.0078930351051498,-0.014839646380084,0,0,other_nvidia_development
2026-02-09,nasdaq,7,6,2026-02-09,2026-02-10,-0.0078930351051498,-0.014839646380084,0,0,other_nvidia_development
2026-02-09,nvda,5,4,2026-02-09,2026-02-10,-0.0078930351051498,-0.014839646380084,0,0,other_nvidia_development
2026-02-09,nvidia,58,37,2026-02-09|2026-02-10,2026-02-10,-0.0078930351051498,-0.014839646380084,0,0,other_nvidia_development
2026-02-09,stock,41,25,2026-02-09|2026-02-10,2026-02-10,-0.0078930351051498,-0.014839646380084,0,0,other_nvidia_development
2026-02-09,stocks,9,7,2026-02-09,2026-02-10,-0.0078930351051498,-0.014839646380084,0,0,other_nvidia_development
2026-02-10,ai,78,33,2026-02-10|2026-02-11,2026-02-11,0.008008964809925,-0.0124707401119358,0,0,ai_infrastructure_spending
2026-02-10,billion,12,8,2026-02-10,2026-02-11,0.008008964809925,-0.0124707401119358,0,0,ai_infrastructure_spending
2026-02-10,chip,19,10,2026-02-10,2026-02-11,0.008008964809925,-0.0124707401119358,0,0,other_nvidia_development
2026-02-10,chips,16,10,2026-02-10|2026-02-11,2026-02-11,0.008008964809925,-0.0124707401119358,0,0,other_nvidia_development
2026-02-10,company,11,10,2026-02-10,2026-02-11,0.008008964809925,-0.0124707401119358,0,0,other_nvidia_development
2026-02-10,data,23,12,2026-02-10,2026-02-11,0.008008964809925,-0.0124707401119358,0,0,ai_infrastructure_spending
2026-02-10,market,9,8,2026-02-10,2026-02-11,0.008008964809925,-0.0124707401119358,0,0,other_nvidia_development
2026-02-10,nasdaq,7,6,2026-02-10,2026-02-11,0.008008964809925,-0.0124707401119358,0,0,other_nvidia_development
2026-02-10,nvda,12,10,2026-02-10,2026-02-11,0.008008964809925,-0.0124707401119358,0,0,other_nvidia_development
2026-02-10,nvidia,68,39,2026-02-10|2026-02-11,2026-02-11,0.008008964809925,-0.0124707401119358,0,0,other_nvidia_development
2026-02-10,stock,27,17,2026-02-10,2026-02-11,0.008008964809925,-0.0124707401119358,0,0,other_nvidia_development
2026-02-10,stocks,8,8,2026-02-10,2026-02-11,0.008008964809925,-0.0124707401119358,0,0,other_nvidia_development
2026-02-11,ai,55,31,2026-02-11|2026-02-12,2026-02-12,-0.0163641031253721,-0.031549481305513,-1,0,other_nvidia_development
2026-02-11,billion,4,3,2026-02-11,2026-02-12,-0.0163641031253721,-0.031549481305513,-1,0,ai_infrastructure_spending
2026-02-11,chip,8,7,2026-02-11|2026-02-12,2026-02-12,-0.0163641031253721,-0.031549481305513,-1,0,other_nvidia_development
2026-02-11,chips,12,8,2026-02-11|2026-02-12,2026-02-12,-0.0163641031253721,-0.031549481305513,-1,0,other_nvidia_development
2026-02-11,company,5,5,2026-02-11|2026-02-12,2026-02-12,-0.0163641031253721,-0.031549481305513,-1,0,partnership_contract
2026-02-11,data,7,4,2026-02-11|2026-02-12,2026-02-12,-0.0163641031253721,-0.031549481305513,-1,0,ai_infrastructure_spending
2026-02-11,market,6,4,2026-02-11,2026-02-12,-0.0163641031253721,-0.031549481305513,-1,0,ai_infrastructure_spending
2026-02-11,nasdaq,8,5,2026-02-11|2026-02-12,2026-02-12,-0.0163641031253721,-0.031549481305513,-1,0,other_nvidia_development
2026-02-11,nvda,9,7,2026-02-11,2026-02-12,-0.0163641031253721,-0.031549481305513,-1,0,other_nvidia_development
2026-02-11,nvidia,53,34,2026-02-11|2026-02-12,2026-02-12,-0.0163641031253721,-0.031549481305513,-1,0,other_nvidia_development
2026-02-11,stock,24,18,2026-02-11,2026-02-12,-0.0163641031253721,-0.031549481305513,-1,0,other_nvidia_development
2026-02-11,stocks,5,5,2026-02-11|2026-02-12,2026-02-12,-0.0163641031253721,-0.031549481305513,-1,0,other_nvidia_development
2026-02-12,ai,58,30,2026-02-12|2026-02-13,2026-02-13,-0.0220927472729224,-0.0249093144621792,-1,0,ai_infrastructure_spending
2026-02-12,billion,18,8,2026-02-12,2026-02-13,-0.0220927472729224,-0.0249093144621792,-1,0,other_nvidia_development
2026-02-12,chip,13,8,2026-02-12|2026-02-13,2026-02-13,-0.0220927472729224,-0.0249093144621792,-1,0,ai_infrastructure_spending
2026-02-12,chips,11,9,2026-02-12,2026-02-13,-0.0220927472729224,-0.0249093144621792,-1,0,manufacturing_packaging_hbm
2026-02-12,company,12,11,2026-02-12|2026-02-13,2026-02-13,-0.0220927472729224,-0.0249093144621792,-1,0,manufacturing_packaging_hbm
2026-02-12,data,10,6,2026-02-12,2026-02-13,-0.0220927472729224,-0.0249093144621792,-1,0,ai_infrastructure_spending
2026-02-12,market,9,7,2026-02-12|2026-02-13,2026-02-13,-0.0220927472729224,-0.0249093144621792,-1,0,manufacturing_packaging_hbm
2026-02-12,nasdaq,6,6,2026-02-12,2026-02-13,-0.0220927472729224,-0.0249093144621792,-1,0,other_nvidia_development
2026-02-12,nvda,7,5,2026-02-12,2026-02-13,-0.0220927472729224,-0.0249093144621792,-1,0,partnership_contract
2026-02-12,nvidia,62,37,2026-02-12|2026-02-13,2026-02-13,-0.0220927472729224,-0.0249093144621792,-1,0,other_nvidia_development
2026-02-12,stock,13,10,2026-02-12,2026-02-13,-0.0220927472729224,-0.0249093144621792,-1,0,other_nvidia_development
2026-02-12,stocks,11,9,2026-02-12|2026-02-13,2026-02-13,-0.0220927472729224,-0.0249093144621792,-1,0,other_nvidia_development
2026-02-13,ai,36,19,2026-02-13|2026-02-14,2026-02-17,0.0118156066604726,0.0177166504577888,1,0,other_nvidia_development
2026-02-13,billion,15,5,2026-02-13,2026-02-17,0.0118156066604726,0.0177166504577888,1,0,ai_infrastructure_spending
2026-02-13,chip,3,2,2026-02-13,2026-02-17,0.0118156066604726,0.0177166504577888,1,0,partnership_contract
2026-02-13,chips,2,2,2026-02-13,2026-02-17,0.0118156066604726,0.0177166504577888,1,0,other_nvidia_development
2026-02-13,company,6,5,2026-02-13,2026-02-17,0.0118156066604726,0.0177166504577888,1,0,product_announcement
2026-02-13,data,9,4,2026-02-13|2026-02-14,2026-02-17,0.0118156066604726,0.0177166504577888,1,0,product_announcement
2026-02-13,market,9,6,2026-02-13|2026-02-14,2026-02-17,0.0118156066604726,0.0177166504577888,1,0,other_nvidia_development
2026-02-13,nasdaq,14,8,2026-02-13|2026-02-14,2026-02-17,0.0118156066604726,0.0177166504577888,1,0,ai_infrastructure_spending
2026-02-13,nvda,15,9,2026-02-13,2026-02-17,0.0118156066604726,0.0177166504577888,1,0,other_nvidia_development
2026-02-13,nvidia,47,29,2026-02-13|2026-02-14,2026-02-17,0.0118156066604726,0.0177166504577888,1,0,other_nvidia_development
2026-02-13,stock,10,9,2026-02-13,2026-02-17,0.0118156066604726,0.0177166504577888,1,0,other_nvidia_development
2026-02-13,stocks,11,8,2026-02-13|2026-02-14,2026-02-17,0.0118156066604726,0.0177166504577888,1,0,other_nvidia_development
2026-02-14,ai,30,14,2026-02-14,2026-02-17,0.0118156066604726,0.0177166504577888,1,0,other_nvidia_development
2026-02-14,billion,1,1,2026-02-14,2026-02-17,0.0118156066604726,0.0177166504577888,1,0,ai_infrastructure_spending
2026-02-14,chip,3,3,2026-02-14,2026-02-17,0.0118156066604726,0.0177166504577888,1,0,other_nvidia_development
2026-02-14,chips,1,1,2026-02-14,2026-02-17,0.0118156066604726,0.0177166504577888,1,0,manufacturing_packaging_hbm
2026-02-14,company,8,8,2026-02-14,2026-02-17,0.0118156066604726,0.0177166504577888,1,0,other_nvidia_development
2026-02-14,data,3,2,2026-02-14,2026-02-17,0.0118156066604726,0.0177166504577888,1,0,ai_infrastructure_spending
2026-02-14,market,2,1,2026-02-15,2026-02-17,0.0118156066604726,0.0177166504577888,1,0,other_nvidia_development
2026-02-14,nasdaq,6,5,2026-02-14,2026-02-17,0.0118156066604726,0.0177166504577888,1,0,other_nvidia_development
2026-02-14,nvda,6,4,2026-02-14,2026-02-17,0.0118156066604726,0.0177166504577888,1,0,other_nvidia_development
2026-02-14,nvidia,40,18,2026-02-14|2026-02-15,2026-02-17,0.0118156066604726,0.0177166504577888,1,0,other_nvidia_development
2026-02-14,stock,7,3,2026-02-14,2026-02-17,0.0118156066604726,0.0177166504577888,1,0,ai_infrastructure_spending
2026-02-14,stocks,3,3,2026-02-14,2026-02-17,0.0118156066604726,0.0177166504577888,1,0,other_nvidia_development
2026-02-15,ai,26,11,2026-02-15|2026-02-16,2026-02-17,0.0118156066604726,0.0177166504577888,1,0,other_nvidia_development
2026-02-15,billion,3,3,2026-02-15,2026-02-17,0.0118156066604726,0.0177166504577888,1,0,other_nvidia_development
2026-02-15,chip,1,1,2026-02-16,2026-02-17,0.0118156066604726,0.0177166504577888,1,0,partnership_contract
2026-02-15,chips,3,2,2026-02-15|2026-02-16,2026-02-17,0.0118156066604726,0.0177166504577888,1,0,partnership_contract
2026-02-15,company,5,4,2026-02-15|2026-02-16,2026-02-17,0.0118156066604726,0.0177166504577888,1,0,partnership_contract
2026-02-15,data,4,3,2026-02-15,2026-02-17,0.0118156066604726,0.0177166504577888,1,0,ai_infrastructure_spending
2026-02-15,market,8,4,2026-02-15|2026-02-16,2026-02-17,0.0118156066604726,0.0177166504577888,1,0,other_nvidia_development
2026-02-15,nasdaq,14,7,2026-02-15,2026-02-17,0.0118156066604726,0.0177166504577888,1,0,other_nvidia_development
2026-02-15,nvda,11,7,2026-02-15,2026-02-17,0.0118156066604726,0.0177166504577888,1,0,other_nvidia_development
2026-02-15,nvidia,34,22,2026-02-15|2026-02-16,2026-02-17,0.0118156066604726,0.0177166504577888,1,0,other_nvidia_development
2026-02-15,stock,11,9,2026-02-15|2026-02-16,2026-02-17,0.0118156066604726,0.0177166504577888,1,0,other_nvidia_development
2026-02-15,stocks,7,5,2026-02-15,2026-02-17,0.0118156066604726,0.0177166504577888,1,0,other_nvidia_development
2026-02-16,ai,43,21,2026-02-16,2026-02-17,0.0118156066604726,0.0177166504577888,1,0,other_nvidia_development
2026-02-16,billion,2,2,2026-02-16,2026-02-17,0.0118156066604726,0.0177166504577888,1,0,ai_infrastructure_spending
2026-02-16,chip,5,2,2026-02-16,2026-02-17,0.0118156066604726,0.0177166504577888,1,0,other_nvidia_development
2026-02-16,chips,1,1,2026-02-16,2026-02-17,0.0118156066604726,0.0177166504577888,1,0,competing_accelerators_custom_chips
2026-02-16,company,6,5,2026-02-16,2026-02-17,0.0118156066604726,0.0177166504577888,1,0,partnership_contract
2026-02-16,data,4,4,2026-02-16,2026-02-17,0.0118156066604726,0.0177166504577888,1,0,ai_infrastructure_spending
2026-02-16,market,2,2,2026-02-16,2026-02-17,0.0118156066604726,0.0177166504577888,1,0,other_nvidia_development
2026-02-16,nasdaq,5,5,2026-02-16,2026-02-17,0.0118156066604726,0.0177166504577888,1,0,other_nvidia_development
2026-02-16,nvda,12,10,2026-02-16,2026-02-17,0.0118156066604726,0.0177166504577888,1,0,other_nvidia_development
2026-02-16,nvidia,40,26,2026-02-16,2026-02-17,0.0118156066604726,0.0177166504577888,1,0,other_nvidia_development
2026-02-16,stock,10,9,2026-02-16,2026-02-17,0.0118156066604726,0.0177166504577888,1,0,other_nvidia_development
2026-02-16,stocks,6,4,2026-02-16,2026-02-17,0.0118156066604726,0.0177166504577888,1,0,other_nvidia_development
2026-02-17,ai,106,52,2026-02-17|2026-02-18,2026-02-18,0.0162728398314055,-0.0040794928342303,1,0,ai_infrastructure_spending
2026-02-17,billion,7,6,2026-02-17|2026-02-18,2026-02-18,0.0162728398314055,-0.0040794928342303,1,0,manufacturing_packaging_hbm
2026-02-17,chip,8,8,2026-02-17,2026-02-18,0.0162728398314055,-0.0040794928342303,1,0,other_nvidia_development
2026-02-17,chips,19,11,2026-02-17|2026-02-18,2026-02-18,0.0162728398314055,-0.0040794928342303,1,0,partnership_contract
2026-02-17,company,14,14,2026-02-17|2026-02-18,2026-02-18,0.0162728398314055,-0.0040794928342303,1,0,manufacturing_packaging_hbm
2026-02-17,data,30,18,2026-02-17|2026-02-18,2026-02-18,0.0162728398314055,-0.0040794928342303,1,0,ai_infrastructure_spending
2026-02-17,market,16,12,2026-02-17|2026-02-18,2026-02-18,0.0162728398314055,-0.0040794928342303,1,0,other_nvidia_development
2026-02-17,nasdaq,11,8,2026-02-17,2026-02-18,0.0162728398314055,-0.0040794928342303,1,0,other_nvidia_development
2026-02-17,nvda,26,18,2026-02-17|2026-02-18,2026-02-18,0.0162728398314055,-0.0040794928342303,1,0,other_nvidia_development
2026-02-17,nvidia,133,71,2026-02-17|2026-02-18,2026-02-18,0.0162728398314055,-0.0040794928342303,1,0,other_nvidia_development
2026-02-17,stock,32,22,2026-02-17|2026-02-18,2026-02-18,0.0162728398314055,-0.0040794928342303,1,0,other_nvidia_development
2026-02-17,stocks,11,10,2026-02-17,2026-02-18,0.0162728398314055,-0.0040794928342303,1,0,other_nvidia_development
2026-02-18,ai,94,38,2026-02-18|2026-02-19,2026-02-19,-0.0004255251289269,0.0044905182767767,0,0,other_nvidia_development
2026-02-18,billion,12,8,2026-02-18|2026-02-19,2026-02-19,-0.0004255251289269,0.0044905182767767,0,0,other_nvidia_development
2026-02-18,chip,22,18,2026-02-18|2026-02-19,2026-02-19,-0.0004255251289269,0.0044905182767767,0,0,partnership_contract
2026-02-18,chips,15,12,2026-02-18,2026-02-19,-0.0004255251289269,0.0044905182767767,0,0,partnership_contract
2026-02-18,company,22,17,2026-02-18|2026-02-19,2026-02-19,-0.0004255251289269,0.0044905182767767,0,0,partnership_contract
2026-02-18,data,18,16,2026-02-18|2026-02-19,2026-02-19,-0.0004255251289269,0.0044905182767767,0,0,partnership_contract
2026-02-18,market,26,17,2026-02-18|2026-02-19,2026-02-19,-0.0004255251289269,0.0044905182767767,0,0,partnership_contract
2026-02-18,nasdaq,20,16,2026-02-18|2026-02-19,2026-02-19,-0.0004255251289269,0.0044905182767767,0,0,other_nvidia_development
2026-02-18,nvda,16,12,2026-02-18|2026-02-19,2026-02-19,-0.0004255251289269,0.0044905182767767,0,0,other_nvidia_development
2026-02-18,nvidia,148,77,2026-02-18|2026-02-19,2026-02-19,-0.0004255251289269,0.0044905182767767,0,0,other_nvidia_development
2026-02-18,stock,44,29,2026-02-18|2026-02-19,2026-02-19,-0.0004255251289269,0.0044905182767767,0,0,partnership_contract
2026-02-18,stocks,22,17,2026-02-18|2026-02-19,2026-02-19,-0.0004255251289269,0.0044905182767767,0,0,other_nvidia_development
2026-02-19,ai,85,37,2026-02-19|2026-02-20,2026-02-20,0.0102182530153922,0.0174197345361744,1,0,other_nvidia_development
2026-02-19,billion,26,12,2026-02-19|2026-02-20,2026-02-20,0.0102182530153922,0.0174197345361744,1,0,other_nvidia_development
2026-02-19,chip,11,8,2026-02-19|2026-02-20,2026-02-20,0.0102182530153922,0.0174197345361744,1,0,other_nvidia_development
2026-02-19,chips,9,7,2026-02-19,2026-02-20,0.0102182530153922,0.0174197345361744,1,0,ai_infrastructure_spending
2026-02-19,company,10,10,2026-02-19,2026-02-20,0.0102182530153922,0.0174197345361744,1,0,other_nvidia_development
2026-02-19,data,11,8,2026-02-19,2026-02-20,0.0102182530153922,0.0174197345361744,1,0,partnership_contract
2026-02-19,market,20,15,2026-02-19|2026-02-20,2026-02-20,0.0102182530153922,0.0174197345361744,1,0,other_nvidia_development
2026-02-19,nasdaq,7,6,2026-02-19,2026-02-20,0.0102182530153922,0.0174197345361744,1,0,other_nvidia_development
2026-02-19,nvda,10,10,2026-02-19|2026-02-20,2026-02-20,0.0102182530153922,0.0174197345361744,1,0,other_nvidia_development
2026-02-19,nvidia,113,60,2026-02-19|2026-02-20,2026-02-20,0.0102182530153922,0.0174197345361744,1,0,other_nvidia_development
2026-02-19,stock,29,18,2026-02-19|2026-02-20,2026-02-20,0.0102182530153922,0.0174197345361744,1,0,other_nvidia_development
2026-02-19,stocks,11,7,2026-02-19,2026-02-20,0.0102182530153922,0.0174197345361744,1,0,other_nvidia_development
2026-02-20,ai,30,23,2026-02-20|2026-02-21,2026-02-23,0.009113849147716,0.0007837469177482,0,0,partnership_contract
2026-02-20,billion,18,10,2026-02-20|2026-02-21,2026-02-23,0.009113849147716,0.0007837469177482,0,0,partnership_contract
2026-02-20,chip,7,7,2026-02-20,2026-02-23,0.009113849147716,0.0007837469177482,0,0,other_nvidia_development
2026-02-20,chips,7,4,2026-02-20,2026-02-23,0.009113849147716,0.0007837469177482,0,0,partnership_contract
2026-02-20,company,4,4,2026-02-20|2026-02-21,2026-02-23,0.009113849147716,0.0007837469177482,0,0,other_nvidia_development
2026-02-20,data,4,4,2026-02-20,2026-02-23,0.009113849147716,0.0007837469177482,0,0,ai_infrastructure_spending
2026-02-20,market,9,5,2026-02-20|2026-02-21,2026-02-23,0.009113849147716,0.0007837469177482,0,0,other_nvidia_development
2026-02-20,nasdaq,13,7,2026-02-20|2026-02-21,2026-02-23,0.009113849147716,0.0007837469177482,0,0,other_nvidia_development
2026-02-20,nvda,14,8,2026-02-20|2026-02-21,2026-02-23,0.009113849147716,0.0007837469177482,0,0,ai_infrastructure_spending
2026-02-20,nvidia,83,48,2026-02-20|2026-02-21,2026-02-23,0.009113849147716,0.0007837469177482,0,0,other_nvidia_development
2026-02-20,stock,25,17,2026-02-20|2026-02-21,2026-02-23,0.009113849147716,0.0007837469177482,0,0,other_nvidia_development
2026-02-20,stocks,12,8,2026-02-20,2026-02-23,0.009113849147716,0.0007837469177482,0,0,other_nvidia_development
2026-02-21,ai,7,5,2026-02-21,2026-02-23,0.009113849147716,0.0007837469177482,0,0,other_nvidia_development
2026-02-21,chip,2,1,2026-02-21,2026-02-23,0.009113849147716,0.0007837469177482,0,0,competing_accelerators_custom_chips
2026-02-21,company,1,1,2026-02-21,2026-02-23,0.009113849147716,0.0007837469177482,0,0,other_nvidia_development
2026-02-21,market,8,5,2026-02-21,2026-02-23,0.009113849147716,0.0007837469177482,0,0,other_nvidia_development
2026-02-21,nasdaq,5,4,2026-02-21,2026-02-23,0.009113849147716,0.0007837469177482,0,0,other_nvidia_development
2026-02-21,nvda,3,3,2026-02-21,2026-02-23,0.009113849147716,0.0007837469177482,0,0,other_nvidia_development
2026-02-21,nvidia,26,16,2026-02-21,2026-02-23,0.009113849147716,0.0007837469177482,0,0,other_nvidia_development
2026-02-21,stock,20,12,2026-02-21,2026-02-23,0.009113849147716,0.0007837469177482,0,0,other_nvidia_development
2026-02-21,stocks,8,5,2026-02-21,2026-02-23,0.009113849147716,0.0007837469177482,0,0,other_nvidia_development
2026-02-22,ai,36,17,2026-02-22|2026-02-23,2026-02-23,0.009113849147716,0.0007837469177482,0,0,other_nvidia_development
2026-02-22,billion,2,2,2026-02-22|2026-02-23,2026-02-23,0.009113849147716,0.0007837469177482,0,0,other_nvidia_development
2026-02-22,chip,1,1,2026-02-23,2026-02-23,0.009113849147716,0.0007837469177482,0,0,ai_infrastructure_spending
2026-02-22,chips,7,4,2026-02-22|2026-02-23,2026-02-23,0.009113849147716,0.0007837469177482,0,0,other_nvidia_development
2026-02-22,company,10,9,2026-02-22|2026-02-23,2026-02-23,0.009113849147716,0.0007837469177482,0,0,other_nvidia_development
2026-02-22,data,4,4,2026-02-22|2026-02-23,2026-02-23,0.009113849147716,0.0007837469177482,0,0,ai_infrastructure_spending
2026-02-22,market,6,3,2026-02-22|2026-02-23,2026-02-23,0.009113849147716,0.0007837469177482,0,0,other_nvidia_development
2026-02-22,nasdaq,8,5,2026-02-22,2026-02-23,0.009113849147716,0.0007837469177482,0,0,other_nvidia_development
2026-02-22,nvda,8,5,2026-02-22|2026-02-23,2026-02-23,0.009113849147716,0.0007837469177482,0,0,other_nvidia_development
2026-02-22,nvidia,45,26,2026-02-22|2026-02-23,2026-02-23,0.009113849147716,0.0007837469177482,0,0,other_nvidia_development
2026-02-22,stock,13,11,2026-02-22|2026-02-23,2026-02-23,0.009113849147716,0.0007837469177482,0,0,other_nvidia_development
2026-02-22,stocks,12,11,2026-02-22|2026-02-23,2026-02-23,0.009113849147716,0.0007837469177482,0,0,other_nvidia_development
2026-02-23,ai,94,48,2026-02-23|2026-02-24,2026-02-24,0.0067868273955347,0.0071022015318706,0,0,other_nvidia_development
2026-02-23,billion,10,7,2026-02-23|2026-02-24,2026-02-24,0.0067868273955347,0.0071022015318706,0,0,ai_infrastructure_spending
2026-02-23,chip,13,12,2026-02-23|2026-02-24,2026-02-24,0.0067868273955347,0.0071022015318706,0,0,other_nvidia_development
2026-02-23,chips,7,6,2026-02-23|2026-02-24,2026-02-24,0.0067868273955347,0.0071022015318706,0,0,other_nvidia_development
2026-02-23,company,11,10,2026-02-23|2026-02-24,2026-02-24,0.0067868273955347,0.0071022015318706,0,0,other_nvidia_development
2026-02-23,data,20,14,2026-02-23|2026-02-24,2026-02-24,0.0067868273955347,0.0071022015318706,0,0,ai_infrastructure_spending
2026-02-23,market,20,16,2026-02-23,2026-02-24,0.0067868273955347,0.0071022015318706,0,0,other_nvidia_development
2026-02-23,nasdaq,13,11,2026-02-23|2026-02-24,2026-02-24,0.0067868273955347,0.0071022015318706,0,0,other_nvidia_development
2026-02-23,nvda,22,20,2026-02-23|2026-02-24,2026-02-24,0.0067868273955347,0.0071022015318706,0,0,other_nvidia_development
2026-02-23,nvidia,147,80,2026-02-23|2026-02-24,2026-02-24,0.0067868273955347,0.0071022015318706,0,0,other_nvidia_development
2026-02-23,stock,42,29,2026-02-23|2026-02-24,2026-02-24,0.0067868273955347,0.0071022015318706,0,0,other_nvidia_development
2026-02-23,stocks,11,10,2026-02-23,2026-02-24,0.0067868273955347,0.0071022015318706,0,0,other_nvidia_development
2026-02-24,ai,146,67,2026-02-24|2026-02-25,2026-02-25,0.0140522969379368,0.0057084115596413,1,0,ai_infrastructure_spending
2026-02-24,billion,16,14,2026-02-24|2026-02-25,2026-02-25,0.0140522969379368,0.0057084115596413,1,0,ai_infrastructure_spending
2026-02-24,chip,26,22,2026-02-24|2026-02-25,2026-02-25,0.0140522969379368,0.0057084115596413,1,0,partnership_contract
2026-02-24,chips,25,19,2026-02-24|2026-02-25,2026-02-25,0.0140522969379368,0.0057084115596413,1,0,ai_infrastructure_spending
2026-02-24,company,8,8,2026-02-24|2026-02-25,2026-02-25,0.0140522969379368,0.0057084115596413,1,0,ai_infrastructure_spending
2026-02-24,data,22,14,2026-02-24|2026-02-25,2026-02-25,0.0140522969379368,0.0057084115596413,1,0,ai_infrastructure_spending
2026-02-24,market,36,27,2026-02-24|2026-02-25,2026-02-25,0.0140522969379368,0.0057084115596413,1,0,other_nvidia_development
2026-02-24,nasdaq,21,16,2026-02-24|2026-02-25,2026-02-25,0.0140522969379368,0.0057084115596413,1,0,other_nvidia_development
2026-02-24,nvda,13,12,2026-02-24|2026-02-25,2026-02-25,0.0140522969379368,0.0057084115596413,1,0,other_nvidia_development
2026-02-24,nvidia,148,91,2026-02-24|2026-02-25,2026-02-25,0.0140522969379368,0.0057084115596413,1,0,other_nvidia_development
2026-02-24,stock,45,37,2026-02-24|2026-02-25,2026-02-25,0.0140522969379368,0.0057084115596413,1,0,other_nvidia_development
2026-02-24,stocks,17,13,2026-02-24|2026-02-25,2026-02-25,0.0140522969379368,0.0057084115596413,1,0,other_nvidia_development
2026-02-25,ai,129,74,2026-02-25|2026-02-26,2026-02-26,-0.0545612100451263,-0.0482833411052856,-1,-1,other_nvidia_development
2026-02-25,billion,41,19,2026-02-25|2026-02-26,2026-02-26,-0.0545612100451263,-0.0482833411052856,-1,-1,other_nvidia_development
2026-02-25,chip,25,23,2026-02-25|2026-02-26,2026-02-26,-0.0545612100451263,-0.0482833411052856,-1,-1,other_nvidia_development
2026-02-25,chips,18,16,2026-02-25|2026-02-26,2026-02-26,-0.0545612100451263,-0.0482833411052856,-1,-1,ai_infrastructure_spending
2026-02-25,company,27,23,2026-02-25|2026-02-26,2026-02-26,-0.0545612100451263,-0.0482833411052856,-1,-1,other_nvidia_development
2026-02-25,data,31,21,2026-02-25|2026-02-26,2026-02-26,-0.0545612100451263,-0.0482833411052856,-1,-1,ai_infrastructure_spending
2026-02-25,market,52,37,2026-02-25|2026-02-26,2026-02-26,-0.0545612100451263,-0.0482833411052856,-1,-1,other_nvidia_development
2026-02-25,nasdaq,28,22,2026-02-25,2026-02-26,-0.0545612100451263,-0.0482833411052856,-1,-1,other_nvidia_development
2026-02-25,nvda,20,16,2026-02-25|2026-02-26,2026-02-26,-0.0545612100451263,-0.0482833411052856,-1,-1,other_nvidia_development
2026-02-25,nvidia,212,138,2026-02-25|2026-02-26,2026-02-26,-0.0545612100451263,-0.0482833411052856,-1,-1,other_nvidia_development
2026-02-25,stock,66,45,2026-02-25|2026-02-26,2026-02-26,-0.0545612100451263,-0.0482833411052856,-1,-1,other_nvidia_development
2026-02-25,stocks,26,20,2026-02-25|2026-02-26,2026-02-26,-0.0545612100451263,-0.0482833411052856,-1,-1,other_nvidia_development
2026-02-26,ai,138,83,2026-02-26|2026-02-27,2026-02-27,-0.0416463721714822,-0.0223999865301723,-1,0,other_nvidia_development
2026-02-26,billion,25,15,2026-02-26|2026-02-27,2026-02-27,-0.0416463721714822,-0.0223999865301723,-1,0,other_nvidia_development
2026-02-26,chip,33,30,2026-02-26|2026-02-27,2026-02-27,-0.0416463721714822,-0.0223999865301723,-1,0,other_nvidia_development
2026-02-26,chips,15,14,2026-02-26,2026-02-27,-0.0416463721714822,-0.0223999865301723,-1,0,other_nvidia_development
2026-02-26,company,26,21,2026-02-26|2026-02-27,2026-02-27,-0.0416463721714822,-0.0223999865301723,-1,0,other_nvidia_development
2026-02-26,data,28,24,2026-02-26|2026-02-27,2026-02-27,-0.0416463721714822,-0.0223999865301723,-1,0,ai_infrastructure_spending
2026-02-26,market,45,33,2026-02-26|2026-02-27,2026-02-27,-0.0416463721714822,-0.0223999865301723,-1,0,other_nvidia_development
2026-02-26,nasdaq,54,44,2026-02-26|2026-02-27,2026-02-27,-0.0416463721714822,-0.0223999865301723,-1,0,other_nvidia_development
2026-02-26,nvda,48,46,2026-02-26|2026-02-27,2026-02-27,-0.0416463721714822,-0.0223999865301723,-1,0,other_nvidia_development
2026-02-26,nvidia,285,174,2026-02-26|2026-02-27,2026-02-27,-0.0416463721714822,-0.0223999865301723,-1,0,other_nvidia_development
2026-02-26,stock,67,53,2026-02-26|2026-02-27,2026-02-27,-0.0416463721714822,-0.0223999865301723,-1,0,other_nvidia_development
2026-02-26,stocks,42,32,2026-02-26|2026-02-27,2026-02-27,-0.0416463721714822,-0.0223999865301723,-1,0,other_nvidia_development
2026-02-27,ai,77,42,2026-02-27|2026-02-28,2026-03-02,0.0298548624259453,0.0426832835561932,1,0,other_nvidia_development
2026-02-27,billion,85,30,2026-02-27|2026-02-28,2026-03-02,0.0298548624259453,0.0426832835561932,1,0,other_nvidia_development
2026-02-27,chip,12,7,2026-02-27|2026-02-28,2026-03-02,0.0298548624259453,0.0426832835561932,1,0,partnership_contract
2026-02-27,chips,8,6,2026-02-27,2026-03-02,0.0298548624259453,0.0426832835561932,1,0,competing_accelerators_custom_chips
2026-02-27,company,13,13,2026-02-27,2026-03-02,0.0298548624259453,0.0426832835561932,1,0,other_nvidia_development
2026-02-27,data,17,14,2026-02-27,2026-03-02,0.0298548624259453,0.0426832835561932,1,0,ai_infrastructure_spending
2026-02-27,market,20,13,2026-02-27|2026-02-28,2026-03-02,0.0298548624259453,0.0426832835561932,1,0,other_nvidia_development
2026-02-27,nasdaq,14,9,2026-02-27|2026-02-28,2026-03-02,0.0298548624259453,0.0426832835561932,1,0,other_nvidia_development
2026-02-27,nvda,17,15,2026-02-27|2026-02-28,2026-03-02,0.0298548624259453,0.0426832835561932,1,0,other_nvidia_development
2026-02-27,nvidia,111,78,2026-02-27|2026-02-28,2026-03-02,0.0298548624259453,0.0426832835561932,1,0,other_nvidia_development
2026-02-27,stock,31,22,2026-02-27,2026-03-02,0.0298548624259453,0.0426832835561932,1,0,other_nvidia_development
2026-02-27,stocks,17,15,2026-02-27,2026-03-02,0.0298548624259453,0.0426832835561932,1,0,other_nvidia_development
2026-02-28,ai,26,12,2026-02-28|2026-03-01,2026-03-02,0.0298548624259453,0.0426832835561932,1,0,ai_infrastructure_spending
2026-02-28,billion,4,3,2026-02-28,2026-03-02,0.0298548624259453,0.0426832835561932,1,0,other_nvidia_development
2026-02-28,chips,2,2,2026-02-28,2026-03-02,0.0298548624259453,0.0426832835561932,1,0,other_nvidia_development
2026-02-28,company,3,3,2026-02-28|2026-03-01,2026-03-02,0.0298548624259453,0.0426832835561932,1,0,other_nvidia_development
2026-02-28,data,7,5,2026-02-28|2026-03-01,2026-03-02,0.0298548624259453,0.0426832835561932,1,0,ai_infrastructure_spending
2026-02-28,market,3,3,2026-02-28|2026-03-01,2026-03-02,0.0298548624259453,0.0426832835561932,1,0,other_nvidia_development
2026-02-28,nasdaq,7,5,2026-02-28|2026-03-01,2026-03-02,0.0298548624259453,0.0426832835561932,1,0,other_nvidia_development
2026-02-28,nvda,9,7,2026-02-28|2026-03-01,2026-03-02,0.0298548624259453,0.0426832835561932,1,0,other_nvidia_development
2026-02-28,nvidia,33,23,2026-02-28|2026-03-01,2026-03-02,0.0298548624259453,0.0426832835561932,1,0,other_nvidia_development
2026-02-28,stock,6,6,2026-02-28|2026-03-01,2026-03-02,0.0298548624259453,0.0426832835561932,1,0,other_nvidia_development
2026-02-28,stocks,12,9,2026-02-28|2026-03-01,2026-03-02,0.0298548624259453,0.0426832835561932,1,0,other_nvidia_development
2026-03-01,ai,34,10,2026-03-01|2026-03-02,2026-03-02,0.0298548624259453,0.0426832835561932,1,0,partnership_contract
2026-03-01,billion,6,3,2026-03-01,2026-03-02,0.0298548624259453,0.0426832835561932,1,0,partnership_contract
2026-03-01,chip,4,2,2026-03-01,2026-03-02,0.0298548624259453,0.0426832835561932,1,0,other_nvidia_development
2026-03-01,chips,2,2,2026-03-01|2026-03-02,2026-03-02,0.0298548624259453,0.0426832835561932,1,0,partnership_contract
2026-03-01,company,5,4,2026-03-01|2026-03-02,2026-03-02,0.0298548624259453,0.0426832835561932,1,0,partnership_contract
2026-03-01,data,3,3,2026-03-01|2026-03-02,2026-03-02,0.0298548624259453,0.0426832835561932,1,0,manufacturing_packaging_hbm
2026-03-01,market,3,3,2026-03-01|2026-03-02,2026-03-02,0.0298548624259453,0.0426832835561932,1,0,other_nvidia_development
2026-03-01,nasdaq,4,2,2026-03-01,2026-03-02,0.0298548624259453,0.0426832835561932,1,0,other_nvidia_development
2026-03-01,nvda,7,4,2026-03-01|2026-03-02,2026-03-02,0.0298548624259453,0.0426832835561932,1,0,other_nvidia_development
2026-03-01,nvidia,26,13,2026-03-01|2026-03-02,2026-03-02,0.0298548624259453,0.0426832835561932,1,0,other_nvidia_development
2026-03-01,stock,6,5,2026-03-01,2026-03-02,0.0298548624259453,0.0426832835561932,1,0,other_nvidia_development
2026-03-01,stocks,2,1,2026-03-01,2026-03-02,0.0298548624259453,0.0426832835561932,1,0,other_nvidia_development
2026-03-02,ai,89,47,2026-03-02|2026-03-03,2026-03-03,-0.0133164698279871,0.0087399714862661,-1,0,other_nvidia_development
2026-03-02,billion,20,15,2026-03-02,2026-03-03,-0.0133164698279871,0.0087399714862661,-1,0,ai_infrastructure_spending
2026-03-02,chip,9,8,2026-03-02|2026-03-03,2026-03-03,-0.0133164698279871,0.0087399714862661,-1,0,other_nvidia_development
2026-03-02,chips,2,2,2026-03-02,2026-03-03,-0.0133164698279871,0.0087399714862661,-1,0,ai_infrastructure_spending
2026-03-02,company,12,9,2026-03-02,2026-03-03,-0.0133164698279871,0.0087399714862661,-1,0,other_nvidia_development
2026-03-02,data,11,9,2026-03-02|2026-03-03,2026-03-03,-0.0133164698279871,0.0087399714862661,-1,0,ai_infrastructure_spending
2026-03-02,market,19,11,2026-03-02|2026-03-03,2026-03-03,-0.0133164698279871,0.0087399714862661,-1,0,other_nvidia_development
2026-03-02,nasdaq,8,6,2026-03-02,2026-03-03,-0.0133164698279871,0.0087399714862661,-1,0,other_nvidia_development
2026-03-02,nvda,10,10,2026-03-02|2026-03-03,2026-03-03,-0.0133164698279871,0.0087399714862661,-1,0,other_nvidia_development
2026-03-02,nvidia,109,62,2026-03-02|2026-03-03,2026-03-03,-0.0133164698279871,0.0087399714862661,-1,0,other_nvidia_development
2026-03-02,stock,39,23,2026-03-02|2026-03-03,2026-03-03,-0.0133164698279871,0.0087399714862661,-1,0,other_nvidia_development
2026-03-02,stocks,15,10,2026-03-02,2026-03-03,-0.0133164698279871,0.0087399714862661,-1,0,other_nvidia_development
2026-03-03,ai,79,37,2026-03-03|2026-03-04,2026-03-04,0.0166063976092849,0.0144091709684543,1,0,partnership_contract
2026-03-03,billion,15,9,2026-03-03,2026-03-04,0.0166063976092849,0.0144091709684543,1,0,ai_infrastructure_spending
2026-03-03,chip,15,10,2026-03-03,2026-03-04,0.0166063976092849,0.0144091709684543,1,0,other_nvidia_development
2026-03-03,chips,8,5,2026-03-03,2026-03-04,0.0166063976092849,0.0144091709684543,1,0,ai_infrastructure_spending
2026-03-03,company,17,17,2026-03-03|2026-03-04,2026-03-04,0.0166063976092849,0.0144091709684543,1,0,other_nvidia_development
2026-03-03,data,15,14,2026-03-03|2026-03-04,2026-03-04,0.0166063976092849,0.0144091709684543,1,0,ai_infrastructure_spending
2026-03-03,market,11,7,2026-03-03,2026-03-04,0.0166063976092849,0.0144091709684543,1,0,other_nvidia_development
2026-03-03,nasdaq,13,8,2026-03-03,2026-03-04,0.0166063976092849,0.0144091709684543,1,0,other_nvidia_development
2026-03-03,nvda,14,10,2026-03-03|2026-03-04,2026-03-04,0.0166063976092849,0.0144091709684543,1,0,other_nvidia_development
2026-03-03,nvidia,123,66,2026-03-03|2026-03-04,2026-03-04,0.0166063976092849,0.0144091709684543,1,0,other_nvidia_development
2026-03-03,stock,31,20,2026-03-03,2026-03-04,0.0166063976092849,0.0144091709684543,1,0,other_nvidia_development
2026-03-03,stocks,10,8,2026-03-03,2026-03-04,0.0166063976092849,0.0144091709684543,1,0,other_nvidia_development
2026-03-04,ai,56,25,2026-03-04|2026-03-05,2026-03-05,0.0016389944136319,0.0119776905165156,0,0,ai_infrastructure_spending
2026-03-04,billion,17,8,2026-03-04|2026-03-05,2026-03-05,0.0016389944136319,0.0119776905165156,0,0,ai_infrastructure_spending
2026-03-04,chip,6,5,2026-03-04|2026-03-05,2026-03-05,0.0016389944136319,0.0119776905165156,0,0,ai_infrastructure_spending
2026-03-04,chips,2,1,2026-03-04,2026-03-05,0.0016389944136319,0.0119776905165156,0,0,ai_infrastructure_spending
2026-03-04,company,10,9,2026-03-04|2026-03-05,2026-03-05,0.0016389944136319,0.0119776905165156,0,0,other_nvidia_development
2026-03-04,data,4,4,2026-03-04,2026-03-05,0.0016389944136319,0.0119776905165156,0,0,ai_infrastructure_spending
2026-03-04,market,17,14,2026-03-04,2026-03-05,0.0016389944136319,0.0119776905165156,0,0,other_nvidia_development
2026-03-04,nasdaq,23,14,2026-03-04|2026-03-05,2026-03-05,0.0016389944136319,0.0119776905165156,0,0,other_nvidia_development
2026-03-04,nvda,21,16,2026-03-04|2026-03-05,2026-03-05,0.0016389944136319,0.0119776905165156,0,0,other_nvidia_development
2026-03-04,nvidia,92,54,2026-03-04|2026-03-05,2026-03-05,0.0016389944136319,0.0119776905165156,0,0,other_nvidia_development
2026-03-04,stock,37,23,2026-03-04|2026-03-05,2026-03-05,0.0016389944136319,0.0119776905165156,0,0,other_nvidia_development
2026-03-04,stocks,12,9,2026-03-04|2026-03-05,2026-03-05,0.0016389944136319,0.0119776905165156,0,0,other_nvidia_development
2026-03-05,ai,103,47,2026-03-05|2026-03-06,2026-03-06,-0.0301078164350176,-0.0112321455449577,-1,0,ai_infrastructure_spending
2026-03-05,billion,23,12,2026-03-05|2026-03-06,2026-03-06,-0.0301078164350176,-0.0112321455449577,-1,0,ai_infrastructure_spending
2026-03-05,chip,33,27,2026-03-05|2026-03-06,2026-03-06,-0.0301078164350176,-0.0112321455449577,-1,0,other_nvidia_development
2026-03-05,chips,26,15,2026-03-05|2026-03-06,2026-03-06,-0.0301078164350176,-0.0112321455449577,-1,0,partnership_contract
2026-03-05,company,21,19,2026-03-05|2026-03-06,2026-03-06,-0.0301078164350176,-0.0112321455449577,-1,0,ai_infrastructure_spending
2026-03-05,data,25,16,2026-03-05,2026-03-06,-0.0301078164350176,-0.0112321455449577,-1,0,ai_infrastructure_spending
2026-03-05,market,28,17,2026-03-05|2026-03-06,2026-03-06,-0.0301078164350176,-0.0112321455449577,-1,0,other_nvidia_development
2026-03-05,nasdaq,18,15,2026-03-05|2026-03-06,2026-03-06,-0.0301078164350176,-0.0112321455449577,-1,0,other_nvidia_development
2026-03-05,nvda,15,13,2026-03-05,2026-03-06,-0.0301078164350176,-0.0112321455449577,-1,0,other_nvidia_development
2026-03-05,nvidia,125,74,2026-03-05|2026-03-06,2026-03-06,-0.0301078164350176,-0.0112321455449577,-1,0,other_nvidia_development
2026-03-05,stock,26,23,2026-03-05|2026-03-06,2026-03-06,-0.0301078164350176,-0.0112321455449577,-1,0,other_nvidia_development
2026-03-05,stocks,8,6,2026-03-05,2026-03-06,-0.0301078164350176,-0.0112321455449577,-1,0,other_nvidia_development
2026-03-06,ai,53,30,2026-03-06|2026-03-07,2026-03-09,0.0271622178717809,0.0329129220447002,1,0,other_nvidia_development
2026-03-06,billion,12,5,2026-03-06,2026-03-09,0.0271622178717809,0.0329129220447002,1,0,competing_accelerators_custom_chips
2026-03-06,chip,24,18,2026-03-06,2026-03-09,0.0271622178717809,0.0329129220447002,1,0,other_nvidia_development
2026-03-06,chips,4,4,2026-03-06|2026-03-07,2026-03-09,0.0271622178717809,0.0329129220447002,1,0,other_nvidia_development
2026-03-06,company,5,5,2026-03-06|2026-03-07,2026-03-09,0.0271622178717809,0.0329129220447002,1,0,other_nvidia_development
2026-03-06,data,17,12,2026-03-06|2026-03-07,2026-03-09,0.0271622178717809,0.0329129220447002,1,0,ai_infrastructure_spending
2026-03-06,market,18,12,2026-03-06,2026-03-09,0.0271622178717809,0.0329129220447002,1,0,other_nvidia_development
2026-03-06,nasdaq,13,7,2026-03-06,2026-03-09,0.0271622178717809,0.0329129220447002,1,0,other_nvidia_development
2026-03-06,nvda,19,15,2026-03-06|2026-03-07,2026-03-09,0.0271622178717809,0.0329129220447002,1,0,other_nvidia_development
2026-03-06,nvidia,79,43,2026-03-06|2026-03-07,2026-03-09,0.0271622178717809,0.0329129220447002,1,0,other_nvidia_development
2026-03-06,stock,24,16,2026-03-06|2026-03-07,2026-03-09,0.0271622178717809,0.0329129220447002,1,0,other_nvidia_development
2026-03-06,stocks,11,8,2026-03-06,2026-03-09,0.0271622178717809,0.0329129220447002,1,0,other_nvidia_development
2026-03-07,ai,44,16,2026-03-07|2026-03-08,2026-03-09,0.0271622178717809,0.0329129220447002,1,0,partnership_contract
2026-03-07,billion,1,1,2026-03-07,2026-03-09,0.0271622178717809,0.0329129220447002,1,0,ai_infrastructure_spending
2026-03-07,chip,3,2,2026-03-07,2026-03-09,0.0271622178717809,0.0329129220447002,1,0,ai_infrastructure_spending
2026-03-07,chips,7,3,2026-03-07,2026-03-09,0.0271622178717809,0.0329129220447002,1,0,partnership_contract
2026-03-07,company,8,7,2026-03-07|2026-03-08,2026-03-09,0.0271622178717809,0.0329129220447002,1,0,partnership_contract
2026-03-07,data,9,7,2026-03-07|2026-03-08,2026-03-09,0.0271622178717809,0.0329129220447002,1,0,ai_infrastructure_spending
2026-03-07,market,4,2,2026-03-07,2026-03-09,0.0271622178717809,0.0329129220447002,1,0,other_nvidia_development
2026-03-07,nasdaq,1,1,2026-03-07,2026-03-09,0.0271622178717809,0.0329129220447002,1,0,other_nvidia_development
2026-03-07,nvda,5,5,2026-03-07|2026-03-08,2026-03-09,0.0271622178717809,0.0329129220447002,1,0,other_nvidia_development
2026-03-07,nvidia,35,19,2026-03-07|2026-03-08,2026-03-09,0.0271622178717809,0.0329129220447002,1,0,other_nvidia_development
2026-03-07,stock,6,4,2026-03-07,2026-03-09,0.0271622178717809,0.0329129220447002,1,0,other_nvidia_development
2026-03-07,stocks,3,2,2026-03-07|2026-03-08,2026-03-09,0.0271622178717809,0.0329129220447002,1,0,other_nvidia_development
2026-03-08,ai,43,18,2026-03-08|2026-03-09,2026-03-09,0.0271622178717809,0.0329129220447002,1,0,ai_infrastructure_spending
2026-03-08,billion,2,2,2026-03-08,2026-03-09,0.0271622178717809,0.0329129220447002,1,0,ai_infrastructure_spending
2026-03-08,chip,11,6,2026-03-08|2026-03-09,2026-03-09,0.0271622178717809,0.0329129220447002,1,0,other_nvidia_development
2026-03-08,chips,7,5,2026-03-08|2026-03-09,2026-03-09,0.0271622178717809,0.0329129220447002,1,0,other_nvidia_development
2026-03-08,company,9,6,2026-03-08|2026-03-09,2026-03-09,0.0271622178717809,0.0329129220447002,1,0,ai_infrastructure_spending
2026-03-08,data,10,5,2026-03-08|2026-03-09,2026-03-09,0.0271622178717809,0.0329129220447002,1,0,ai_infrastructure_spending
2026-03-08,market,5,5,2026-03-08|2026-03-09,2026-03-09,0.0271622178717809,0.0329129220447002,1,0,other_nvidia_development
2026-03-08,nasdaq,7,3,2026-03-08|2026-03-09,2026-03-09,0.0271622178717809,0.0329129220447002,1,0,other_nvidia_development
2026-03-08,nvda,9,6,2026-03-08|2026-03-09,2026-03-09,0.0271622178717809,0.0329129220447002,1,0,other_nvidia_development
2026-03-08,nvidia,41,23,2026-03-08|2026-03-09,2026-03-09,0.0271622178717809,0.0329129220447002,1,0,other_nvidia_development
2026-03-08,stock,12,9,2026-03-08|2026-03-09,2026-03-09,0.0271622178717809,0.0329129220447002,1,0,other_nvidia_development
2026-03-08,stocks,6,5,2026-03-08|2026-03-09,2026-03-09,0.0271622178717809,0.0329129220447002,1,0,other_nvidia_development
2026-03-09,ai,81,40,2026-03-09|2026-03-10,2026-03-10,0.011606900768585,0.012993478373259,1,0,ai_infrastructure_spending
2026-03-09,billion,17,10,2026-03-09|2026-03-10,2026-03-10,0.011606900768585,0.012993478373259,1,0,ai_infrastructure_spending
2026-03-09,chip,9,8,2026-03-09,2026-03-10,0.011606900768585,0.012993478373259,1,0,other_nvidia_development
2026-03-09,chips,5,5,2026-03-09,2026-03-10,0.011606900768585,0.012993478373259,1,0,other_nvidia_development
2026-03-09,company,15,12,2026-03-09|2026-03-10,2026-03-10,0.011606900768585,0.012993478373259,1,0,other_nvidia_development
2026-03-09,data,13,11,2026-03-09,2026-03-10,0.011606900768585,0.012993478373259,1,0,ai_infrastructure_spending
2026-03-09,market,21,13,2026-03-09,2026-03-10,0.011606900768585,0.012993478373259,1,0,other_nvidia_development
2026-03-09,nasdaq,7,6,2026-03-09,2026-03-10,0.011606900768585,0.012993478373259,1,0,other_nvidia_development
2026-03-09,nvda,12,12,2026-03-09,2026-03-10,0.011606900768585,0.012993478373259,1,0,other_nvidia_development
2026-03-09,nvidia,99,68,2026-03-09|2026-03-10,2026-03-10,0.011606900768585,0.012993478373259,1,0,other_nvidia_development
2026-03-09,stock,39,26,2026-03-09|2026-03-10,2026-03-10,0.011606900768585,0.012993478373259,1,0,other_nvidia_development
2026-03-09,stocks,19,13,2026-03-09,2026-03-10,0.011606900768585,0.012993478373259,1,0,other_nvidia_development
2026-03-10,ai,91,44,2026-03-10,2026-03-11,0.006873706730786,0.0006454473391632,0,0,other_nvidia_development
2026-03-10,billion,14,10,2026-03-10,2026-03-11,0.006873706730786,0.0006454473391632,0,0,ai_infrastructure_spending
2026-03-10,chip,6,6,2026-03-10,2026-03-11,0.006873706730786,0.0006454473391632,0,0,other_nvidia_development
2026-03-10,chips,4,4,2026-03-10,2026-03-11,0.006873706730786,0.0006454473391632,0,0,partnership_contract
2026-03-10,company,14,10,2026-03-10,2026-03-11,0.006873706730786,0.0006454473391632,0,0,partnership_contract
2026-03-10,data,8,6,2026-03-10,2026-03-11,0.006873706730786,0.0006454473391632,0,0,ai_infrastructure_spending
2026-03-10,market,9,5,2026-03-10,2026-03-11,0.006873706730786,0.0006454473391632,0,0,partnership_contract
2026-03-10,nasdaq,17,8,2026-03-10,2026-03-11,0.006873706730786,0.0006454473391632,0,0,other_nvidia_development
2026-03-10,nvda,10,8,2026-03-10,2026-03-11,0.006873706730786,0.0006454473391632,0,0,other_nvidia_development
2026-03-10,nvidia,87,52,2026-03-10|2026-03-11,2026-03-11,0.006873706730786,0.0006454473391632,0,0,other_nvidia_development
2026-03-10,stock,26,18,2026-03-10|2026-03-11,2026-03-11,0.006873706730786,0.0006454473391632,0,0,other_nvidia_development
2026-03-10,stocks,10,9,2026-03-10,2026-03-11,0.006873706730786,0.0006454473391632,0,0,other_nvidia_development
2026-03-11,ai,107,53,2026-03-11|2026-03-12,2026-03-12,-0.0155351205185065,-0.0049443284271691,-1,0,other_nvidia_development
2026-03-11,billion,37,24,2026-03-11|2026-03-12,2026-03-12,-0.0155351205185065,-0.0049443284271691,-1,0,other_nvidia_development
2026-03-11,chip,7,6,2026-03-11,2026-03-12,-0.0155351205185065,-0.0049443284271691,-1,0,other_nvidia_development
2026-03-11,chips,27,13,2026-03-11,2026-03-12,-0.0155351205185065,-0.0049443284271691,-1,0,other_nvidia_development
2026-03-11,company,24,17,2026-03-11|2026-03-12,2026-03-12,-0.0155351205185065,-0.0049443284271691,-1,0,other_nvidia_development
2026-03-11,data,25,15,2026-03-11|2026-03-12,2026-03-12,-0.0155351205185065,-0.0049443284271691,-1,0,ai_infrastructure_spending
2026-03-11,market,19,12,2026-03-11,2026-03-12,-0.0155351205185065,-0.0049443284271691,-1,0,ai_infrastructure_spending
2026-03-11,nasdaq,16,12,2026-03-11|2026-03-12,2026-03-12,-0.0155351205185065,-0.0049443284271691,-1,0,partnership_contract
2026-03-11,nvda,13,12,2026-03-11|2026-03-12,2026-03-12,-0.0155351205185065,-0.0049443284271691,-1,0,other_nvidia_development
2026-03-11,nvidia,132,72,2026-03-11|2026-03-12,2026-03-12,-0.0155351205185065,-0.0049443284271691,-1,0,other_nvidia_development
2026-03-11,stock,24,19,2026-03-11,2026-03-12,-0.0155351205185065,-0.0049443284271691,-1,0,other_nvidia_development
2026-03-11,stocks,16,11,2026-03-11|2026-03-12,2026-03-12,-0.0155351205185065,-0.0049443284271691,-1,0,other_nvidia_development
2026-03-12,ai,75,38,2026-03-12|2026-03-13,2026-03-13,-0.0157801853895789,-0.0252541543109834,-1,0,other_nvidia_development
2026-03-12,billion,13,11,2026-03-12|2026-03-13,2026-03-13,-0.0157801853895789,-0.0252541543109834,-1,0,other_nvidia_development
2026-03-12,chip,8,6,2026-03-12,2026-03-13,-0.0157801853895789,-0.0252541543109834,-1,0,other_nvidia_development
2026-03-12,chips,9,5,2026-03-12|2026-03-13,2026-03-13,-0.0157801853895789,-0.0252541543109834,-1,0,product_announcement
2026-03-12,company,8,8,2026-03-12|2026-03-13,2026-03-13,-0.0157801853895789,-0.0252541543109834,-1,0,other_nvidia_development
2026-03-12,data,7,5,2026-03-12|2026-03-13,2026-03-13,-0.0157801853895789,-0.0252541543109834,-1,0,partnership_contract
2026-03-12,market,6,5,2026-03-12,2026-03-13,-0.0157801853895789,-0.0252541543109834,-1,0,other_nvidia_development
2026-03-12,nasdaq,8,7,2026-03-12,2026-03-13,-0.0157801853895789,-0.0252541543109834,-1,0,other_nvidia_development
2026-03-12,nvda,13,10,2026-03-12,2026-03-13,-0.0157801853895789,-0.0252541543109834,-1,0,other_nvidia_development
2026-03-12,nvidia,84,51,2026-03-12|2026-03-13,2026-03-13,-0.0157801853895789,-0.0252541543109834,-1,0,other_nvidia_development
2026-03-12,stock,30,23,2026-03-12,2026-03-13,-0.0157801853895789,-0.0252541543109834,-1,0,other_nvidia_development
2026-03-12,stocks,5,5,2026-03-12,2026-03-13,-0.0157801853895789,-0.0252541543109834,-1,0,other_nvidia_development
2026-03-13,ai,87,39,2026-03-13|2026-03-14,2026-03-16,0.0164770266228571,0.0013663442003175,1,0,ai_infrastructure_spending
2026-03-13,billion,11,6,2026-03-13|2026-03-14,2026-03-16,0.0164770266228571,0.0013663442003175,1,0,partnership_contract
2026-03-13,chip,13,10,2026-03-13,2026-03-16,0.0164770266228571,0.0013663442003175,1,0,other_nvidia_development
2026-03-13,chips,17,10,2026-03-13,2026-03-16,0.0164770266228571,0.0013663442003175,1,0,product_announcement
2026-03-13,company,11,11,2026-03-13|2026-03-14,2026-03-16,0.0164770266228571,0.0013663442003175,1,0,other_nvidia_development
2026-03-13,data,14,9,2026-03-13|2026-03-14,2026-03-16,0.0164770266228571,0.0013663442003175,1,0,ai_infrastructure_spending
2026-03-13,market,11,7,2026-03-13,2026-03-16,0.0164770266228571,0.0013663442003175,1,0,other_nvidia_development
2026-03-13,nasdaq,13,10,2026-03-13|2026-03-14,2026-03-16,0.0164770266228571,0.0013663442003175,1,0,other_nvidia_development
2026-03-13,nvda,10,7,2026-03-13,2026-03-16,0.0164770266228571,0.0013663442003175,1,0,other_nvidia_development
2026-03-13,nvidia,90,50,2026-03-13|2026-03-14,2026-03-16,0.0164770266228571,0.0013663442003175,1,0,other_nvidia_development
2026-03-13,stock,21,19,2026-03-13,2026-03-16,0.0164770266228571,0.0013663442003175,1,0,other_nvidia_development
2026-03-13,stocks,11,10,2026-03-13|2026-03-14,2026-03-16,0.0164770266228571,0.0013663442003175,1,0,other_nvidia_development
2026-03-14,ai,39,16,2026-03-14|2026-03-15,2026-03-16,0.0164770266228571,0.0013663442003175,1,0,other_nvidia_development
2026-03-14,billion,6,2,2026-03-14,2026-03-16,0.0164770266228571,0.0013663442003175,1,0,other_nvidia_development
2026-03-14,chip,2,2,2026-03-14|2026-03-15,2026-03-16,0.0164770266228571,0.0013663442003175,1,0,competing_accelerators_custom_chips
2026-03-14,chips,4,4,2026-03-14|2026-03-15,2026-03-16,0.0164770266228571,0.0013663442003175,1,0,competing_accelerators_custom_chips
2026-03-14,company,6,6,2026-03-14|2026-03-15,2026-03-16,0.0164770266228571,0.0013663442003175,1,0,other_nvidia_development
2026-03-14,data,7,5,2026-03-14|2026-03-15,2026-03-16,0.0164770266228571,0.0013663442003175,1,0,ai_infrastructure_spending
2026-03-14,market,10,7,2026-03-14|2026-03-15,2026-03-16,0.0164770266228571,0.0013663442003175,1,0,other_nvidia_development
2026-03-14,nasdaq,5,5,2026-03-14,2026-03-16,0.0164770266228571,0.0013663442003175,1,0,other_nvidia_development
2026-03-14,nvda,2,2,2026-03-14,2026-03-16,0.0164770266228571,0.0013663442003175,1,0,ai_infrastructure_spending
2026-03-14,nvidia,29,20,2026-03-14|2026-03-15,2026-03-16,0.0164770266228571,0.0013663442003175,1,0,other_nvidia_development
2026-03-14,stock,14,10,2026-03-14|2026-03-15,2026-03-16,0.0164770266228571,0.0013663442003175,1,0,other_nvidia_development
2026-03-14,stocks,4,4,2026-03-14|2026-03-15,2026-03-16,0.0164770266228571,0.0013663442003175,1,0,other_nvidia_development
2026-03-15,ai,49,24,2026-03-15|2026-03-16,2026-03-16,0.0164770266228571,0.0013663442003175,1,0,ai_infrastructure_spending
2026-03-15,billion,8,6,2026-03-15,2026-03-16,0.0164770266228571,0.0013663442003175,1,0,ai_infrastructure_spending
2026-03-15,chip,6,5,2026-03-15|2026-03-16,2026-03-16,0.0164770266228571,0.0013663442003175,1,0,ai_infrastructure_spending
2026-03-15,chips,6,5,2026-03-15,2026-03-16,0.0164770266228571,0.0013663442003175,1,0,product_announcement
2026-03-15,company,9,9,2026-03-15|2026-03-16,2026-03-16,0.0164770266228571,0.0013663442003175,1,0,partnership_contract
2026-03-15,data,11,10,2026-03-15|2026-03-16,2026-03-16,0.0164770266228571,0.0013663442003175,1,0,ai_infrastructure_spending
2026-03-15,market,4,4,2026-03-15,2026-03-16,0.0164770266228571,0.0013663442003175,1,0,other_nvidia_development
2026-03-15,nasdaq,10,6,2026-03-15|2026-03-16,2026-03-16,0.0164770266228571,0.0013663442003175,1,0,product_announcement
2026-03-15,nvda,10,5,2026-03-15|2026-03-16,2026-03-16,0.0164770266228571,0.0013663442003175,1,0,product_announcement
2026-03-15,nvidia,51,26,2026-03-15|2026-03-16,2026-03-16,0.0164770266228571,0.0013663442003175,1,0,other_nvidia_development
2026-03-15,stock,15,14,2026-03-15,2026-03-16,0.0164770266228571,0.0013663442003175,1,0,other_nvidia_development
2026-03-15,stocks,7,6,2026-03-15|2026-03-16,2026-03-16,0.0164770266228571,0.0013663442003175,1,0,other_nvidia_development
2026-03-16,ai,228,95,2026-03-16|2026-03-17,2026-03-17,-0.0070406628580241,-0.0169134600891879,0,0,ai_infrastructure_spending
2026-03-16,billion,14,9,2026-03-16,2026-03-17,-0.0070406628580241,-0.0169134600891879,0,0,ai_infrastructure_spending
2026-03-16,chip,28,25,2026-03-16,2026-03-17,-0.0070406628580241,-0.0169134600891879,0,0,other_nvidia_development
2026-03-16,chips,20,16,2026-03-16|2026-03-17,2026-03-17,-0.0070406628580241,-0.0169134600891879,0,0,other_nvidia_development
2026-03-16,company,36,34,2026-03-16|2026-03-17,2026-03-17,-0.0070406628580241,-0.0169134600891879,0,0,ai_infrastructure_spending
2026-03-16,data,35,21,2026-03-16|2026-03-17,2026-03-17,-0.0070406628580241,-0.0169134600891879,0,0,ai_infrastructure_spending
2026-03-16,market,21,17,2026-03-16,2026-03-17,-0.0070406628580241,-0.0169134600891879,0,0,other_nvidia_development
2026-03-16,nasdaq,15,13,2026-03-16,2026-03-17,-0.0070406628580241,-0.0169134600891879,0,0,other_nvidia_development
2026-03-16,nvda,13,13,2026-03-16|2026-03-17,2026-03-17,-0.0070406628580241,-0.0169134600891879,0,0,other_nvidia_development
2026-03-16,nvidia,271,131,2026-03-16|2026-03-17,2026-03-17,-0.0070406628580241,-0.0169134600891879,0,0,other_nvidia_development
2026-03-16,stock,54,38,2026-03-16,2026-03-17,-0.0070406628580241,-0.0169134600891879,0,0,other_nvidia_development
2026-03-16,stocks,20,10,2026-03-16,2026-03-17,-0.0070406628580241,-0.0169134600891879,0,0,other_nvidia_development
2026-03-17,ai,267,117,2026-03-17|2026-03-18,2026-03-18,-0.0084098773228207,-0.0113985197268431,0,0,ai_infrastructure_spending
2026-03-17,billion,8,7,2026-03-17|2026-03-18,2026-03-18,-0.0084098773228207,-0.0113985197268431,0,0,ai_infrastructure_spending
2026-03-17,chip,30,23,2026-03-17|2026-03-18,2026-03-18,-0.0084098773228207,-0.0113985197268431,0,0,other_nvidia_development
2026-03-17,chips,30,19,2026-03-17|2026-03-18,2026-03-18,-0.0084098773228207,-0.0113985197268431,0,0,product_announcement
2026-03-17,company,37,35,2026-03-17|2026-03-18,2026-03-18,-0.0084098773228207,-0.0113985197268431,0,0,other_nvidia_development
2026-03-17,data,29,19,2026-03-17|2026-03-18,2026-03-18,-0.0084098773228207,-0.0113985197268431,0,0,ai_infrastructure_spending
2026-03-17,market,11,8,2026-03-17|2026-03-18,2026-03-18,-0.0084098773228207,-0.0113985197268431,0,0,other_nvidia_development
2026-03-17,nasdaq,27,24,2026-03-17,2026-03-18,-0.0084098773228207,-0.0113985197268431,0,0,other_nvidia_development
2026-03-17,nvda,40,33,2026-03-17|2026-03-18,2026-03-18,-0.0084098773228207,-0.0113985197268431,0,0,other_nvidia_development
2026-03-17,nvidia,317,165,2026-03-17|2026-03-18,2026-03-18,-0.0084098773228207,-0.0113985197268431,0,0,other_nvidia_development
2026-03-17,stock,49,36,2026-03-17|2026-03-18,2026-03-18,-0.0084098773228207,-0.0113985197268431,0,0,other_nvidia_development
2026-03-17,stocks,18,14,2026-03-17|2026-03-18,2026-03-18,-0.0084098773228207,-0.0113985197268431,0,0,other_nvidia_development
2026-03-18,ai,166,80,2026-03-18|2026-03-19,2026-03-19,-0.0101996213545713,0.0030897313000968,-1,0,other_nvidia_development
2026-03-18,billion,9,6,2026-03-18,2026-03-19,-0.0101996213545713,0.0030897313000968,-1,0,ai_infrastructure_spending
2026-03-18,chip,24,16,2026-03-18|2026-03-19,2026-03-19,-0.0101996213545713,0.0030897313000968,-1,0,other_nvidia_development
2026-03-18,chips,20,16,2026-03-18|2026-03-19,2026-03-19,-0.0101996213545713,0.0030897313000968,-1,0,other_nvidia_development
2026-03-18,company,24,21,2026-03-18|2026-03-19,2026-03-19,-0.0101996213545713,0.0030897313000968,-1,0,other_nvidia_development
2026-03-18,data,16,12,2026-03-18|2026-03-19,2026-03-19,-0.0101996213545713,0.0030897313000968,-1,0,ai_infrastructure_spending
2026-03-18,market,10,9,2026-03-18,2026-03-19,-0.0101996213545713,0.0030897313000968,-1,0,other_nvidia_development
2026-03-18,nasdaq,30,22,2026-03-18,2026-03-19,-0.0101996213545713,0.0030897313000968,-1,0,ai_infrastructure_spending
2026-03-18,nvda,37,30,2026-03-18|2026-03-19,2026-03-19,-0.0101996213545713,0.0030897313000968,-1,0,other_nvidia_development
2026-03-18,nvidia,205,107,2026-03-18|2026-03-19,2026-03-19,-0.0101996213545713,0.0030897313000968,-1,0,other_nvidia_development
2026-03-18,stock,46,31,2026-03-18,2026-03-19,-0.0101996213545713,0.0030897313000968,-1,0,other_nvidia_development
2026-03-18,stocks,22,16,2026-03-18|2026-03-19,2026-03-19,-0.0101996213545713,0.0030897313000968,-1,0,other_nvidia_development
2026-03-19,ai,107,48,2026-03-19|2026-03-20,2026-03-20,-0.0328180056905875,-0.0297752980435832,-1,0,other_nvidia_development
2026-03-19,billion,8,5,2026-03-19,2026-03-20,-0.0328180056905875,-0.0297752980435832,-1,0,ai_infrastructure_spending
2026-03-19,chip,8,7,2026-03-19,2026-03-20,-0.0328180056905875,-0.0297752980435832,-1,0,ai_infrastructure_spending
2026-03-19,chips,17,13,2026-03-19,2026-03-20,-0.0328180056905875,-0.0297752980435832,-1,0,other_nvidia_development
2026-03-19,company,28,24,2026-03-19|2026-03-20,2026-03-20,-0.0328180056905875,-0.0297752980435832,-1,0,other_nvidia_development
2026-03-19,data,18,8,2026-03-19|2026-03-20,2026-03-20,-0.0328180056905875,-0.0297752980435832,-1,0,ai_infrastructure_spending
2026-03-19,market,9,8,2026-03-19|2026-03-20,2026-03-20,-0.0328180056905875,-0.0297752980435832,-1,0,other_nvidia_development
2026-03-19,nasdaq,14,11,2026-03-19,2026-03-20,-0.0328180056905875,-0.0297752980435832,-1,0,other_nvidia_development
2026-03-19,nvda,8,6,2026-03-19,2026-03-20,-0.0328180056905875,-0.0297752980435832,-1,0,other_nvidia_development
2026-03-19,nvidia,120,67,2026-03-19|2026-03-20,2026-03-20,-0.0328180056905875,-0.0297752980435832,-1,0,other_nvidia_development
2026-03-19,stock,34,25,2026-03-19,2026-03-20,-0.0328180056905875,-0.0297752980435832,-1,0,other_nvidia_development
2026-03-19,stocks,8,7,2026-03-19,2026-03-20,-0.0328180056905875,-0.0297752980435832,-1,0,other_nvidia_development
2026-03-20,ai,79,37,2026-03-20|2026-03-21,2026-03-23,0.0170237019068644,-0.0091390904174095,1,0,other_nvidia_development
2026-03-20,billion,15,9,2026-03-20|2026-03-21,2026-03-23,0.0170237019068644,-0.0091390904174095,1,0,other_nvidia_development
2026-03-20,chip,12,11,2026-03-20|2026-03-21,2026-03-23,0.0170237019068644,-0.0091390904174095,1,0,partnership_contract
2026-03-20,chips,22,16,2026-03-20|2026-03-21,2026-03-23,0.0170237019068644,-0.0091390904174095,1,0,export_controls_market_access
2026-03-20,company,19,13,2026-03-20|2026-03-21,2026-03-23,0.0170237019068644,-0.0091390904174095,1,0,other_nvidia_development
2026-03-20,data,3,3,2026-03-20,2026-03-23,0.0170237019068644,-0.0091390904174095,1,0,ai_infrastructure_spending
2026-03-20,market,15,10,2026-03-20|2026-03-21,2026-03-23,0.0170237019068644,-0.0091390904174095,1,0,other_nvidia_development
2026-03-20,nasdaq,19,10,2026-03-20,2026-03-23,0.0170237019068644,-0.0091390904174095,1,0,other_nvidia_development
2026-03-20,nvda,18,15,2026-03-20,2026-03-23,0.0170237019068644,-0.0091390904174095,1,0,other_nvidia_development
2026-03-20,nvidia,93,56,2026-03-20|2026-03-21,2026-03-23,0.0170237019068644,-0.0091390904174095,1,0,other_nvidia_development
2026-03-20,stock,38,23,2026-03-20|2026-03-21,2026-03-23,0.0170237019068644,-0.0091390904174095,1,0,other_nvidia_development
2026-03-20,stocks,12,9,2026-03-20,2026-03-23,0.0170237019068644,-0.0091390904174095,1,0,other_nvidia_development
2026-03-21,ai,56,23,2026-03-21|2026-03-22,2026-03-23,0.0170237019068644,-0.0091390904174095,1,0,partnership_contract
2026-03-21,billion,1,1,2026-03-21,2026-03-23,0.0170237019068644,-0.0091390904174095,1,0,other_nvidia_development
2026-03-21,chips,4,4,2026-03-21,2026-03-23,0.0170237019068644,-0.0091390904174095,1,0,other_nvidia_development
2026-03-21,company,10,9,2026-03-21,2026-03-23,0.0170237019068644,-0.0091390904174095,1,0,product_announcement
2026-03-21,data,3,3,2026-03-21|2026-03-22,2026-03-23,0.0170237019068644,-0.0091390904174095,1,0,partnership_contract
2026-03-21,nasdaq,12,8,2026-03-21,2026-03-23,0.0170237019068644,-0.0091390904174095,1,0,product_announcement
2026-03-21,nvda,16,9,2026-03-21,2026-03-23,0.0170237019068644,-0.0091390904174095,1,0,other_nvidia_development
2026-03-21,nvidia,62,29,2026-03-21|2026-03-22,2026-03-23,0.0170237019068644,-0.0091390904174095,1,0,other_nvidia_development
2026-03-21,stock,12,8,2026-03-21|2026-03-22,2026-03-23,0.0170237019068644,-0.0091390904174095,1,0,other_nvidia_development
2026-03-21,stocks,9,6,2026-03-21,2026-03-23,0.0170237019068644,-0.0091390904174095,1,0,other_nvidia_development
2026-03-22,ai,32,15,2026-03-22|2026-03-23,2026-03-23,0.0170237019068644,-0.0091390904174095,1,0,partnership_contract
2026-03-22,billion,1,1,2026-03-22,2026-03-23,0.0170237019068644,-0.0091390904174095,1,0,other_nvidia_development
2026-03-22,chip,5,5,2026-03-22,2026-03-23,0.0170237019068644,-0.0091390904174095,1,0,other_nvidia_development
2026-03-22,chips,5,3,2026-03-22|2026-03-23,2026-03-23,0.0170237019068644,-0.0091390904174095,1,0,other_nvidia_development
2026-03-22,company,1,1,2026-03-22,2026-03-23,0.0170237019068644,-0.0091390904174095,1,0,other_nvidia_development
2026-03-22,data,5,4,2026-03-22,2026-03-23,0.0170237019068644,-0.0091390904174095,1,0,ai_infrastructure_spending
2026-03-22,nasdaq,2,1,2026-03-22,2026-03-23,0.0170237019068644,-0.0091390904174095,1,0,other_nvidia_development
2026-03-22,nvda,10,7,2026-03-22|2026-03-23,2026-03-23,0.0170237019068644,-0.0091390904174095,1,0,other_nvidia_development
2026-03-22,nvidia,31,20,2026-03-22|2026-03-23,2026-03-23,0.0170237019068644,-0.0091390904174095,1,0,other_nvidia_development
2026-03-22,stock,10,7,2026-03-22|2026-03-23,2026-03-23,0.0170237019068644,-0.0091390904174095,1,0,other_nvidia_development
2026-03-22,stocks,4,4,2026-03-22,2026-03-23,0.0170237019068644,-0.0091390904174095,1,0,other_nvidia_development
2026-03-23,ai,75,29,2026-03-23|2026-03-24,2026-03-24,-0.0025051173356209,0.0021163136378905,0,0,other_nvidia_development
2026-03-23,billion,2,2,2026-03-23,2026-03-24,-0.0025051173356209,0.0021163136378905,0,0,export_controls_market_access
2026-03-23,chip,11,10,2026-03-23|2026-03-24,2026-03-24,-0.0025051173356209,0.0021163136378905,0,0,other_nvidia_development
2026-03-23,chips,5,5,2026-03-23,2026-03-24,-0.0025051173356209,0.0021163136378905,0,0,competing_accelerators_custom_chips
2026-03-23,company,9,7,2026-03-23|2026-03-24,2026-03-24,-0.0025051173356209,0.0021163136378905,0,0,ai_infrastructure_spending
2026-03-23,data,11,9,2026-03-23,2026-03-24,-0.0025051173356209,0.0021163136378905,0,0,partnership_contract
2026-03-23,market,14,10,2026-03-23|2026-03-24,2026-03-24,-0.0025051173356209,0.0021163136378905,0,0,other_nvidia_development
2026-03-23,nasdaq,7,6,2026-03-23,2026-03-24,-0.0025051173356209,0.0021163136378905,0,0,other_nvidia_development
2026-03-23,nvda,15,11,2026-03-23,2026-03-24,-0.0025051173356209,0.0021163136378905,0,0,other_nvidia_development
2026-03-23,nvidia,89,49,2026-03-23|2026-03-24,2026-03-24,-0.0025051173356209,0.0021163136378905,0,0,other_nvidia_development
2026-03-23,stock,35,21,2026-03-23,2026-03-24,-0.0025051173356209,0.0021163136378905,0,0,other_nvidia_development
2026-03-23,stocks,4,3,2026-03-23,2026-03-24,-0.0025051173356209,0.0021163136378905,0,0,other_nvidia_development
2026-03-24,ai,75,38,2026-03-24|2026-03-25,2026-03-25,0.0198629994687371,0.008921437141804,1,0,other_nvidia_development
2026-03-24,billion,10,6,2026-03-24,2026-03-25,0.0198629994687371,0.008921437141804,1,0,partnership_contract
2026-03-24,chip,9,8,2026-03-24,2026-03-25,0.0198629994687371,0.008921437141804,1,0,other_nvidia_development
2026-03-24,chips,7,7,2026-03-24,2026-03-25,0.0198629994687371,0.008921437141804,1,0,other_nvidia_development
2026-03-24,company,41,20,2026-03-24|2026-03-25,2026-03-25,0.0198629994687371,0.008921437141804,1,0,other_nvidia_development
2026-03-24,data,4,3,2026-03-24,2026-03-25,0.0198629994687371,0.008921437141804,1,0,ai_infrastructure_spending
2026-03-24,market,6,5,2026-03-24,2026-03-25,0.0198629994687371,0.008921437141804,1,0,other_nvidia_development
2026-03-24,nasdaq,12,9,2026-03-24,2026-03-25,0.0198629994687371,0.008921437141804,1,0,other_nvidia_development
2026-03-24,nvda,12,9,2026-03-24,2026-03-25,0.0198629994687371,0.008921437141804,1,0,other_nvidia_development
2026-03-24,nvidia,91,65,2026-03-24|2026-03-25,2026-03-25,0.0198629994687371,0.008921437141804,1,0,other_nvidia_development
2026-03-24,stock,27,20,2026-03-24,2026-03-25,0.0198629994687371,0.008921437141804,1,0,other_nvidia_development
2026-03-24,stocks,6,4,2026-03-24,2026-03-25,0.0198629994687371,0.008921437141804,1,0,other_nvidia_development
2026-03-25,ai,99,45,2026-03-25|2026-03-26,2026-03-26,-0.0416386101592988,-0.0274322805141971,-1,0,partnership_contract
2026-03-25,billion,8,4,2026-03-25|2026-03-26,2026-03-26,-0.0416386101592988,-0.0274322805141971,-1,0,other_nvidia_development
2026-03-25,chip,28,15,2026-03-25,2026-03-26,-0.0416386101592988,-0.0274322805141971,-1,0,ai_infrastructure_spending
2026-03-25,chips,7,7,2026-03-25,2026-03-26,-0.0416386101592988,-0.0274322805141971,-1,0,product_announcement
2026-03-25,company,21,14,2026-03-25|2026-03-26,2026-03-26,-0.0416386101592988,-0.0274322805141971,-1,0,other_nvidia_development
2026-03-25,data,19,13,2026-03-25|2026-03-26,2026-03-26,-0.0416386101592988,-0.0274322805141971,-1,0,ai_infrastructure_spending
2026-03-25,market,9,8,2026-03-25|2026-03-26,2026-03-26,-0.0416386101592988,-0.0274322805141971,-1,0,other_nvidia_development
2026-03-25,nasdaq,11,8,2026-03-25,2026-03-26,-0.0416386101592988,-0.0274322805141971,-1,0,other_nvidia_development
2026-03-25,nvda,12,12,2026-03-25|2026-03-26,2026-03-26,-0.0416386101592988,-0.0274322805141971,-1,0,other_nvidia_development
2026-03-25,nvidia,104,60,2026-03-25|2026-03-26,2026-03-26,-0.0416386101592988,-0.0274322805141971,-1,0,other_nvidia_development
2026-03-25,stock,25,19,2026-03-25,2026-03-26,-0.0416386101592988,-0.0274322805141971,-1,0,other_nvidia_development
2026-03-25,stocks,8,6,2026-03-25,2026-03-26,-0.0416386101592988,-0.0274322805141971,-1,0,partnership_contract
2026-03-26,ai,78,37,2026-03-26|2026-03-27,2026-03-27,-0.0217239009173342,-0.0145882101619945,-1,0,other_nvidia_development
2026-03-26,billion,13,10,2026-03-26,2026-03-27,-0.0217239009173342,-0.0145882101619945,-1,0,other_nvidia_development
2026-03-26,chip,5,5,2026-03-26,2026-03-27,-0.0217239009173342,-0.0145882101619945,-1,0,partnership_contract
2026-03-26,chips,3,3,2026-03-26|2026-03-27,2026-03-27,-0.0217239009173342,-0.0145882101619945,-1,0,partnership_contract
2026-03-26,company,5,5,2026-03-26,2026-03-27,-0.0217239009173342,-0.0145882101619945,-1,0,other_nvidia_development
2026-03-26,data,5,5,2026-03-26,2026-03-27,-0.0217239009173342,-0.0145882101619945,-1,0,competing_accelerators_custom_chips
2026-03-26,market,6,5,2026-03-26,2026-03-27,-0.0217239009173342,-0.0145882101619945,-1,0,other_nvidia_development
2026-03-26,nasdaq,8,5,2026-03-26,2026-03-27,-0.0217239009173342,-0.0145882101619945,-1,0,other_nvidia_development
2026-03-26,nvda,10,9,2026-03-26,2026-03-27,-0.0217239009173342,-0.0145882101619945,-1,0,other_nvidia_development
2026-03-26,nvidia,86,55,2026-03-26|2026-03-27,2026-03-27,-0.0217239009173342,-0.0145882101619945,-1,0,other_nvidia_development
2026-03-26,stock,31,22,2026-03-26|2026-03-27,2026-03-27,-0.0217239009173342,-0.0145882101619945,-1,0,other_nvidia_development
2026-03-26,stocks,12,8,2026-03-26,2026-03-27,-0.0217239009173342,-0.0145882101619945,-1,0,other_nvidia_development
2026-03-27,ai,49,29,2026-03-27|2026-03-28,2026-03-30,-0.0140282322979372,-0.021388793911962,-1,0,other_nvidia_development
2026-03-27,billion,2,2,2026-03-27,2026-03-30,-0.0140282322979372,-0.021388793911962,-1,0,regulatory_action
2026-03-27,chip,21,13,2026-03-27|2026-03-28,2026-03-30,-0.0140282322979372,-0.021388793911962,-1,0,other_nvidia_development
2026-03-27,chips,7,7,2026-03-27|2026-03-28,2026-03-30,-0.0140282322979372,-0.021388793911962,-1,0,other_nvidia_development
2026-03-27,company,5,4,2026-03-27|2026-03-28,2026-03-30,-0.0140282322979372,-0.021388793911962,-1,0,other_nvidia_development
2026-03-27,data,5,5,2026-03-27|2026-03-28,2026-03-30,-0.0140282322979372,-0.021388793911962,-1,0,ai_infrastructure_spending
2026-03-27,market,6,5,2026-03-27,2026-03-30,-0.0140282322979372,-0.021388793911962,-1,0,other_nvidia_development
2026-03-27,nasdaq,2,1,2026-03-27,2026-03-30,-0.0140282322979372,-0.021388793911962,-1,0,other_nvidia_development
2026-03-27,nvda,10,8,2026-03-27,2026-03-30,-0.0140282322979372,-0.021388793911962,-1,0,other_nvidia_development
2026-03-27,nvidia,47,32,2026-03-27|2026-03-28,2026-03-30,-0.0140282322979372,-0.021388793911962,-1,0,other_nvidia_development
2026-03-27,stock,20,15,2026-03-27,2026-03-30,-0.0140282322979372,-0.021388793911962,-1,0,other_nvidia_development
2026-03-27,stocks,9,6,2026-03-27|2026-03-28,2026-03-30,-0.0140282322979372,-0.021388793911962,-1,0,other_nvidia_development
2026-03-28,ai,27,8,2026-03-28|2026-03-29,2026-03-30,-0.0140282322979372,-0.021388793911962,-1,0,product_announcement
2026-03-28,chip,3,2,2026-03-28|2026-03-29,2026-03-30,-0.0140282322979372,-0.021388793911962,-1,0,partnership_contract
2026-03-28,chips,3,2,2026-03-28|2026-03-29,2026-03-30,-0.0140282322979372,-0.021388793911962,-1,0,partnership_contract
2026-03-28,company,3,3,2026-03-28|2026-03-29,2026-03-30,-0.0140282322979372,-0.021388793911962,-1,0,product_announcement
2026-03-28,data,1,1,2026-03-29,2026-03-30,-0.0140282322979372,-0.021388793911962,-1,0,partnership_contract
2026-03-28,market,1,1,2026-03-28,2026-03-30,-0.0140282322979372,-0.021388793911962,-1,0,ai_infrastructure_spending
2026-03-28,nasdaq,5,3,2026-03-28,2026-03-30,-0.0140282322979372,-0.021388793911962,-1,0,other_nvidia_development
2026-03-28,nvda,9,5,2026-03-28,2026-03-30,-0.0140282322979372,-0.021388793911962,-1,0,other_nvidia_development
2026-03-28,nvidia,26,12,2026-03-28|2026-03-29,2026-03-30,-0.0140282322979372,-0.021388793911962,-1,0,other_nvidia_development
2026-03-28,stock,3,3,2026-03-28,2026-03-30,-0.0140282322979372,-0.021388793911962,-1,0,other_nvidia_development
2026-03-28,stocks,1,1,2026-03-28,2026-03-30,-0.0140282322979372,-0.021388793911962,-1,0,other_nvidia_development
2026-03-29,ai,32,16,2026-03-29|2026-03-30,2026-03-30,-0.0140282322979372,-0.021388793911962,-1,0,other_nvidia_development
2026-03-29,billion,4,2,2026-03-29,2026-03-30,-0.0140282322979372,-0.021388793911962,-1,0,other_nvidia_development
2026-03-29,chip,2,1,2026-03-29,2026-03-30,-0.0140282322979372,-0.021388793911962,-1,0,competing_accelerators_custom_chips
2026-03-29,chips,1,1,2026-03-29,2026-03-30,-0.0140282322979372,-0.021388793911962,-1,0,competing_accelerators_custom_chips
2026-03-29,company,2,2,2026-03-29,2026-03-30,-0.0140282322979372,-0.021388793911962,-1,0,ai_infrastructure_spending
2026-03-29,data,12,7,2026-03-29|2026-03-30,2026-03-30,-0.0140282322979372,-0.021388793911962,-1,0,ai_infrastructure_spending
2026-03-29,market,4,4,2026-03-29,2026-03-30,-0.0140282322979372,-0.021388793911962,-1,0,other_nvidia_development
2026-03-29,nasdaq,5,3,2026-03-29,2026-03-30,-0.0140282322979372,-0.021388793911962,-1,0,other_nvidia_development
2026-03-29,nvda,10,8,2026-03-29,2026-03-30,-0.0140282322979372,-0.021388793911962,-1,0,other_nvidia_development
2026-03-29,nvidia,39,20,2026-03-29|2026-03-30,2026-03-30,-0.0140282322979372,-0.021388793911962,-1,0,other_nvidia_development
2026-03-29,stock,13,8,2026-03-29|2026-03-30,2026-03-30,-0.0140282322979372,-0.021388793911962,-1,0,other_nvidia_development
2026-03-29,stocks,10,9,2026-03-29|2026-03-30,2026-03-30,-0.0140282322979372,-0.021388793911962,-1,0,other_nvidia_development
2026-03-30,ai,98,41,2026-03-30|2026-03-31,2026-03-31,0.0558817469984662,0.0444989676077212,1,1,ai_infrastructure_spending
2026-03-30,billion,2,2,2026-03-30,2026-03-31,0.0558817469984662,0.0444989676077212,1,1,other_nvidia_development
2026-03-30,chip,10,7,2026-03-30|2026-03-31,2026-03-31,0.0558817469984662,0.0444989676077212,1,1,ai_infrastructure_spending
2026-03-30,chips,17,16,2026-03-30,2026-03-31,0.0558817469984662,0.0444989676077212,1,1,ai_infrastructure_spending
2026-03-30,company,19,16,2026-03-30|2026-03-31,2026-03-31,0.0558817469984662,0.0444989676077212,1,1,ai_infrastructure_spending
2026-03-30,data,39,26,2026-03-30,2026-03-31,0.0558817469984662,0.0444989676077212,1,1,ai_infrastructure_spending
2026-03-30,market,11,7,2026-03-30,2026-03-31,0.0558817469984662,0.0444989676077212,1,1,other_nvidia_development
2026-03-30,nasdaq,9,7,2026-03-30,2026-03-31,0.0558817469984662,0.0444989676077212,1,1,other_nvidia_development
2026-03-30,nvda,7,7,2026-03-30,2026-03-31,0.0558817469984662,0.0444989676077212,1,1,other_nvidia_development
2026-03-30,nvidia,95,51,2026-03-30|2026-03-31,2026-03-31,0.0558817469984662,0.0444989676077212,1,1,ai_infrastructure_spending
2026-03-30,stock,20,16,2026-03-30|2026-03-31,2026-03-31,0.0558817469984662,0.0444989676077212,1,1,other_nvidia_development
2026-03-30,stocks,7,5,2026-03-30,2026-03-31,0.0558817469984662,0.0444989676077212,1,1,other_nvidia_development
2026-03-31,ai,88,53,2026-03-31|2026-04-01,2026-04-01,0.0077408410745836,-0.0014204545454544,0,0,ai_infrastructure_spending
2026-03-31,billion,54,36,2026-03-31|2026-04-01,2026-04-01,0.0077408410745836,-0.0014204545454544,0,0,partnership_contract
2026-03-31,chip,11,11,2026-03-31|2026-04-01,2026-04-01,0.0077408410745836,-0.0014204545454544,0,0,partnership_contract
2026-03-31,chips,3,3,2026-03-31|2026-04-01,2026-04-01,0.0077408410745836,-0.0014204545454544,0,0,partnership_contract
2026-03-31,company,21,16,2026-03-31|2026-04-01,2026-04-01,0.0077408410745836,-0.0014204545454544,0,0,other_nvidia_development
2026-03-31,data,16,11,2026-03-31|2026-04-01,2026-04-01,0.0077408410745836,-0.0014204545454544,0,0,ai_infrastructure_spending
2026-03-31,market,11,11,2026-03-31,2026-04-01,0.0077408410745836,-0.0014204545454544,0,0,other_nvidia_development
2026-03-31,nasdaq,23,16,2026-03-31|2026-04-01,2026-04-01,0.0077408410745836,-0.0014204545454544,0,0,ai_infrastructure_spending
2026-03-31,nvda,19,15,2026-03-31|2026-04-01,2026-04-01,0.0077408410745836,-0.0014204545454544,0,0,other_nvidia_development
2026-03-31,nvidia,128,80,2026-03-31|2026-04-01,2026-04-01,0.0077408410745836,-0.0014204545454544,0,0,other_nvidia_development
2026-03-31,stock,45,34,2026-03-31|2026-04-01,2026-04-01,0.0077408410745836,-0.0014204545454544,0,0,other_nvidia_development
2026-03-31,stocks,33,20,2026-03-31|2026-04-01,2026-04-01,0.0077408410745836,-0.0014204545454544,0,0,other_nvidia_development
2026-04-01,ai,70,33,2026-04-01|2026-04-02,2026-04-02,0.0093315305224195,0.0302590715268395,0,0,ai_infrastructure_spending
2026-04-01,billion,15,9,2026-04-01,2026-04-02,0.0093315305224195,0.0302590715268395,0,0,other_nvidia_development
2026-04-01,chip,13,10,2026-04-01|2026-04-02,2026-04-02,0.0093315305224195,0.0302590715268395,0,0,ai_infrastructure_spending
2026-04-01,chips,2,2,2026-04-01,2026-04-02,0.0093315305224195,0.0302590715268395,0,0,partnership_contract
2026-04-01,company,15,12,2026-04-01|2026-04-02,2026-04-02,0.0093315305224195,0.0302590715268395,0,0,other_nvidia_development
2026-04-01,data,8,7,2026-04-01,2026-04-02,0.0093315305224195,0.0302590715268395,0,0,ai_infrastructure_spending
2026-04-01,market,18,12,2026-04-01|2026-04-02,2026-04-02,0.0093315305224195,0.0302590715268395,0,0,competing_accelerators_custom_chips
2026-04-01,nasdaq,21,13,2026-04-01,2026-04-02,0.0093315305224195,0.0302590715268395,0,0,ai_infrastructure_spending
2026-04-01,nvda,30,18,2026-04-01|2026-04-02,2026-04-02,0.0093315305224195,0.0302590715268395,0,0,other_nvidia_development
2026-04-01,nvidia,105,52,2026-04-01|2026-04-02,2026-04-02,0.0093315305224195,0.0302590715268395,0,0,other_nvidia_development
2026-04-01,stock,31,19,2026-04-01,2026-04-02,0.0093315305224195,0.0302590715268395,0,0,other_nvidia_development
2026-04-01,stocks,11,11,2026-04-01,2026-04-02,0.0093315305224195,0.0302590715268395,0,0,other_nvidia_development
2026-04-02,ai,42,19,2026-04-02|2026-04-03,2026-04-06,0.0014092692603508,0.0027093910454785,0,0,ai_infrastructure_spending
2026-04-02,billion,10,7,2026-04-02|2026-04-03,2026-04-06,0.0014092692603508,0.0027093910454785,0,0,partnership_contract
2026-04-02,chip,8,8,2026-04-02,2026-04-06,0.0014092692603508,0.0027093910454785,0,0,other_nvidia_development
2026-04-02,chips,6,5,2026-04-02|2026-04-03,2026-04-06,0.0014092692603508,0.0027093910454785,0,0,competing_accelerators_custom_chips
2026-04-02,company,11,10,2026-04-02|2026-04-03,2026-04-06,0.0014092692603508,0.0027093910454785,0,0,product_announcement
2026-04-02,data,5,5,2026-04-02|2026-04-03,2026-04-06,0.0014092692603508,0.0027093910454785,0,0,ai_infrastructure_spending
2026-04-02,market,4,4,2026-04-02|2026-04-03,2026-04-06,0.0014092692603508,0.0027093910454785,0,0,other_nvidia_development
2026-04-02,nasdaq,13,7,2026-04-02,2026-04-06,0.0014092692603508,0.0027093910454785,0,0,competing_accelerators_custom_chips
2026-04-02,nvda,12,10,2026-04-02|2026-04-03,2026-04-06,0.0014092692603508,0.0027093910454785,0,0,other_nvidia_development
2026-04-02,nvidia,59,32,2026-04-02|2026-04-03,2026-04-06,0.0014092692603508,0.0027093910454785,0,0,other_nvidia_development
2026-04-02,stock,15,10,2026-04-02|2026-04-03,2026-04-06,0.0014092692603508,0.0027093910454785,0,0,other_nvidia_development
2026-04-02,stocks,17,12,2026-04-02,2026-04-06,0.0014092692603508,0.0027093910454785,0,0,other_nvidia_development
2026-04-03,ai,41,17,2026-04-03|2026-04-04,2026-04-06,0.0014092692603508,0.0027093910454785,0,0,partnership_contract
2026-04-03,billion,4,2,2026-04-03,2026-04-06,0.0014092692603508,0.0027093910454785,0,0,ai_infrastructure_spending
2026-04-03,chip,7,5,2026-04-03,2026-04-06,0.0014092692603508,0.0027093910454785,0,0,partnership_contract
2026-04-03,chips,1,1,2026-04-03,2026-04-06,0.0014092692603508,0.0027093910454785,0,0,manufacturing_packaging_hbm
2026-04-03,company,11,7,2026-04-03,2026-04-06,0.0014092692603508,0.0027093910454785,0,0,partnership_contract
2026-04-03,data,10,6,2026-04-03|2026-04-04,2026-04-06,0.0014092692603508,0.0027093910454785,0,0,ai_infrastructure_spending
2026-04-03,market,5,4,2026-04-03,2026-04-06,0.0014092692603508,0.0027093910454785,0,0,partnership_contract
2026-04-03,nasdaq,8,6,2026-04-03,2026-04-06,0.0014092692603508,0.0027093910454785,0,0,ai_infrastructure_spending
2026-04-03,nvda,12,8,2026-04-03|2026-04-04,2026-04-06,0.0014092692603508,0.0027093910454785,0,0,ai_infrastructure_spending
2026-04-03,nvidia,40,17,2026-04-03|2026-04-04,2026-04-06,0.0014092692603508,0.0027093910454785,0,0,partnership_contract
2026-04-03,stock,10,7,2026-04-03|2026-04-04,2026-04-06,0.0014092692603508,0.0027093910454785,0,0,ai_infrastructure_spending
2026-04-03,stocks,9,6,2026-04-03,2026-04-06,0.0014092692603508,0.0027093910454785,0,0,other_nvidia_development
2026-04-04,ai,8,7,2026-04-04,2026-04-06,0.0014092692603508,0.0027093910454785,0,0,other_nvidia_development
2026-04-04,chip,3,2,2026-04-04,2026-04-06,0.0014092692603508,0.0027093910454785,0,0,other_nvidia_development
2026-04-04,chips,2,2,2026-04-04,2026-04-06,0.0014092692603508,0.0027093910454785,0,0,other_nvidia_development
2026-04-04,company,3,3,2026-04-04,2026-04-06,0.0014092692603508,0.0027093910454785,0,0,product_announcement
2026-04-04,data,1,1,2026-04-04,2026-04-06,0.0014092692603508,0.0027093910454785,0,0,ai_infrastructure_spending
2026-04-04,market,1,1,2026-04-04,2026-04-06,0.0014092692603508,0.0027093910454785,0,0,ai_infrastructure_spending
2026-04-04,nasdaq,2,2,2026-04-04,2026-04-06,0.0014092692603508,0.0027093910454785,0,0,other_nvidia_development
2026-04-04,nvda,3,2,2026-04-04,2026-04-06,0.0014092692603508,0.0027093910454785,0,0,product_announcement
2026-04-04,nvidia,15,8,2026-04-04,2026-04-06,0.0014092692603508,0.0027093910454785,0,0,other_nvidia_development
2026-04-04,stock,6,5,2026-04-04,2026-04-06,0.0014092692603508,0.0027093910454785,0,0,other_nvidia_development
2026-04-04,stocks,3,3,2026-04-04,2026-04-06,0.0014092692603508,0.0027093910454785,0,0,other_nvidia_development
2026-04-05,ai,19,8,2026-04-05|2026-04-06,2026-04-06,0.0014092692603508,0.0027093910454785,0,0,other_nvidia_development
2026-04-05,billion,3,3,2026-04-05,2026-04-06,0.0014092692603508,0.0027093910454785,0,0,partnership_contract
2026-04-05,chips,2,2,2026-04-05,2026-04-06,0.0014092692603508,0.0027093910454785,0,0,product_announcement
2026-04-05,company,2,2,2026-04-05,2026-04-06,0.0014092692603508,0.0027093910454785,0,0,product_announcement
2026-04-05,data,2,2,2026-04-05,2026-04-06,0.0014092692603508,0.0027093910454785,0,0,other_nvidia_development
2026-04-05,market,3,2,2026-04-05,2026-04-06,0.0014092692603508,0.0027093910454785,0,0,other_nvidia_development
2026-04-05,nasdaq,4,3,2026-04-05,2026-04-06,0.0014092692603508,0.0027093910454785,0,0,other_nvidia_development
2026-04-05,nvda,4,4,2026-04-05,2026-04-06,0.0014092692603508,0.0027093910454785,0,0,other_nvidia_development
2026-04-05,nvidia,24,14,2026-04-05|2026-04-06,2026-04-06,0.0014092692603508,0.0027093910454785,0,0,other_nvidia_development
2026-04-05,stock,6,4,2026-04-05,2026-04-06,0.0014092692603508,0.0027093910454785,0,0,other_nvidia_development
2026-04-05,stocks,5,4,2026-04-05,2026-04-06,0.0014092692603508,0.0027093910454785,0,0,other_nvidia_development
2026-04-06,ai,68,33,2026-04-06|2026-04-07,2026-04-07,0.0025895233556876,0.0134866581323493,0,0,ai_infrastructure_spending
2026-04-06,billion,4,4,2026-04-06|2026-04-07,2026-04-07,0.0025895233556876,0.0134866581323493,0,0,partnership_contract
2026-04-06,chip,13,10,2026-04-06|2026-04-07,2026-04-07,0.0025895233556876,0.0134866581323493,0,0,other_nvidia_development
2026-04-06,chips,12,7,2026-04-06|2026-04-07,2026-04-07,0.0025895233556876,0.0134866581323493,0,0,manufacturing_packaging_hbm
2026-04-06,company,5,5,2026-04-06|2026-04-07,2026-04-07,0.0025895233556876,0.0134866581323493,0,0,other_nvidia_development
2026-04-06,data,12,10,2026-04-06|2026-04-07,2026-04-07,0.0025895233556876,0.0134866581323493,0,0,ai_infrastructure_spending
2026-04-06,market,4,4,2026-04-06,2026-04-07,0.0025895233556876,0.0134866581323493,0,0,other_nvidia_development
2026-04-06,nasdaq,16,10,2026-04-06,2026-04-07,0.0025895233556876,0.0134866581323493,0,0,other_nvidia_development
2026-04-06,nvda,15,13,2026-04-06|2026-04-07,2026-04-07,0.0025895233556876,0.0134866581323493,0,0,other_nvidia_development
2026-04-06,nvidia,69,39,2026-04-06|2026-04-07,2026-04-07,0.0025895233556876,0.0134866581323493,0,0,other_nvidia_development
2026-04-06,stock,16,13,2026-04-06,2026-04-07,0.0025895233556876,0.0134866581323493,0,0,other_nvidia_development
2026-04-06,stocks,12,8,2026-04-06,2026-04-07,0.0025895233556876,0.0134866581323493,0,0,other_nvidia_development
2026-04-07,ai,63,35,2026-04-07|2026-04-08,2026-04-08,0.0223470446512394,-0.013116521240896,1,0,other_nvidia_development
2026-04-07,billion,10,7,2026-04-07,2026-04-08,0.0223470446512394,-0.013116521240896,1,0,ai_infrastructure_spending
2026-04-07,chip,12,11,2026-04-07|2026-04-08,2026-04-08,0.0223470446512394,-0.013116521240896,1,0,manufacturing_packaging_hbm
2026-04-07,chips,6,3,2026-04-07,2026-04-08,0.0223470446512394,-0.013116521240896,1,0,competing_accelerators_custom_chips
2026-04-07,company,14,9,2026-04-07,2026-04-08,0.0223470446512394,-0.013116521240896,1,0,other_nvidia_development
2026-04-07,data,10,7,2026-04-07|2026-04-08,2026-04-08,0.0223470446512394,-0.013116521240896,1,0,manufacturing_packaging_hbm
2026-04-07,market,6,5,2026-04-07,2026-04-08,0.0223470446512394,-0.013116521240896,1,0,other_nvidia_development
2026-04-07,nasdaq,18,6,2026-04-07,2026-04-08,0.0223470446512394,-0.013116521240896,1,0,other_nvidia_development
2026-04-07,nvda,12,7,2026-04-07|2026-04-08,2026-04-08,0.0223470446512394,-0.013116521240896,1,0,partnership_contract
2026-04-07,nvidia,59,36,2026-04-07|2026-04-08,2026-04-08,0.0223470446512394,-0.013116521240896,1,0,other_nvidia_development
2026-04-07,stock,21,11,2026-04-07|2026-04-08,2026-04-08,0.0223470446512394,-0.013116521240896,1,0,other_nvidia_development
2026-04-07,stocks,12,8,2026-04-07,2026-04-08,0.0223470446512394,-0.013116521240896,1,0,other_nvidia_development
2026-04-08,ai,67,37,2026-04-08|2026-04-09,2026-04-09,0.01005057963567,0.0113836744715516,1,0,other_nvidia_development
2026-04-08,billion,10,8,2026-04-08|2026-04-09,2026-04-09,0.01005057963567,0.0113836744715516,1,0,other_nvidia_development
2026-04-08,chip,7,5,2026-04-08,2026-04-09,0.01005057963567,0.0113836744715516,1,0,partnership_contract
2026-04-08,chips,12,10,2026-04-08,2026-04-09,0.01005057963567,0.0113836744715516,1,0,other_nvidia_development
2026-04-08,company,3,3,2026-04-08|2026-04-09,2026-04-09,0.01005057963567,0.0113836744715516,1,0,partnership_contract
2026-04-08,data,11,10,2026-04-08|2026-04-09,2026-04-09,0.01005057963567,0.0113836744715516,1,0,ai_infrastructure_spending
2026-04-08,market,12,11,2026-04-08|2026-04-09,2026-04-09,0.01005057963567,0.0113836744715516,1,0,other_nvidia_development
2026-04-08,nasdaq,9,6,2026-04-08,2026-04-09,0.01005057963567,0.0113836744715516,1,0,other_nvidia_development
2026-04-08,nvda,10,9,2026-04-08,2026-04-09,0.01005057963567,0.0113836744715516,1,0,other_nvidia_development
2026-04-08,nvidia,82,48,2026-04-08|2026-04-09,2026-04-09,0.01005057963567,0.0113836744715516,1,0,other_nvidia_development
2026-04-08,stock,28,22,2026-04-08|2026-04-09,2026-04-09,0.01005057963567,0.0113836744715516,1,0,other_nvidia_development
2026-04-08,stocks,10,8,2026-04-08,2026-04-09,0.01005057963567,0.0113836744715516,1,0,other_nvidia_development
2026-04-09,ai,88,44,2026-04-09|2026-04-10,2026-04-10,0.0256646852786306,0.0234388116838066,1,0,ai_infrastructure_spending
2026-04-09,billion,25,17,2026-04-09,2026-04-10,0.0256646852786306,0.0234388116838066,1,0,ai_infrastructure_spending
2026-04-09,chip,23,17,2026-04-09|2026-04-10,2026-04-10,0.0256646852786306,0.0234388116838066,1,0,other_nvidia_development
2026-04-09,chips,17,13,2026-04-09,2026-04-10,0.0256646852786306,0.0234388116838066,1,0,other_nvidia_development
2026-04-09,company,9,8,2026-04-09,2026-04-10,0.0256646852786306,0.0234388116838066,1,0,partnership_contract
2026-04-09,data,23,15,2026-04-09,2026-04-10,0.0256646852786306,0.0234388116838066,1,0,ai_infrastructure_spending
2026-04-09,market,15,11,2026-04-09,2026-04-10,0.0256646852786306,0.0234388116838066,1,0,ai_infrastructure_spending
2026-04-09,nasdaq,5,4,2026-04-09|2026-04-10,2026-04-10,0.0256646852786306,0.0234388116838066,1,0,ai_infrastructure_spending
2026-04-09,nvda,11,9,2026-04-09,2026-04-10,0.0256646852786306,0.0234388116838066,1,0,ai_infrastructure_spending
2026-04-09,nvidia,76,44,2026-04-09|2026-04-10,2026-04-10,0.0256646852786306,0.0234388116838066,1,0,other_nvidia_development
2026-04-09,stock,30,18,2026-04-09,2026-04-10,0.0256646852786306,0.0234388116838066,1,0,ai_infrastructure_spending
2026-04-09,stocks,6,4,2026-04-09|2026-04-10,2026-04-10,0.0256646852786306,0.0234388116838066,1,0,other_nvidia_development
2026-04-10,ai,48,24,2026-04-10|2026-04-11,2026-04-13,0.0036048719201053,0.0176315583552104,0,0,partnership_contract
2026-04-10,billion,10,7,2026-04-10|2026-04-11,2026-04-13,0.0036048719201053,0.0176315583552104,0,0,partnership_contract
2026-04-10,chip,8,8,2026-04-10,2026-04-13,0.0036048719201053,0.0176315583552104,0,0,other_nvidia_development
2026-04-10,chips,9,7,2026-04-10,2026-04-13,0.0036048719201053,0.0176315583552104,0,0,other_nvidia_development
2026-04-10,company,2,2,2026-04-10|2026-04-11,2026-04-13,0.0036048719201053,0.0176315583552104,0,0,partnership_contract
2026-04-10,data,9,8,2026-04-10|2026-04-11,2026-04-13,0.0036048719201053,0.0176315583552104,0,0,other_nvidia_development
2026-04-10,market,16,12,2026-04-10,2026-04-13,0.0036048719201053,0.0176315583552104,0,0,other_nvidia_development
2026-04-10,nasdaq,14,8,2026-04-10,2026-04-13,0.0036048719201053,0.0176315583552104,0,0,other_nvidia_development
2026-04-10,nvda,11,10,2026-04-10,2026-04-13,0.0036048719201053,0.0176315583552104,0,0,other_nvidia_development
2026-04-10,nvidia,68,38,2026-04-10|2026-04-11,2026-04-13,0.0036048719201053,0.0176315583552104,0,0,other_nvidia_development
2026-04-10,stock,32,20,2026-04-10|2026-04-11,2026-04-13,0.0036048719201053,0.0176315583552104,0,0,other_nvidia_development
2026-04-10,stocks,16,12,2026-04-10,2026-04-13,0.0036048719201053,0.0176315583552104,0,0,other_nvidia_development
2026-04-11,ai,21,9,2026-04-11|2026-04-12,2026-04-13,0.0036048719201053,0.0176315583552104,0,0,partnership_contract
2026-04-11,billion,2,2,2026-04-11,2026-04-13,0.0036048719201053,0.0176315583552104,0,0,partnership_contract
2026-04-11,chip,1,1,2026-04-11,2026-04-13,0.0036048719201053,0.0176315583552104,0,0,partnership_contract
2026-04-11,chips,1,1,2026-04-11,2026-04-13,0.0036048719201053,0.0176315583552104,0,0,partnership_contract
2026-04-11,company,3,3,2026-04-11,2026-04-13,0.0036048719201053,0.0176315583552104,0,0,other_nvidia_development
2026-04-11,data,3,2,2026-04-11,2026-04-13,0.0036048719201053,0.0176315583552104,0,0,product_announcement
2026-04-11,market,5,5,2026-04-11,2026-04-13,0.0036048719201053,0.0176315583552104,0,0,other_nvidia_development
2026-04-11,nasdaq,3,2,2026-04-11,2026-04-13,0.0036048719201053,0.0176315583552104,0,0,partnership_contract
2026-04-11,nvda,5,4,2026-04-11,2026-04-13,0.0036048719201053,0.0176315583552104,0,0,other_nvidia_development
2026-04-11,nvidia,32,18,2026-04-11|2026-04-12,2026-04-13,0.0036048719201053,0.0176315583552104,0,0,other_nvidia_development
2026-04-11,stock,17,13,2026-04-11|2026-04-12,2026-04-13,0.0036048719201053,0.0176315583552104,0,0,other_nvidia_development
2026-04-11,stocks,3,3,2026-04-11|2026-04-12,2026-04-13,0.0036048719201053,0.0176315583552104,0,0,other_nvidia_development
2026-04-12,ai,22,9,2026-04-12|2026-04-13,2026-04-13,0.0036048719201053,0.0176315583552104,0,0,ai_infrastructure_spending
2026-04-12,chip,8,4,2026-04-12|2026-04-13,2026-04-13,0.0036048719201053,0.0176315583552104,0,0,ai_infrastructure_spending
2026-04-12,chips,7,4,2026-04-12|2026-04-13,2026-04-13,0.0036048719201053,0.0176315583552104,0,0,competing_accelerators_custom_chips
2026-04-12,company,2,2,2026-04-12,2026-04-13,0.0036048719201053,0.0176315583552104,0,0,ai_infrastructure_spending
2026-04-12,data,1,1,2026-04-12,2026-04-13,0.0036048719201053,0.0176315583552104,0,0,ai_infrastructure_spending
2026-04-12,market,2,2,2026-04-12|2026-04-13,2026-04-13,0.0036048719201053,0.0176315583552104,0,0,partnership_contract
2026-04-12,nvda,1,1,2026-04-13,2026-04-13,0.0036048719201053,0.0176315583552104,0,0,ai_infrastructure_spending
2026-04-12,nvidia,12,7,2026-04-12|2026-04-13,2026-04-13,0.0036048719201053,0.0176315583552104,0,0,other_nvidia_development
2026-04-12,stock,4,3,2026-04-12,2026-04-13,0.0036048719201053,0.0176315583552104,0,0,other_nvidia_development
2026-04-12,stocks,2,1,2026-04-12,2026-04-13,0.0036048719201053,0.0176315583552104,0,0,other_nvidia_development
2026-04-13,ai,28,18,2026-04-13|2026-04-14,2026-04-14,0.0380328487066832,0.0297107434382164,1,0,ai_infrastructure_spending
2026-04-13,billion,3,2,2026-04-13,2026-04-14,0.0380328487066832,0.0297107434382164,1,0,other_nvidia_development
2026-04-13,chip,4,4,2026-04-13,2026-04-14,0.0380328487066832,0.0297107434382164,1,0,other_nvidia_development
2026-04-13,chips,5,3,2026-04-13,2026-04-14,0.0380328487066832,0.0297107434382164,1,0,ai_infrastructure_spending
2026-04-13,company,8,6,2026-04-13,2026-04-14,0.0380328487066832,0.0297107434382164,1,0,other_nvidia_development
2026-04-13,data,1,1,2026-04-13,2026-04-14,0.0380328487066832,0.0297107434382164,1,0,other_nvidia_development
2026-04-13,market,9,9,2026-04-13,2026-04-14,0.0380328487066832,0.0297107434382164,1,0,other_nvidia_development
2026-04-13,nasdaq,8,6,2026-04-13,2026-04-14,0.0380328487066832,0.0297107434382164,1,0,other_nvidia_development
2026-04-13,nvda,5,5,2026-04-13,2026-04-14,0.0380328487066832,0.0297107434382164,1,0,other_nvidia_development
2026-04-13,nvidia,68,31,2026-04-13|2026-04-14,2026-04-14,0.0380328487066832,0.0297107434382164,1,0,other_nvidia_development
2026-04-13,stock,20,16,2026-04-13,2026-04-14,0.0380328487066832,0.0297107434382164,1,0,other_nvidia_development
2026-04-13,stocks,5,4,2026-04-13,2026-04-14,0.0380328487066832,0.0297107434382164,1,0,other_nvidia_development
2026-04-14,ai,74,44,2026-04-14|2026-04-15,2026-04-15,0.0120096265040634,0.0118551028322391,1,0,other_nvidia_development
2026-04-14,billion,7,6,2026-04-14,2026-04-15,0.0120096265040634,0.0118551028322391,1,0,ai_infrastructure_spending
2026-04-14,chip,9,7,2026-04-14,2026-04-15,0.0120096265040634,0.0118551028322391,1,0,other_nvidia_development
2026-04-14,chips,13,11,2026-04-14,2026-04-15,0.0120096265040634,0.0118551028322391,1,0,competing_accelerators_custom_chips
2026-04-14,company,15,12,2026-04-14,2026-04-15,0.0120096265040634,0.0118551028322391,1,0,other_nvidia_development
2026-04-14,data,14,10,2026-04-14,2026-04-15,0.0120096265040634,0.0118551028322391,1,0,ai_infrastructure_spending
2026-04-14,market,9,9,2026-04-14,2026-04-15,0.0120096265040634,0.0118551028322391,1,0,other_nvidia_development
2026-04-14,nasdaq,23,14,2026-04-14,2026-04-15,0.0120096265040634,0.0118551028322391,1,0,other_nvidia_development
2026-04-14,nvda,17,12,2026-04-14,2026-04-15,0.0120096265040634,0.0118551028322391,1,0,other_nvidia_development
2026-04-14,nvidia,111,57,2026-04-14|2026-04-15,2026-04-15,0.0120096265040634,0.0118551028322391,1,0,other_nvidia_development
2026-04-14,stock,27,22,2026-04-14|2026-04-15,2026-04-15,0.0120096265040634,0.0118551028322391,1,0,other_nvidia_development
2026-04-14,stocks,22,16,2026-04-14|2026-04-15,2026-04-15,0.0120096265040634,0.0118551028322391,1,0,other_nvidia_development
2026-04-15,ai,103,55,2026-04-15|2026-04-16,2026-04-16,-0.0026147732496876,0.0046599476364523,0,0,ai_infrastructure_spending
2026-04-15,billion,15,6,2026-04-15,2026-04-16,-0.0026147732496876,0.0046599476364523,0,0,partnership_contract
2026-04-15,chip,27,20,2026-04-15|2026-04-16,2026-04-16,-0.0026147732496876,0.0046599476364523,0,0,partnership_contract
2026-04-15,chips,15,12,2026-04-15|2026-04-16,2026-04-16,-0.0026147732496876,0.0046599476364523,0,0,partnership_contract
2026-04-15,company,16,12,2026-04-15|2026-04-16,2026-04-16,-0.0026147732496876,0.0046599476364523,0,0,partnership_contract
2026-04-15,data,11,8,2026-04-15|2026-04-16,2026-04-16,-0.0026147732496876,0.0046599476364523,0,0,ai_infrastructure_spending
2026-04-15,market,12,9,2026-04-15|2026-04-16,2026-04-16,-0.0026147732496876,0.0046599476364523,0,0,other_nvidia_development
2026-04-15,nasdaq,14,11,2026-04-15|2026-04-16,2026-04-16,-0.0026147732496876,0.0046599476364523,0,0,other_nvidia_development
2026-04-15,nvda,9,6,2026-04-15,2026-04-16,-0.0026147732496876,0.0046599476364523,0,0,other_nvidia_development
2026-04-15,nvidia,116,65,2026-04-15|2026-04-16,2026-04-16,-0.0026147732496876,0.0046599476364523,0,0,other_nvidia_development
2026-04-15,stock,41,28,2026-04-15|2026-04-16,2026-04-16,-0.0026147732496876,0.0046599476364523,0,0,other_nvidia_development
2026-04-15,stocks,17,12,2026-04-15|2026-04-16,2026-04-16,-0.0026147732496876,0.0046599476364523,0,0,other_nvidia_development
2026-04-16,ai,92,43,2026-04-16|2026-04-17,2026-04-17,0.0167884132992521,0.008904446391422,1,0,other_nvidia_development
2026-04-16,billion,23,10,2026-04-16|2026-04-17,2026-04-17,0.0167884132992521,0.008904446391422,1,0,ai_infrastructure_spending
2026-04-16,chip,16,10,2026-04-16|2026-04-17,2026-04-17,0.0167884132992521,0.008904446391422,1,0,other_nvidia_development
2026-04-16,chips,7,6,2026-04-16,2026-04-17,0.0167884132992521,0.008904446391422,1,0,ai_infrastructure_spending
2026-04-16,company,12,11,2026-04-16|2026-04-17,2026-04-17,0.0167884132992521,0.008904446391422,1,0,other_nvidia_development
2026-04-16,data,22,16,2026-04-16|2026-04-17,2026-04-17,0.0167884132992521,0.008904446391422,1,0,ai_infrastructure_spending
2026-04-16,market,14,10,2026-04-16|2026-04-17,2026-04-17,0.0167884132992521,0.008904446391422,1,0,manufacturing_packaging_hbm
2026-04-16,nasdaq,14,9,2026-04-16,2026-04-17,0.0167884132992521,0.008904446391422,1,0,other_nvidia_development
2026-04-16,nvda,22,16,2026-04-16,2026-04-17,0.0167884132992521,0.008904446391422,1,0,other_nvidia_development
2026-04-16,nvidia,100,57,2026-04-16|2026-04-17,2026-04-17,0.0167884132992521,0.008904446391422,1,0,other_nvidia_development
2026-04-16,stock,34,24,2026-04-16|2026-04-17,2026-04-17,0.0167884132992521,0.008904446391422,1,0,other_nvidia_development
2026-04-16,stocks,21,16,2026-04-16,2026-04-17,0.0167884132992521,0.008904446391422,1,0,other_nvidia_development
2026-04-17,ai,71,30,2026-04-17|2026-04-18,2026-04-20,0.0018841817080057,0.0104010494824122,0,0,other_nvidia_development
2026-04-17,billion,9,6,2026-04-17|2026-04-18,2026-04-20,0.0018841817080057,0.0104010494824122,0,0,partnership_contract
2026-04-17,chip,13,11,2026-04-17,2026-04-20,0.0018841817080057,0.0104010494824122,0,0,other_nvidia_development
2026-04-17,chips,9,7,2026-04-17,2026-04-20,0.0018841817080057,0.0104010494824122,0,0,other_nvidia_development
2026-04-17,company,4,4,2026-04-17,2026-04-20,0.0018841817080057,0.0104010494824122,0,0,other_nvidia_development
2026-04-17,data,4,4,2026-04-17,2026-04-20,0.0018841817080057,0.0104010494824122,0,0,ai_infrastructure_spending
2026-04-17,market,9,4,2026-04-17|2026-04-18,2026-04-20,0.0018841817080057,0.0104010494824122,0,0,other_nvidia_development
2026-04-17,nasdaq,3,3,2026-04-17,2026-04-20,0.0018841817080057,0.0104010494824122,0,0,other_nvidia_development
2026-04-17,nvda,6,5,2026-04-17,2026-04-20,0.0018841817080057,0.0104010494824122,0,0,other_nvidia_development
2026-04-17,nvidia,75,40,2026-04-17|2026-04-18,2026-04-20,0.0018841817080057,0.0104010494824122,0,0,other_nvidia_development
2026-04-17,stock,18,14,2026-04-17|2026-04-18,2026-04-20,0.0018841817080057,0.0104010494824122,0,0,other_nvidia_development
2026-04-17,stocks,4,4,2026-04-17,2026-04-20,0.0018841817080057,0.0104010494824122,0,0,other_nvidia_development
2026-04-18,ai,23,14,2026-04-18|2026-04-19,2026-04-20,0.0018841817080057,0.0104010494824122,0,0,other_nvidia_development
2026-04-18,chip,3,3,2026-04-18,2026-04-20,0.0018841817080057,0.0104010494824122,0,0,other_nvidia_development
2026-04-18,chips,5,5,2026-04-18,2026-04-20,0.0018841817080057,0.0104010494824122,0,0,other_nvidia_development
2026-04-18,company,7,6,2026-04-18|2026-04-19,2026-04-20,0.0018841817080057,0.0104010494824122,0,0,other_nvidia_development
2026-04-18,data,5,4,2026-04-18,2026-04-20,0.0018841817080057,0.0104010494824122,0,0,manufacturing_packaging_hbm
2026-04-18,market,7,6,2026-04-18|2026-04-19,2026-04-20,0.0018841817080057,0.0104010494824122,0,0,other_nvidia_development
2026-04-18,nasdaq,8,6,2026-04-18,2026-04-20,0.0018841817080057,0.0104010494824122,0,0,partnership_contract
2026-04-18,nvda,5,4,2026-04-18,2026-04-20,0.0018841817080057,0.0104010494824122,0,0,ai_infrastructure_spending
2026-04-18,nvidia,32,16,2026-04-18|2026-04-19,2026-04-20,0.0018841817080057,0.0104010494824122,0,0,other_nvidia_development
2026-04-18,stock,13,9,2026-04-18|2026-04-19,2026-04-20,0.0018841817080057,0.0104010494824122,0,0,other_nvidia_development
2026-04-18,stocks,6,4,2026-04-18,2026-04-20,0.0018841817080057,0.0104010494824122,0,0,other_nvidia_development
2026-04-19,ai,30,12,2026-04-19|2026-04-20,2026-04-20,0.0018841817080057,0.0104010494824122,0,0,other_nvidia_development
2026-04-19,billion,2,2,2026-04-19|2026-04-20,2026-04-20,0.0018841817080057,0.0104010494824122,0,0,other_nvidia_development
2026-04-19,chip,3,3,2026-04-19,2026-04-20,0.0018841817080057,0.0104010494824122,0,0,regulatory_action
2026-04-19,chips,13,6,2026-04-19|2026-04-20,2026-04-20,0.0018841817080057,0.0104010494824122,0,0,product_announcement
2026-04-19,company,4,3,2026-04-19,2026-04-20,0.0018841817080057,0.0104010494824122,0,0,other_nvidia_development
2026-04-19,data,1,1,2026-04-19,2026-04-20,0.0018841817080057,0.0104010494824122,0,0,product_delay_supply_constraint
2026-04-19,market,3,3,2026-04-19|2026-04-20,2026-04-20,0.0018841817080057,0.0104010494824122,0,0,other_nvidia_development
2026-04-19,nasdaq,2,2,2026-04-20,2026-04-20,0.0018841817080057,0.0104010494824122,0,0,product_announcement
2026-04-19,nvidia,27,16,2026-04-19|2026-04-20,2026-04-20,0.0018841817080057,0.0104010494824122,0,0,other_nvidia_development
2026-04-19,stock,8,7,2026-04-19|2026-04-20,2026-04-20,0.0018841817080057,0.0104010494824122,0,0,other_nvidia_development
2026-04-19,stocks,10,5,2026-04-19|2026-04-20,2026-04-20,0.0018841817080057,0.0104010494824122,0,0,other_nvidia_development
2026-04-20,ai,83,47,2026-04-20|2026-04-21,2026-04-21,-0.0107887493827583,-0.0111314497879939,-1,0,other_nvidia_development
2026-04-20,billion,7,7,2026-04-20|2026-04-21,2026-04-21,-0.0107887493827583,-0.0111314497879939,-1,0,other_nvidia_development
2026-04-20,chip,20,13,2026-04-20|2026-04-21,2026-04-21,-0.0107887493827583,-0.0111314497879939,-1,0,partnership_contract
2026-04-20,chips,20,15,2026-04-20|2026-04-21,2026-04-21,-0.0107887493827583,-0.0111314497879939,-1,0,competing_accelerators_custom_chips
2026-04-20,company,12,12,2026-04-20|2026-04-21,2026-04-21,-0.0107887493827583,-0.0111314497879939,-1,0,partnership_contract
2026-04-20,data,11,9,2026-04-20,2026-04-21,-0.0107887493827583,-0.0111314497879939,-1,0,ai_infrastructure_spending
2026-04-20,market,13,8,2026-04-20|2026-04-21,2026-04-21,-0.0107887493827583,-0.0111314497879939,-1,0,other_nvidia_development
2026-04-20,nasdaq,11,7,2026-04-20|2026-04-21,2026-04-21,-0.0107887493827583,-0.0111314497879939,-1,0,other_nvidia_development
2026-04-20,nvda,18,10,2026-04-20,2026-04-21,-0.0107887493827583,-0.0111314497879939,-1,0,other_nvidia_development
2026-04-20,nvidia,77,48,2026-04-20|2026-04-21,2026-04-21,-0.0107887493827583,-0.0111314497879939,-1,0,other_nvidia_development
2026-04-20,stock,37,26,2026-04-20|2026-04-21,2026-04-21,-0.0107887493827583,-0.0111314497879939,-1,0,other_nvidia_development
2026-04-20,stocks,7,7,2026-04-20|2026-04-21,2026-04-21,-0.0107887493827583,-0.0111314497879939,-1,0,ai_infrastructure_spending
2026-04-21,ai,64,34,2026-04-21|2026-04-22,2026-04-22,0.0131078071073005,0.007512784046803,1,0,other_nvidia_development
2026-04-21,billion,12,7,2026-04-21,2026-04-22,0.0131078071073005,0.007512784046803,1,0,competing_accelerators_custom_chips
2026-04-21,chip,14,11,2026-04-21|2026-04-22,2026-04-22,0.0131078071073005,0.007512784046803,1,0,competing_accelerators_custom_chips
2026-04-21,chips,14,12,2026-04-21|2026-04-22,2026-04-22,0.0131078071073005,0.007512784046803,1,0,other_nvidia_development
2026-04-21,company,11,11,2026-04-21,2026-04-22,0.0131078071073005,0.007512784046803,1,0,competing_accelerators_custom_chips
2026-04-21,data,10,7,2026-04-21|2026-04-22,2026-04-22,0.0131078071073005,0.007512784046803,1,0,ai_infrastructure_spending
2026-04-21,market,5,5,2026-04-21,2026-04-22,0.0131078071073005,0.007512784046803,1,0,other_nvidia_development
2026-04-21,nasdaq,10,8,2026-04-21,2026-04-22,0.0131078071073005,0.007512784046803,1,0,other_nvidia_development
2026-04-21,nvda,15,11,2026-04-21,2026-04-22,0.0131078071073005,0.007512784046803,1,0,other_nvidia_development
2026-04-21,nvidia,75,39,2026-04-21|2026-04-22,2026-04-22,0.0131078071073005,0.007512784046803,1,0,other_nvidia_development
2026-04-21,stock,17,13,2026-04-21,2026-04-22,0.0131078071073005,0.007512784046803,1,0,other_nvidia_development
2026-04-21,stocks,6,5,2026-04-21,2026-04-22,0.0131078071073005,0.007512784046803,1,0,other_nvidia_development
2026-04-22,ai,118,55,2026-04-22|2026-04-23,2026-04-23,-0.0141234935266251,-0.0139287129838151,-1,0,ai_infrastructure_spending
2026-04-22,billion,31,15,2026-04-22|2026-04-23,2026-04-23,-0.0141234935266251,-0.0139287129838151,-1,0,other_nvidia_development
2026-04-22,chip,15,13,2026-04-22,2026-04-23,-0.0141234935266251,-0.0139287129838151,-1,0,other_nvidia_development
2026-04-22,chips,44,25,2026-04-22,2026-04-23,-0.0141234935266251,-0.0139287129838151,-1,0,competing_accelerators_custom_chips
2026-04-22,company,20,14,2026-04-22|2026-04-23,2026-04-23,-0.0141234935266251,-0.0139287129838151,-1,0,other_nvidia_development
2026-04-22,data,21,13,2026-04-22,2026-04-23,-0.0141234935266251,-0.0139287129838151,-1,0,other_nvidia_development
2026-04-22,market,10,8,2026-04-22|2026-04-23,2026-04-23,-0.0141234935266251,-0.0139287129838151,-1,0,other_nvidia_development
2026-04-22,nasdaq,17,10,2026-04-22|2026-04-23,2026-04-23,-0.0141234935266251,-0.0139287129838151,-1,0,product_delay_supply_constraint
2026-04-22,nvda,15,11,2026-04-22,2026-04-23,-0.0141234935266251,-0.0139287129838151,-1,0,other_nvidia_development
2026-04-22,nvidia,103,59,2026-04-22|2026-04-23,2026-04-23,-0.0141234935266251,-0.0139287129838151,-1,0,other_nvidia_development
2026-04-22,stock,19,16,2026-04-22,2026-04-23,-0.0141234935266251,-0.0139287129838151,-1,0,other_nvidia_development
2026-04-22,stocks,10,7,2026-04-22|2026-04-23,2026-04-23,-0.0141234935266251,-0.0139287129838151,-1,0,other_nvidia_development
2026-04-23,ai,73,34,2026-04-23|2026-04-24,2026-04-24,0.0432278217884811,0.041558298057496,1,0,ai_infrastructure_spending
2026-04-23,billion,7,5,2026-04-23,2026-04-24,0.0432278217884811,0.041558298057496,1,0,ai_infrastructure_spending
2026-04-23,chip,16,11,2026-04-23,2026-04-24,0.0432278217884811,0.041558298057496,1,0,competing_accelerators_custom_chips
2026-04-23,chips,9,8,2026-04-23,2026-04-24,0.0432278217884811,0.041558298057496,1,0,competing_accelerators_custom_chips
2026-04-23,company,8,7,2026-04-23,2026-04-24,0.0432278217884811,0.041558298057496,1,0,partnership_contract
2026-04-23,data,5,2,2026-04-23,2026-04-24,0.0432278217884811,0.041558298057496,1,0,ai_infrastructure_spending
2026-04-23,market,3,3,2026-04-23|2026-04-24,2026-04-24,0.0432278217884811,0.041558298057496,1,0,competing_accelerators_custom_chips
2026-04-23,nasdaq,13,9,2026-04-23,2026-04-24,0.0432278217884811,0.041558298057496,1,0,partnership_contract
2026-04-23,nvda,11,8,2026-04-23,2026-04-24,0.0432278217884811,0.041558298057496,1,0,other_nvidia_development
2026-04-23,nvidia,68,41,2026-04-23|2026-04-24,2026-04-24,0.0432278217884811,0.041558298057496,1,0,other_nvidia_development
2026-04-23,stock,18,16,2026-04-23,2026-04-24,0.0432278217884811,0.041558298057496,1,0,other_nvidia_development
2026-04-23,stocks,9,6,2026-04-23,2026-04-24,0.0432278217884811,0.041558298057496,1,0,other_nvidia_development
2026-04-24,ai,58,35,2026-04-24|2026-04-25,2026-04-27,0.0400441913327564,0.033198220445948,1,0,other_nvidia_development
2026-04-24,billion,13,6,2026-04-24,2026-04-27,0.0400441913327564,0.033198220445948,1,0,other_nvidia_development
2026-04-24,chip,13,10,2026-04-24|2026-04-25,2026-04-27,0.0400441913327564,0.033198220445948,1,0,other_nvidia_development
2026-04-24,chips,15,9,2026-04-24|2026-04-25,2026-04-27,0.0400441913327564,0.033198220445948,1,0,other_nvidia_development
2026-04-24,company,9,9,2026-04-24,2026-04-27,0.0400441913327564,0.033198220445948,1,0,other_nvidia_development
2026-04-24,data,2,1,2026-04-25,2026-04-27,0.0400441913327564,0.033198220445948,1,0,ai_infrastructure_spending
2026-04-24,market,21,13,2026-04-24|2026-04-25,2026-04-27,0.0400441913327564,0.033198220445948,1,0,other_nvidia_development
2026-04-24,nasdaq,12,9,2026-04-24|2026-04-25,2026-04-27,0.0400441913327564,0.033198220445948,1,0,other_nvidia_development
2026-04-24,nvda,6,5,2026-04-24,2026-04-27,0.0400441913327564,0.033198220445948,1,0,other_nvidia_development
2026-04-24,nvidia,83,50,2026-04-24|2026-04-25,2026-04-27,0.0400441913327564,0.033198220445948,1,0,other_nvidia_development
2026-04-24,stock,36,27,2026-04-24|2026-04-25,2026-04-27,0.0400441913327564,0.033198220445948,1,0,other_nvidia_development
2026-04-24,stocks,13,10,2026-04-24|2026-04-25,2026-04-27,0.0400441913327564,0.033198220445948,1,0,other_nvidia_development
2026-04-25,ai,30,15,2026-04-25|2026-04-26,2026-04-27,0.0400441913327564,0.033198220445948,1,0,ai_infrastructure_spending
2026-04-25,billion,4,3,2026-04-25,2026-04-27,0.0400441913327564,0.033198220445948,1,0,ai_infrastructure_spending
2026-04-25,chip,2,2,2026-04-25|2026-04-26,2026-04-27,0.0400441913327564,0.033198220445948,1,0,other_nvidia_development
2026-04-25,chips,4,4,2026-04-25|2026-04-26,2026-04-27,0.0400441913327564,0.033198220445948,1,0,other_nvidia_development
2026-04-25,company,2,1,2026-04-25,2026-04-27,0.0400441913327564,0.033198220445948,1,0,other_nvidia_development
2026-04-25,data,4,2,2026-04-25,2026-04-27,0.0400441913327564,0.033198220445948,1,0,ai_infrastructure_spending
2026-04-25,market,3,3,2026-04-25,2026-04-27,0.0400441913327564,0.033198220445948,1,0,other_nvidia_development
2026-04-25,nasdaq,4,3,2026-04-25,2026-04-27,0.0400441913327564,0.033198220445948,1,0,ai_infrastructure_spending
2026-04-25,nvda,7,4,2026-04-25,2026-04-27,0.0400441913327564,0.033198220445948,1,0,other_nvidia_development
2026-04-25,nvidia,32,16,2026-04-25|2026-04-26,2026-04-27,0.0400441913327564,0.033198220445948,1,0,other_nvidia_development
2026-04-25,stock,9,8,2026-04-25|2026-04-26,2026-04-27,0.0400441913327564,0.033198220445948,1,0,other_nvidia_development
2026-04-25,stocks,6,4,2026-04-25,2026-04-27,0.0400441913327564,0.033198220445948,1,0,other_nvidia_development
2026-04-26,ai,19,9,2026-04-26|2026-04-27,2026-04-27,0.0400441913327564,0.033198220445948,1,0,other_nvidia_development
2026-04-26,billion,5,2,2026-04-26,2026-04-27,0.0400441913327564,0.033198220445948,1,0,ai_infrastructure_spending
2026-04-26,chip,5,4,2026-04-26,2026-04-27,0.0400441913327564,0.033198220445948,1,0,other_nvidia_development
2026-04-26,chips,4,3,2026-04-26,2026-04-27,0.0400441913327564,0.033198220445948,1,0,other_nvidia_development
2026-04-26,company,5,5,2026-04-26,2026-04-27,0.0400441913327564,0.033198220445948,1,0,other_nvidia_development
2026-04-26,market,5,3,2026-04-26,2026-04-27,0.0400441913327564,0.033198220445948,1,0,other_nvidia_development
2026-04-26,nasdaq,4,2,2026-04-26,2026-04-27,0.0400441913327564,0.033198220445948,1,0,other_nvidia_development
2026-04-26,nvda,5,3,2026-04-26,2026-04-27,0.0400441913327564,0.033198220445948,1,0,other_nvidia_development
2026-04-26,nvidia,24,12,2026-04-26|2026-04-27,2026-04-27,0.0400441913327564,0.033198220445948,1,0,other_nvidia_development
2026-04-26,stock,8,5,2026-04-26|2026-04-27,2026-04-27,0.0400441913327564,0.033198220445948,1,0,other_nvidia_development
2026-04-26,stocks,2,2,2026-04-26,2026-04-27,0.0400441913327564,0.033198220445948,1,0,other_nvidia_development
2026-04-27,ai,76,39,2026-04-27|2026-04-28,2026-04-28,-0.015881097300298,0.0175664355305069,-1,0,ai_infrastructure_spending
2026-04-27,billion,13,8,2026-04-27,2026-04-28,-0.015881097300298,0.0175664355305069,-1,0,other_nvidia_development
2026-04-27,chip,14,12,2026-04-27|2026-04-28,2026-04-28,-0.015881097300298,0.0175664355305069,-1,0,other_nvidia_development
2026-04-27,chips,4,4,2026-04-27|2026-04-28,2026-04-28,-0.015881097300298,0.0175664355305069,-1,0,product_announcement
2026-04-27,company,9,8,2026-04-27|2026-04-28,2026-04-28,-0.015881097300298,0.0175664355305069,-1,0,other_nvidia_development
2026-04-27,data,6,5,2026-04-27,2026-04-28,-0.015881097300298,0.0175664355305069,-1,0,ai_infrastructure_spending
2026-04-27,market,19,12,2026-04-27,2026-04-28,-0.015881097300298,0.0175664355305069,-1,0,other_nvidia_development
2026-04-27,nasdaq,15,10,2026-04-27,2026-04-28,-0.015881097300298,0.0175664355305069,-1,0,other_nvidia_development
2026-04-27,nvda,22,16,2026-04-27|2026-04-28,2026-04-28,-0.015881097300298,0.0175664355305069,-1,0,other_nvidia_development
2026-04-27,nvidia,107,60,2026-04-27|2026-04-28,2026-04-28,-0.015881097300298,0.0175664355305069,-1,0,other_nvidia_development
2026-04-27,stock,39,22,2026-04-27|2026-04-28,2026-04-28,-0.015881097300298,0.0175664355305069,-1,0,other_nvidia_development
2026-04-27,stocks,21,16,2026-04-27,2026-04-28,-0.015881097300298,0.0175664355305069,-1,0,other_nvidia_development
2026-04-28,ai,60,33,2026-04-28|2026-04-29,2026-04-29,-0.0183890617959002,-0.0162200140937552,-1,0,other_nvidia_development
2026-04-28,billion,11,6,2026-04-28,2026-04-29,-0.0183890617959002,-0.0162200140937552,-1,0,ai_infrastructure_spending
2026-04-28,chip,11,10,2026-04-28,2026-04-29,-0.0183890617959002,-0.0162200140937552,-1,0,other_nvidia_development
2026-04-28,chips,2,2,2026-04-28,2026-04-29,-0.0183890617959002,-0.0162200140937552,-1,0,partnership_contract
2026-04-28,company,6,6,2026-04-28,2026-04-29,-0.0183890617959002,-0.0162200140937552,-1,0,other_nvidia_development
2026-04-28,data,11,9,2026-04-28,2026-04-29,-0.0183890617959002,-0.0162200140937552,-1,0,ai_infrastructure_spending
2026-04-28,market,24,15,2026-04-28,2026-04-29,-0.0183890617959002,-0.0162200140937552,-1,0,other_nvidia_development
2026-04-28,nasdaq,26,17,2026-04-28,2026-04-29,-0.0183890617959002,-0.0162200140937552,-1,0,ai_infrastructure_spending
2026-04-28,nvda,22,18,2026-04-28,2026-04-29,-0.0183890617959002,-0.0162200140937552,-1,0,other_nvidia_development
2026-04-28,nvidia,100,53,2026-04-28|2026-04-29,2026-04-29,-0.0183890617959002,-0.0162200140937552,-1,0,other_nvidia_development
2026-04-28,stock,26,21,2026-04-28|2026-04-29,2026-04-29,-0.0183890617959002,-0.0162200140937552,-1,0,other_nvidia_development
2026-04-28,stocks,17,11,2026-04-28,2026-04-29,-0.0183890617959002,-0.0162200140937552,-1,0,other_nvidia_development
2026-04-29,ai,79,32,2026-04-29|2026-04-30,2026-04-30,-0.0462604736951121,-0.0493497152051188,-1,0,ai_infrastructure_spending
2026-04-29,billion,7,6,2026-04-29,2026-04-30,-0.0462604736951121,-0.0493497152051188,-1,0,ai_infrastructure_spending
2026-04-29,chip,16,11,2026-04-29,2026-04-30,-0.0462604736951121,-0.0493497152051188,-1,0,other_nvidia_development
2026-04-29,chips,23,12,2026-04-29|2026-04-30,2026-04-30,-0.0462604736951121,-0.0493497152051188,-1,0,other_nvidia_development
2026-04-29,company,13,12,2026-04-29,2026-04-30,-0.0462604736951121,-0.0493497152051188,-1,0,other_nvidia_development
2026-04-29,data,11,9,2026-04-29|2026-04-30,2026-04-30,-0.0462604736951121,-0.0493497152051188,-1,0,ai_infrastructure_spending
2026-04-29,market,4,4,2026-04-29,2026-04-30,-0.0462604736951121,-0.0493497152051188,-1,0,manufacturing_packaging_hbm
2026-04-29,nasdaq,13,11,2026-04-29,2026-04-30,-0.0462604736951121,-0.0493497152051188,-1,0,other_nvidia_development
2026-04-29,nvda,16,10,2026-04-29,2026-04-30,-0.0462604736951121,-0.0493497152051188,-1,0,other_nvidia_development
2026-04-29,nvidia,66,34,2026-04-29|2026-04-30,2026-04-30,-0.0462604736951121,-0.0493497152051188,-1,0,other_nvidia_development
2026-04-29,stock,23,17,2026-04-29|2026-04-30,2026-04-30,-0.0462604736951121,-0.0493497152051188,-1,0,other_nvidia_development
2026-04-29,stocks,8,7,2026-04-29|2026-04-30,2026-04-30,-0.0462604736951121,-0.0493497152051188,-1,0,other_nvidia_development
2026-04-30,ai,47,27,2026-04-30,2026-05-01,-0.0056119949802255,-0.0140600250805733,0,0,ai_infrastructure_spending
2026-04-30,billion,10,6,2026-04-30,2026-05-01,-0.0056119949802255,-0.0140600250805733,0,0,ai_infrastructure_spending
2026-04-30,chip,15,11,2026-04-30|2026-05-01,2026-05-01,-0.0056119949802255,-0.0140600250805733,0,0,other_nvidia_development
2026-04-30,chips,10,7,2026-04-30,2026-05-01,-0.0056119949802255,-0.0140600250805733,0,0,other_nvidia_development
2026-04-30,company,7,7,2026-04-30,2026-05-01,-0.0056119949802255,-0.0140600250805733,0,0,other_nvidia_development
2026-04-30,data,11,9,2026-04-30,2026-05-01,-0.0056119949802255,-0.0140600250805733,0,0,ai_infrastructure_spending
2026-04-30,market,9,7,2026-04-30|2026-05-01,2026-05-01,-0.0056119949802255,-0.0140600250805733,0,0,other_nvidia_development
2026-04-30,nasdaq,16,13,2026-04-30|2026-05-01,2026-05-01,-0.0056119949802255,-0.0140600250805733,0,0,other_nvidia_development
2026-04-30,nvda,21,14,2026-04-30|2026-05-01,2026-05-01,-0.0056119949802255,-0.0140600250805733,0,0,other_nvidia_development
2026-04-30,nvidia,73,37,2026-04-30|2026-05-01,2026-05-01,-0.0056119949802255,-0.0140600250805733,0,0,other_nvidia_development
2026-04-30,stock,25,20,2026-04-30|2026-05-01,2026-05-01,-0.0056119949802255,-0.0140600250805733,0,0,other_nvidia_development
2026-04-30,stocks,10,8,2026-04-30,2026-05-01,-0.0056119949802255,-0.0140600250805733,0,0,other_nvidia_development
2026-05-01,ai,60,34,2026-05-01,2026-05-04,0.0001510485544036,-0.0051128033707316,0,0,other_nvidia_development
2026-05-01,billion,14,6,2026-05-01,2026-05-04,0.0001510485544036,-0.0051128033707316,0,0,ai_infrastructure_spending
2026-05-01,chip,7,6,2026-05-01,2026-05-04,0.0001510485544036,-0.0051128033707316,0,0,other_nvidia_development
2026-05-01,chips,9,7,2026-05-01,2026-05-04,0.0001510485544036,-0.0051128033707316,0,0,other_nvidia_development
2026-05-01,company,6,6,2026-05-01,2026-05-04,0.0001510485544036,-0.0051128033707316,0,0,other_nvidia_development
2026-05-01,data,6,6,2026-05-01,2026-05-04,0.0001510485544036,-0.0051128033707316,0,0,ai_infrastructure_spending
2026-05-01,market,10,7,2026-05-01,2026-05-04,0.0001510485544036,-0.0051128033707316,0,0,other_nvidia_development
2026-05-01,nasdaq,13,9,2026-05-01,2026-05-04,0.0001510485544036,-0.0051128033707316,0,0,other_nvidia_development
2026-05-01,nvda,12,10,2026-05-01,2026-05-04,0.0001510485544036,-0.0051128033707316,0,0,other_nvidia_development
2026-05-01,nvidia,76,41,2026-05-01,2026-05-04,0.0001510485544036,-0.0051128033707316,0,0,other_nvidia_development
2026-05-01,stock,35,23,2026-05-01,2026-05-04,0.0001510485544036,-0.0051128033707316,0,0,other_nvidia_development
2026-05-01,stocks,5,3,2026-05-01,2026-05-04,0.0001510485544036,-0.0051128033707316,0,0,ai_infrastructure_spending
