start_utc,end_utc,session,start_new_york,return_1h,absolute_return_1h,large_move_1pct,control_latest_price_time,prior_return,prior_abs_return,prior_volatility_20bars,log_prior_volume,log_average_volume_20bars,minutes_since_open,hours_since_prior_bar,log_article_count_1h,log_ai_articles_1h,log_chip_articles_1h,log_earnings_articles_1h,log_infrastructure_articles_1h,log_demand_articles_1h,log_china_articles_1h,log_hit_articles_1h,log_article_count_24h,log_ai_articles_24h,log_chip_articles_24h,log_earnings_articles_24h,log_infrastructure_articles_24h,log_demand_articles_24h,log_china_articles_24h,log_hit_articles_24h,latest_news_timestamp,split,prob_constant,pred_training_mean,pred_training_median,prob_market_only,raw_pred_market_only,pred_market_only,prob_market_plus_news_count,raw_pred_market_plus_news_count,pred_market_plus_news_count,prob_market_plus_news_words,raw_pred_market_plus_news_words,pred_market_plus_news_words
2025-10-06T15:30:00+00:00,2025-10-06T16:30:00+00:00,2025-10-06,2025-10-06T11:30:00-04:00,0.005108059845500668,0.005108059845500668,0,2025-10-06T15:30:00+00:00,0.0023170267252510257,0.0023170267252510257,0.0033599923060689766,16.950164029262336,16.914200977295014,120.0,0.0,1.3862943611198906,0.6931471805599453,1.0986122886681098,0.0,0.0,0.0,0.0,0.0,2.995732273553991,2.5649493574615367,1.791759469228055,0.0,1.0986122886681098,0.6931471805599453,0.0,0.0,2025-10-06T14:47:18+00:00,train,0.14363636363636365,0.005064144539958312,0.0031743182979321327,0.11304570348292069,0.00421544420293157,0.00421544420293157,0.0940670819251198,0.0036580477490114325,0.0036580477490114325,0.07222759996090898,0.0034007960817606384,0.0034007960817606384
2025-10-06T16:30:00+00:00,2025-10-06T17:30:00+00:00,2025-10-06,2025-10-06T12:30:00-04:00,-0.0041929208880956415,0.0041929208880956415,0,2025-10-06T16:30:00+00:00,0.005108059845500668,0.005108059845500668,0.003073898410563177,16.623097268073828,16.869165056913218,180.0,0.0,1.0986122886681098,0.0,0.6931471805599453,0.0,0.0,0.0,0.0,0.0,3.091042453358316,2.5649493574615367,1.9459101490553132,0.0,1.0986122886681098,0.6931471805599453,0.0,0.0,2025-10-06T16:20:40+00:00,train,0.14363636363636365,0.005064144539958312,0.0031743182979321327,0.07836428591170516,0.003689706157751809,0.003689706157751809,0.06751648975433042,0.003266605083594762,0.003266605083594762,0.04291980754283534,0.0027114126843053427,0.0027114126843053427
2025-10-06T17:30:00+00:00,2025-10-06T18:30:00+00:00,2025-10-06,2025-10-06T13:30:00-04:00,-0.003008313601692403,0.003008313601692403,0,2025-10-06T17:30:00+00:00,-0.0041929208880956415,0.0041929208880956415,0.003206960512366869,16.09928330317349,16.83806097624679,240.0,0.0,1.3862943611198906,1.0986122886681098,0.6931471805599453,0.0,0.0,0.0,0.0,0.0,3.2188758248682006,2.70805020110221,2.0794415416798357,0.0,1.0986122886681098,0.6931471805599453,0.0,0.0,2025-10-06T17:03:02+00:00,train,0.14363636363636365,0.005064144539958312,0.0031743182979321327,0.04951319077045438,0.002950341723142619,0.002950341723142619,0.04274541344589632,0.0024676722844004647,0.0024676722844004647,0.03329424364032333,0.0019720426210724598,0.0019720426210724598
2025-10-06T18:30:00+00:00,2025-10-06T19:30:00+00:00,2025-10-06,2025-10-06T14:30:00-04:00,0.0011465640322221304,0.0011465640322221304,0,2025-10-06T18:30:00+00:00,-0.003008313601692403,0.003008313601692403,0.0032606124292348707,16.231059984182878,16.839308582820564,300.0,0.0,1.6094379124341003,1.0986122886681098,0.6931471805599453,0.0,0.6931471805599453,0.0,0.0,0.0,3.367295829986474,2.833213344056216,2.1972245773362196,0.0,1.3862943611198906,0.6931471805599453,0.0,0.0,2025-10-06T18:28:00+00:00,train,0.14363636363636365,0.005064144539958312,0.0031743182979321327,0.031104635639934916,0.0019492089112149256,0.0019492089112149256,0.02717861991577917,0.0014531243953352035,0.0014531243953352035,0.016407994072486488,0.0009786184971982475,0.0009786184971982475
2025-10-07T13:30:00+00:00,2025-10-07T14:30:00+00:00,2025-10-07,2025-10-07T09:30:00-04:00,0.009422912842787401,0.009422912842787401,0,2025-10-06T20:00:00+00:00,-0.0015069091167098092,0.0015069091167098092,0.0030154089462252932,16.224217176974296,16.832298288891085,0.0,17.5,1.6094379124341003,1.3862943611198906,1.0986122886681098,0.0,0.0,0.0,0.0,0.0,3.58351893845611,3.091042453358316,2.5649493574615367,0.6931471805599453,1.791759469228055,0.6931471805599453,0.6931471805599453,0.0,2025-10-07T13:27:33+00:00,train,0.14363636363636365,0.005064144539958312,0.0031743182979321327,0.20784897286812895,0.006121912531110675,0.006121912531110675,0.19992791736000032,0.006012059981396292,0.006012059981396292,0.17336072051660506,0.005728684583003376,0.005728684583003376
2025-10-07T14:30:00+00:00,2025-10-07T15:30:00+00:00,2025-10-07,2025-10-07T10:30:00-04:00,-0.014785654271491033,0.014785654271491033,1,2025-10-07T14:30:00+00:00,0.009422912842787401,0.009422912842787401,0.00376444693295997,17.4149151213106,16.812153526709487,60.0,0.0,2.0794415416798357,1.9459101490553132,1.6094379124341003,0.0,1.3862943611198906,0.0,0.0,0.0,3.7376696182833684,3.295836866004329,2.772588722239781,0.6931471805599453,2.0794415416798357,0.6931471805599453,0.6931471805599453,0.0,2025-10-07T14:23:39+00:00,train,0.14363636363636365,0.005064144539958312,0.0031743182979321327,0.21017067884312673,0.0060016461874883055,0.0060016461874883055,0.19884977061390738,0.005739826020452617,0.005739826020452617,0.13730467800824245,0.0057088942605779906,0.0057088942605779906
2025-10-07T15:30:00+00:00,2025-10-07T16:30:00+00:00,2025-10-07,2025-10-07T11:30:00-04:00,0.001241609375505659,0.001241609375505659,0,2025-10-07T15:30:00+00:00,-0.014785654271491033,0.014785654271491033,0.004987270331824325,17.247911472698775,16.86312885095961,120.0,0.0,1.3862943611198906,0.6931471805599453,0.6931471805599453,0.0,0.0,0.0,0.0,0.0,3.7376696182833684,3.295836866004329,2.70805020110221,0.6931471805599453,2.0794415416798357,0.6931471805599453,0.6931471805599453,0.0,2025-10-07T15:00:00+00:00,train,0.14363636363636365,0.005064144539958312,0.0031743182979321327,0.23575244655203442,0.007062307147229174,0.007062307147229174,0.23351155212230904,0.007044084643233712,0.007044084643233712,0.16580733247442792,0.00642584976263972,0.00642584976263972
2025-10-07T16:30:00+00:00,2025-10-07T17:30:00+00:00,2025-10-07,2025-10-07T12:30:00-04:00,0.0023712949493384095,0.0023712949493384095,0,2025-10-07T16:30:00+00:00,0.001241609375505659,0.001241609375505659,0.0049490323848507605,16.94331011535841,16.79356048877928,180.0,0.0,1.0986122886681098,0.0,1.0986122886681098,0.0,0.0,0.0,0.0,0.0,3.7376696182833684,3.295836866004329,2.772588722239781,0.6931471805599453,2.0794415416798357,0.6931471805599453,0.6931471805599453,0.0,2025-10-07T16:07:42+00:00,train,0.14363636363636365,0.005064144539958312,0.0031743182979321327,0.07138646575495132,0.0034675398967727875,0.0034675398967727875,0.07077107103337867,0.0034970215823011,0.0034970215823011,0.04542604348413104,0.003343656384587113,0.003343656384587113
2025-10-07T17:30:00+00:00,2025-10-07T18:30:00+00:00,2025-10-07,2025-10-07T13:30:00-04:00,0.0001614009007089301,0.0001614009007089301,0,2025-10-07T17:30:00+00:00,0.0023712949493384095,0.0023712949493384095,0.00500023677046982,16.334148683854814,16.772584468616436,240.0,0.0,1.0986122886681098,0.6931471805599453,0.6931471805599453,0.0,0.0,0.0,0.0,0.0,3.713572066704308,3.258096538021482,2.772588722239781,0.6931471805599453,2.0794415416798357,0.6931471805599453,0.6931471805599453,0.0,2025-10-07T17:18:27+00:00,train,0.14363636363636365,0.005064144539958312,0.0031743182979321327,0.045678712838091245,0.002796401501812013,0.002796401501812013,0.044823888104162414,0.002754424923262481,0.002754424923262481,0.032465930618675046,0.0025651036857132128,0.0025651036857132128
2025-10-07T18:30:00+00:00,2025-10-07T19:30:00+00:00,2025-10-07,2025-10-07T14:30:00-04:00,-0.0017411647829354004,0.0017411647829354004,0,2025-10-07T18:30:00+00:00,0.0001614009007089301,0.0001614009007089301,0.004962097770373973,15.994874694072676,16.76083286004403,300.0,0.0,2.1972245773362196,1.0986122886681098,1.9459101490553132,0.0,0.0,0.6931471805599453,0.0,0.0,3.8066624897703196,3.258096538021482,3.044522437723423,0.6931471805599453,1.9459101490553132,1.0986122886681098,0.6931471805599453,0.0,2025-10-07T18:26:38+00:00,train,0.14363636363636365,0.005064144539958312,0.0031743182979321327,0.02594363003238335,0.001651946651050928,0.001651946651050928,0.023840746957465315,0.0012112199999492397,0.0012112199999492397,0.011440863822528062,-0.0006730260598692131,0.0
2025-10-08T13:30:00+00:00,2025-10-08T14:30:00+00:00,2025-10-08,2025-10-08T09:30:00-04:00,0.012940005481161698,0.012940005481161698,1,2025-10-07T20:00:00+00:00,-0.003394523608247102,0.003394523608247102,0.004969406441231064,16.048876646762437,16.75487029379677,0.0,17.5,1.6094379124341003,1.0986122886681098,0.0,0.0,0.0,0.0,0.6931471805599453,0.0,4.204692619390966,3.4965075614664802,2.9444389791664403,1.0986122886681098,2.302585092994046,1.6094379124341003,0.6931471805599453,0.0,2025-10-08T13:19:23+00:00,train,0.14363636363636365,0.005064144539958312,0.0031743182979321327,0.2299500846585262,0.006812073358860053,0.006812073358860053,0.2477865176367066,0.007119368840358359,0.007119368840358359,0.2193049149464699,0.006813824508595366,0.006813824508595366
2025-10-08T14:30:00+00:00,2025-10-08T15:30:00+00:00,2025-10-08,2025-10-08T10:30:00-04:00,-0.00409952077013831,0.00409952077013831,0,2025-10-08T14:30:00+00:00,0.012940005481161698,0.012940005481161698,0.00581050365371275,17.640030123541532,16.846994828896108,60.0,0.0,2.1972245773362196,1.791759469228055,1.3862943611198906,0.0,0.0,0.0,0.0,0.0,4.219507705176107,3.4657359027997265,2.8903717578961645,1.0986122886681098,1.9459101490553132,1.6094379124341003,0.6931471805599453,0.0,2025-10-08T14:25:49+00:00,train,0.14363636363636365,0.005064144539958312,0.0031743182979321327,0.27012128854921635,0.0070080796845075274,0.0070080796845075274,0.2767807691469632,0.007023397681556161,0.007023397681556161,0.2141937822810735,0.005714403987841536,0.005714403987841536
2025-10-08T15:30:00+00:00,2025-10-08T16:30:00+00:00,2025-10-08,2025-10-08T11:30:00-04:00,-0.0004515149091099957,0.0004515149091099957,0,2025-10-08T15:30:00+00:00,-0.00409952077013831,0.00409952077013831,0.005872808525688912,16.617411571481746,16.862351733906657,120.0,0.0,0.6931471805599453,0.0,0.0,0.0,0.0,0.0,0.0,0.0,4.189654742026425,3.4339872044851463,2.833213344056216,1.0986122886681098,1.9459101490553132,1.6094379124341003,0.6931471805599453,0.0,2025-10-08T14:35:05+00:00,train,0.14363636363636365,0.005064144539958312,0.0031743182979321327,0.134236791897048,0.005152256557339085,0.005152256557339085,0.1507098495565331,0.005685194312099484,0.005685194312099484,0.0984992096507483,0.005094768991747651,0.005094768991747651
2025-10-08T16:30:00+00:00,2025-10-08T17:30:00+00:00,2025-10-08,2025-10-08T12:30:00-04:00,-0.00015941534947627733,0.00015941534947627733,0,2025-10-08T16:30:00+00:00,-0.0004515149091099957,0.0004515149091099957,0.005867466383566124,16.289209384086323,16.813674766964596,180.0,0.0,1.6094379124341003,1.0986122886681098,0.6931471805599453,0.0,0.0,0.0,0.0,0.0,4.219507705176107,3.4965075614664802,2.772588722239781,1.0986122886681098,1.9459101490553132,1.6094379124341003,0.6931471805599453,0.0,2025-10-08T16:18:49+00:00,train,0.14363636363636365,0.005064144539958312,0.0031743182979321327,0.06873214126335313,0.003576022440444127,0.003576022440444127,0.07292292372412117,0.0037272597411229643,0.0037272597411229643,0.05157706498208119,0.002974476317779838,0.002974476317779838
2025-10-08T17:30:00+00:00,2025-10-08T18:30:00+00:00,2025-10-08,2025-10-08T13:30:00-04:00,0.0013945053763388948,0.0013945053763388948,0,2025-10-08T17:30:00+00:00,-0.00015941534947627733,0.00015941534947627733,0.00582788673091195,16.023335639783475,16.797881821932336,240.0,0.0,2.1972245773362196,1.9459101490553132,0.0,0.0,0.6931471805599453,0.6931471805599453,0.0,0.0,4.30406509320417,3.6375861597263857,2.70805020110221,1.0986122886681098,2.0794415416798357,1.791759469228055,0.6931471805599453,0.0,2025-10-08T17:28:27+00:00,train,0.14363636363636365,0.005064144539958312,0.0031743182979321327,0.04285905930309186,0.0026885284283013765,0.0026885284283013765,0.04432201959755774,0.0026308534828960095,0.0026308534828960095,0.023738679755854756,0.0012397772730629564,0.0012397772730629564
2025-10-08T18:30:00+00:00,2025-10-08T19:30:00+00:00,2025-10-08,2025-10-08T14:30:00-04:00,0.0008491411576112551,0.0008491411576112551,0,2025-10-08T18:30:00+00:00,0.0013945053763388948,0.0013945053763388948,0.005768228028902108,16.161615762285575,16.792061637992116,300.0,0.0,0.6931471805599453,0.6931471805599453,0.0,0.0,0.0,0.0,0.0,0.0,4.204692619390966,3.6109179126442243,2.1972245773362196,1.0986122886681098,2.0794415416798357,1.6094379124341003,0.6931471805599453,0.0,2025-10-08T17:33:00+00:00,train,0.14363636363636365,0.005064144539958312,0.0031743182979321327,0.029988985123321828,0.002052292215967156,0.002052292215967156,0.03385124883622578,0.0024713165543110657,0.0024713165543110657,0.0302365529153293,0.0028846813042916314,0.0028846813042916314
2025-10-09T13:30:00+00:00,2025-10-09T14:30:00+00:00,2025-10-09,2025-10-09T09:30:00-04:00,0.007307045913337973,0.007307045913337973,0,2025-10-08T20:00:00+00:00,0.0025452621859543,0.0025452621859543,0.005446912992522753,16.382851361330545,16.77368936972869,0.0,17.5,1.0986122886681098,0.6931471805599453,0.0,0.0,0.0,0.0,0.0,0.0,4.143134726391533,3.6375861597263857,2.1972245773362196,1.6094379124341003,1.9459101490553132,1.791759469228055,0.0,1.0986122886681098,2025-10-09T13:26:44+00:00,train,0.14363636363636365,0.005064144539958312,0.0031743182979321327,0.22830077742615812,0.006660121823693356,0.006660121823693356,0.2499194670938688,0.007116857532524952,0.007116857532524952,0.2315699649647073,0.0069800635461017176,0.0069800635461017176
2025-10-09T14:30:00+00:00,2025-10-09T15:30:00+00:00,2025-10-09,2025-10-09T10:30:00-04:00,0.00039130917064178483,0.00039130917064178483,0,2025-10-09T14:30:00+00:00,0.007307045913337973,0.007307045913337973,0.005654988949381656,18.050046970138027,16.891715867356584,60.0,0.0,1.6094379124341003,1.0986122886681098,0.0,0.0,0.6931471805599453,0.6931471805599453,0.0,0.0,4.07753744390572,3.5553480614894135,1.791759469228055,1.6094379124341003,2.0794415416798357,1.9459101490553132,0.0,1.0986122886681098,2025-10-09T14:25:00+00:00,train,0.14363636363636365,0.005064144539958312,0.0031743182979321327,0.2382114948196148,0.006243593680543919,0.006243593680543919,0.24616447524217214,0.006405336687606324,0.006405336687606324,0.17106044589528438,0.0055008532530238215,0.0055008532530238215
2025-10-09T15:30:00+00:00,2025-10-09T16:30:00+00:00,2025-10-09,2025-10-09T11:30:00-04:00,0.0006192816946581914,0.0006192816946581914,0,2025-10-09T15:30:00+00:00,0.00039130917064178483,0.00039130917064178483,0.00564384861791549,17.165953938390675,16.92926427875235,120.0,0.0,1.3862943611198906,1.0986122886681098,0.0,0.0,0.0,0.0,0.0,0.0,4.110873864173311,3.6109179126442243,1.791759469228055,1.6094379124341003,2.0794415416798357,1.9459101490553132,0.0,1.0986122886681098,2025-10-09T14:59:54+00:00,train,0.14363636363636365,0.005064144539958312,0.0031743182979321327,0.1212546773996595,0.004470690190012719,0.004470690190012719,0.1277756542136714,0.004693275080020556,0.004693275080020556,0.11998699391249121,0.004587311564022669,0.004587311564022669
2025-10-09T16:30:00+00:00,2025-10-09T17:30:00+00:00,2025-10-09,2025-10-09T12:30:00-04:00,-0.006292086018391152,0.006292086018391152,0,2025-10-09T16:30:00+00:00,0.0006192816946581914,0.0006192816946581914,0.005637955648263418,16.67183178757105,16.83151829063931,180.0,0.0,1.9459101490553132,1.0986122886681098,0.6931471805599453,0.0,0.0,0.0,0.0,0.6931471805599453,4.143134726391533,3.6109179126442243,1.791759469228055,1.6094379124341003,2.0794415416798357,1.9459101490553132,0.0,1.3862943611198906,2025-10-09T16:08:13+00:00,train,0.14363636363636365,0.005064144539958312,0.0031743182979321327,0.07211834949147648,0.0035659915824200108,0.0035659915824200108,0.07351380462342433,0.0035447767896365926,0.0035447767896365926,0.07691851766069709,0.00395722750576671,0.00395722750576671
2025-10-09T17:30:00+00:00,2025-10-09T18:30:00+00:00,2025-10-09,2025-10-09T13:30:00-04:00,-0.0007006150714521375,0.0007006150714521375,0,2025-10-09T17:30:00+00:00,-0.006292086018391152,0.006292086018391152,0.005844253976030448,16.45393804641408,16.809249533719523,240.0,0.0,1.791759469228055,1.3862943611198906,0.6931471805599453,0.0,0.0,0.0,0.0,0.0,4.0943445622221,3.5263605246161616,1.9459101490553132,1.6094379124341003,1.9459101490553132,1.791759469228055,0.0,1.3862943611198906,2025-10-09T17:29:00+00:00,train,0.14363636363636365,0.005064144539958312,0.0031743182979321327,0.06513815676015211,0.00391684015695082,0.00391684015695082,0.06654518753013522,0.003884287025397294,0.003884287025397294,0.057639712321268945,0.002984526001626822,0.002984526001626822
2025-10-09T18:30:00+00:00,2025-10-09T19:30:00+00:00,2025-10-09,2025-10-09T14:30:00-04:00,0.0010647509655672405,0.0010647509655672405,0,2025-10-09T18:30:00+00:00,-0.0007006150714521375,0.0007006150714521375,0.005741990042616378,16.35617013899375,16.799477971151695,300.0,0.0,1.6094379124341003,1.3862943611198906,0.0,0.0,0.6931471805599453,0.0,0.0,0.0,4.143134726391533,3.58351893845611,1.9459101490553132,1.6094379124341003,2.0794415416798357,1.791759469228055,0.0,1.3862943611198906,2025-10-09T18:01:05+00:00,train,0.14363636363636365,0.005064144539958312,0.0031743182979321327,0.030288817431261352,0.0020013171163089857,0.0020013171163089857,0.03148519766283059,0.0020307930560800325,0.0020307930560800325,0.024207946019200302,0.0015871286481285102,0.0015871286481285102
2025-10-10T13:30:00+00:00,2025-10-10T14:30:00+00:00,2025-10-10,2025-10-10T09:30:00-04:00,0.009009076497309865,0.009009076497309865,0,2025-10-09T20:00:00+00:00,-0.000985847795455963,0.000985847795455963,0.005653784785390643,16.30196758862384,16.8148622634647,0.0,17.5,0.6931471805599453,0.6931471805599453,0.0,0.0,0.0,0.0,0.6931471805599453,0.0,3.5553480614894135,3.044522437723423,1.3862943611198906,0.0,1.3862943611198906,1.6094379124341003,0.6931471805599453,0.6931471805599453,2025-10-10T13:02:44+00:00,train,0.14363636363636365,0.005064144539958312,0.0031743182979321327,0.22580615526671496,0.006581814611071955,0.006581814611071955,0.22657568689424382,0.006774429184499432,0.006774429184499432,0.2663963972012136,0.007518210007109748,0.007518210007109748
2025-10-10T14:30:00+00:00,2025-10-10T15:30:00+00:00,2025-10-10,2025-10-10T10:30:00-04:00,-0.03284791556081568,0.03284791556081568,1,2025-10-10T14:30:00+00:00,0.009009076497309865,0.009009076497309865,0.005907238225388279,17.649145098371385,16.898531687715312,60.0,0.0,1.0986122886681098,0.6931471805599453,0.0,0.0,0.0,0.0,0.6931471805599453,0.0,3.4965075614664802,2.995732273553991,1.3862943611198906,0.0,1.0986122886681098,1.3862943611198906,1.0986122886681098,0.6931471805599453,2025-10-10T14:17:01+00:00,train,0.14363636363636365,0.005064144539958312,0.0031743182979321327,0.2467264058893795,0.006533140534712061,0.006533140534712061,0.23545665607193958,0.00645969697654301,0.00645969697654301,0.267140115186736,0.006815652836224833,0.006815652836224833
2025-10-10T15:30:00+00:00,2025-10-10T16:30:00+00:00,2025-10-10,2025-10-10T11:30:00-04:00,0.0015884976609656931,0.0015884976609656931,0,2025-10-10T15:30:00+00:00,-0.03284791556081568,0.03284791556081568,0.009596696263725597,17.765139666071157,16.990343534008655,120.0,0.0,1.0986122886681098,0.0,0.0,0.6931471805599453,0.0,0.0,0.0,0.0,3.4657359027997265,2.8903717578961645,1.3862943611198906,0.6931471805599453,1.0986122886681098,1.3862943611198906,1.0986122886681098,0.6931471805599453,2025-10-10T15:11:00+00:00,train,0.14363636363636365,0.005064144539958312,0.0031743182979321327,0.5910869585250036,0.011767637321045557,0.011767637321045557,0.5777617229314955,0.011647114636273097,0.011647114636273097,0.48342966457306,0.010886928009684937,0.010886928009684937
2025-10-10T16:30:00+00:00,2025-10-10T17:30:00+00:00,2025-10-10,2025-10-10T12:30:00-04:00,-0.00518132457809839,0.00518132457809839,0,2025-10-10T16:30:00+00:00,0.0015884976609656931,0.0015884976609656931,0.009316907596301358,17.556529228572746,17.001906421597422,180.0,0.0,1.3862943611198906,1.0986122886681098,0.6931471805599453,0.0,0.0,0.6931471805599453,1.0986122886681098,0.0,3.367295829986474,2.8903717578961645,1.3862943611198906,0.6931471805599453,1.0986122886681098,1.6094379124341003,1.6094379124341003,0.0,2025-10-10T16:09:44+00:00,train,0.14363636363636365,0.005064144539958312,0.0031743182979321327,0.11487024590267482,0.00476800080150752,0.00476800080150752,0.10143694690053663,0.00438811865721467,0.00438811865721467,0.13427083985066893,0.004833131557448769,0.004833131557448769
2025-10-10T17:30:00+00:00,2025-10-10T18:30:00+00:00,2025-10-10,2025-10-10T13:30:00-04:00,-0.00228537172325316,0.00228537172325316,0,2025-10-10T17:30:00+00:00,-0.00518132457809839,0.00518132457809839,0.00880840784203573,16.91334024404117,16.983555901330515,240.0,0.0,0.6931471805599453,0.6931471805599453,0.0,0.0,0.0,0.0,0.0,0.0,3.2188758248682006,2.772588722239781,1.0986122886681098,0.6931471805599453,1.0986122886681098,1.6094379124341003,1.6094379124341003,0.0,2025-10-10T17:03:16+00:00,train,0.14363636363636365,0.005064144539958312,0.0031743182979321327,0.08694617972174262,0.004593577009939748,0.004593577009939748,0.07786778412908323,0.004336334156733142,0.004336334156733142,0.07562682344159487,0.004537603918933517,0.004537603918933517
2025-10-10T18:30:00+00:00,2025-10-10T19:30:00+00:00,2025-10-10,2025-10-10T14:30:00-04:00,-0.007031788385014837,0.007031788385014837,0,2025-10-10T18:30:00+00:00,-0.00228537172325316,0.00228537172325316,0.008804337985863888,16.57374823225909,16.96860593455588,300.0,0.0,0.6931471805599453,0.6931471805599453,0.0,0.0,0.0,0.0,0.0,0.0,3.091042453358316,2.6390573296152584,1.0986122886681098,0.6931471805599453,0.6931471805599453,1.6094379124341003,1.6094379124341003,0.0,2025-10-10T18:27:00+00:00,train,0.14363636363636365,0.005064144539958312,0.0031743182979321327,0.04663033934427313,0.0032059115889653683,0.0032059115889653683,0.04005916225429935,0.0028090193405442385,0.0028090193405442385,0.04082949473654566,0.002992450960771671,0.002992450960771671
2025-10-13T13:30:00+00:00,2025-10-13T14:30:00+00:00,2025-10-13,2025-10-13T09:30:00-04:00,0.0027931219402663743,0.0027931219402663743,0,2025-10-10T20:00:00+00:00,-0.01759467230722933,0.01759467230722933,0.00887666744858813,17.3943629025668,16.97938625609674,0.0,65.5,1.0986122886681098,0.6931471805599453,0.0,0.0,0.0,0.0,0.0,0.0,3.367295829986474,2.833213344056216,1.791759469228055,0.6931471805599453,1.0986122886681098,1.6094379124341003,1.3862943611198906,1.0986122886681098,2025-10-13T13:25:39+00:00,train,0.14363636363636365,0.005064144539958312,0.0031743182979321327,0.5997419288727038,0.012353163929038832,0.012353163929038832,0.5988850821292251,0.012416943322194996,0.012416943322194996,0.522434628442739,0.010725378322056067,0.010725378322056067
2025-10-13T14:30:00+00:00,2025-10-13T15:30:00+00:00,2025-10-13,2025-10-13T10:30:00-04:00,-0.001193666331647747,0.001193666331647747,0,2025-10-13T14:30:00+00:00,0.0027931219402663743,0.0027931219402663743,0.00891846198525284,17.79428907518909,17.069470735722923,60.0,0.0,1.3862943611198906,1.0986122886681098,0.6931471805599453,0.0,0.6931471805599453,0.6931471805599453,0.6931471805599453,0.0,3.4339872044851463,2.8903717578961645,1.9459101490553132,0.6931471805599453,1.3862943611198906,1.791759469228055,1.6094379124341003,1.0986122886681098,2025-10-13T14:21:58+00:00,train,0.14363636363636365,0.005064144539958312,0.0031743182979321327,0.2584666614131891,0.006529270936566076,0.006529270936566076,0.23711587766453568,0.0062787281906781746,0.0062787281906781746,0.19383852772961788,0.005279784644681503,0.005279784644681503
2025-10-13T15:30:00+00:00,2025-10-13T16:30:00+00:00,2025-10-13,2025-10-13T11:30:00-04:00,0.0008062164572866237,0.0008062164572866237,0,2025-10-13T15:30:00+00:00,-0.001193666331647747,0.001193666331647747,0.00891736529766268,17.00209432143904,17.100424088381303,120.0,0.0,1.3862943611198906,1.3862943611198906,0.0,0.0,0.0,0.0,0.0,0.0,3.4965075614664802,2.995732273553991,1.9459101490553132,0.6931471805599453,1.3862943611198906,1.791759469228055,1.6094379124341003,1.0986122886681098,2025-10-13T15:04:28+00:00,train,0.14363636363636365,0.005064144539958312,0.0031743182979321327,0.1668789278305359,0.0055754297665959185,0.0055754297665959185,0.15280643570951602,0.0053187778336698755,0.0053187778336698755,0.12444736249361874,0.004106476521208734,0.004106476521208734
2025-10-13T16:30:00+00:00,2025-10-13T17:30:00+00:00,2025-10-13,2025-10-13T12:30:00-04:00,0.0006851926475694992,0.0006851926475694992,0,2025-10-13T16:30:00+00:00,0.0008062164572866237,0.0008062164572866237,0.008302414127104698,16.439828436460672,17.038613183312126,180.0,0.0,1.3862943611198906,0.6931471805599453,0.6931471805599453,0.0,0.6931471805599453,0.0,0.6931471805599453,0.0,3.58351893845611,3.044522437723423,2.0794415416798357,0.6931471805599453,1.6094379124341003,1.791759469228055,1.791759469228055,1.0986122886681098,2025-10-13T16:27:00+00:00,train,0.14363636363636365,0.005064144539958312,0.0031743182979321327,0.09639690757175072,0.004430183894906094,0.004430183894906094,0.08913284465412405,0.004189270292479967,0.004189270292479967,0.07123231794277855,0.0037736588088013146,0.0037736588088013146
2025-10-13T17:30:00+00:00,2025-10-13T18:30:00+00:00,2025-10-13,2025-10-13T13:30:00-04:00,-0.003314770564222358,0.003314770564222358,0,2025-10-13T17:30:00+00:00,0.0006851926475694992,0.0006851926475694992,0.008299205365824952,16.28559574383734,17.02930426873959,240.0,0.0,1.791759469228055,1.3862943611198906,0.0,0.0,0.6931471805599453,0.6931471805599453,0.0,0.0,3.713572066704308,3.1780538303479458,2.0794415416798357,0.6931471805599453,1.791759469228055,1.9459101490553132,1.791759469228055,1.0986122886681098,2025-10-13T17:00:00+00:00,train,0.14363636363636365,0.005064144539958312,0.0031743182979321327,0.06278675803389361,0.0036032883421322787,0.0036032883421322787,0.05773643368012372,0.003259679434306213,0.003259679434306213,0.02783711304502992,0.0011798515512293013,0.0011798515512293013
2025-10-13T18:30:00+00:00,2025-10-13T19:30:00+00:00,2025-10-13,2025-10-13T14:30:00-04:00,-0.0006513556145887334,0.0006513556145887334,0,2025-10-13T18:30:00+00:00,-0.003314770564222358,0.003314770564222358,0.008305191442010256,16.156989291398382,17.026345604243332,300.0,0.0,1.0986122886681098,0.6931471805599453,0.0,0.0,0.0,0.6931471805599453,0.6931471805599453,0.6931471805599453,3.7376696182833684,3.2188758248682006,2.0794415416798357,0.6931471805599453,1.791759469228055,2.0794415416798357,1.9459101490553132,1.3862943611198906,2025-10-13T18:16:57+00:00,train,0.14363636363636365,0.005064144539958312,0.0031743182979321327,0.04832042714668952,0.0033508104868573262,0.0033508104868573262,0.04697030509787823,0.0032580872910121655,0.0032580872910121655,0.04622298796162033,0.002963541214154678,0.002963541214154678
2025-10-14T13:30:00+00:00,2025-10-14T14:30:00+00:00,2025-10-14,2025-10-14T09:30:00-04:00,-0.012961382661992427,0.012961382661992427,1,2025-10-13T20:00:00+00:00,0.0027689257934548905,0.0027689257934548905,0.008301350226190834,16.42315314271288,17.029173664190967,0.0,17.5,1.0986122886681098,1.0986122886681098,0.0,0.0,0.6931471805599453,0.6931471805599453,0.0,0.0,3.8066624897703196,3.5263605246161616,1.6094379124341003,0.0,1.9459101490553132,2.302585092994046,1.6094379124341003,0.6931471805599453,2025-10-14T13:00:00+00:00,train,0.14363636363636365,0.005064144539958312,0.0031743182979321327,0.30779263977321863,0.007644684318926416,0.007644684318926416,0.3127624804414561,0.007831603915756465,0.007831603915756465,0.21409131939702727,0.0073322080254058265,0.0073322080254058265
2025-10-14T14:30:00+00:00,2025-10-14T15:30:00+00:00,2025-10-14,2025-10-14T10:30:00-04:00,-0.004550947520743809,0.004550947520743809,0,2025-10-14T14:30:00+00:00,-0.012961382661992427,0.012961382661992427,0.008638113090677845,17.93736559626603,17.127201005869154,60.0,0.0,1.3862943611198906,1.0986122886681098,0.0,0.0,0.6931471805599453,0.0,0.0,0.0,3.8066624897703196,3.5263605246161616,1.3862943611198906,0.0,1.9459101490553132,2.1972245773362196,1.3862943611198906,0.6931471805599453,2025-10-14T14:29:19+00:00,train,0.14363636363636365,0.005064144539958312,0.0031743182979321327,0.4190929613057771,0.00866550227823303,0.00866550227823303,0.41697056594692894,0.008709404112639114,0.008709404112639114,0.31659883473058664,0.008527528931336063,0.008527528931336063
2025-10-14T15:30:00+00:00,2025-10-14T16:30:00+00:00,2025-10-14,2025-10-14T11:30:00-04:00,0.010334308340496756,0.010334308340496756,1,2025-10-14T15:30:00+00:00,-0.004550947520743809,0.004550947520743809,0.008616652743573223,17.029143020402053,17.154788373585685,120.0,0.0,0.6931471805599453,0.6931471805599453,0.0,0.0,0.0,0.0,0.0,0.0,3.7612001156935624,3.4657359027997265,1.3862943611198906,0.0,1.9459101490553132,2.1972245773362196,1.3862943611198906,0.6931471805599453,2025-10-14T15:27:47+00:00,train,0.14363636363636365,0.005064144539958312,0.0031743182979321327,0.2035411459856638,0.006231522598612316,0.006231522598612316,0.20654961974073416,0.006441720424645233,0.006441720424645233,0.17506669069092043,0.006612428295873819,0.006612428295873819
2025-10-14T16:30:00+00:00,2025-10-14T17:30:00+00:00,2025-10-14,2025-10-14T12:30:00-04:00,-0.001172025376304342,0.001172025376304342,0,2025-10-14T16:30:00+00:00,0.010334308340496756,0.010334308340496756,0.008824612704446533,16.882127346053156,17.066688153674246,180.0,0.0,1.791759469228055,1.6094379124341003,0.6931471805599453,0.6931471805599453,0.6931471805599453,1.0986122886681098,0.0,0.0,3.8066624897703196,3.5553480614894135,1.3862943611198906,0.6931471805599453,1.9459101490553132,2.3978952727983707,1.0986122886681098,0.6931471805599453,2025-10-14T16:08:44+00:00,train,0.14363636363636365,0.005064144539958312,0.0031743182979321327,0.15433694802855902,0.005962034646958835,0.005962034646958835,0.14670280223331703,0.005718353513266875,0.005718353513266875,0.10173796691429766,0.005470078416237003,0.005470078416237003
2025-10-14T17:30:00+00:00,2025-10-14T18:30:00+00:00,2025-10-14,2025-10-14T13:30:00-04:00,-0.005730519435906856,0.005730519435906856,0,2025-10-14T17:30:00+00:00,-0.001172025376304342,0.001172025376304342,0.00880468625776549,16.82132087698785,17.050460054442567,240.0,0.0,1.9459101490553132,1.6094379124341003,0.6931471805599453,0.6931471805599453,0.0,0.6931471805599453,1.0986122886681098,0.0,3.828641396489095,3.58351893845611,1.6094379124341003,1.0986122886681098,1.791759469228055,2.3978952727983707,1.6094379124341003,0.6931471805599453,2025-10-14T17:07:00+00:00,train,0.14363636363636365,0.005064144539958312,0.0031743182979321327,0.07257728782897711,0.0038946500741202047,0.0038946500741202047,0.06785700296636413,0.003585014728978702,0.003585014728978702,0.09707539391990054,0.00467720156816614,0.00467720156816614
2025-10-14T18:30:00+00:00,2025-10-14T19:30:00+00:00,2025-10-14,2025-10-14T14:30:00-04:00,-0.0015374373877032887,0.0015374373877032887,0,2025-10-14T18:30:00+00:00,-0.005730519435906856,0.005730519435906856,0.008798335028344161,16.68830648408046,17.05102865872976,300.0,0.0,1.3862943611198906,1.0986122886681098,0.6931471805599453,0.0,0.0,0.0,0.0,0.0,3.8501476017100584,3.6109179126442243,1.791759469228055,1.0986122886681098,1.791759469228055,2.302585092994046,1.3862943611198906,0.0,2025-10-14T18:18:00+00:00,train,0.14363636363636365,0.005064144539958312,0.0031743182979321327,0.062050188494382645,0.003983251573210994,0.003983251573210994,0.06077339687498396,0.003871765350162335,0.003871765350162335,0.05623543325877378,0.0042068725714884125,0.0042068725714884125
2025-10-15T13:30:00+00:00,2025-10-15T14:30:00+00:00,2025-10-15,2025-10-15T09:30:00-04:00,-0.013363410638259077,0.013363410638259077,1,2025-10-14T20:00:00+00:00,-0.010038641909358659,0.010038641909358659,0.008765508354533248,17.09890035366869,17.04991134847563,0.0,17.5,1.791759469228055,1.6094379124341003,0.0,0.0,0.6931471805599453,0.0,0.0,0.0,3.5263605246161616,3.2188758248682006,1.6094379124341003,1.3862943611198906,1.6094379124341003,1.9459101490553132,1.791759469228055,0.0,2025-10-15T13:23:24+00:00,train,0.14363636363636365,0.005064144539958312,0.0031743182979321327,0.4529883401009465,0.009357051669154452,0.009357051669154452,0.4309725342191368,0.00910383074312755,0.00910383074312755,0.3861686457685326,0.009097560630405198,0.009097560630405198
2025-10-15T14:30:00+00:00,2025-10-15T15:30:00+00:00,2025-10-15,2025-10-15T10:30:00-04:00,-0.0036129325263243306,0.0036129325263243306,0,2025-10-15T14:30:00+00:00,-0.013363410638259077,0.013363410638259077,0.00906979627833543,17.7842316346243,17.126148139879255,60.0,0.0,2.0794415416798357,1.791759469228055,1.0986122886681098,1.0986122886681098,0.0,0.0,0.0,0.0,3.6375861597263857,3.332204510175204,1.9459101490553132,1.791759469228055,1.3862943611198906,1.9459101490553132,1.791759469228055,0.0,2025-10-15T14:26:04+00:00,train,0.14363636363636365,0.005064144539958312,0.0031743182979321327,0.42597952108404974,0.008830316597324838,0.008830316597324838,0.4003633984059376,0.008476432023372137,0.008476432023372137,0.4485550297368341,0.009408118408804348,0.009408118408804348
2025-10-15T15:30:00+00:00,2025-10-15T16:30:00+00:00,2025-10-15,2025-10-15T11:30:00-04:00,-0.005612271589472528,0.005612271589472528,0,2025-10-15T15:30:00+00:00,-0.0036129325263243306,0.0036129325263243306,0.00901206953197082,17.156838784456525,17.14836852958703,120.0,0.0,2.1972245773362196,1.3862943611198906,0.6931471805599453,1.3862943611198906,0.0,0.6931471805599453,0.6931471805599453,0.0,3.8066624897703196,3.4011973816621555,2.0794415416798357,2.1972245773362196,1.3862943611198906,2.0794415416798357,1.9459101490553132,0.0,2025-10-15T15:24:00+00:00,train,0.14363636363636365,0.005064144539958312,0.0031743182979321327,0.19935233660450039,0.006133748177643478,0.006133748177643478,0.1855433963284933,0.005793166766978309,0.005793166766978309,0.2372301401919861,0.007060361844380433,0.007060361844380433
2025-10-15T16:30:00+00:00,2025-10-15T17:30:00+00:00,2025-10-15,2025-10-15T12:30:00-04:00,-0.013891248722734062,0.013891248722734062,1,2025-10-15T16:30:00+00:00,-0.005612271589472528,0.005612271589472528,0.008522745641496809,17.210068681782683,17.118612232340148,180.0,0.0,2.0794415416798357,1.9459101490553132,0.6931471805599453,0.0,0.6931471805599453,0.0,0.0,0.0,3.8501476017100584,3.4657359027997265,2.0794415416798357,2.0794415416798357,1.3862943611198906,1.791759469228055,1.9459101490553132,0.0,2025-10-15T16:13:45+00:00,train,0.14363636363636365,0.005064144539958312,0.0031743182979321327,0.14844295006934533,0.005588995767202287,0.005588995767202287,0.1401029009283846,0.005299013279899723,0.005299013279899723,0.144468348357557,0.0055024124992209605,0.0055024124992209605
2025-10-15T17:30:00+00:00,2025-10-15T18:30:00+00:00,2025-10-15,2025-10-15T13:30:00-04:00,0.009063385378897282,0.009063385378897282,0,2025-10-15T17:30:00+00:00,-0.013891248722734062,0.013891248722734062,0.005789955437676481,17.11483422688872,17.071904649568957,240.0,0.0,1.3862943611198906,0.6931471805599453,0.6931471805599453,0.0,0.0,0.0,0.0,0.0,3.784189633918261,3.367295829986474,2.0794415416798357,1.9459101490553132,1.3862943611198906,1.6094379124341003,1.6094379124341003,0.0,2025-10-15T17:26:05+00:00,train,0.14363636363636365,0.005064144539958312,0.0031743182979321327,0.13305147264013545,0.005742963974954779,0.005742963974954779,0.13154465900608084,0.005677710869535628,0.005677710869535628,0.1279060497245599,0.005638224151683353,0.005638224151683353
2025-10-15T18:30:00+00:00,2025-10-15T19:30:00+00:00,2025-10-15,2025-10-15T14:30:00-04:00,0.0020301203975710003,0.0020301203975710003,0,2025-10-15T18:30:00+00:00,0.009063385378897282,0.009063385378897282,0.006337120869137173,16.75006787391987,17.02592621229871,300.0,0.0,0.6931471805599453,0.6931471805599453,0.0,0.0,0.0,0.0,0.0,0.0,3.7376696182833684,3.332204510175204,1.9459101490553132,1.9459101490553132,1.3862943611198906,1.6094379124341003,1.6094379124341003,0.0,2025-10-15T18:02:22+00:00,train,0.14363636363636365,0.005064144539958312,0.0031743182979321327,0.05669374106344711,0.0035957839310331347,0.0035957839310331347,0.05731458135524259,0.003684101344064073,0.003684101344064073,0.06798075691989573,0.004340290879591985,0.004340290879591985
2025-10-16T13:30:00+00:00,2025-10-16T14:30:00+00:00,2025-10-16,2025-10-16T09:30:00-04:00,0.0012075372839068788,0.0012075372839068788,0,2025-10-15T20:00:00+00:00,-0.0016651110329506391,0.0016651110329506391,0.006406488106227379,16.806826845388326,17.00883062448896,0.0,17.5,1.6094379124341003,0.6931471805599453,0.6931471805599453,1.0986122886681098,0.0,0.6931471805599453,0.0,0.0,4.143134726391533,3.5263605246161616,2.302585092994046,2.5649493574615367,1.3862943611198906,2.3978952727983707,0.6931471805599453,1.0986122886681098,2025-10-16T13:08:05+00:00,train,0.14363636363636365,0.005064144539958312,0.0031743182979321327,0.2876608151831808,0.007147230500405508,0.007147230500405508,0.303487968436449,0.007416714829604834,0.007416714829604834,0.28180730161515444,0.00723525343919902,0.00723525343919902
2025-10-16T14:30:00+00:00,2025-10-16T15:30:00+00:00,2025-10-16,2025-10-16T10:30:00-04:00,-0.0005405234947462034,0.0005405234947462034,0,2025-10-16T14:30:00+00:00,0.0012075372839068788,0.0012075372839068788,0.006461735466411095,17.551717988724683,17.06112689314569,60.0,0.0,1.791759469228055,0.6931471805599453,0.0,0.6931471805599453,0.0,0.6931471805599453,0.0,0.0,4.110873864173311,3.4011973816621555,2.0794415416798357,2.4849066497880004,1.3862943611198906,2.4849066497880004,0.6931471805599453,1.0986122886681098,2025-10-16T14:15:01+00:00,train,0.14363636363636365,0.005064144539958312,0.0031743182979321327,0.2146093428289065,0.005741467319718447,0.005741467319718447,0.21951696508258114,0.005844861021820333,0.005844861021820333,0.1714026711762997,0.0048075217605967335,0.0048075217605967335
2025-10-16T15:30:00+00:00,2025-10-16T16:30:00+00:00,2025-10-16,2025-10-16T11:30:00-04:00,-0.007445587954559074,0.007445587954559074,0,2025-10-16T15:30:00+00:00,-0.0005405234947462034,0.0005405234947462034,0.006378548010511956,16.924125256551676,17.070630827057403,120.0,0.0,1.3862943611198906,1.0986122886681098,0.0,0.0,1.0986122886681098,0.0,0.0,0.0,4.02535169073515,3.367295829986474,1.9459101490553132,2.1972245773362196,1.791759469228055,2.3978952727983707,0.0,1.0986122886681098,2025-10-16T15:04:35+00:00,train,0.14363636363636365,0.005064144539958312,0.0031743182979321327,0.1389353501041647,0.004849500359704714,0.004849500359704714,0.14312132462193164,0.004999416571818129,0.004999416571818129,0.10689802378136415,0.004658148816788708,0.004658148816788708
2025-10-16T16:30:00+00:00,2025-10-16T17:30:00+00:00,2025-10-16,2025-10-16T12:30:00-04:00,0.007515061066353024,0.007515061066353024,0,2025-10-16T16:30:00+00:00,-0.007445587954559074,0.007445587954559074,0.006379361935349105,16.823931538308198,17.004459668599612,180.0,0.0,1.0986122886681098,0.0,0.6931471805599453,1.0986122886681098,0.0,0.0,0.0,0.0,3.9318256327243257,3.1354942159291497,1.9459101490553132,2.3978952727983707,1.6094379124341003,2.3978952727983707,0.0,1.0986122886681098,2025-10-16T16:10:08+00:00,train,0.14363636363636365,0.005064144539958312,0.0031743182979321327,0.12952519847989752,0.0053123992993273006,0.0053123992993273006,0.1339317350404958,0.005475150529965764,0.005475150529965764,0.10963853083689332,0.005438544695242387,0.005438544695242387
2025-10-16T17:30:00+00:00,2025-10-16T18:30:00+00:00,2025-10-16,2025-10-16T13:30:00-04:00,-0.01088715559345399,0.01088715559345399,1,2025-10-16T17:30:00+00:00,0.007515061066353024,0.007515061066353024,0.006764052326485981,16.991191533651314,17.003918624795748,240.0,0.0,0.6931471805599453,0.6931471805599453,0.0,0.0,0.0,0.0,0.0,0.0,3.8918202981106265,3.1354942159291497,1.791759469228055,2.3978952727983707,1.6094379124341003,2.3978952727983707,0.0,1.0986122886681098,2025-10-16T17:00:06+00:00,train,0.14363636363636365,0.005064144539958312,0.0031743182979321327,0.08193963544183142,0.00424136873791764,0.00424136873791764,0.08586057595478558,0.0044781845014469635,0.0044781845014469635,0.08198729030645004,0.0037974133162085063,0.0037974133162085063
2025-10-16T18:30:00+00:00,2025-10-16T19:30:00+00:00,2025-10-16,2025-10-16T14:30:00-04:00,0.002467008196876952,0.002467008196876952,0,2025-10-16T18:30:00+00:00,-0.01088715559345399,0.01088715559345399,0.0069975882879653555,16.780122993494114,17.015382711485973,300.0,0.0,0.6931471805599453,0.6931471805599453,0.0,0.0,0.0,0.0,0.0,0.0,3.8918202981106265,3.1354942159291497,1.791759469228055,2.3978952727983707,1.6094379124341003,2.3978952727983707,0.0,1.0986122886681098,2025-10-16T18:03:00+00:00,train,0.14363636363636365,0.005064144539958312,0.0031743182979321327,0.07455497019234211,0.0045481113077750395,0.0045481113077750395,0.07844885888489113,0.004763913494313414,0.004763913494313414,0.07151844505083892,0.0038756174749286654,0.0038756174749286654
2025-10-17T13:30:00+00:00,2025-10-17T14:30:00+00:00,2025-10-17,2025-10-17T09:30:00-04:00,0.01901477903558102,0.01901477903558102,1,2025-10-16T20:00:00+00:00,0.005591822842086147,0.005591822842086147,0.007054360267760381,16.452391807347706,17.02927371338326,0.0,17.5,1.9459101490553132,1.3862943611198906,1.0986122886681098,0.0,0.6931471805599453,0.0,0.6931471805599453,0.6931471805599453,3.784189633918261,3.1780538303479458,1.3862943611198906,1.6094379124341003,2.302585092994046,1.3862943611198906,1.6094379124341003,0.6931471805599453,2025-10-17T13:26:41+00:00,train,0.14363636363636365,0.005064144539958312,0.0031743182979321327,0.32118569453529944,0.007775596421671424,0.007775596421671424,0.3121886502521733,0.007631642716326235,0.007631642716326235,0.3917534672025826,0.009132073976195807,0.009132073976195807
2025-10-17T14:30:00+00:00,2025-10-17T15:30:00+00:00,2025-10-17,2025-10-17T10:30:00-04:00,-0.013138393587845187,0.013138393587845187,1,2025-10-17T14:30:00+00:00,0.01901477903558102,0.01901477903558102,0.008549342841605401,17.770897853139836,17.10999373592401,60.0,0.0,1.3862943611198906,1.0986122886681098,0.6931471805599453,0.6931471805599453,0.0,0.0,0.0,0.0,3.7376696182833684,3.2188758248682006,1.6094379124341003,1.6094379124341003,2.302585092994046,1.0986122886681098,1.6094379124341003,0.6931471805599453,2025-10-17T13:59:00+00:00,train,0.14363636363636365,0.005064144539958312,0.0031743182979321327,0.4225629343005476,0.008817116847010531,0.008817116847010531,0.4147792453812676,0.008767999055907154,0.008767999055907154,0.4172638909611391,0.009080005718750882,0.009080005718750882
2025-10-17T15:30:00+00:00,2025-10-17T16:30:00+00:00,2025-10-17,2025-10-17T11:30:00-04:00,0.009674922339447,0.009674922339447,0,2025-10-17T15:30:00+00:00,-0.013138393587845187,0.013138393587845187,0.008930327900542007,17.112429985935037,17.140183464181632,120.0,0.0,1.9459101490553132,0.6931471805599453,0.6931471805599453,0.0,0.6931471805599453,0.6931471805599453,1.0986122886681098,0.0,3.8066624897703196,3.1780538303479458,1.791759469228055,1.6094379124341003,2.1972245773362196,1.3862943611198906,1.9459101490553132,0.6931471805599453,2025-10-17T15:08:56+00:00,train,0.14363636363636365,0.005064144539958312,0.0031743182979321327,0.3052556008419988,0.007953663052556181,0.007953663052556181,0.29294603940349684,0.007720911652532128,0.007720911652532128,0.24580710892960633,0.007026839003584905,0.007026839003584905
2025-10-17T16:30:00+00:00,2025-10-17T17:30:00+00:00,2025-10-17,2025-10-17T12:30:00-04:00,-0.0014236913469912738,0.0014236913469912738,0,2025-10-17T16:30:00+00:00,0.009674922339447,0.009674922339447,0.008921177244625206,16.840589766657367,17.06340181028821,180.0,0.0,1.0986122886681098,0.6931471805599453,0.6931471805599453,0.0,0.0,0.0,0.0,0.0,3.8066624897703196,3.2188758248682006,1.791759469228055,1.0986122886681098,2.1972245773362196,1.3862943611198906,1.9459101490553132,0.6931471805599453,2025-10-17T15:51:49+00:00,train,0.14363636363636365,0.005064144539958312,0.0031743182979321327,0.1501413698099676,0.005882996716655637,0.005882996716655637,0.14926711611682597,0.005905428549583673,0.005905428549583673,0.11751414015707089,0.005227713193623846,0.005227713193623846
2025-10-17T17:30:00+00:00,2025-10-17T18:30:00+00:00,2025-10-17,2025-10-17T13:30:00-04:00,0.00723807292625378,0.00723807292625378,0,2025-10-17T17:30:00+00:00,-0.0014236913469912738,0.0014236913469912738,0.008883150210002596,16.448121151962415,17.041880263437083,240.0,0.0,1.6094379124341003,1.0986122886681098,0.6931471805599453,0.0,0.0,0.0,0.0,0.0,3.871201010907891,3.258096538021482,1.9459101490553132,1.0986122886681098,2.1972245773362196,1.3862943611198906,1.9459101490553132,0.6931471805599453,2025-10-17T17:26:00+00:00,train,0.14363636363636365,0.005064144539958312,0.0031743182979321327,0.07027172277665755,0.003933341430343443,0.003933341430343443,0.06789244866744484,0.003773186687808251,0.003773186687808251,0.0489914645098708,0.002786286176599027,0.002786286176599027
2025-10-17T18:30:00+00:00,2025-10-17T19:30:00+00:00,2025-10-17,2025-10-17T14:30:00-04:00,0.00010350235866596336,0.00010350235866596336,0,2025-10-17T18:30:00+00:00,0.00723807292625378,0.00723807292625378,0.008703087011278369,16.637793559347866,17.0325989182691,300.0,0.0,0.0,0.0,0.0,0.0,0.0,0.0,0.0,0.0,3.8501476017100584,3.2188758248682006,1.9459101490553132,1.0986122886681098,2.1972245773362196,1.3862943611198906,1.9459101490553132,0.6931471805599453,2025-10-17T17:26:00+00:00,train,0.14363636363636365,0.005064144539958312,0.0031743182979321327,0.05885319803482693,0.003858233876506702,0.003858233876506702,0.06357405847681173,0.0042653426050456725,0.0042653426050456725,0.05088938391097188,0.004039746498524697,0.004039746498524697
2025-10-20T13:30:00+00:00,2025-10-20T14:30:00+00:00,2025-10-20,2025-10-20T09:30:00-04:00,0.010236482465437735,0.010236482465437735,1,2025-10-17T20:00:00+00:00,-0.0025583866067521166,0.0025583866067521166,0.008706488598012662,16.323387036389196,17.022240080257372,0.0,65.5,0.6931471805599453,0.0,0.6931471805599453,0.0,0.0,0.0,0.0,0.0,2.772588722239781,2.1972245773362196,1.6094379124341003,0.0,1.0986122886681098,0.0,0.6931471805599453,0.0,2025-10-20T13:13:38+00:00,train,0.14363636363636365,0.005064144539958312,0.0031743182979321327,0.34904104780629636,0.00940187406044925,0.00940187406044925,0.31837992403785237,0.009152361411376219,0.009152361411376219,0.2529543663564899,0.008624548958282978,0.008624548958282978
2025-10-20T14:30:00+00:00,2025-10-20T15:30:00+00:00,2025-10-20,2025-10-20T10:30:00-04:00,-0.0062452620528262726,0.0062452620528262726,0,2025-10-20T14:30:00+00:00,0.010236482465437735,0.010236482465437735,0.008972423198735813,17.497913358765327,17.065921783713275,60.0,0.0,0.0,0.0,0.0,0.0,0.0,0.0,0.0,0.0,2.70805020110221,2.1972245773362196,1.6094379124341003,0.0,1.0986122886681098,0.0,0.6931471805599453,0.0,2025-10-20T13:13:38+00:00,train,0.14363636363636365,0.005064144539958312,0.0031743182979321327,0.31917671877038295,0.007587405575130555,0.007587405575130555,0.2806216158447368,0.007333454366132076,0.007333454366132076,0.2466481960363458,0.007365572302676907,0.007365572302676907
2025-10-20T15:30:00+00:00,2025-10-20T16:30:00+00:00,2025-10-20,2025-10-20T11:30:00-04:00,0.0001632320137998633,0.0001632320137998633,0,2025-10-20T15:30:00+00:00,-0.0062452620528262726,0.0062452620528262726,0.009072075370460498,16.89698148644065,17.082006174764384,120.0,0.0,1.0986122886681098,0.6931471805599453,0.6931471805599453,0.6931471805599453,0.0,0.0,0.0,0.0,2.833213344056216,2.302585092994046,1.791759469228055,0.6931471805599453,1.0986122886681098,0.0,0.6931471805599453,0.0,2025-10-20T15:19:00+00:00,train,0.14363636363636365,0.005064144539958312,0.0031743182979321327,0.21097030215785065,0.006562647969580273,0.006562647969580273,0.17364452289670992,0.005942468457118245,0.005942468457118245,0.160988902593554,0.006244468047979691,0.006244468047979691
2025-10-20T16:30:00+00:00,2025-10-20T17:30:00+00:00,2025-10-20,2025-10-20T12:30:00-04:00,3.2624471906883556e-05,3.2624471906883556e-05,0,2025-10-20T16:30:00+00:00,0.0001632320137998633,0.0001632320137998633,0.008541967969163294,16.34571134730803,17.001915111266644,180.0,0.0,0.0,0.0,0.0,0.0,0.0,0.0,0.0,0.0,2.772588722239781,2.302585092994046,1.6094379124341003,0.6931471805599453,1.0986122886681098,0.0,0.6931471805599453,0.0,2025-10-20T15:19:00+00:00,train,0.14363636363636365,0.005064144539958312,0.0031743182979321327,0.09117713445346841,0.004340258604124137,0.004340258604124137,0.07733688777092494,0.004047971095397803,0.004047971095397803,0.07574552674173343,0.004593158544537814,0.004593158544537814
2025-10-20T17:30:00+00:00,2025-10-20T18:30:00+00:00,2025-10-20,2025-10-20T13:30:00-04:00,-0.0009569845092698426,0.0009569845092698426,0,2025-10-20T17:30:00+00:00,3.2624471906883556e-05,3.2624471906883556e-05,0.008492923705082535,16.136691962713094,16.96386992270215,240.0,0.0,0.6931471805599453,0.0,0.0,0.0,0.0,0.0,0.0,0.0,2.6390573296152584,2.0794415416798357,1.6094379124341003,0.6931471805599453,0.6931471805599453,0.0,0.6931471805599453,0.0,2025-10-20T17:18:00+00:00,train,0.14363636363636365,0.005064144539958312,0.0031743182979321327,0.05727255271427333,0.0034630936513291863,0.0034630936513291863,0.044343460169280466,0.002766592737732662,0.002766592737732662,0.03518175195254383,0.0024145324897756463,0.0024145324897756463
2025-10-20T18:30:00+00:00,2025-10-20T19:30:00+00:00,2025-10-20,2025-10-20T14:30:00-04:00,-0.0036487246041821964,0.0036487246041821964,0,2025-10-20T18:30:00+00:00,-0.0009569845092698426,0.0009569845092698426,0.008380265943442091,15.890704591740642,16.915874904426083,300.0,0.0,0.0,0.0,0.0,0.0,0.0,0.0,0.0,0.0,2.6390573296152584,2.0794415416798357,1.6094379124341003,0.6931471805599453,0.6931471805599453,0.0,0.6931471805599453,0.0,2025-10-20T17:18:00+00:00,train,0.14363636363636365,0.005064144539958312,0.0031743182979321327,0.037088906218720415,0.0027575965327235803,0.0027575965327235803,0.030047133227879653,0.002288418192098688,0.002288418192098688,0.028643951922296507,0.0024414813534875666,0.0024414813534875666
2025-10-21T13:30:00+00:00,2025-10-21T14:30:00+00:00,2025-10-21,2025-10-21T09:30:00-04:00,-0.014197402549698701,0.014197402549698701,1,2025-10-20T20:00:00+00:00,-0.0021316100532198234,0.0021316100532198234,0.007728574883773501,16.239783054640416,16.88126180671403,0.0,17.5,1.3862943611198906,0.6931471805599453,0.6931471805599453,0.6931471805599453,0.0,0.0,0.0,0.0,3.295836866004329,2.5649493574615367,1.9459101490553132,1.3862943611198906,0.0,0.0,0.0,0.0,2025-10-21T13:10:48+00:00,train,0.14363636363636365,0.005064144539958312,0.0031743182979321327,0.2700015955366863,0.007341608713725199,0.007341608713725199,0.24687845309220732,0.007056299693637479,0.007056299693637479,0.3034092770487129,0.007822058751580728,0.007822058751580728
2025-10-21T14:30:00+00:00,2025-10-21T15:30:00+00:00,2025-10-21,2025-10-21T10:30:00-04:00,0.009511889968308873,0.009511889968308873,0,2025-10-21T14:30:00+00:00,-0.014197402549698701,0.014197402549698701,0.008221126269606022,17.409781183769418,16.921413385620962,60.0,0.0,0.6931471805599453,0.0,0.0,0.0,0.0,0.0,0.0,0.0,3.332204510175204,2.5649493574615367,1.9459101490553132,1.3862943611198906,0.0,0.0,0.0,0.0,2025-10-21T13:45:00+00:00,train,0.14363636363636365,0.005064144539958312,0.0031743182979321327,0.370621043872283,0.008529899133809908,0.008529899133809908,0.35467810059303384,0.008489273671415297,0.008489273671415297,0.3769503628278994,0.008402899309489198,0.008402899309489198
2025-10-21T15:30:00+00:00,2025-10-21T16:30:00+00:00,2025-10-21,2025-10-21T11:30:00-04:00,0.0031883998646500267,0.0031883998646500267,0,2025-10-21T15:30:00+00:00,0.009511889968308873,0.009511889968308873,0.00848158909554219,16.848282562288336,16.936985200805953,120.0,0.0,1.3862943611198906,0.0,0.0,0.6931471805599453,0.0,0.0,0.0,0.0,3.367295829986474,2.4849066497880004,1.791759469228055,1.3862943611198906,0.0,0.0,0.0,0.0,2025-10-21T14:42:22+00:00,train,0.14363636363636365,0.005064144539958312,0.0031743182979321327,0.19014917976742146,0.006393584355707363,0.006393584355707363,0.17071315149161495,0.006028310427631077,0.006028310427631077,0.170535491535962,0.006171255325806705,0.006171255325806705
2025-10-21T16:30:00+00:00,2025-10-21T17:30:00+00:00,2025-10-21,2025-10-21T12:30:00-04:00,-0.005534603184955689,0.005534603184955689,0,2025-10-21T16:30:00+00:00,0.0031883998646500267,0.0031883998646500267,0.008502636158862936,16.316940608046725,16.869175095719882,180.0,0.0,1.3862943611198906,1.0986122886681098,0.0,1.0986122886681098,0.0,0.0,0.0,0.0,3.4657359027997265,2.6390573296152584,1.791759469228055,1.791759469228055,0.0,0.0,0.0,0.0,2025-10-21T16:10:26+00:00,train,0.14363636363636365,0.005064144539958312,0.0031743182979321327,0.09176667682734779,0.004594624619513213,0.004594624619513213,0.08267182394329006,0.0042568326992225205,0.0042568326992225205,0.1272847853904026,0.005551682132447809,0.005551682132447809
2025-10-21T17:30:00+00:00,2025-10-21T18:30:00+00:00,2025-10-21,2025-10-21T13:30:00-04:00,-0.0013781500452350048,0.0013781500452350048,0,2025-10-21T17:30:00+00:00,-0.005534603184955689,0.005534603184955689,0.008608499620614067,16.290851350479667,16.8440803257856,240.0,0.0,0.6931471805599453,0.6931471805599453,0.0,0.6931471805599453,0.0,0.6931471805599453,0.0,0.0,3.4657359027997265,2.70805020110221,1.791759469228055,1.9459101490553132,0.0,0.6931471805599453,0.0,0.0,2025-10-21T16:42:10+00:00,train,0.14363636363636365,0.005064144539958312,0.0031743182979321327,0.07259751636180464,0.004413985526327786,0.004413985526327786,0.06870354741924234,0.004316727993807321,0.004316727993807321,0.08969858083343282,0.004804264307029271,0.004804264307029271
2025-10-21T18:30:00+00:00,2025-10-21T19:30:00+00:00,2025-10-21,2025-10-21T14:30:00-04:00,0.000579434910355614,0.000579434910355614,0,2025-10-21T18:30:00+00:00,-0.0013781500452350048,0.0013781500452350048,0.008426779835488396,16.002470522843815,16.816244646559277,300.0,0.0,0.0,0.0,0.0,0.0,0.0,0.0,0.0,0.0,3.4657359027997265,2.70805020110221,1.791759469228055,1.9459101490553132,0.0,0.6931471805599453,0.0,0.0,2025-10-21T16:42:10+00:00,train,0.14363636363636365,0.005064144539958312,0.0031743182979321327,0.0353513563562528,0.0027283989480816127,0.0027283989480816127,0.03490102464577963,0.0028525526905814873,0.0028525526905814873,0.05063859368249539,0.0037297564927484986,0.0037297564927484986
2025-10-22T13:30:00+00:00,2025-10-22T14:30:00+00:00,2025-10-22,2025-10-22T09:30:00-04:00,-0.0040474162245074385,0.0040474162245074385,0,2025-10-21T20:00:00+00:00,-0.001075398113980608,0.001075398113980608,0.008267869274434637,15.836641345644608,16.778612914076394,0.0,17.5,1.3862943611198906,1.0986122886681098,0.0,0.0,1.0986122886681098,0.0,0.0,0.0,2.995732273553991,2.5649493574615367,1.0986122886681098,1.9459101490553132,1.3862943611198906,0.6931471805599453,0.0,0.6931471805599453,2025-10-22T13:25:32+00:00,train,0.14363636363636365,0.005064144539958312,0.0031743182979321327,0.23589060144160656,0.0071070480755590915,0.0071070480755590915,0.2020169116167912,0.006585724601383766,0.006585724601383766,0.18543511611317562,0.007020572611127252,0.007020572611127252
2025-10-22T14:30:00+00:00,2025-10-22T15:30:00+00:00,2025-10-22,2025-10-22T10:30:00-04:00,-0.008590490278040264,0.008590490278040264,0,2025-10-22T14:30:00+00:00,-0.0040474162245074385,0.0040474162245074385,0.007917418644775395,17.347331295507846,16.81612500678196,60.0,0.0,1.6094379124341003,1.0986122886681098,0.6931471805599453,0.0,0.6931471805599453,0.0,0.0,0.6931471805599453,3.1354942159291497,2.70805020110221,1.3862943611198906,1.9459101490553132,1.6094379124341003,0.6931471805599453,0.0,1.0986122886681098,2025-10-22T14:29:17+00:00,train,0.14363636363636365,0.005064144539958312,0.0031743182979321327,0.2183539226505597,0.006355517391548706,0.006355517391548706,0.18649599467543876,0.005807990432040692,0.005807990432040692,0.2074984414279465,0.006770171521304741,0.006770171521304741
2025-10-22T15:30:00+00:00,2025-10-22T16:30:00+00:00,2025-10-22,2025-10-22T11:30:00-04:00,0.0017887497771738037,0.0017887497771738037,0,2025-10-22T15:30:00+00:00,-0.008590490278040264,0.008590490278040264,0.008161180388023631,17.18714225036117,16.84176693227236,120.0,0.0,1.3862943611198906,1.3862943611198906,0.6931471805599453,0.6931471805599453,0.0,0.0,0.0,0.0,3.1354942159291497,2.8903717578961645,1.6094379124341003,1.9459101490553132,1.6094379124341003,0.6931471805599453,0.0,1.0986122886681098,2025-10-22T15:29:17+00:00,train,0.14363636363636365,0.005064144539958312,0.0031743182979321327,0.19611572313945735,0.006526632640404049,0.006526632640404049,0.1692678661494663,0.006028646928441938,0.006028646928441938,0.20849369420161004,0.006797209709382865,0.006797209709382865
2025-10-22T16:30:00+00:00,2025-10-22T17:30:00+00:00,2025-10-22,2025-10-22T12:30:00-04:00,-0.00853698676975645,0.00853698676975645,0,2025-10-22T16:30:00+00:00,0.0017887497771738037,0.0017887497771738037,0.00685679216948477,16.7699440045815,16.758297723637654,180.0,0.0,0.6931471805599453,0.0,0.0,0.0,0.0,0.0,0.0,0.0,3.044522437723423,2.772588722239781,1.6094379124341003,1.6094379124341003,1.6094379124341003,0.6931471805599453,0.0,1.0986122886681098,2025-10-22T15:58:19+00:00,train,0.14363636363636365,0.005064144539958312,0.0031743182979321327,0.0764906029568001,0.0039125908888321195,0.0039125908888321195,0.0661691275395879,0.0035723584571561765,0.0035723584571561765,0.05876588690916993,0.003668871103149878,0.003668871103149878
2025-10-22T17:30:00+00:00,2025-10-22T18:30:00+00:00,2025-10-22,2025-10-22T13:30:00-04:00,0.00014075391886736455,0.00014075391886736455,0,2025-10-22T17:30:00+00:00,-0.00853698676975645,0.00853698676975645,0.006489501565850812,16.79993240915983,16.73899103944208,240.0,0.0,0.6931471805599453,0.0,0.0,0.0,0.0,0.0,0.0,0.0,3.044522437723423,2.70805020110221,1.6094379124341003,1.3862943611198906,1.6094379124341003,0.0,0.0,1.0986122886681098,2025-10-22T17:07:00+00:00,train,0.14363636363636365,0.005064144539958312,0.0031743182979321327,0.07499212870109176,0.004421044027450299,0.004421044027450299,0.06530381373872322,0.0040628469784074195,0.0040628469784074195,0.05736629060478517,0.0039748774984225905,0.0039748774984225905
2025-10-22T18:30:00+00:00,2025-10-22T19:30:00+00:00,2025-10-22,2025-10-22T14:30:00-04:00,0.010055137391786984,0.010055137391786984,1,2025-10-22T18:30:00+00:00,0.00014075391886736455,0.00014075391886736455,0.006028651872000713,16.691323515639308,16.731287016319467,300.0,0.0,0.6931471805599453,0.6931471805599453,0.6931471805599453,0.0,0.0,0.6931471805599453,0.0,0.0,3.091042453358316,2.772588722239781,1.791759469228055,1.3862943611198906,1.6094379124341003,0.6931471805599453,0.0,1.0986122886681098,2025-10-22T17:53:57+00:00,train,0.14363636363636365,0.005064144539958312,0.0031743182979321327,0.02906997043628798,0.0018768497075959665,0.0018768497075959665,0.02516873150782848,0.0015091563724544095,0.0015091563724544095,0.021683698391285686,0.0009515111093787026,0.0009515111093787026
2025-10-23T13:30:00+00:00,2025-10-23T14:30:00+00:00,2025-10-23,2025-10-23T09:30:00-04:00,0.006681044400770775,0.006681044400770775,0,2025-10-22T20:00:00+00:00,0.00451302416913002,0.00451302416913002,0.006520438772139603,16.238846190328093,16.73496335026742,0.0,17.5,0.6931471805599453,0.0,0.0,0.6931471805599453,0.0,0.0,0.0,0.0,3.1354942159291497,2.5649493574615367,1.791759469228055,1.6094379124341003,0.6931471805599453,1.3862943611198906,0.6931471805599453,0.6931471805599453,2025-10-23T13:00:02+00:00,train,0.14363636363636365,0.005064144539958312,0.0031743182979321327,0.2451193266593915,0.007121837863445021,0.007121837863445021,0.22689345301911917,0.006992534812914318,0.006992534812914318,0.2192761539143172,0.007202784397524047,0.007202784397524047
2025-10-23T14:30:00+00:00,2025-10-23T15:30:00+00:00,2025-10-23,2025-10-23T10:30:00-04:00,0.0022854569993833174,0.0022854569993833174,0,2025-10-23T14:30:00+00:00,0.006681044400770775,0.006681044400770775,0.006486727264486763,17.273835977079095,16.774504754671604,60.0,0.0,1.3862943611198906,1.3862943611198906,0.0,0.6931471805599453,0.0,0.6931471805599453,0.0,0.0,3.091042453358316,2.6390573296152584,1.6094379124341003,1.791759469228055,0.0,1.6094379124341003,0.6931471805599453,0.0,2025-10-23T14:22:20+00:00,train,0.14363636363636365,0.005064144539958312,0.0031743182979321327,0.205799441189059,0.006153967685324361,0.006153967685324361,0.17688193944090944,0.005661971420887043,0.005661971420887043,0.21310913108540813,0.005887383007411436,0.005887383007411436
2025-10-23T15:30:00+00:00,2025-10-23T16:30:00+00:00,2025-10-23,2025-10-23T11:30:00-04:00,-0.0009889707460508657,0.0009889707460508657,0,2025-10-23T15:30:00+00:00,0.0022854569993833174,0.0022854569993833174,0.006516272579691535,16.605636475699225,16.777674165809213,120.0,0.0,0.6931471805599453,0.0,0.0,0.6931471805599453,0.0,0.0,0.0,0.0,2.995732273553991,2.3978952727983707,1.3862943611198906,1.791759469228055,0.0,1.6094379124341003,0.6931471805599453,0.0,2025-10-23T15:09:22+00:00,train,0.14363636363636365,0.005064144539958312,0.0031743182979321327,0.11323017936682891,0.004716266874806064,0.004716266874806064,0.09776628402703366,0.004375733353824745,0.004375733353824745,0.11103790839312165,0.005203519513986429,0.005203519513986429
2025-10-23T16:30:00+00:00,2025-10-23T17:30:00+00:00,2025-10-23,2025-10-23T12:30:00-04:00,-0.00019251820866439395,0.00019251820866439395,0,2025-10-23T16:30:00+00:00,-0.0009889707460508657,0.0009889707460508657,0.006013822632516603,16.174352063673094,16.699283709531123,180.0,0.0,0.6931471805599453,0.6931471805599453,0.0,0.0,0.0,0.0,0.0,0.0,2.995732273553991,2.4849066497880004,1.3862943611198906,1.791759469228055,0.0,1.6094379124341003,0.6931471805599453,0.0,2025-10-23T15:57:42+00:00,train,0.14363636363636365,0.005064144539958312,0.0031743182979321327,0.06383724452568514,0.0035625966683482356,0.0035625966683482356,0.05461400887178038,0.0031838090377077945,0.0031838090377077945,0.07090225041330112,0.0036277703133702514,0.0036277703133702514
2025-10-23T17:30:00+00:00,2025-10-23T18:30:00+00:00,2025-10-23,2025-10-23T13:30:00-04:00,0.00511611805927803,0.00511611805927803,0,2025-10-23T17:30:00+00:00,-0.00019251820866439395,0.00019251820866439395,0.005886112231275996,16.03833876909936,16.66354093559785,240.0,0.0,0.6931471805599453,0.0,0.0,0.0,0.0,0.0,0.0,0.0,2.995732273553991,2.4849066497880004,1.3862943611198906,1.791759469228055,0.0,1.6094379124341003,0.6931471805599453,0.0,2025-10-23T17:21:11+00:00,train,0.14363636363636365,0.005064144539958312,0.0031743182979321327,0.03830112137219782,0.0025382694596170277,0.0025382694596170277,0.032526190809085066,0.002120491019427115,0.002120491019427115,0.03519855448736986,0.0024046177035148748,0.0024046177035148748
2025-10-23T18:30:00+00:00,2025-10-23T19:30:00+00:00,2025-10-23,2025-10-23T14:30:00-04:00,0.00041046984558223976,0.00041046984558223976,0,2025-10-23T18:30:00+00:00,0.00511611805927803,0.00511611805927803,0.006026083498671689,16.150608725812706,16.657070577291613,300.0,0.0,0.6931471805599453,0.6931471805599453,0.0,0.0,0.0,0.6931471805599453,0.0,0.0,2.995732273553991,2.4849066497880004,1.0986122886681098,1.791759469228055,0.0,1.6094379124341003,0.6931471805599453,0.0,2025-10-23T18:03:45+00:00,train,0.14363636363636365,0.005064144539958312,0.0031743182979321327,0.03162184354731853,0.0024694457425751925,0.0024694457425751925,0.026793835916463657,0.0020108345220177766,0.0020108345220177766,0.031049875558112148,0.0018713161807006862,0.0018713161807006862
2025-10-24T13:30:00+00:00,2025-10-24T14:30:00+00:00,2025-10-24,2025-10-24T09:30:00-04:00,0.004242928445673755,0.004242928445673755,0,2025-10-23T20:00:00+00:00,-0.0032005181067730204,0.0032005181067730204,0.006028217395536015,15.965364662891641,16.655454915484288,0.0,17.5,0.6931471805599453,0.6931471805599453,0.0,0.0,0.0,0.0,0.0,0.0,2.5649493574615367,2.0794415416798357,0.0,1.0986122886681098,0.6931471805599453,1.0986122886681098,0.0,0.0,2025-10-24T12:58:45+00:00,train,0.14363636363636365,0.005064144539958312,0.0031743182979321327,0.22011009163439524,0.00687742682681633,0.00687742682681633,0.18195609165690738,0.006345714216580559,0.006345714216580559,0.21664593069988686,0.0071557301968995365,0.0071557301968995365
2025-10-24T14:30:00+00:00,2025-10-24T15:30:00+00:00,2025-10-24,2025-10-24T10:30:00-04:00,0.0031960797312207134,0.0031960797312207134,0,2025-10-24T14:30:00+00:00,0.004242928445673755,0.004242928445673755,0.006115153660555172,17.437548948790525,16.737983530679607,60.0,0.0,1.0986122886681098,0.0,0.0,0.0,0.6931471805599453,0.6931471805599453,0.0,0.0,2.4849066497880004,1.6094379124341003,0.0,0.6931471805599453,1.0986122886681098,1.0986122886681098,0.0,0.0,2025-10-24T14:28:56+00:00,train,0.14363636363636365,0.005064144539958312,0.0031743182979321327,0.18341012898008538,0.0056848352723609386,0.0056848352723609386,0.14110721101252896,0.0048808267031807346,0.0048808267031807346,0.06805455798495401,0.003445475115658834,0.003445475115658834
2025-10-24T15:30:00+00:00,2025-10-24T16:30:00+00:00,2025-10-24,2025-10-24T11:30:00-04:00,-0.0005400189113731191,0.0005400189113731191,0,2025-10-24T15:30:00+00:00,0.0031960797312207134,0.0031960797312207134,0.006100898218562215,16.610169493895526,16.74967606101911,120.0,0.0,1.0986122886681098,0.6931471805599453,0.0,0.0,0.0,0.0,0.0,0.0,2.5649493574615367,1.791759469228055,0.0,0.0,1.0986122886681098,1.0986122886681098,0.0,0.0,2025-10-24T15:18:00+00:00,train,0.14363636363636365,0.005064144539958312,0.0031743182979321327,0.11250752968692489,0.004719896049977386,0.004719896049977386,0.0859176774311247,0.0039174784222037115,0.0039174784222037115,0.06150904033844665,0.003231838894009816,0.003231838894009816
2025-10-24T16:30:00+00:00,2025-10-24T17:30:00+00:00,2025-10-24,2025-10-24T12:30:00-04:00,-0.00048623015652538015,0.00048623015652538015,0,2025-10-24T16:30:00+00:00,-0.0005400189113731191,0.0005400189113731191,0.005086117820422965,16.21487475137032,16.679832288301863,180.0,0.0,0.0,0.0,0.0,0.0,0.0,0.0,0.0,0.0,2.4849066497880004,1.6094379124341003,0.0,0.0,1.0986122886681098,1.0986122886681098,0.0,0.0,2025-10-24T15:18:00+00:00,train,0.14363636363636365,0.005064144539958312,0.0031743182979321327,0.05859594843690415,0.003248705880261089,0.003248705880261089,0.04692966823048016,0.0027829252383784232,0.0027829252383784232,0.03461927408308562,0.0024986815397351598,0.0024986815397351598
2025-10-24T17:30:00+00:00,2025-10-24T18:30:00+00:00,2025-10-24,2025-10-24T13:30:00-04:00,0.0014323517513465944,0.0014323517513465944,0,2025-10-24T17:30:00+00:00,-0.00048623015652538015,0.00048623015652538015,0.004665943714682209,15.856332755632154,16.641892784741007,240.0,0.0,0.0,0.0,0.0,0.0,0.0,0.0,0.0,0.0,2.3978952727983707,1.6094379124341003,0.0,0.0,1.0986122886681098,1.0986122886681098,0.0,0.0,2025-10-24T15:18:00+00:00,train,0.14363636363636365,0.005064144539958312,0.0031743182979321327,0.0350728284653595,0.002291707754157614,0.002291707754157614,0.02731495024853923,0.0017229539668064055,0.0017229539668064055,0.020199419614375047,0.0015361033086968446,0.0015361033086968446
2025-10-24T18:30:00+00:00,2025-10-24T19:30:00+00:00,2025-10-24,2025-10-24T14:30:00-04:00,0.008851942310297511,0.008851942310297511,0,2025-10-24T18:30:00+00:00,0.0014323517513465944,0.0014323517513465944,0.004626461157103123,16.047576508168817,16.633325081716396,300.0,0.0,0.0,0.0,0.0,0.0,0.0,0.0,0.0,0.0,2.302585092994046,1.3862943611198906,0.0,0.0,1.0986122886681098,0.6931471805599453,0.0,0.0,2025-10-24T15:18:00+00:00,train,0.14363636363636365,0.005064144539958312,0.0031743182979321327,0.024167333943492013,0.0016007056826016883,0.0016007056826016883,0.018309741581953982,0.0009315116190252411,0.0009315116190252411,0.012789081965342437,0.00039220779256230603,0.00039220779256230603
2025-10-27T13:30:00+00:00,2025-10-27T14:30:00+00:00,2025-10-27,2025-10-27T09:30:00-04:00,-0.0005263230180820866,0.0005263230180820866,0,2025-10-24T20:00:00+00:00,-0.0034776584588190884,0.0034776584588190884,0.0047900718932401744,16.510732764374172,16.66196493371527,0.0,65.5,0.6931471805599453,0.6931471805599453,0.0,0.6931471805599453,0.0,0.0,0.0,0.0,2.772588722239781,2.1972245773362196,1.0986122886681098,0.6931471805599453,0.6931471805599453,0.0,0.6931471805599453,0.0,2025-10-27T13:15:23+00:00,train,0.14363636363636365,0.005064144539958312,0.0031743182979321327,0.25147162494614217,0.00827186796629889,0.00827186796629889,0.22987707304681398,0.00806870895565985,0.00806870895565985,0.27479262103742413,0.009058366073546589,0.009058366073546589
2025-10-27T14:30:00+00:00,2025-10-27T15:30:00+00:00,2025-10-27,2025-10-27T10:30:00-04:00,0.00550081420922055,0.00550081420922055,0,2025-10-27T14:30:00+00:00,-0.0005263230180820866,0.0005263230180820866,0.004771555484191216,17.669096094262837,16.767253477247504,60.0,0.0,2.1972245773362196,1.791759469228055,1.0986122886681098,0.6931471805599453,0.0,0.0,0.6931471805599453,0.0,3.1780538303479458,2.6390573296152584,1.6094379124341003,1.0986122886681098,0.6931471805599453,0.0,1.0986122886681098,0.0,2025-10-27T14:20:23+00:00,train,0.14363636363636365,0.005064144539958312,0.0031743182979321327,0.15858842663726988,0.004932712055992014,0.004932712055992014,0.13108897907697384,0.0042307283304343765,0.0042307283304343765,0.22177901460827937,0.005737425803779714,0.005737425803779714
2025-10-27T15:30:00+00:00,2025-10-27T16:30:00+00:00,2025-10-27,2025-10-27T11:30:00-04:00,4.715321646475701e-06,4.715321646475701e-06,0,2025-10-27T15:30:00+00:00,0.00550081420922055,0.00550081420922055,0.004872196322855358,16.846901921152224,16.7971835843435,120.0,0.0,2.1972245773362196,1.9459101490553132,0.0,0.6931471805599453,0.0,0.6931471805599453,1.0986122886681098,0.0,3.4657359027997265,2.995732273553991,1.6094379124341003,1.3862943611198906,0.6931471805599453,0.6931471805599453,1.6094379124341003,0.0,2025-10-27T15:09:04+00:00,train,0.14363636363636365,0.005064144539958312,0.0031743182979321327,0.12393081849952742,0.0048500168474056955,0.0048500168474056955,0.10792669860443745,0.004288485369571821,0.004288485369571821,0.20059441448364848,0.005646156153536128,0.005646156153536128
2025-10-27T16:30:00+00:00,2025-10-27T17:30:00+00:00,2025-10-27,2025-10-27T12:30:00-04:00,0.00211655467990024,0.00211655467990024,0,2025-10-27T16:30:00+00:00,4.715321646475701e-06,4.715321646475701e-06,0.004720467636564369,16.366430344235017,16.741486408778805,180.0,0.0,1.791759469228055,1.0986122886681098,0.6931471805599453,0.0,0.0,0.0,0.6931471805599453,0.0,3.6109179126442243,3.091042453358316,1.791759469228055,1.3862943611198906,0.6931471805599453,0.6931471805599453,1.791759469228055,0.0,2025-10-27T16:04:48+00:00,train,0.14363636363636365,0.005064144539958312,0.0031743182979321327,0.05987655521767271,0.0031489564083251992,0.0031489564083251992,0.05473729153352461,0.0028076403665212362,0.0028076403665212362,0.0881571106697979,0.0038416680745772414,0.0038416680745772414
2025-10-27T17:30:00+00:00,2025-10-27T18:30:00+00:00,2025-10-27,2025-10-27T13:30:00-04:00,-0.004050535072405381,0.004050535072405381,0,2025-10-27T17:30:00+00:00,0.00211655467990024,0.00211655467990024,0.004080567026553153,16.32351741492648,16.695278513179947,240.0,0.0,1.9459101490553132,1.9459101490553132,0.6931471805599453,0.0,0.0,0.6931471805599453,0.0,0.0,3.713572066704308,3.295836866004329,1.9459101490553132,1.3862943611198906,0.6931471805599453,1.0986122886681098,1.791759469228055,0.0,2025-10-27T17:23:00+00:00,train,0.14363636363636365,0.005064144539958312,0.0031743182979321327,0.04015925550866483,0.0024595222443511587,0.0024595222443511587,0.03714115798753031,0.0021000308853215987,0.0021000308853215987,0.04410069468803743,0.0018575605156283407,0.0018575605156283407
2025-10-27T18:30:00+00:00,2025-10-27T19:30:00+00:00,2025-10-27,2025-10-27T14:30:00-04:00,0.0008937228163647948,0.0008937228163647948,0,2025-10-27T18:30:00+00:00,-0.004050535072405381,0.004050535072405381,0.0043014769334250745,16.218028131452023,16.672161538074057,300.0,0.0,0.6931471805599453,0.6931471805599453,0.0,0.0,0.6931471805599453,0.6931471805599453,0.0,0.0,3.713572066704308,3.332204510175204,1.9459101490553132,1.3862943611198906,1.0986122886681098,1.3862943611198906,1.791759469228055,0.0,2025-10-27T18:06:19+00:00,train,0.14363636363636365,0.005064144539958312,0.0031743182979321327,0.030058750667153543,0.0021680855241563166,0.0021680855241563166,0.030503107469161912,0.002258566323298447,0.002258566323298447,0.027211144894053893,0.0026426912274887505,0.0026426912274887505
2025-10-28T13:30:00+00:00,2025-10-28T14:30:00+00:00,2025-10-28,2025-10-28T09:30:00-04:00,-0.0011655327633188772,0.0011655327633188772,0,2025-10-27T20:00:00+00:00,0.0036700936607902968,0.0036700936607902968,0.0035709827404029047,16.52853284440501,16.65413143433972,0.0,17.5,2.3978952727983707,1.791759469228055,0.0,0.0,0.6931471805599453,0.0,0.0,0.0,4.060443010546419,3.58351893845611,2.302585092994046,1.6094379124341003,1.3862943611198906,1.6094379124341003,1.791759469228055,0.6931471805599453,2025-10-28T13:21:29+00:00,train,0.14363636363636365,0.005064144539958312,0.0031743182979321327,0.20383751210345205,0.006263734271017835,0.006263734271017835,0.20502608777766523,0.006182404155651871,0.006182404155651871,0.17767617530918195,0.005670825697159451,0.005670825697159451
2025-10-28T14:30:00+00:00,2025-10-28T15:30:00+00:00,2025-10-28,2025-10-28T10:30:00-04:00,-0.0001037431493713381,0.0001037431493713381,0,2025-10-28T14:30:00+00:00,-0.0011655327633188772,0.0011655327633188772,0.003622344242601132,17.634756586319032,16.73239857083683,60.0,0.0,2.3978952727983707,1.791759469228055,0.6931471805599453,0.0,0.6931471805599453,0.6931471805599453,0.0,0.0,4.0943445622221,3.58351893845611,2.1972245773362196,1.3862943611198906,1.6094379124341003,1.791759469228055,1.6094379124341003,0.6931471805599453,2025-10-28T14:25:40+00:00,train,0.14363636363636365,0.005064144539958312,0.0031743182979321327,0.15073619926073464,0.004758679293623693,0.004758679293623693,0.1497878574310228,0.004649075496289944,0.004649075496289944,0.10432295700630986,0.0034964066589213373,0.0034964066589213373
2025-10-28T15:30:00+00:00,2025-10-28T16:30:00+00:00,2025-10-28,2025-10-28T11:30:00-04:00,0.004668572063072807,0.004668572063072807,0,2025-10-28T15:30:00+00:00,-0.0001037431493713381,0.0001037431493713381,0.0031335940132484535,16.543957066308995,16.732504112448588,120.0,0.0,2.3978952727983707,1.9459101490553132,0.0,0.0,1.0986122886681098,0.0,0.0,0.0,4.127134385045092,3.58351893845611,2.1972245773362196,1.0986122886681098,1.9459101490553132,1.6094379124341003,1.0986122886681098,0.6931471805599453,2025-10-28T15:13:42+00:00,train,0.14363636363636365,0.005064144539958312,0.0031743182979321327,0.084039614986034,0.0036065001478081905,0.0036065001478081905,0.08365003499315186,0.0034604510080486145,0.0034604510080486145,0.055434270639286354,0.0029454393134905835,0.0029454393134905835
2025-10-28T16:30:00+00:00,2025-10-28T17:30:00+00:00,2025-10-28,2025-10-28T12:30:00-04:00,0.0045651511018303115,0.0045651511018303115,0,2025-10-28T16:30:00+00:00,0.004668572063072807,0.004668572063072807,0.0029921119873883117,16.880776030335443,16.70418356268484,180.0,0.0,1.0986122886681098,0.6931471805599453,0.0,0.0,0.0,0.0,0.0,0.0,4.07753744390572,3.5553480614894135,2.0794415416798357,1.0986122886681098,1.9459101490553132,1.6094379124341003,0.6931471805599453,0.6931471805599453,2025-10-28T16:11:21+00:00,train,0.14363636363636365,0.005064144539958312,0.0031743182979321327,0.06853485450052674,0.0034113976062285526,0.0034113976062285526,0.07408996271703416,0.00370037152469309,0.00370037152469309,0.0626812340176738,0.0035914643960067985,0.0035914643960067985
2025-10-28T17:30:00+00:00,2025-10-28T18:30:00+00:00,2025-10-28,2025-10-28T13:30:00-04:00,0.024266407374153642,0.024266407374153642,1,2025-10-28T17:30:00+00:00,0.0045651511018303115,0.0045651511018303115,0.003064813145198039,17.617915776178197,16.780563826684013,240.0,0.0,1.6094379124341003,1.0986122886681098,0.6931471805599453,0.0,0.6931471805599453,0.0,0.0,0.0,4.04305126783455,3.4339872044851463,2.0794415416798357,1.0986122886681098,2.0794415416798357,1.3862943611198906,0.6931471805599453,0.6931471805599453,2025-10-28T17:08:55+00:00,train,0.14363636363636365,0.005064144539958312,0.0031743182979321327,0.05319233905748567,0.002751796139827293,0.002751796139827293,0.05495149660277287,0.0028044440883682412,0.0028044440883682412,0.038397401524909155,0.0024519980898932044,0.0024519980898932044
2025-10-28T18:30:00+00:00,2025-10-28T19:30:00+00:00,2025-10-28,2025-10-28T14:30:00-04:00,0.01354638093053695,0.01354638093053695,1,2025-10-28T18:30:00+00:00,0.024266407374153642,0.024266407374153642,0.005854607012758393,17.749230180271166,16.879912006621193,300.0,0.0,0.0,0.0,0.0,0.0,0.0,0.0,0.0,0.0,4.02535169073515,3.4011973816621555,2.0794415416798357,1.0986122886681098,1.9459101490553132,1.0986122886681098,0.6931471805599453,0.6931471805599453,2025-10-28T17:08:55+00:00,train,0.14363636363636365,0.005064144539958312,0.0031743182979321327,0.10276966310527101,0.005522246392666352,0.005522246392666352,0.1172844578610048,0.006094541430431908,0.006094541430431908,0.10886406385194843,0.006081459672783825,0.006081459672783825
2025-10-29T13:30:00+00:00,2025-10-29T14:30:00+00:00,2025-10-29,2025-10-29T09:30:00-04:00,0.012645470414654358,0.012645470414654358,1,2025-10-28T20:00:00+00:00,-0.004875878589845173,0.004875878589845173,0.006263175090104778,17.396929710077927,16.989499042229482,0.0,17.5,2.302585092994046,1.6094379124341003,1.0986122886681098,0.0,0.6931471805599453,0.0,0.6931471805599453,0.0,4.465908118654584,3.8066624897703196,2.4849066497880004,2.1972245773362196,2.302585092994046,1.9459101490553132,2.1972245773362196,0.0,2025-10-29T13:29:30+00:00,train,0.14363636363636365,0.005064144539958312,0.0031743182979321327,0.34041223763677575,0.007741105973115513,0.007741105973115513,0.36503372817340585,0.007995362330737641,0.007995362330737641,0.3791872984542371,0.008368068603183575,0.008368068603183575
2025-10-29T14:30:00+00:00,2025-10-29T15:30:00+00:00,2025-10-29,2025-10-29T10:30:00-04:00,-0.008664879833592098,0.008664879833592098,0,2025-10-29T14:30:00+00:00,0.012645470414654358,0.012645470414654358,0.006577683775401253,18.5502083721984,17.185477261094924,60.0,0.0,2.70805020110221,1.6094379124341003,1.0986122886681098,0.6931471805599453,0.0,1.0986122886681098,0.6931471805599453,0.0,4.51085950651685,3.784189633918261,2.5649493574615367,2.302585092994046,2.1972245773362196,2.0794415416798357,2.302585092994046,0.0,2025-10-29T14:06:32+00:00,train,0.14363636363636365,0.005064144539958312,0.0031743182979321327,0.36853330334459294,0.007603663685256433,0.007603663685256433,0.3833152824484899,0.007653389904546906,0.007653389904546906,0.3587877408560284,0.006918814291315344,0.006918814291315344
2025-10-29T15:30:00+00:00,2025-10-29T16:30:00+00:00,2025-10-29,2025-10-29T11:30:00-04:00,-0.01053688883081294,0.01053688883081294,1,2025-10-29T15:30:00+00:00,-0.008664879833592098,0.008664879833592098,0.00712655216488946,17.48988035427206,17.2354327967945,120.0,0.0,1.3862943611198906,1.3862943611198906,0.0,0.6931471805599453,0.0,0.0,0.0,0.0,4.430816798843313,3.713572066704308,2.5649493574615367,2.3978952727983707,1.9459101490553132,2.0794415416798357,2.302585092994046,0.0,2025-10-29T15:21:59+00:00,train,0.14363636363636365,0.005064144539958312,0.0031743182979321327,0.25716253214508666,0.006825772522614571,0.006825772522614571,0.2849752721906274,0.007285489944339283,0.007285489944339283,0.3026216850859554,0.0076370770301803425,0.0076370770301803425
2025-10-29T16:30:00+00:00,2025-10-29T17:30:00+00:00,2025-10-29,2025-10-29T12:30:00-04:00,0.0010165927766292437,0.0010165927766292437,0,2025-10-29T16:30:00+00:00,-0.01053688883081294,0.01053688883081294,0.007783617734860041,17.369957098920427,17.231424890424922,180.0,0.0,1.6094379124341003,1.3862943611198906,0.6931471805599453,0.0,0.6931471805599453,0.0,0.0,0.0,4.454347296253507,3.7612001156935624,2.6390573296152584,2.3978952727983707,2.0794415416798357,2.0794415416798357,2.302585092994046,0.0,2025-10-29T16:20:00+00:00,train,0.14363636363636365,0.005064144539958312,0.0031743182979321327,0.20420243910457103,0.006533115196818292,0.006533115196818292,0.22534301412698002,0.006879193541363318,0.006879193541363318,0.19094988830765416,0.00653385604836601,0.00653385604836601
2025-10-29T17:30:00+00:00,2025-10-29T18:30:00+00:00,2025-10-29,2025-10-29T13:30:00-04:00,0.0007737869380690654,0.0007737869380690654,0,2025-10-29T17:30:00+00:00,0.0010165927766292437,0.0010165927766292437,0.0077927477216148434,16.918693067189487,17.2410868883953,240.0,0.0,1.6094379124341003,1.0986122886681098,0.0,0.0,0.0,0.0,0.0,0.6931471805599453,4.454347296253507,3.7612001156935624,2.5649493574615367,2.3978952727983707,1.9459101490553132,2.0794415416798357,2.302585092994046,0.6931471805599453,2025-10-29T17:22:46+00:00,train,0.14363636363636365,0.005064144539958312,0.0031743182979321327,0.08009596637720713,0.003835707046427686,0.003835707046427686,0.0885615571184244,0.004120826040918754,0.004120826040918754,0.10043523899231926,0.0044218205741687975,0.0044218205741687975
2025-10-29T18:30:00+00:00,2025-10-29T19:30:00+00:00,2025-10-29,2025-10-29T14:30:00-04:00,0.00048318760774579417,0.00048318760774579417,0,2025-10-29T18:30:00+00:00,0.0007737869380690654,0.0007737869380690654,0.0077697523718961116,16.840581900882444,17.256547741553423,300.0,0.0,2.1972245773362196,1.6094379124341003,0.6931471805599453,0.0,0.0,0.0,0.0,0.6931471805599453,4.543294782270004,3.8501476017100584,2.6390573296152584,2.3978952727983707,1.9459101490553132,2.0794415416798357,2.302585092994046,1.0986122886681098,2025-10-29T18:25:05+00:00,train,0.14363636363636365,0.005064144539958312,0.0031743182979321327,0.053130049982157625,0.003021807720939835,0.003021807720939835,0.05744923991568373,0.003107358249426411,0.003107358249426411,0.065839000129524,0.002944503652224443,0.002944503652224443
2025-10-30T13:30:00+00:00,2025-10-30T14:30:00+00:00,2025-10-30,2025-10-30T09:30:00-04:00,-0.014615139517478726,0.014615139517478726,1,2025-10-29T20:00:00+00:00,0.00012080258911106867,0.00012080258911106867,0.007751586079115487,16.763221127008062,17.299329549839598,0.0,17.5,2.0794415416798357,0.6931471805599453,1.0986122886681098,0.0,0.0,0.0,0.6931471805599453,0.0,4.330733340286331,3.5263605246161616,2.70805020110221,2.302585092994046,1.6094379124341003,1.791759469228055,2.1972245773362196,1.791759469228055,2025-10-30T13:25:22+00:00,train,0.14363636363636365,0.005064144539958312,0.0031743182979321327,0.33919780616937706,0.007502628850912468,0.007502628850912468,0.35654893822984296,0.007711548588457588,0.007711548588457588,0.3601803642761634,0.0064513322112624985,0.0064513322112624985
2025-10-30T14:30:00+00:00,2025-10-30T15:30:00+00:00,2025-10-30,2025-10-30T10:30:00-04:00,0.0043273986805447695,0.0043273986805447695,0,2025-10-30T14:30:00+00:00,-0.014615139517478726,0.014615139517478726,0.0086746522081933,17.528637818439883,17.346772460004857,60.0,0.0,1.9459101490553132,1.791759469228055,1.0986122886681098,0.6931471805599453,1.0986122886681098,0.0,0.6931471805599453,0.0,4.219507705176107,3.5553480614894135,2.70805020110221,2.302585092994046,1.9459101490553132,1.3862943611198906,2.1972245773362196,1.791759469228055,2025-10-30T14:26:30+00:00,train,0.14363636363636365,0.005064144539958312,0.0031743182979321327,0.4823226965141014,0.009254708909028391,0.009254708909028391,0.49440134819116416,0.009373547574751,0.009373547574751,0.5371402658494095,0.009467036481112197,0.009467036481112197
2025-10-30T15:30:00+00:00,2025-10-30T16:30:00+00:00,2025-10-30,2025-10-30T11:30:00-04:00,0.0017229628168078381,0.0017229628168078381,0,2025-10-30T15:30:00+00:00,0.0043273986805447695,0.0043273986805447695,0.008544118106756305,16.62398300149957,17.33938644548337,120.0,0.0,0.0,0.0,0.0,0.0,0.0,0.0,0.0,0.0,4.174387269895637,3.4657359027997265,2.70805020110221,2.1972245773362196,1.9459101490553132,1.3862943611198906,2.1972245773362196,1.791759469228055,2025-10-30T14:26:30+00:00,train,0.14363636363636365,0.005064144539958312,0.0031743182979321327,0.20853027540354138,0.006165973887875592,0.006165973887875592,0.23765170783922415,0.0069228773047654915,0.0069228773047654915,0.22874402062291582,0.0062450220985676265,0.0062450220985676265
2025-10-30T16:30:00+00:00,2025-10-30T17:30:00+00:00,2025-10-30,2025-10-30T12:30:00-04:00,-0.0018433859976472178,0.0018433859976472178,0,2025-10-30T16:30:00+00:00,0.0017229628168078381,0.0017229628168078381,0.008527264247701052,16.339709873445116,17.286904767622353,180.0,0.0,1.3862943611198906,0.6931471805599453,0.6931471805599453,0.0,0.0,0.0,0.0,0.0,4.1588830833596715,3.4011973816621555,2.70805020110221,2.1972245773362196,1.791759469228055,1.3862943611198906,2.1972245773362196,1.791759469228055,2025-10-30T16:16:33+00:00,train,0.14363636363636365,0.005064144539958312,0.0031743182979321327,0.12267683634675863,0.004920656647812931,0.004920656647812931,0.12844691417019113,0.00509076887894943,0.00509076887894943,0.10425204629710418,0.0034467078922118324,0.0034467078922118324
2025-10-30T17:30:00+00:00,2025-10-30T18:30:00+00:00,2025-10-30,2025-10-30T13:30:00-04:00,0.0026125397700886843,0.0026125397700886843,0,2025-10-30T17:30:00+00:00,-0.0018433859976472178,0.0018433859976472178,0.008520799203340835,16.037324978382618,17.268872693932458,240.0,0.0,1.3862943611198906,1.0986122886681098,0.0,0.0,0.0,0.0,0.0,0.0,4.143134726391533,3.4011973816621555,2.70805020110221,2.1972245773362196,1.791759469228055,1.3862943611198906,2.1972245773362196,1.6094379124341003,2025-10-30T17:17:00+00:00,train,0.14363636363636365,0.005064144539958312,0.0031743182979321327,0.08182357858962977,0.004204502164091652,0.004204502164091652,0.08535911063328265,0.0043240551170978,0.0043240551170978,0.0725640775950782,0.0027365017073037404,0.0027365017073037404
2025-10-30T18:30:00+00:00,2025-10-30T19:30:00+00:00,2025-10-30,2025-10-30T14:30:00-04:00,-0.005084414075185784,0.005084414075185784,0,2025-10-30T18:30:00+00:00,0.0026125397700886843,0.0026125397700886843,0.008516624442331411,16.124734266507105,17.264509203884373,300.0,0.0,1.0986122886681098,1.0986122886681098,0.0,0.0,0.0,0.0,0.0,0.0,4.04305126783455,3.332204510175204,2.6390573296152584,2.1972245773362196,1.791759469228055,1.3862943611198906,2.1972245773362196,1.3862943611198906,2025-10-30T17:57:06+00:00,train,0.14363636363636365,0.005064144539958312,0.0031743182979321327,0.055245355607905174,0.0034270537142251385,0.0034270537142251385,0.0573810214261671,0.003547555592443819,0.003547555592443819,0.0525602251975614,0.0022945848962699486,0.0022945848962699486
2025-10-31T13:30:00+00:00,2025-10-31T14:30:00+00:00,2025-10-31,2025-10-31T09:30:00-04:00,-0.004698480189110121,0.004698480189110121,0,2025-10-30T20:00:00+00:00,0.001184861256204428,0.001184861256204428,0.008646328954526623,16.091550320645908,17.262521487589975,0.0,17.5,1.6094379124341003,0.6931471805599453,0.6931471805599453,1.0986122886681098,0.0,0.6931471805599453,0.0,0.0,3.9512437185814275,3.4657359027997265,2.4849066497880004,2.1972245773362196,1.9459101490553132,1.6094379124341003,1.791759469228055,0.6931471805599453,2025-10-31T13:20:47+00:00,train,0.14363636363636365,0.005064144539958312,0.0031743182979321327,0.3344460800118437,0.007774893477786949,0.007774893477786949,0.33769138356950434,0.007862033017011782,0.007862033017011782,0.2926301607139506,0.007829031476024597,0.007829031476024597
2025-10-31T14:30:00+00:00,2025-10-31T15:30:00+00:00,2025-10-31,2025-10-31T10:30:00-04:00,-0.0010214603957989787,0.0010214603957989787,0,2025-10-31T14:30:00+00:00,-0.004698480189110121,0.004698480189110121,0.008668510737573987,17.104485527506863,17.287309170343306,60.0,0.0,1.3862943611198906,1.3862943611198906,0.6931471805599453,0.0,1.0986122886681098,0.0,0.0,0.0,3.8918202981106265,3.4011973816621555,2.3978952727983707,2.0794415416798357,1.9459101490553132,1.6094379124341003,1.6094379124341003,0.6931471805599453,2025-10-31T14:13:00+00:00,train,0.14363636363636365,0.005064144539958312,0.0031743182979321327,0.3124654655214225,0.007233017597455274,0.007233017597455274,0.3123041936031354,0.00730877774937545,0.00730877774937545,0.2709663410211355,0.007279916074267381,0.007279916074267381
2025-10-31T15:30:00+00:00,2025-10-31T16:30:00+00:00,2025-10-31,2025-10-31T11:30:00-04:00,-0.006356825556335544,0.006356825556335544,0,2025-10-31T15:30:00+00:00,-0.0010214603957989787,0.0010214603957989787,0.008683108975346344,16.376754366042363,17.28637103424145,120.0,0.0,2.0794415416798357,1.6094379124341003,0.0,1.0986122886681098,0.0,0.6931471805599453,0.6931471805599453,0.0,4.02535169073515,3.5263605246161616,2.3978952727983707,2.302585092994046,1.9459101490553132,1.791759469228055,1.791759469228055,0.6931471805599453,2025-10-31T15:24:54+00:00,train,0.14363636363636365,0.005064144539958312,0.0031743182979321327,0.17692130261756692,0.005698257601677753,0.005698257601677753,0.17245548708541952,0.005542719245249683,0.005542719245249683,0.20487629656567702,0.006030550705856894,0.006030550705856894
2025-10-31T16:30:00+00:00,2025-10-31T17:30:00+00:00,2025-10-31,2025-10-31T12:30:00-04:00,-0.005605910757401467,0.005605910757401467,0,2025-10-31T16:30:00+00:00,-0.006356825556335544,0.006356825556335544,0.008832117690872852,16.482530340049575,17.23669895930637,180.0,0.0,1.3862943611198906,1.3862943611198906,0.0,0.0,0.6931471805599453,0.6931471805599453,0.0,0.0,4.02535169073515,3.58351893845611,2.302585092994046,2.302585092994046,2.0794415416798357,1.9459101490553132,1.791759469228055,0.6931471805599453,2025-10-31T16:26:56+00:00,train,0.14363636363636365,0.005064144539958312,0.0031743182979321327,0.1589900260161674,0.0059188635888611785,0.0059188635888611785,0.16244015740199194,0.006002018509150039,0.006002018509150039,0.12460724311277144,0.00519902339074677,0.00519902339074677
2025-10-31T17:30:00+00:00,2025-10-31T18:30:00+00:00,2025-10-31,2025-10-31T13:30:00-04:00,0.007198889263066999,0.007198889263066999,0,2025-10-31T17:30:00+00:00,-0.005605910757401467,0.005605910757401467,0.008949454999697338,16.304948758084624,17.231367828099483,240.0,0.0,1.6094379124341003,0.6931471805599453,0.6931471805599453,0.0,0.6931471805599453,0.6931471805599453,0.6931471805599453,0.0,4.04305126783455,3.5553480614894135,2.3978952727983707,2.302585092994046,2.1972245773362196,2.0794415416798357,1.9459101490553132,0.6931471805599453,2025-10-31T17:17:00+00:00,train,0.14363636363636365,0.005064144539958312,0.0031743182979321327,0.10299417087722729,0.004993899766686756,0.004993899766686756,0.10371948946964521,0.004961171635684312,0.004961171635684312,0.08140913742218568,0.004411874685428375,0.004411874685428375
2025-10-31T18:30:00+00:00,2025-10-31T19:30:00+00:00,2025-10-31,2025-10-31T14:30:00-04:00,0.0006364053435936601,0.0006364053435936601,0,2025-10-31T18:30:00+00:00,0.007198889263066999,0.007198889263066999,0.009027394596314435,16.042915427225207,17.211186613452703,300.0,0.0,0.6931471805599453,0.0,0.0,0.6931471805599453,0.0,0.0,0.0,0.0,4.02535169073515,3.4965075614664802,2.3978952727983707,2.3978952727983707,2.1972245773362196,2.0794415416798357,1.9459101490553132,0.6931471805599453,2025-10-31T18:19:22+00:00,train,0.14363636363636365,0.005064144539958312,0.0031743182979321327,0.06506274580943745,0.004123677661676022,0.004123677661676022,0.06927222668569451,0.00437252639426002,0.00437252639426002,0.057564373708287875,0.004592756563796286,0.004592756563796286
2025-11-03T14:30:00+00:00,2025-11-03T15:30:00+00:00,2025-11-03,2025-11-03T09:30:00-05:00,-0.0012496432000606017,0.0012496432000606017,0,2025-10-31T20:00:00+00:00,-0.009833226014454244,0.009833226014454244,0.008982331930928232,16.301402305717243,17.150364754617705,0.0,66.5,2.772588722239781,2.302585092994046,0.0,1.3862943611198906,1.0986122886681098,0.0,0.0,0.6931471805599453,3.6109179126442243,3.091042453358316,1.0986122886681098,1.9459101490553132,1.9459101490553132,1.0986122886681098,1.3862943611198906,0.6931471805599453,2025-11-03T14:28:30+00:00,train,0.14363636363636365,0.005064144539958312,0.0031743182979321327,0.4894867162701998,0.011069764210090163,0.011069764210090163,0.46815327213703384,0.010628608984760552,0.010628608984760552,0.5290873777106192,0.01255817811708232,0.01255817811708232
2025-11-03T15:30:00+00:00,2025-11-03T16:30:00+00:00,2025-11-03,2025-11-03T10:30:00-05:00,0.0005774687468171891,0.0005774687468171891,0,2025-11-03T15:30:00+00:00,-0.0012496432000606017,0.0012496432000606017,0.007036286226863477,17.280494678246324,17.115717599713673,60.0,0.0,2.1972245773362196,1.791759469228055,0.0,0.0,0.6931471805599453,0.0,0.0,0.0,3.8066624897703196,3.295836866004329,1.0986122886681098,1.9459101490553132,2.0794415416798357,1.0986122886681098,1.3862943611198906,0.6931471805599453,2025-11-03T15:26:14+00:00,train,0.14363636363636365,0.005064144539958312,0.0031743182979321327,0.22677199480979454,0.005994946365173219,0.005994946365173219,0.21306024842047394,0.005713576410700228,0.005713576410700228,0.20628073619711074,0.00590443745474273,0.00590443745474273
2025-11-03T16:30:00+00:00,2025-11-03T17:30:00+00:00,2025-11-03,2025-11-03T11:30:00-05:00,0.007262731375301978,0.007262731375301978,0,2025-11-03T16:30:00+00:00,0.0005774687468171891,0.0005774687468171891,0.006198534869216059,16.388619077213338,17.027599973157834,120.0,0.0,2.4849066497880004,2.0794415416798357,1.0986122886681098,1.0986122886681098,1.0986122886681098,1.0986122886681098,0.0,0.6931471805599453,4.007333185232471,3.5263605246161616,1.6094379124341003,2.0794415416798357,2.302585092994046,1.6094379124341003,1.3862943611198906,1.0986122886681098,2025-11-03T16:25:17+00:00,train,0.14363636363636365,0.005064144539958312,0.0031743182979321327,0.12477203718869873,0.004709223840560222,0.004709223840560222,0.11879410817131689,0.004407456657773132,0.004407456657773132,0.11493583694075353,0.0055609537939090925,0.0055609537939090925
2025-11-03T17:30:00+00:00,2025-11-03T18:30:00+00:00,2025-11-03,2025-11-03T12:30:00-05:00,0.0073531742281658374,0.0073531742281658374,0,2025-11-03T17:30:00+00:00,0.007262731375301978,0.007262731375301978,0.005649894425342986,16.441287086863433,16.802717909911475,180.0,0.0,1.791759469228055,1.6094379124341003,1.0986122886681098,0.0,1.3862943611198906,0.6931471805599453,0.0,0.0,4.02535169073515,3.58351893845611,1.791759469228055,2.0794415416798357,2.5649493574615367,1.791759469228055,1.0986122886681098,1.0986122886681098,2025-11-03T17:20:46+00:00,train,0.14363636363636365,0.005064144539958312,0.0031743182979321327,0.090174651361327,0.0044714960251084675,0.0044714960251084675,0.09065622428337076,0.004409797391002438,0.004409797391002438,0.059176545805385714,0.0038926672489643563,0.0038926672489643563
2025-11-03T18:30:00+00:00,2025-11-03T19:30:00+00:00,2025-11-03,2025-11-03T13:30:00-05:00,-0.015406129135552726,0.015406129135552726,1,2025-11-03T18:30:00+00:00,0.0073531742281658374,0.0073531742281658374,0.005738277566455508,16.667059825628105,16.745357555913873,240.0,0.0,1.791759469228055,0.6931471805599453,0.6931471805599453,0.6931471805599453,0.0,0.0,0.0,0.6931471805599453,4.110873864173311,3.6109179126442243,1.9459101490553132,2.1972245773362196,2.5649493574615367,1.791759469228055,1.0986122886681098,1.3862943611198906,2025-11-03T18:25:26+00:00,train,0.14363636363636365,0.005064144539958312,0.0031743182979321327,0.05956463333993265,0.003650962041140625,0.003650962041140625,0.06096117210314366,0.0036190682182882464,0.0036190682182882464,0.0625104762004187,0.004557469527169792,0.004557469527169792
2025-11-03T19:30:00+00:00,2025-11-03T20:30:00+00:00,2025-11-03,2025-11-03T14:30:00-05:00,-0.002961170426764137,0.002961170426764137,0,2025-11-03T19:30:00+00:00,-0.015406129135552726,0.015406129135552726,0.006251170305271637,16.66269560630786,16.696858478790435,300.0,0.0,1.0986122886681098,0.6931471805599453,0.0,0.0,0.0,0.0,0.0,0.6931471805599453,4.127134385045092,3.6109179126442243,1.791759469228055,2.1972245773362196,2.5649493574615367,1.791759469228055,1.0986122886681098,1.6094379124341003,2025-11-03T19:17:21+00:00,train,0.14363636363636365,0.005064144539958312,0.0031743182979321327,0.06971401844844513,0.00485321848424033,0.00485321848424033,0.07587828040165719,0.005085587644855841,0.005085587644855841,0.07926535728956902,0.005322574536889105,0.005322574536889105
2025-11-04T14:30:00+00:00,2025-11-04T15:30:00+00:00,2025-11-04,2025-11-04T09:30:00-05:00,-0.006334263745127466,0.006334263745127466,0,2025-11-03T21:00:00+00:00,-0.00028973130221754406,0.00028973130221754406,0.0062436984955086825,16.149640440985017,16.67783143169432,0.0,17.5,2.3978952727983707,1.9459101490553132,1.0986122886681098,0.0,0.6931471805599453,0.0,1.0986122886681098,0.0,4.07753744390572,3.4965075614664802,2.0794415416798357,2.0794415416798357,2.0794415416798357,1.6094379124341003,1.3862943611198906,1.3862943611198906,2025-11-04T14:29:41+00:00,train,0.14363636363636365,0.005064144539958312,0.0031743182979321327,0.19965252532744185,0.006395908816233867,0.006395908816233867,0.19936867370153902,0.0062894984869546955,0.0062894984869546955,0.2615460725316244,0.00663888242902117,0.00663888242902117
2025-11-04T15:30:00+00:00,2025-11-04T16:30:00+00:00,2025-11-04,2025-11-04T10:30:00-05:00,0.001016647210250854,0.001016647210250854,0,2025-11-04T15:30:00+00:00,-0.006334263745127466,0.006334263745127466,0.0063215753456454,17.266673286014534,16.70861071816123,60.0,0.0,1.791759469228055,1.6094379124341003,0.6931471805599453,0.6931471805599453,0.6931471805599453,0.6931471805599453,0.6931471805599453,0.0,4.02535169073515,3.4657359027997265,2.1972245773362196,2.1972245773362196,2.0794415416798357,1.791759469228055,1.6094379124341003,1.3862943611198906,2025-11-04T15:20:28+00:00,train,0.14363636363636365,0.005064144539958312,0.0031743182979321327,0.2089126722983985,0.006309296383927629,0.006309296383927629,0.2116331598662371,0.0063468812600528095,0.0063468812600528095,0.22171425837686443,0.006394092536927719,0.006394092536927719
2025-11-04T16:30:00+00:00,2025-11-04T17:30:00+00:00,2025-11-04,2025-11-04T11:30:00-05:00,-0.0043349020239874525,0.0043349020239874525,0,2025-11-04T16:30:00+00:00,0.001016647210250854,0.001016647210250854,0.006332166758733002,16.669520037930308,16.65853400172548,120.0,0.0,0.0,0.0,0.0,0.0,0.0,0.0,0.0,0.0,3.8066624897703196,3.2188758248682006,1.9459101490553132,1.9459101490553132,1.791759469228055,1.3862943611198906,1.6094379124341003,1.0986122886681098,2025-11-04T15:20:28+00:00,train,0.14363636363636365,0.005064144539958312,0.0031743182979321327,0.09732043377025713,0.0043463921736307575,0.0043463921736307575,0.1055254786912322,0.004857793520714414,0.004857793520714414,0.108431975151596,0.005085203395178134,0.005085203395178134
2025-11-04T17:30:00+00:00,2025-11-04T18:30:00+00:00,2025-11-04,2025-11-04T12:30:00-05:00,-0.005734451686808084,0.005734451686808084,0,2025-11-04T17:30:00+00:00,-0.0043349020239874525,0.0043349020239874525,0.005596586305717456,16.548565973198407,16.58104284200142,180.0,0.0,0.6931471805599453,0.6931471805599453,0.0,0.0,0.0,0.0,0.0,0.0,3.713572066704308,3.091042453358316,1.6094379124341003,1.9459101490553132,1.0986122886681098,1.0986122886681098,1.6094379124341003,1.0986122886681098,2025-11-04T16:40:28+00:00,train,0.14363636363636365,0.005064144539958312,0.0031743182979321327,0.07140810402671005,0.003987678853465511,0.003987678853465511,0.07260941917799271,0.004140016115484796,0.004140016115484796,0.08860868907872435,0.004167584524286556,0.004167584524286556
2025-11-04T18:30:00+00:00,2025-11-04T19:30:00+00:00,2025-11-04,2025-11-04T13:30:00-05:00,0.001851641995924691,0.001851641995924691,0,2025-11-04T18:30:00+00:00,-0.005734451686808084,0.005734451686808084,0.005534027269143305,16.143775385939133,16.560938255307928,240.0,0.0,0.0,0.0,0.0,0.0,0.0,0.0,0.0,0.0,3.58351893845611,3.044522437723423,1.3862943611198906,1.791759469228055,1.0986122886681098,1.0986122886681098,1.6094379124341003,0.6931471805599453,2025-11-04T16:40:28+00:00,train,0.14363636363636365,0.005064144539958312,0.0031743182979321327,0.04817406793196554,0.003412091944676467,0.003412091944676467,0.04991108084634298,0.003694702110211675,0.003694702110211675,0.06302880229849114,0.004475907405616927,0.004475907405616927
2025-11-04T19:30:00+00:00,2025-11-04T20:30:00+00:00,2025-11-04,2025-11-04T14:30:00-05:00,-0.001473664600553426,0.001473664600553426,0,2025-11-04T19:30:00+00:00,0.001851641995924691,0.001851641995924691,0.005538182491892982,16.34560334553115,16.561175115411533,300.0,0.0,0.6931471805599453,0.6931471805599453,0.0,0.0,0.0,0.0,0.0,0.0,3.5553480614894135,3.044522437723423,1.3862943611198906,1.791759469228055,1.0986122886681098,1.0986122886681098,1.6094379124341003,0.0,2025-11-04T18:32:59+00:00,train,0.14363636363636365,0.005064144539958312,0.0031743182979321327,0.025106888548170798,0.001782823329957006,0.001782823329957006,0.024353998341416997,0.0017387236016998837,0.0017387236016998837,0.031715909188760924,0.002647729093935109,0.002647729093935109
2025-11-05T14:30:00+00:00,2025-11-05T15:30:00+00:00,2025-11-05,2025-11-05T09:30:00-05:00,0.009611532057047789,0.009611532057047789,0,2025-11-04T21:00:00+00:00,-0.006753745097992869,0.006753745097992869,0.005537965728148467,16.420533962610875,16.575347919815297,0.0,17.5,0.6931471805599453,0.6931471805599453,0.0,0.0,0.0,0.0,0.0,0.0,2.5649493574615367,2.4849066497880004,0.6931471805599453,0.6931471805599453,1.0986122886681098,1.0986122886681098,0.6931471805599453,0.0,2025-11-05T14:25:16+00:00,train,0.14363636363636365,0.005064144539958312,0.0031743182979321327,0.25148728316765456,0.007378621828369779,0.007378621828369779,0.21065983327939422,0.006867673698756728,0.006867673698756728,0.23176666789681183,0.007888718301727288,0.007888718301727288
2025-11-05T15:30:00+00:00,2025-11-05T16:30:00+00:00,2025-11-05,2025-11-05T10:30:00-05:00,0.008522649057755238,0.008522649057755238,0,2025-11-05T15:30:00+00:00,0.009611532057047789,0.009611532057047789,0.0060177027717264915,17.191609287113003,16.63431253771394,60.0,0.0,0.6931471805599453,0.0,0.0,0.0,0.0,0.0,0.0,0.0,2.1972245773362196,2.0794415416798357,0.0,0.0,0.6931471805599453,0.6931471805599453,0.0,0.0,2025-11-05T15:07:41+00:00,train,0.14363636363636365,0.005064144539958312,0.0031743182979321327,0.20026402774526328,0.006288570236817437,0.006288570236817437,0.15005968133254133,0.005420317456469239,0.005420317456469239,0.14570052422851582,0.006375983436173557,0.006375983436173557
2025-11-05T16:30:00+00:00,2025-11-05T17:30:00+00:00,2025-11-05,2025-11-05T11:30:00-05:00,-0.005288614863277696,0.005288614863277696,0,2025-11-05T16:30:00+00:00,0.008522649057755238,0.008522649057755238,0.006321434649270508,16.585447141390972,16.648906967615904,120.0,0.0,0.0,0.0,0.0,0.0,0.0,0.0,0.0,0.0,2.1972245773362196,2.0794415416798357,0.0,0.0,0.6931471805599453,0.6931471805599453,0.0,0.0,2025-11-05T15:07:41+00:00,train,0.14363636363636365,0.005064144539958312,0.0031743182979321327,0.12888968868575562,0.0054009912048496814,0.0054009912048496814,0.09855366215314716,0.004746805920018153,0.004746805920018153,0.11391234741375951,0.006250045707700616,0.006250045707700616
2025-11-05T17:30:00+00:00,2025-11-05T18:30:00+00:00,2025-11-05,2025-11-05T12:30:00-05:00,-0.0016146911345050752,0.0016146911345050752,0,2025-11-05T17:30:00+00:00,-0.005288614863277696,0.005288614863277696,0.006343122062618747,16.03021633378119,16.59558866151727,180.0,0.0,0.6931471805599453,0.6931471805599453,0.0,0.6931471805599453,0.0,0.0,0.0,0.0,2.1972245773362196,2.0794415416798357,0.0,0.6931471805599453,0.6931471805599453,0.6931471805599453,0.0,0.0,2025-11-05T17:02:19+00:00,train,0.14363636363636365,0.005064144539958312,0.0031743182979321327,0.07467025783702862,0.004332380389559106,0.004332380389559106,0.05337497072103851,0.0033761879207200272,0.0033761879207200272,0.0723025211792668,0.0053807731516190595,0.0053807731516190595
2025-11-05T18:30:00+00:00,2025-11-05T19:30:00+00:00,2025-11-05,2025-11-05T13:30:00-05:00,0.00042302421078943553,0.00042302421078943553,0,2025-11-05T18:30:00+00:00,-0.0016146911345050752,0.0016146911345050752,0.006346647656407665,15.78604446706546,16.577506461374682,240.0,0.0,0.0,0.0,0.0,0.0,0.0,0.0,0.0,0.0,2.1972245773362196,2.0794415416798357,0.0,0.6931471805599453,0.6931471805599453,0.6931471805599453,0.0,0.0,2025-11-05T17:02:19+00:00,train,0.14363636363636365,0.005064144539958312,0.0031743182979321327,0.03835696349049277,0.0027955404325742694,0.0027955404325742694,0.028351788496635565,0.0020604636492890416,0.0020604636492890416,0.03632163096939042,0.003790634096168231,0.003790634096168231
2025-11-05T19:30:00+00:00,2025-11-05T20:30:00+00:00,2025-11-05,2025-11-05T14:30:00-05:00,-0.007510384728095065,0.007510384728095065,0,2025-11-05T19:30:00+00:00,0.00042302421078943553,0.00042302421078943553,0.006203348657073242,15.940711126937172,16.5583027590221,300.0,0.0,0.0,0.0,0.0,0.0,0.0,0.0,0.0,0.0,2.0794415416798357,1.9459101490553132,0.0,0.6931471805599453,0.6931471805599453,0.6931471805599453,0.0,0.0,2025-11-05T17:02:19+00:00,train,0.14363636363636365,0.005064144539958312,0.0031743182979321327,0.023201280854972247,0.0017031707439791174,0.0017031707439791174,0.0165441088639724,0.0008515821268775241,0.0008515821268775241,0.020141773106045213,0.0023890969725038195,0.0023890969725038195
2025-11-06T14:30:00+00:00,2025-11-06T15:30:00+00:00,2025-11-06,2025-11-06T09:30:00-05:00,-0.016755332727556138,0.016755332727556138,1,2025-11-05T21:00:00+00:00,-0.021951610833503055,0.021951610833503055,0.006303259822399639,16.848387930535644,16.55147953759237,0.0,17.5,1.0986122886681098,1.0986122886681098,0.0,0.6931471805599453,0.0,0.6931471805599453,0.6931471805599453,0.0,2.5649493574615367,2.1972245773362196,1.0986122886681098,1.0986122886681098,0.6931471805599453,1.0986122886681098,1.0986122886681098,0.0,2025-11-06T14:26:00+00:00,train,0.14363636363636365,0.005064144539958312,0.0031743182979321327,0.4791871390305935,0.01048756210570516,0.01048756210570516,0.4183037805538245,0.009839586333570082,0.009839586333570082,0.4781979231641549,0.010158769872233558,0.010158769872233558
2025-11-06T15:30:00+00:00,2025-11-06T16:30:00+00:00,2025-11-06,2025-11-06T10:30:00-05:00,-0.012317311481903181,0.012317311481903181,1,2025-11-06T15:30:00+00:00,-0.016755332727556138,0.016755332727556138,0.00702350433928066,17.3504812904767,16.629456819294713,60.0,0.0,1.3862943611198906,1.0986122886681098,0.0,0.0,0.0,0.0,0.6931471805599453,0.0,2.70805020110221,2.3978952727983707,1.0986122886681098,1.0986122886681098,0.6931471805599453,1.0986122886681098,1.3862943611198906,0.0,2025-11-06T15:18:08+00:00,train,0.14363636363636365,0.005064144539958312,0.0031743182979321327,0.32843153763868066,0.008391179547752741,0.008391179547752741,0.27251077557916936,0.00764539013920419,0.00764539013920419,0.3412512461938937,0.00807472442983549,0.00807472442983549
2025-11-06T16:30:00+00:00,2025-11-06T17:30:00+00:00,2025-11-06,2025-11-06T11:30:00-05:00,-0.02026897912190162,0.02026897912190162,1,2025-11-06T16:30:00+00:00,-0.012317311481903181,0.012317311481903181,0.007396652379673373,17.053766175648715,16.676003773090674,120.0,0.0,1.3862943611198906,0.6931471805599453,0.0,0.0,0.0,0.0,0.6931471805599453,0.0,2.8903717578961645,2.4849066497880004,1.0986122886681098,1.0986122886681098,0.6931471805599453,1.0986122886681098,1.6094379124341003,0.0,2025-11-06T15:48:20+00:00,train,0.14363636363636365,0.005064144539958312,0.0031743182979321327,0.19885629487156925,0.006866664742191848,0.006866664742191848,0.16438943697586275,0.0061995724930649625,0.0061995724930649625,0.19957234722039396,0.006590178436059004,0.006590178436059004
2025-11-06T17:30:00+00:00,2025-11-06T18:30:00+00:00,2025-11-06,2025-11-06T12:30:00-05:00,0.012828050491800136,0.012828050491800136,1,2025-11-06T17:30:00+00:00,-0.02026897912190162,0.02026897912190162,0.008417741357220837,16.980907417394693,16.652027327931272,180.0,0.0,0.6931471805599453,0.0,0.0,0.0,0.0,0.0,0.0,0.0,2.8903717578961645,2.3978952727983707,1.0986122886681098,0.6931471805599453,0.6931471805599453,1.0986122886681098,1.6094379124341003,0.0,2025-11-06T16:44:29+00:00,train,0.14363636363636365,0.005064144539958312,0.0031743182979321327,0.21216976840756677,0.00781170021910179,0.00781170021910179,0.1840475667094621,0.00737142351789191,0.00737142351789191,0.14735009927637313,0.006780773791668214,0.006780773791668214
2025-11-06T18:30:00+00:00,2025-11-06T19:30:00+00:00,2025-11-06,2025-11-06T13:30:00-05:00,0.0069242430450280334,0.0069242430450280334,0,2025-11-06T18:30:00+00:00,0.012828050491800136,0.012828050491800136,0.00912104575657861,16.684908279399032,16.66519028395949,240.0,0.0,0.6931471805599453,0.6931471805599453,0.0,0.0,0.0,0.0,0.6931471805599453,0.0,2.9444389791664403,2.4849066497880004,1.0986122886681098,0.6931471805599453,0.6931471805599453,1.0986122886681098,1.791759469228055,0.0,2025-11-06T18:00:59+00:00,train,0.14363636363636365,0.005064144539958312,0.0031743182979321327,0.0831117267436004,0.005076092878584347,0.005076092878584347,0.06988075075201303,0.004582709795791049,0.004582709795791049,0.09852311938580945,0.005333509673316643,0.005333509673316643
2025-11-06T19:30:00+00:00,2025-11-06T20:30:00+00:00,2025-11-06,2025-11-06T14:30:00-05:00,-0.003517235285970921,0.003517235285970921,0,2025-11-06T19:30:00+00:00,0.0069242430450280334,0.0069242430450280334,0.009102161334657858,16.468560250567286,16.666294773211224,300.0,0.0,0.0,0.0,0.0,0.0,0.0,0.0,0.0,0.0,2.9444389791664403,2.4849066497880004,1.0986122886681098,0.6931471805599453,0.6931471805599453,1.0986122886681098,1.791759469228055,0.0,2025-11-06T18:00:59+00:00,train,0.14363636363636365,0.005064144539958312,0.0031743182979321327,0.04211588798558276,0.003429613120289967,0.003429613120289967,0.03680827415231286,0.0031707231638102512,0.0031707231638102512,0.038136844188670464,0.003650814482301596,0.003650814482301596
2025-11-07T14:30:00+00:00,2025-11-07T15:30:00+00:00,2025-11-07,2025-11-07T09:30:00-05:00,-0.01315593869905729,0.01315593869905729,1,2025-11-06T21:00:00+00:00,-0.008666355405541393,0.008666355405541393,0.00879767350421536,16.540360188464415,16.651425041831946,0.0,17.5,1.3862943611198906,1.0986122886681098,0.0,0.0,0.0,0.0,1.3862943611198906,0.0,3.6375861597263857,3.295836866004329,2.1972245773362196,0.6931471805599453,0.0,0.0,2.6390573296152584,1.0986122886681098,2025-11-07T14:15:07+00:00,train,0.14363636363636365,0.005064144539958312,0.0031743182979321327,0.3296941986233004,0.008568072642654636,0.008568072642654636,0.32282456910443696,0.008525533311357594,0.008525533311357594,0.5787741062878732,0.010025788242242359,0.010025788242242359
2025-11-07T15:30:00+00:00,2025-11-07T16:30:00+00:00,2025-11-07,2025-11-07T10:30:00-05:00,-0.012730552925550587,0.012730552925550587,1,2025-11-07T15:30:00+00:00,-0.01315593869905729,0.01315593869905729,0.008645310265749204,17.588026615503402,16.725602673977395,60.0,0.0,1.791759469228055,1.6094379124341003,1.3862943611198906,0.0,0.0,0.6931471805599453,1.0986122886681098,0.6931471805599453,3.6888794541139363,3.367295829986474,2.4849066497880004,0.6931471805599453,0.0,0.6931471805599453,2.70805020110221,1.3862943611198906,2025-11-07T15:21:57+00:00,train,0.14363636363636365,0.005064144539958312,0.0031743182979321327,0.325353583668111,0.00818072361644709,0.00818072361644709,0.31077565887448877,0.007965791745213795,0.007965791745213795,0.541297259560181,0.008968077425587239,0.008968077425587239
2025-11-07T16:30:00+00:00,2025-11-07T17:30:00+00:00,2025-11-07,2025-11-07T11:30:00-05:00,0.010882795050831895,0.010882795050831895,1,2025-11-07T16:30:00+00:00,-0.012730552925550587,0.012730552925550587,0.00891453401257531,17.250497423911686,16.766915011266263,120.0,0.0,1.3862943611198906,1.0986122886681098,0.6931471805599453,0.6931471805599453,0.0,0.0,0.0,0.0,3.6888794541139363,3.4011973816621555,2.5649493574615367,1.0986122886681098,0.0,0.6931471805599453,2.6390573296152584,1.3862943611198906,2025-11-07T16:12:55+00:00,train,0.14363636363636365,0.005064144539958312,0.0031743182979321327,0.23569898861560806,0.007404340975789278,0.007404340975789278,0.22825712820405913,0.007298747441834509,0.007298747441834509,0.30330926717105927,0.007604981980260427,0.007604981980260427
2025-11-07T17:30:00+00:00,2025-11-07T18:30:00+00:00,2025-11-07,2025-11-07T12:30:00-05:00,0.013183966401828284,0.013183966401828284,1,2025-11-07T17:30:00+00:00,0.010882795050831895,0.010882795050831895,0.009441443472894724,16.721233054726476,16.731651652098837,180.0,0.0,0.6931471805599453,0.0,0.0,0.0,0.0,0.0,0.6931471805599453,0.0,3.6888794541139363,3.4011973816621555,2.5649493574615367,1.0986122886681098,0.0,0.6931471805599453,2.70805020110221,1.3862943611198906,2025-11-07T16:43:02+00:00,train,0.14363636363636365,0.005064144539958312,0.0031743182979321327,0.12209951809410582,0.005744491404178995,0.005744491404178995,0.12165722780516885,0.005820846032233032,0.005820846032233032,0.19188590495765956,0.006453938979939933,0.006453938979939933
2025-11-07T18:30:00+00:00,2025-11-07T19:30:00+00:00,2025-11-07,2025-11-07T13:30:00-05:00,0.0029548805125312327,0.0029548805125312327,0,2025-11-07T18:30:00+00:00,0.013183966401828284,0.013183966401828284,0.010060626804318162,16.639027751801866,16.730239509060382,240.0,0.0,1.6094379124341003,1.0986122886681098,1.3862943611198906,0.0,0.0,0.0,1.3862943611198906,0.0,3.7612001156935624,3.4339872044851463,2.772588722239781,1.0986122886681098,0.0,0.6931471805599453,2.833213344056216,1.3862943611198906,2025-11-07T18:14:00+00:00,train,0.14363636363636365,0.005064144539958312,0.0031743182979321327,0.09287532262050471,0.00541377674178938,0.00541377674178938,0.08778100832313164,0.005140195106054818,0.005140195106054818,0.19951821528989463,0.005979557487487488,0.005979557487487488
2025-11-07T19:30:00+00:00,2025-11-07T20:30:00+00:00,2025-11-07,2025-11-07T14:30:00-05:00,0.00618946418548072,0.00618946418548072,0,2025-11-07T19:30:00+00:00,0.0029548805125312327,0.0029548805125312327,0.010104443262609245,16.744988866514525,16.73924806689096,300.0,0.0,1.0986122886681098,1.0986122886681098,0.0,0.0,0.6931471805599453,0.6931471805599453,0.0,0.0,3.8066624897703196,3.4965075614664802,2.772588722239781,1.0986122886681098,0.6931471805599453,1.0986122886681098,2.833213344056216,1.3862943611198906,2025-11-07T19:00:00+00:00,train,0.14363636363636365,0.005064144539958312,0.0031743182979321327,0.04126998071303575,0.0031871523505259663,0.0031871523505259663,0.040542293837766946,0.003123962727958483,0.003123962727958483,0.033796499788033854,0.002126567479473672,0.002126567479473672
2025-11-10T14:30:00+00:00,2025-11-10T15:30:00+00:00,2025-11-10,2025-11-10T09:30:00-05:00,0.007739195849071345,0.007739195849071345,0,2025-11-07T21:00:00+00:00,0.011335861995977803,0.011335861995977803,0.010202633845874729,16.450732685441803,16.768879842984724,0.0,65.5,1.9459101490553132,1.6094379124341003,0.6931471805599453,1.3862943611198906,0.6931471805599453,0.0,0.6931471805599453,0.0,3.4339872044851463,2.995732273553991,1.9459101490553132,1.791759469228055,1.6094379124341003,1.791759469228055,1.3862943611198906,1.0986122886681098,2025-11-10T14:29:31+00:00,train,0.14363636363636365,0.005064144539958312,0.0031743182979321327,0.39916069939257337,0.010538762005121695,0.010538762005121695,0.3815152471091242,0.01024168310224546,0.01024168310224546,0.4415061406465543,0.011233463932276522,0.011233463932276522
2025-11-10T15:30:00+00:00,2025-11-10T16:30:00+00:00,2025-11-10,2025-11-10T10:30:00-05:00,-0.012705724366444349,0.012705724366444349,1,2025-11-10T15:30:00+00:00,0.007739195849071345,0.007739195849071345,0.010374644267150327,17.45921797085079,16.833707021554996,60.0,0.0,1.791759469228055,1.0986122886681098,0.0,0.6931471805599453,0.0,1.0986122886681098,0.0,0.0,3.58351893845611,3.091042453358316,1.9459101490553132,1.9459101490553132,1.6094379124341003,2.0794415416798357,1.3862943611198906,1.0986122886681098,2025-11-10T14:59:53+00:00,train,0.14363636363636365,0.005064144539958312,0.0031743182979321327,0.2664880273549091,0.007242740935564859,0.007242740935564859,0.24510125994215048,0.006904535523661966,0.006904535523661966,0.16784774382241802,0.005201145130863889,0.005201145130863889
2025-11-10T16:30:00+00:00,2025-11-10T17:30:00+00:00,2025-11-10,2025-11-10T11:30:00-05:00,0.008992404248187924,0.008992404248187924,0,2025-11-10T16:30:00+00:00,-0.012705724366444349,0.012705724366444349,0.010713298369873494,16.95175901112413,16.856298447602427,120.0,0.0,1.0986122886681098,0.6931471805599453,0.0,0.0,0.6931471805599453,0.0,0.0,0.0,3.6375861597263857,3.1354942159291497,1.9459101490553132,1.9459101490553132,1.791759469228055,2.0794415416798357,1.3862943611198906,1.0986122886681098,2025-11-10T16:29:08+00:00,train,0.14363636363636365,0.005064144539958312,0.0031743182979321327,0.262272348998318,0.007894717663238716,0.007894717663238716,0.2544334844041324,0.007835242812152286,0.007835242812152286,0.18142633519360488,0.006847736285318274,0.006847736285318274
2025-11-10T17:30:00+00:00,2025-11-10T18:30:00+00:00,2025-11-10,2025-11-10T12:30:00-05:00,0.004220909040134835,0.004220909040134835,0,2025-11-10T17:30:00+00:00,0.008992404248187924,0.008992404248187924,0.010680863136957396,16.45054903709295,16.81901716541822,180.0,0.0,1.9459101490553132,1.791759469228055,0.0,0.6931471805599453,0.6931471805599453,0.0,0.0,0.0,3.7612001156935624,3.295836866004329,1.9459101490553132,2.0794415416798357,1.9459101490553132,2.0794415416798357,1.3862943611198906,1.0986122886681098,2025-11-10T17:28:39+00:00,train,0.14363636363636365,0.005064144539958312,0.0031743182979321327,0.1253561224229827,0.005845266450258774,0.005845266450258774,0.11576694528776131,0.005471577034442289,0.005471577034442289,0.09614662812354886,0.005203875918982085,0.005203875918982085
2025-11-10T18:30:00+00:00,2025-11-10T19:30:00+00:00,2025-11-10,2025-11-10T13:30:00-05:00,0.006074428915259,0.006074428915259,0,2025-11-10T18:30:00+00:00,0.004220909040134835,0.004220909040134835,0.010513350136453149,16.181991434334222,16.80578809143697,240.0,0.0,1.0986122886681098,0.6931471805599453,0.0,0.0,0.0,0.0,0.0,0.0,3.7612001156935624,3.258096538021482,1.791759469228055,2.0794415416798357,1.9459101490553132,1.9459101490553132,1.0986122886681098,1.0986122886681098,2025-11-10T18:11:14+00:00,train,0.14363636363636365,0.005064144539958312,0.0031743182979321327,0.06640340898128007,0.004307504850562363,0.004307504850562363,0.06456400448312,0.004226464034102739,0.004226464034102739,0.054171231229478777,0.00356605410770119,0.00356605410770119
2025-11-10T19:30:00+00:00,2025-11-10T20:30:00+00:00,2025-11-10,2025-11-10T14:30:00-05:00,0.004174092179282551,0.004174092179282551,0,2025-11-10T19:30:00+00:00,0.006074428915259,0.006074428915259,0.010608775744827314,16.400904267391063,16.81606578734652,300.0,0.0,0.6931471805599453,0.6931471805599453,0.0,0.0,0.0,0.0,0.0,0.0,3.784189633918261,3.295836866004329,1.791759469228055,2.0794415416798357,1.9459101490553132,1.9459101490553132,1.0986122886681098,1.0986122886681098,2025-11-10T19:03:00+00:00,train,0.14363636363636365,0.005064144539958312,0.0031743182979321327,0.049740143096289484,0.003825888828842571,0.003825888828842571,0.049975538553780834,0.0038852785153469438,0.0038852785153469438,0.047289967096707436,0.003552149813159527,0.003552149813159527
2025-11-11T14:30:00+00:00,2025-11-11T15:30:00+00:00,2025-11-11,2025-11-11T09:30:00-05:00,-0.013450846846965181,0.013450846846965181,1,2025-11-10T21:00:00+00:00,0.001534670163003904,0.001534670163003904,0.01067014638112907,16.599411492681256,16.833549223738245,0.0,17.5,1.3862943611198906,0.6931471805599453,0.0,0.0,0.6931471805599453,0.0,0.0,0.0,3.828641396489095,3.1354942159291497,1.6094379124341003,2.4849066497880004,1.3862943611198906,1.6094379124341003,0.0,0.6931471805599453,2025-11-11T13:48:00+00:00,train,0.14363636363636365,0.005064144539958312,0.0031743182979321327,0.2900260041340451,0.007748829081983854,0.007748829081983854,0.2896721140302806,0.00781366095981675,0.00781366095981675,0.2633565357593667,0.007756024977679082,0.007756024977679082
2025-11-11T15:30:00+00:00,2025-11-11T16:30:00+00:00,2025-11-11,2025-11-11T10:30:00-05:00,-0.0008569299464326052,0.0008569299464326052,0,2025-11-11T15:30:00+00:00,-0.013450846846965181,0.013450846846965181,0.011036704931439233,17.440563584008846,16.902396548824242,60.0,0.0,1.6094379124341003,1.3862943611198906,0.6931471805599453,0.0,1.0986122886681098,0.0,0.0,0.0,3.8066624897703196,3.1780538303479458,1.791759469228055,2.3978952727983707,1.791759469228055,1.0986122886681098,0.0,0.6931471805599453,2025-11-11T15:24:00+00:00,train,0.14363636363636365,0.005064144539958312,0.0031743182979321327,0.3928716718731299,0.008980852071978546,0.008980852071978546,0.3845361075335058,0.00889162197473974,0.00889162197473974,0.34792874829433607,0.008781499581939717,0.008781499581939717
2025-11-11T16:30:00+00:00,2025-11-11T17:30:00+00:00,2025-11-11,2025-11-11T11:30:00-05:00,0.00020788691713136132,0.00020788691713136132,0,2025-11-11T16:30:00+00:00,-0.0008569299464326052,0.0008569299464326052,0.010943101366931954,16.751669987639445,16.92250667668795,120.0,0.0,2.0794415416798357,1.9459101490553132,1.0986122886681098,0.0,1.0986122886681098,0.6931471805599453,0.0,0.6931471805599453,3.912023005428146,3.367295829986474,2.0794415416798357,2.3978952727983707,1.9459101490553132,1.3862943611198906,0.0,1.0986122886681098,2025-11-11T16:26:17+00:00,train,0.14363636363636365,0.005064144539958312,0.0031743182979321327,0.15268311709126928,0.005718691194207491,0.005718691194207491,0.1445407463113095,0.005456495801075,0.005456495801075,0.1411078566737603,0.005719219863435979,0.005719219863435979
2025-11-11T17:30:00+00:00,2025-11-11T18:30:00+00:00,2025-11-11,2025-11-11T12:30:00-05:00,0.006418421918478412,0.006418421918478412,0,2025-11-11T17:30:00+00:00,0.00020788691713136132,0.00020788691713136132,0.010302844460597472,16.547825963257726,16.87925264496196,180.0,0.0,2.302585092994046,1.791759469228055,1.0986122886681098,0.6931471805599453,0.6931471805599453,0.0,0.0,0.0,3.970291913552122,3.367295829986474,2.302585092994046,2.3978952727983707,1.9459101490553132,1.3862943611198906,0.0,1.0986122886681098,2025-11-11T17:27:37+00:00,train,0.14363636363636365,0.005064144539958312,0.0031743182979321327,0.09201170335218337,0.004587182553569161,0.004587182553569161,0.08640957912648957,0.004245532486031402,0.004245532486031402,0.07598959585663102,0.004200807032096609,0.004200807032096609
2025-11-11T18:30:00+00:00,2025-11-11T19:30:00+00:00,2025-11-11,2025-11-11T13:30:00-05:00,0.0016270473416410969,0.0016270473416410969,0,2025-11-11T18:30:00+00:00,0.006418421918478412,0.006418421918478412,0.009993231826381453,16.378434789318376,16.849585286519584,240.0,0.0,1.791759469228055,1.0986122886681098,0.0,1.0986122886681098,0.0,0.0,0.0,0.0,4.02535169073515,3.4011973816621555,2.302585092994046,2.5649493574615367,1.9459101490553132,1.3862943611198906,0.0,1.0986122886681098,2025-11-11T18:17:40+00:00,train,0.14363636363636365,0.005064144539958312,0.0031743182979321327,0.07528767730463344,0.004571512898663319,0.004571512898663319,0.07422183459878964,0.004421925803680044,0.004421925803680044,0.07172867178430535,0.004594076926508435,0.004594076926508435
2025-11-11T19:30:00+00:00,2025-11-11T20:30:00+00:00,2025-11-11,2025-11-11T14:30:00-05:00,0.0006454196053382599,0.0006454196053382599,0,2025-11-11T19:30:00+00:00,0.0016270473416410969,0.0016270473416410969,0.008688739277479195,16.373695008027706,16.823292469659343,300.0,0.0,1.3862943611198906,0.6931471805599453,0.0,0.6931471805599453,0.0,0.0,0.0,0.0,4.060443010546419,3.4011973816621555,2.302585092994046,2.6390573296152584,1.9459101490553132,1.3862943611198906,0.0,1.0986122886681098,2025-11-11T19:19:11+00:00,train,0.14363636363636365,0.005064144539958312,0.0031743182979321327,0.03729061681931215,0.0027762403297451983,0.0027762403297451983,0.03819597282685189,0.0027946374604506936,0.0027946374604506936,0.03568711136159273,0.002827197924048423,0.002827197924048423
2025-11-12T14:30:00+00:00,2025-11-12T15:30:00+00:00,2025-11-12,2025-11-12T09:30:00-05:00,-0.015355552110912774,0.015355552110912774,1,2025-11-11T21:00:00+00:00,-0.004507869551323762,0.004507869551323762,0.008292941284144961,16.1825970776579,16.803216234402235,0.0,17.5,2.1972245773362196,1.9459101490553132,0.0,1.0986122886681098,0.0,0.0,0.0,0.0,4.219507705176107,3.8066624897703196,2.4849066497880004,2.3978952727983707,2.1972245773362196,1.791759469228055,0.0,1.0986122886681098,2025-11-12T14:20:29+00:00,train,0.14363636363636365,0.005064144539958312,0.0031743182979321327,0.28966175366756197,0.00782579498690679,0.00782579498690679,0.29886892543463245,0.007882075272960969,0.007882075272960969,0.3237496067790917,0.00844952930668874,0.00844952930668874
2025-11-12T15:30:00+00:00,2025-11-12T16:30:00+00:00,2025-11-12,2025-11-12T10:30:00-05:00,0.00212778897148036,0.00212778897148036,0,2025-11-12T15:30:00+00:00,-0.015355552110912774,0.015355552110912774,0.0089524441142289,17.29967127043271,16.84853861867044,60.0,0.0,1.791759469228055,1.6094379124341003,0.6931471805599453,0.0,0.6931471805599453,0.6931471805599453,0.0,0.0,4.23410650459726,3.828641396489095,2.4849066497880004,2.3978952727983707,2.0794415416798357,1.9459101490553132,0.0,1.0986122886681098,2025-11-12T15:22:48+00:00,train,0.14363636363636365,0.005064144539958312,0.0031743182979321327,0.3776488009594575,0.008818366032599147,0.008818366032599147,0.39334097176794147,0.008987858562607802,0.008987858562607802,0.32511345036185413,0.007999630752142588,0.007999630752142588
2025-11-12T16:30:00+00:00,2025-11-12T17:30:00+00:00,2025-11-12,2025-11-12T11:30:00-05:00,-0.005360352311783334,0.005360352311783334,0,2025-11-12T16:30:00+00:00,0.00212778897148036,0.00212778897148036,0.008922100898509063,16.64271802041243,16.85977315717069,120.0,0.0,2.1972245773362196,2.0794415416798357,1.0986122886681098,0.0,0.0,0.0,0.0,0.0,4.248495242049359,3.8501476017100584,2.4849066497880004,2.3978952727983707,1.791759469228055,1.791759469228055,0.0,0.6931471805599453,2025-11-12T16:16:38+00:00,train,0.14363636363636365,0.005064144539958312,0.0031743182979321327,0.13550730565076913,0.005328004296766594,0.005328004296766594,0.1375540226822318,0.0052781601582085015,0.0052781601582085015,0.1636758271056086,0.005326167043665488,0.005326167043665488
2025-11-12T17:30:00+00:00,2025-11-12T18:30:00+00:00,2025-11-12,2025-11-12T12:30:00-05:00,0.0030723371032439495,0.0030723371032439495,0,2025-11-12T17:30:00+00:00,-0.005360352311783334,0.005360352311783334,0.008458848398714051,16.4182449090778,16.785674058711606,180.0,0.0,1.3862943611198906,1.0986122886681098,0.0,0.0,0.0,0.0,0.0,0.0,4.1588830833596715,3.784189633918261,2.302585092994046,2.302585092994046,1.6094379124341003,1.791759469228055,0.0,0.6931471805599453,2025-11-12T17:09:11+00:00,train,0.14363636363636365,0.005064144539958312,0.0031743182979321327,0.10222937536326995,0.005069191452264992,0.005069191452264992,0.10803205076067952,0.005240104897917118,0.005240104897917118,0.12057684057752459,0.005529607767244163,0.005529607767244163
2025-11-12T18:30:00+00:00,2025-11-12T19:30:00+00:00,2025-11-12,2025-11-12T13:30:00-05:00,-0.002483289921048404,0.002483289921048404,0,2025-11-12T18:30:00+00:00,0.0030723371032439495,0.0030723371032439495,0.007849589922194778,16.166865338727636,16.73157961599514,240.0,0.0,0.0,0.0,0.0,0.0,0.0,0.0,0.0,0.0,4.07753744390572,3.7376696182833684,2.302585092994046,2.0794415416798357,1.6094379124341003,1.791759469228055,0.0,0.6931471805599453,2025-11-12T17:09:11+00:00,train,0.14363636363636365,0.005064144539958312,0.0031743182979321327,0.05161398374855556,0.0034633494819232653,0.0034633494819232653,0.05909811607685182,0.004065289392896422,0.004065289392896422,0.0712733052907415,0.005249952773686228,0.005249952773686228
2025-11-12T19:30:00+00:00,2025-11-12T20:30:00+00:00,2025-11-12,2025-11-12T14:30:00-05:00,0.0014573401976833988,0.0014573401976833988,0,2025-11-12T19:30:00+00:00,-0.002483289921048404,0.002483289921048404,0.007576442221895814,16.07907869304553,16.707852082928216,300.0,0.0,0.0,0.0,0.0,0.0,0.0,0.0,0.0,0.0,4.02535169073515,3.713572066704308,2.302585092994046,1.9459101490553132,1.6094379124341003,1.791759469228055,0.0,0.6931471805599453,2025-11-12T17:09:11+00:00,train,0.14363636363636365,0.005064144539958312,0.0031743182979321327,0.033063728483003305,0.002622327172245973,0.002622327172245973,0.037478054831850106,0.0031590301336976052,0.0031590301336976052,0.04361023929849962,0.004274851147940782,0.004274851147940782
2025-11-13T14:30:00+00:00,2025-11-13T15:30:00+00:00,2025-11-13,2025-11-13T09:30:00-05:00,-0.015409827973601131,0.015409827973601131,1,2025-11-12T21:00:00+00:00,0.0075364462215696815,0.0075364462215696815,0.007005639841315376,16.11852875715429,16.69080840089369,0.0,17.5,0.6931471805599453,0.0,0.0,0.0,0.0,0.0,0.0,0.0,3.6109179126442243,3.2188758248682006,1.6094379124341003,1.9459101490553132,1.0986122886681098,1.0986122886681098,0.0,0.6931471805599453,2025-11-13T14:12:44+00:00,train,0.14363636363636365,0.005064144539958312,0.0031743182979321327,0.26530053071320864,0.007599346114430044,0.007599346114430044,0.26823684401037734,0.007796758010359756,0.007796758010359756,0.30428119968320344,0.008569747550459382,0.008569747550459382
2025-11-13T15:30:00+00:00,2025-11-13T16:30:00+00:00,2025-11-13,2025-11-13T10:30:00-05:00,-0.009622609030574325,0.009622609030574325,0,2025-11-13T15:30:00+00:00,-0.015409827973601131,0.015409827973601131,0.0077961417382083655,17.35254351724328,16.73398652509563,60.0,0.0,1.791759469228055,1.6094379124341003,0.0,0.0,0.6931471805599453,0.6931471805599453,0.0,0.0,3.6109179126442243,3.2188758248682006,1.3862943611198906,1.9459101490553132,1.0986122886681098,1.0986122886681098,0.0,0.6931471805599453,2025-11-13T15:20:00+00:00,train,0.14363636363636365,0.005064144539958312,0.0031743182979321327,0.34101027344578977,0.008432089374004406,0.008432089374004406,0.3229793963716271,0.008168114538207616,0.008168114538207616,0.31483369748174495,0.007833872501286355,0.007833872501286355
2025-11-13T16:30:00+00:00,2025-11-13T17:30:00+00:00,2025-11-13,2025-11-13T11:30:00-05:00,0.003408051533008827,0.003408051533008827,0,2025-11-13T16:30:00+00:00,-0.009622609030574325,0.009622609030574325,0.007869186079445516,16.982224121528827,16.740111612895817,120.0,0.0,1.791759469228055,1.3862943611198906,0.0,1.0986122886681098,0.0,0.6931471805599453,0.0,0.0,3.5263605246161616,3.044522437723423,0.6931471805599453,2.1972245773362196,1.0986122886681098,1.3862943611198906,0.0,0.6931471805599453,2025-11-13T16:28:19+00:00,train,0.14363636363636365,0.005064144539958312,0.0031743182979321327,0.1849909085814209,0.006525101039930819,0.006525101039930819,0.16855617482829396,0.006147778612467756,0.006147778612467756,0.20616046633495932,0.006947383425119511,0.006947383425119511
2025-11-13T17:30:00+00:00,2025-11-13T18:30:00+00:00,2025-11-13,2025-11-13T12:30:00-05:00,-0.01099396905580885,0.01099396905580885,1,2025-11-13T17:30:00+00:00,0.003408051533008827,0.003408051533008827,0.007660565186053257,16.580684105624915,16.678238000235982,180.0,0.0,2.1972245773362196,1.6094379124341003,0.6931471805599453,0.6931471805599453,0.6931471805599453,0.0,0.6931471805599453,0.0,3.6635616461296463,3.1354942159291497,1.0986122886681098,2.302585092994046,1.3862943611198906,1.3862943611198906,0.6931471805599453,0.6931471805599453,2025-11-13T17:29:45+00:00,train,0.14363636363636365,0.005064144539958312,0.0031743182979321327,0.07783335410453533,0.004210865017986969,0.004210865017986969,0.06946222371569988,0.0037148268342589315,0.0037148268342589315,0.10712858068151634,0.005368983299036333,0.005368983299036333
2025-11-13T18:30:00+00:00,2025-11-13T19:30:00+00:00,2025-11-13,2025-11-13T13:30:00-05:00,0.0062208909049410455,0.0062208909049410455,0,2025-11-13T18:30:00+00:00,-0.01099396905580885,0.01099396905580885,0.007539035780760248,16.457930798080632,16.652288573376453,240.0,0.0,1.9459101490553132,1.6094379124341003,0.0,1.0986122886681098,0.0,0.0,0.6931471805599453,0.0,3.8066624897703196,3.295836866004329,1.0986122886681098,2.4849066497880004,1.3862943611198906,1.3862943611198906,1.0986122886681098,0.6931471805599453,2025-11-13T18:25:27+00:00,train,0.14363636363636365,0.005064144539958312,0.0031743182979321327,0.08114374586166602,0.005003910855873076,0.005003910855873076,0.0767606106799378,0.0046872071011160475,0.0046872071011160475,0.14749966519942587,0.00660472174617343,0.00660472174617343
2025-11-13T19:30:00+00:00,2025-11-13T20:30:00+00:00,2025-11-13,2025-11-13T14:30:00-05:00,-0.00026883361160112695,0.00026883361160112695,0,2025-11-13T19:30:00+00:00,0.0062208909049410455,0.0062208909049410455,0.007358256440773878,17.861391502694772,16.771544741638845,300.0,0.0,0.6931471805599453,0.0,0.0,0.0,0.0,0.0,0.0,0.0,3.828641396489095,3.295836866004329,1.0986122886681098,2.4849066497880004,1.3862943611198906,1.3862943611198906,1.0986122886681098,0.6931471805599453,2025-11-13T19:01:03+00:00,train,0.14363636363636365,0.005064144539958312,0.0031743182979321327,0.04834033323504893,0.0031410133085580266,0.0031410133085580266,0.04992476518212481,0.0033103636715459,0.0033103636715459,0.06100031501649664,0.0040659393745040165,0.0040659393745040165
2025-11-14T14:30:00+00:00,2025-11-14T15:30:00+00:00,2025-11-14,2025-11-14T09:30:00-05:00,0.022445590184107633,0.022445590184107633,1,2025-11-13T21:00:00+00:00,0.0053236728255139365,0.0053236728255139365,0.007235775284972197,16.439152463845105,16.74342429701336,0.0,17.5,1.3862943611198906,0.6931471805599453,0.0,0.0,0.0,0.0,0.0,0.6931471805599453,4.2626798770413155,3.58351893845611,2.0794415416798357,2.70805020110221,1.6094379124341003,1.9459101490553132,1.9459101490553132,1.0986122886681098,2025-11-14T14:10:00+00:00,train,0.14363636363636365,0.005064144539958312,0.0031743182979321327,0.26570457599680514,0.007414501882138075,0.007414501882138075,0.28985278044891916,0.007821256573907667,0.007821256573907667,0.35134480076076025,0.008364086304838713,0.008364086304838713
2025-11-14T15:30:00+00:00,2025-11-14T16:30:00+00:00,2025-11-14,2025-11-14T10:30:00-05:00,0.0161787727991074,0.0161787727991074,1,2025-11-14T15:30:00+00:00,0.022445590184107633,0.022445590184107633,0.00891802202574467,17.6237605425532,16.825084077981664,60.0,0.0,1.6094379124341003,0.6931471805599453,0.6931471805599453,1.0986122886681098,0.0,0.0,0.6931471805599453,0.0,4.248495242049359,3.4965075614664802,2.1972245773362196,2.833213344056216,1.3862943611198906,1.791759469228055,2.0794415416798357,1.0986122886681098,2025-11-14T15:27:50+00:00,train,0.14363636363636365,0.005064144539958312,0.0031743182979321327,0.39646362737272234,0.009021134250935169,0.009021134250935169,0.41522050768690477,0.009232992006126761,0.009232992006126761,0.5325190600952857,0.010035718601836285,0.010035718601836285
2025-11-14T16:30:00+00:00,2025-11-14T17:30:00+00:00,2025-11-14,2025-11-14T11:30:00-05:00,0.0002895459301368586,0.0002895459301368586,0,2025-11-14T16:30:00+00:00,0.0161787727991074,0.0161787727991074,0.009664428414415173,16.812580136926652,16.83919421634277,120.0,0.0,2.5649493574615367,1.791759469228055,0.6931471805599453,1.3862943611198906,0.0,0.6931471805599453,0.6931471805599453,0.0,4.343805421853684,3.5553480614894135,2.302585092994046,2.8903717578961645,1.3862943611198906,1.791759469228055,2.1972245773362196,1.0986122886681098,2025-11-14T16:14:11+00:00,train,0.14363636363636365,0.005064144539958312,0.0031743182979321327,0.23498342094348912,0.007480995885060437,0.007480995885060437,0.2378689281616597,0.007334390420625949,0.007334390420625949,0.30809384078151636,0.0072929367749859355,0.0072929367749859355
2025-11-14T17:30:00+00:00,2025-11-14T18:30:00+00:00,2025-11-14,2025-11-14T12:30:00-05:00,-0.00442010296551576,0.00442010296551576,0,2025-11-14T17:30:00+00:00,0.0002895459301368586,0.0002895459301368586,0.009171096769454642,16.364587692422734,16.77718657735953,180.0,0.0,1.3862943611198906,0.0,0.0,0.0,0.0,0.0,0.0,0.0,4.276666119016055,3.4339872044851463,2.1972245773362196,2.833213344056216,1.0986122886681098,1.791759469228055,2.0794415416798357,1.0986122886681098,2025-11-14T17:28:17+00:00,train,0.14363636363636365,0.005064144539958312,0.0031743182979321327,0.07836096997916939,0.004212764065172979,0.004212764065172979,0.08448492515847604,0.00445109655432262,0.00445109655432262,0.07272417081813425,0.003434717459657491,0.003434717459657491
2025-11-14T18:30:00+00:00,2025-11-14T19:30:00+00:00,2025-11-14,2025-11-14T13:30:00-05:00,0.0040700050876072424,0.0040700050876072424,0,2025-11-14T18:30:00+00:00,-0.00442010296551576,0.00442010296551576,0.009226891063276201,16.227019291141747,16.757088308242835,240.0,0.0,0.6931471805599453,0.0,0.0,0.0,0.0,0.0,0.0,0.0,4.204692619390966,3.295836866004329,2.1972245773362196,2.70805020110221,1.0986122886681098,1.791759469228055,1.9459101490553132,1.0986122886681098,2025-11-14T17:33:48+00:00,train,0.14363636363636365,0.005064144539958312,0.0031743182979321327,0.06473051820838416,0.004220375780200588,0.004220375780200588,0.07232173192421423,0.004640305204824287,0.004640305204824287,0.06773741997416453,0.003739463401864889,0.003739463401864889
2025-11-14T19:30:00+00:00,2025-11-14T20:30:00+00:00,2025-11-14,2025-11-14T14:30:00-05:00,0.0006317000667199757,0.0006317000667199757,0,2025-11-14T19:30:00+00:00,0.0040700050876072424,0.0040700050876072424,0.009271573715025929,16.207141981025753,16.745309124227635,300.0,0.0,0.6931471805599453,0.0,0.0,0.6931471805599453,0.0,0.0,0.0,0.0,4.204692619390966,3.295836866004329,2.1972245773362196,2.772588722239781,1.0986122886681098,1.791759469228055,1.9459101490553132,1.0986122886681098,2025-11-14T18:30:40+00:00,train,0.14363636363636365,0.005064144539958312,0.0031743182979321327,0.039069961163769894,0.003147334819334666,0.003147334819334666,0.04352871709867079,0.003520304819496098,0.003520304819496098,0.0450581401118743,0.0034089641984618112,0.0034089641984618112
2025-11-17T14:30:00+00:00,2025-11-17T15:30:00+00:00,2025-11-17,2025-11-17T09:30:00-05:00,0.008875789184760174,0.008875789184760174,0,2025-11-14T21:00:00+00:00,0.0006837960013144073,0.0006837960013144073,0.009156963986359939,16.12896743832812,16.74243655779944,0.0,65.5,0.6931471805599453,0.0,0.0,0.0,0.0,0.0,0.0,0.0,3.7376696182833684,2.995732273553991,0.6931471805599453,2.995732273553991,1.3862943611198906,1.0986122886681098,0.6931471805599453,0.0,2025-11-17T13:40:53+00:00,train,0.14363636363636365,0.005064144539958312,0.0031743182979321327,0.26730203287352483,0.008738646204209272,0.008738646204209272,0.2865716882632237,0.009160228754088923,0.009160228754088923,0.3625840057350087,0.010277621783118609,0.010277621783118609
2025-11-17T15:30:00+00:00,2025-11-17T16:30:00+00:00,2025-11-17,2025-11-17T10:30:00-05:00,-0.0018662015346330163,0.0018662015346330163,0,2025-11-17T15:30:00+00:00,0.008875789184760174,0.008875789184760174,0.009369368491111857,17.29511672856608,16.79342908214253,60.0,0.0,1.3862943611198906,0.6931471805599453,0.6931471805599453,0.6931471805599453,0.0,0.0,0.0,0.0,3.7612001156935624,2.995732273553991,1.0986122886681098,3.044522437723423,1.3862943611198906,1.0986122886681098,0.6931471805599453,0.0,2025-11-17T15:14:26+00:00,train,0.14363636363636365,0.005064144539958312,0.0031743182979321327,0.25459306949468286,0.007126008595925272,0.007126008595925272,0.2483635226202687,0.007077233225327193,0.007077233225327193,0.3189050033050058,0.008323905870826187,0.008323905870826187
2025-11-17T16:30:00+00:00,2025-11-17T17:30:00+00:00,2025-11-17,2025-11-17T11:30:00-05:00,0.0020293689141146487,0.0020293689141146487,0,2025-11-17T16:30:00+00:00,-0.0018662015346330163,0.0018662015346330163,0.009380973346322461,16.544584862279343,16.80792907458546,120.0,0.0,1.791759469228055,1.3862943611198906,0.0,0.6931471805599453,0.0,0.0,0.0,0.0,3.8501476017100584,3.1354942159291497,1.0986122886681098,3.091042453358316,1.3862943611198906,1.0986122886681098,0.6931471805599453,0.0,2025-11-17T16:26:17+00:00,train,0.14363636363636365,0.005064144539958312,0.0031743182979321327,0.13366622801278616,0.005417165569720355,0.005417165569720355,0.12799953307457385,0.005233941488630555,0.005233941488630555,0.1848371025509963,0.006545459274182893,0.006545459274182893
2025-11-17T17:30:00+00:00,2025-11-17T18:30:00+00:00,2025-11-17,2025-11-17T12:30:00-05:00,-0.00458446946607205,0.00458446946607205,0,2025-11-17T17:30:00+00:00,0.0020293689141146487,0.0020293689141146487,0.008645210881879991,16.39791967969684,16.758133684204086,180.0,0.0,2.0794415416798357,1.6094379124341003,0.6931471805599453,1.0986122886681098,0.0,0.6931471805599453,0.0,0.0,3.970291913552122,3.295836866004329,1.3862943611198906,3.1780538303479458,1.3862943611198906,1.3862943611198906,0.6931471805599453,0.0,2025-11-17T17:15:55+00:00,train,0.14363636363636365,0.005064144539958312,0.0031743182979321327,0.08098496666950838,0.004323240943495536,0.004323240943495536,0.07777327077321142,0.004079026744464545,0.004079026744464545,0.10432853684710233,0.005078356759143994,0.005078356759143994
2025-11-17T18:30:00+00:00,2025-11-17T19:30:00+00:00,2025-11-17,2025-11-17T13:30:00-05:00,-0.007444298310631758,0.007444298310631758,0,2025-11-17T18:30:00+00:00,-0.00458446946607205,0.00458446946607205,0.008729779124836018,16.201829905710525,16.74212261710212,240.0,0.0,1.791759469228055,0.0,0.6931471805599453,1.0986122886681098,0.0,0.0,0.0,0.6931471805599453,4.007333185232471,3.258096538021482,1.6094379124341003,3.1780538303479458,1.0986122886681098,1.3862943611198906,0.6931471805599453,0.6931471805599453,2025-11-17T18:14:06+00:00,train,0.14363636363636365,0.005064144539958312,0.0031743182979321327,0.06269856207480558,0.004122996124434913,0.004122996124434913,0.06198101610292315,0.00398255214682928,0.00398255214682928,0.0862241686661604,0.005869821578918648,0.005869821578918648
2025-11-17T19:30:00+00:00,2025-11-17T20:30:00+00:00,2025-11-17,2025-11-17T14:30:00-05:00,-0.0021313563295651816,0.0021313563295651816,0,2025-11-17T19:30:00+00:00,-0.007444298310631758,0.007444298310631758,0.008817708217160039,16.322539039039455,16.73881624657896,300.0,0.0,1.791759469228055,1.0986122886681098,0.6931471805599453,1.3862943611198906,0.0,0.0,0.0,0.0,4.0943445622221,3.332204510175204,1.791759469228055,3.295836866004329,1.0986122886681098,1.3862943611198906,0.6931471805599453,0.6931471805599453,2025-11-17T19:00:00+00:00,train,0.14363636363636365,0.005064144539958312,0.0031743182979321327,0.05002860990988746,0.0039087226836002804,0.0039087226836002804,0.050472448411891684,0.0038009364507295158,0.0038009364507295158,0.07392764040285182,0.004980491951839511,0.004980491951839511
2025-11-18T14:30:00+00:00,2025-11-18T15:30:00+00:00,2025-11-18,2025-11-18T09:30:00-05:00,-0.008072850666869913,0.008072850666869913,0,2025-11-17T21:00:00+00:00,0.008921779359266413,0.008921779359266413,0.008817046823503864,16.293909243484123,16.748317374027057,0.0,17.5,2.3978952727983707,1.3862943611198906,1.0986122886681098,1.6094379124341003,0.0,0.0,0.0,0.0,4.356708826689592,3.6109179126442243,2.302585092994046,3.4657359027997265,1.0986122886681098,0.6931471805599453,0.6931471805599453,1.0986122886681098,2025-11-18T14:29:29+00:00,train,0.14363636363636365,0.005064144539958312,0.0031743182979321327,0.3138126110267675,0.008276014223390877,0.008276014223390877,0.3268707596993987,0.008331759900525725,0.008331759900525725,0.45940542474058366,0.009672429724572145,0.009672429724572145
2025-11-18T15:30:00+00:00,2025-11-18T16:30:00+00:00,2025-11-18,2025-11-18T10:30:00-05:00,0.005663690618277872,0.005663690618277872,0,2025-11-18T15:30:00+00:00,-0.008072850666869913,0.008072850666869913,0.008997295852015658,17.70405617361961,16.84764188966,60.0,0.0,1.9459101490553132,1.3862943611198906,0.0,0.6931471805599453,0.6931471805599453,0.0,0.0,0.0,4.394449154672439,3.6635616461296463,2.1972245773362196,3.4657359027997265,1.3862943611198906,0.6931471805599453,0.6931471805599453,1.0986122886681098,2025-11-18T15:23:10+00:00,train,0.14363636363636365,0.005064144539958312,0.0031743182979321327,0.29005655092567645,0.007430453196569061,0.007430453196569061,0.30826108643565187,0.007657177559159425,0.007657177559159425,0.37841437792465393,0.008455885508277718,0.008455885508277718
2025-11-18T16:30:00+00:00,2025-11-18T17:30:00+00:00,2025-11-18,2025-11-18T11:30:00-05:00,-0.007217015360737489,0.007217015360737489,0,2025-11-18T16:30:00+00:00,0.005663690618277872,0.005663690618277872,0.00908095413995205,16.98135490499474,16.878425588736413,120.0,0.0,1.0986122886681098,1.0986122886681098,0.6931471805599453,0.0,0.0,0.0,0.0,0.0,4.356708826689592,3.6375861597263857,2.302585092994046,3.4339872044851463,1.3862943611198906,0.6931471805599453,0.6931471805599453,1.0986122886681098,2025-11-18T16:15:46+00:00,train,0.14363636363636365,0.005064144539958312,0.0031743182979321327,0.16432832466567393,0.005906976205957831,0.005906976205957831,0.18308139234922977,0.006361923422195089,0.006361923422195089,0.28148283717567885,0.006890562158763496,0.006890562158763496
2025-11-18T17:30:00+00:00,2025-11-18T18:30:00+00:00,2025-11-18,2025-11-18T12:30:00-05:00,0.01129034372570259,0.01129034372570259,1,2025-11-18T17:30:00+00:00,-0.007217015360737489,0.007217015360737489,0.008503812592340126,16.69261232435933,16.83884408551671,180.0,0.0,1.0986122886681098,1.0986122886681098,0.6931471805599453,0.6931471805599453,0.0,0.0,0.0,0.6931471805599453,4.290459441148391,3.58351893845611,2.302585092994046,3.4011973816621555,1.3862943611198906,0.0,0.6931471805599453,1.3862943611198906,2025-11-18T17:15:00+00:00,train,0.14363636363636365,0.005064144539958312,0.0031743182979321327,0.12210259271132576,0.0055192294138441495,0.0055192294138441495,0.13540383289691993,0.005905705736559758,0.005905705736559758,0.2909003717947119,0.008249044938158947,0.008249044938158947
2025-11-18T18:30:00+00:00,2025-11-18T19:30:00+00:00,2025-11-18,2025-11-18T13:30:00-05:00,-0.0010346462755268515,0.0010346462755268515,0,2025-11-18T18:30:00+00:00,0.01129034372570259,0.01129034372570259,0.008458579211226721,16.500456567600395,16.81653460037931,240.0,0.0,1.6094379124341003,1.0986122886681098,1.0986122886681098,1.0986122886681098,0.0,0.0,0.0,0.0,4.276666119016055,3.6375861597263857,2.3978952727983707,3.4011973816621555,1.3862943611198906,0.0,0.6931471805599453,1.0986122886681098,2025-11-18T18:07:17+00:00,train,0.14363636363636365,0.005064144539958312,0.0031743182979321327,0.0840169607863989,0.0048942277002300425,0.0048942277002300425,0.08950505540724359,0.005010220653626957,0.005010220653626957,0.15801804441911727,0.006547047996969763,0.006547047996969763
2025-11-18T19:30:00+00:00,2025-11-18T20:30:00+00:00,2025-11-18,2025-11-18T14:30:00-05:00,-0.0030516764010429798,0.0030516764010429798,0,2025-11-18T19:30:00+00:00,-0.0010346462755268515,0.0010346462755268515,0.008469835482045997,16.315068764235853,16.807279073699313,300.0,0.0,0.0,0.0,0.0,0.0,0.0,0.0,0.0,0.0,4.204692619390966,3.58351893845611,2.302585092994046,3.295836866004329,1.3862943611198906,0.0,0.6931471805599453,1.0986122886681098,2025-11-18T18:07:17+00:00,train,0.14363636363636365,0.005064144539958312,0.0031743182979321327,0.03576174523509101,0.002673659121901938,0.002673659121901938,0.042064649039659806,0.0033347796765360663,0.0033347796765360663,0.0737532242406327,0.004713801746559128,0.004713801746559128
2025-11-19T14:30:00+00:00,2025-11-19T15:30:00+00:00,2025-11-19,2025-11-19T09:30:00-05:00,0.015313862469266804,0.015313862469266804,1,2025-11-18T21:00:00+00:00,-0.008311030004557907,0.008311030004557907,0.00802875467036655,17.917067465250938,16.805415656463616,0.0,17.5,2.5649493574615367,2.1972245773362196,1.0986122886681098,1.9459101490553132,0.0,1.0986122886681098,0.0,0.6931471805599453,4.48863636973214,3.871201010907891,2.5649493574615367,3.7376696182833684,2.0794415416798357,1.791759469228055,0.6931471805599453,1.6094379124341003,2025-11-19T14:18:28+00:00,train,0.14363636363636365,0.005064144539958312,0.0031743182979321327,0.3871918663869532,0.00858624511959006,0.00858624511959006,0.40942861064074226,0.008748079129737976,0.008748079129737976,0.5249206544323133,0.009915494814275097,0.009915494814275097
2025-11-19T15:30:00+00:00,2025-11-19T16:30:00+00:00,2025-11-19,2025-11-19T10:30:00-05:00,-0.011969433611999758,0.011969433611999758,1,2025-11-19T15:30:00+00:00,0.015313862469266804,0.015313862469266804,0.008529344050359173,17.46536611355566,16.757270945009044,60.0,0.0,1.9459101490553132,1.0986122886681098,0.6931471805599453,1.6094379124341003,0.6931471805599453,0.0,0.0,0.0,4.48863636973214,3.8501476017100584,2.6390573296152584,3.8066624897703196,2.0794415416798357,1.791759469228055,0.6931471805599453,1.6094379124341003,2025-11-19T15:19:30+00:00,train,0.14363636363636365,0.005064144539958312,0.0031743182979321327,0.30074891220233246,0.00782342328844955,0.00782342328844955,0.32422508412749323,0.008085726839583801,0.008085726839583801,0.3500586056886021,0.009081424550936447,0.009081424550936447
2025-11-19T16:30:00+00:00,2025-11-19T17:30:00+00:00,2025-11-19,2025-11-19T11:30:00-05:00,-0.005340411409471502,0.005340411409471502,0,2025-11-19T16:30:00+00:00,-0.011969433611999758,0.011969433611999758,0.00909954568872815,16.875906579189667,16.812041265185254,120.0,0.0,1.6094379124341003,0.6931471805599453,1.0986122886681098,0.6931471805599453,0.0,0.6931471805599453,0.0,0.0,4.51085950651685,3.828641396489095,2.70805020110221,3.828641396489095,2.0794415416798357,1.9459101490553132,0.6931471805599453,1.6094379124341003,2025-11-19T16:27:41+00:00,train,0.14363636363636365,0.005064144539958312,0.0031743182979321327,0.2282722550945569,0.007337681871892713,0.007337681871892713,0.2538600505012652,0.0077227431572258615,0.0077227431572258615,0.23220371699009226,0.006790996267118012,0.006790996267118012
2025-11-19T17:30:00+00:00,2025-11-19T18:30:00+00:00,2025-11-19,2025-11-19T12:30:00-05:00,-0.0006774331589216587,0.0006774331589216587,0,2025-11-19T17:30:00+00:00,-0.005340411409471502,0.005340411409471502,0.0078021147358503734,16.57507102991294,16.736090602394896,180.0,0.0,2.302585092994046,1.791759469228055,0.0,1.791759469228055,0.6931471805599453,0.0,0.0,0.0,4.584967478670572,3.8918202981106265,2.6390573296152584,3.912023005428146,2.1972245773362196,1.9459101490553132,0.6931471805599453,1.3862943611198906,2025-11-19T17:27:00+00:00,train,0.14363636363636365,0.005064144539958312,0.0031743182979321327,0.0965534716598674,0.004865172346552454,0.004865172346552454,0.10554121493994506,0.004998871322282322,0.004998871322282322,0.11868619746539551,0.006083684421775921,0.006083684421775921
2025-11-19T18:30:00+00:00,2025-11-19T19:30:00+00:00,2025-11-19,2025-11-19T13:30:00-05:00,0.0020624416977612636,0.0020624416977612636,0,2025-11-19T18:30:00+00:00,-0.0006774331589216587,0.0006774331589216587,0.00685657924044804,16.646901890223457,16.72781556121066,240.0,0.0,2.70805020110221,1.9459101490553132,0.6931471805599453,1.9459101490553132,0.0,0.6931471805599453,0.0,0.0,4.68213122712422,3.970291913552122,2.5649493574615367,3.9889840465642745,2.1972245773362196,2.0794415416798357,0.6931471805599453,1.3862943611198906,2025-11-19T18:25:23+00:00,train,0.14363636363636365,0.005064144539958312,0.0031743182979321327,0.047203891046646976,0.0029541260330997444,0.0029541260330997444,0.051296164274881643,0.0029735887964757635,0.0029735887964757635,0.058393114550829586,0.0033742509561169283,0.0033742509561169283
2025-11-19T19:30:00+00:00,2025-11-19T20:30:00+00:00,2025-11-19,2025-11-19T14:30:00-05:00,0.011238676777153511,0.011238676777153511,1,2025-11-19T19:30:00+00:00,0.0020624416977612636,0.0020624416977612636,0.006878508223178178,16.44248438957081,16.730628466313025,300.0,0.0,1.9459101490553132,1.6094379124341003,1.0986122886681098,1.6094379124341003,0.0,1.0986122886681098,0.0,0.0,4.736198448394496,4.04305126783455,2.70805020110221,4.060443010546419,2.1972245773362196,2.302585092994046,0.6931471805599453,1.3862943611198906,2025-11-19T19:03:08+00:00,train,0.14363636363636365,0.005064144539958312,0.0031743182979321327,0.032058872072697996,0.00232639255987303,0.00232639255987303,0.03727114920100931,0.002634503674060627,0.002634503674060627,0.04225376363526296,0.002794486530684296,0.002794486530684296
2025-11-20T14:30:00+00:00,2025-11-20T15:30:00+00:00,2025-11-20,2025-11-20T09:30:00-05:00,-0.010359779591285645,0.010359779591285645,1,2025-11-19T21:00:00+00:00,0.00034813722883075826,0.00034813722883075826,0.007275778078048725,16.627699608794277,16.747079386697443,0.0,17.5,1.9459101490553132,1.3862943611198906,0.0,1.6094379124341003,0.0,0.0,0.0,0.0,4.852030263919617,4.219507705176107,2.995732273553991,4.189654742026425,2.302585092994046,2.70805020110221,1.791759469228055,0.0,2025-11-20T14:27:44+00:00,train,0.14363636363636365,0.005064144539958312,0.0031743182979321327,0.2296124023521831,0.006725104825348964,0.006725104825348964,0.27088025486636885,0.007349310955099395,0.007349310955099395,0.3354442659110191,0.009119585191332763,0.009119585191332763
2025-11-20T15:30:00+00:00,2025-11-20T16:30:00+00:00,2025-11-20,2025-11-20T10:30:00-05:00,-0.02140172800215545,0.02140172800215545,1,2025-11-20T15:30:00+00:00,-0.010359779591285645,0.010359779591285645,0.007599814049394992,17.944357862222024,16.874958339854942,60.0,0.0,2.5649493574615367,1.791759469228055,1.3862943611198906,1.9459101490553132,0.0,0.0,0.6931471805599453,0.0,4.897839799950911,4.2626798770413155,3.091042453358316,4.219507705176107,2.1972245773362196,2.70805020110221,1.9459101490553132,0.0,2025-11-20T15:29:20+00:00,train,0.14363636363636365,0.005064144539958312,0.0031743182979321327,0.31525455817886744,0.0076128520827276076,0.0076128520827276076,0.3533673243750661,0.007988199057924373,0.007988199057924373,0.5217718593385959,0.010414520838571159,0.010414520838571159
2025-11-20T16:30:00+00:00,2025-11-20T17:30:00+00:00,2025-11-20,2025-11-20T11:30:00-05:00,-0.03186055631296769,0.03186055631296769,1,2025-11-20T16:30:00+00:00,-0.02140172800215545,0.02140172800215545,0.008932817293973216,17.35873730944399,16.92678879122957,120.0,0.0,2.3978952727983707,1.0986122886681098,1.0986122886681098,1.791759469228055,0.6931471805599453,0.0,0.0,0.0,4.941642422609304,4.276666119016055,3.091042453358316,4.276666119016055,2.302585092994046,2.6390573296152584,1.9459101490553132,0.0,2025-11-20T15:58:01+00:00,train,0.14363636363636365,0.005064144539958312,0.0031743182979321327,0.38202306871032055,0.009299929916905132,0.009299929916905132,0.4293986041018986,0.009717911921373393,0.009717911921373393,0.41935685965185754,0.011000089485966702,0.011000089485966702
2025-11-20T17:30:00+00:00,2025-11-20T18:30:00+00:00,2025-11-20,2025-11-20T12:30:00-05:00,0.004489699285595394,0.004489699285595394,0,2025-11-20T17:30:00+00:00,-0.03186055631296769,0.03186055631296769,0.010888506880853329,17.637486791522104,16.95586667913272,180.0,0.0,1.9459101490553132,1.3862943611198906,1.0986122886681098,1.6094379124341003,0.6931471805599453,1.0986122886681098,0.0,0.0,4.919980925828125,4.248495242049359,3.1780538303479458,4.2626798770413155,2.302585092994046,2.772588722239781,1.9459101490553132,0.0,2025-11-20T17:29:46+00:00,train,0.14363636363636365,0.005064144539958312,0.0031743182979321327,0.47471677272439006,0.011020122110514492,0.011020122110514492,0.531568051265478,0.01155843089523689,0.01155843089523689,0.47472852202935056,0.01149460391772759,0.01149460391772759
2025-11-20T18:30:00+00:00,2025-11-20T19:30:00+00:00,2025-11-20,2025-11-20T13:30:00-05:00,-0.009647689860687647,0.009647689860687647,0,2025-11-20T18:30:00+00:00,0.004489699285595394,0.004489699285595394,0.011029638043511624,17.176749842672525,16.984666824209786,240.0,0.0,2.772588722239781,2.0794415416798357,1.3862943611198906,2.3978952727983707,0.6931471805599453,0.0,0.0,0.0,4.927253685157205,4.2626798770413155,3.258096538021482,4.31748811353631,2.3978952727983707,2.70805020110221,1.9459101490553132,0.0,2025-11-20T18:23:38+00:00,train,0.14363636363636365,0.005064144539958312,0.0031743182979321327,0.09002291894536173,0.004730087747717243,0.004730087747717243,0.1009912544297984,0.0048624988261989285,0.0048624988261989285,0.1211024055166381,0.006984896118351813,0.006984896118351813
2025-11-20T19:30:00+00:00,2025-11-20T20:30:00+00:00,2025-11-20,2025-11-20T14:30:00-05:00,-0.0018061508342642751,0.0018061508342642751,0,2025-11-20T19:30:00+00:00,-0.009647689860687647,0.009647689860687647,0.011049921627893717,16.92450776479315,17.003757501160102,300.0,0.0,1.0986122886681098,0.6931471805599453,0.0,0.0,0.0,0.6931471805599453,0.0,0.0,4.897839799950911,4.219507705176107,3.1780538303479458,4.2626798770413155,2.3978952727983707,2.6390573296152584,1.9459101490553132,0.0,2025-11-20T18:50:20+00:00,train,0.14363636363636365,0.005064144539958312,0.0031743182979321327,0.08579422206320998,0.005189485480279584,0.005189485480279584,0.10793087150994433,0.005922438264515174,0.005922438264515174,0.0941441656313683,0.00515269798629886,0.00515269798629886
2025-11-21T14:30:00+00:00,2025-11-21T15:30:00+00:00,2025-11-21,2025-11-21T09:30:00-05:00,-0.030043906010877586,0.030043906010877586,1,2025-11-20T21:00:00+00:00,-0.007922757403024727,0.007922757403024727,0.011056165512716955,16.75935588727129,17.021934294371775,0.0,17.5,1.3862943611198906,0.6931471805599453,0.0,1.3862943611198906,0.0,0.0,0.0,0.0,4.5217885770490405,3.912023005428146,2.833213344056216,3.8918202981106265,1.9459101490553132,1.6094379124341003,1.3862943611198906,0.0,2025-11-21T14:10:06+00:00,train,0.14363636363636365,0.005064144539958312,0.0031743182979321327,0.4349460484122018,0.009398896371321488,0.009398896371321488,0.47819569027801495,0.009975420554019017,0.009975420554019017,0.5623502971785949,0.011754014804228368,0.011754014804228368
2025-11-21T15:30:00+00:00,2025-11-21T16:30:00+00:00,2025-11-21,2025-11-21T10:30:00-05:00,0.017348291303748598,0.017348291303748598,1,2025-11-21T15:30:00+00:00,-0.030043906010877586,0.030043906010877586,0.012527024003761966,18.027678599469347,17.127962093860567,60.0,0.0,1.3862943611198906,1.0986122886681098,0.0,1.0986122886681098,0.0,0.0,0.0,0.0,4.418840607796598,3.8501476017100584,2.6390573296152584,3.8066624897703196,1.9459101490553132,1.6094379124341003,1.0986122886681098,0.0,2025-11-21T15:13:14+00:00,train,0.14363636363636365,0.005064144539958312,0.0031743182979321327,0.7207483717040241,0.012843096213121786,0.012843096213121786,0.7490348388237301,0.013300710757048601,0.013300710757048601,0.8029320592433228,0.014309486446387604,0.014309486446387604
2025-11-21T16:30:00+00:00,2025-11-21T17:30:00+00:00,2025-11-21,2025-11-21T11:30:00-05:00,0.012386039850796227,0.012386039850796227,1,2025-11-21T16:30:00+00:00,0.017348291303748598,0.017348291303748598,0.013461914257510027,17.649840980344745,17.184972574556294,120.0,0.0,1.0986122886681098,0.0,0.0,0.0,0.0,0.6931471805599453,0.0,0.0,4.31748811353631,3.8066624897703196,2.4849066497880004,3.6888794541139363,1.791759469228055,1.791759469228055,1.0986122886681098,0.0,2025-11-21T16:19:32+00:00,train,0.14363636363636365,0.005064144539958312,0.0031743182979321327,0.3784991351791728,0.008957715969727487,0.008957715969727487,0.4043498323078756,0.009340489886983633,0.009340489886983633,0.381700483351907,0.009040938082322135,0.009040938082322135
2025-11-21T17:30:00+00:00,2025-11-21T18:30:00+00:00,2025-11-21,2025-11-21T12:30:00-05:00,-0.0096382829430115,0.0096382829430115,0,2025-11-21T17:30:00+00:00,0.012386039850796227,0.012386039850796227,0.013887048209417647,17.211001522286068,17.151719969946438,180.0,0.0,0.6931471805599453,0.0,0.0,0.0,0.0,0.0,0.0,0.0,4.248495242049359,3.7376696182833684,2.302585092994046,3.58351893845611,1.6094379124341003,1.3862943611198906,1.0986122886681098,0.0,2025-11-21T17:16:39+00:00,train,0.14363636363636365,0.005064144539958312,0.0031743182979321327,0.2292602504862173,0.007489994189168637,0.007489994189168637,0.2502055500504471,0.007933338966913932,0.007933338966913932,0.3062236674810198,0.008886403881921174,0.008886403881921174
2025-11-21T18:30:00+00:00,2025-11-21T19:30:00+00:00,2025-11-21,2025-11-21T13:30:00-05:00,0.027158124683668516,0.027158124683668516,1,2025-11-21T18:30:00+00:00,-0.0096382829430115,0.0096382829430115,0.01382158545671675,16.783995881884945,17.14413887044619,240.0,0.0,2.0794415416798357,1.791759469228055,0.6931471805599453,1.791759469228055,0.0,0.0,0.0,0.0,4.127134385045092,3.6888794541139363,2.0794415416798357,3.4339872044851463,1.3862943611198906,1.3862943611198906,1.0986122886681098,0.0,2025-11-21T18:00:00+00:00,train,0.14363636363636365,0.005064144539958312,0.0031743182979321327,0.1582862454379716,0.00675850823672201,0.00675850823672201,0.15553626426153264,0.006560832130735561,0.006560832130735561,0.2635182911549798,0.00899093524302988,0.00899093524302988
2025-11-21T19:30:00+00:00,2025-11-21T20:30:00+00:00,2025-11-21,2025-11-21T14:30:00-05:00,-0.02064946581997551,0.02064946581997551,1,2025-11-21T19:30:00+00:00,0.027158124683668516,0.027158124683668516,0.015383574528162976,17.240148516714843,17.16707942013536,300.0,0.0,1.9459101490553132,1.3862943611198906,0.0,1.0986122886681098,0.0,0.6931471805599453,0.6931471805599453,0.0,4.189654742026425,3.7376696182833684,2.0794415416798357,3.4965075614664802,1.3862943611198906,1.3862943611198906,1.3862943611198906,0.0,2025-11-21T19:25:22+00:00,train,0.14363636363636365,0.005064144539958312,0.0031743182979321327,0.21180505736080388,0.008370542740588717,0.008370542740588717,0.21143703850978518,0.008181364946228552,0.008181364946228552,0.3442444897402431,0.009597512842715449,0.009597512842715449
2025-11-24T14:30:00+00:00,2025-11-24T15:30:00+00:00,2025-11-24,2025-11-24T09:30:00-05:00,-0.00835654596100277,0.00835654596100277,0,2025-11-21T21:00:00+00:00,-0.00792810730438942,0.00792810730438942,0.015611780978320326,16.657056967738725,17.180334983095765,0.0,65.5,1.3862943611198906,0.6931471805599453,0.0,0.6931471805599453,0.0,0.0,0.0,0.0,3.6635616461296463,2.9444389791664403,1.791759469228055,2.1972245773362196,1.791759469228055,1.9459101490553132,1.791759469228055,0.0,2025-11-24T14:20:45+00:00,train,0.14363636363636365,0.005064144539958312,0.0031743182979321327,0.5676498038417542,0.012177266007635322,0.012177266007635322,0.5690516346530503,0.012232972552223598,0.012232972552223598,0.5112188591196705,0.011733534594437964,0.011733534594437964
2025-11-24T15:30:00+00:00,2025-11-24T16:30:00+00:00,2025-11-24,2025-11-24T10:30:00-05:00,0.022928050915946185,0.022928050915946185,1,2025-11-24T15:30:00+00:00,-0.00835654596100277,0.00835654596100277,0.01563985484551748,17.5852877848486,17.232846417674942,60.0,0.0,0.0,0.0,0.0,0.0,0.0,0.0,0.0,0.0,3.6635616461296463,2.9444389791664403,1.791759469228055,2.1972245773362196,1.791759469228055,1.9459101490553132,1.791759469228055,0.0,2025-11-24T14:20:45+00:00,train,0.14363636363636365,0.005064144539958312,0.0031743182979321327,0.45686518244270086,0.009427770632811354,0.009427770632811354,0.46392680414706056,0.00980610385316295,0.00980610385316295,0.4316314050289825,0.009658430271300823,0.009658430271300823
2025-11-24T16:30:00+00:00,2025-11-24T17:30:00+00:00,2025-11-24,2025-11-24T11:30:00-05:00,0.002252024978619538,0.002252024978619538,0,2025-11-24T16:30:00+00:00,0.022928050915946185,0.022928050915946185,0.016740237313436962,17.027977892251307,17.251586725819546,120.0,0.0,1.6094379124341003,1.6094379124341003,1.0986122886681098,0.6931471805599453,0.0,1.0986122886681098,0.0,0.0,3.7612001156935624,3.1354942159291497,2.0794415416798357,2.302585092994046,1.791759469228055,2.1972245773362196,1.791759469228055,0.0,2025-11-24T16:23:34+00:00,train,0.14363636363636365,0.005064144539958312,0.0031743182979321327,0.47938174159915986,0.010532396573136503,0.010532396573136503,0.4592299114657022,0.010256530419131247,0.010256530419131247,0.39535158074271753,0.00889838932935965,0.00889838932935965
2025-11-24T17:30:00+00:00,2025-11-24T18:30:00+00:00,2025-11-24,2025-11-24T12:30:00-05:00,-0.0020003301548269237,0.0020003301548269237,0,2025-11-24T17:30:00+00:00,0.002252024978619538,0.002252024978619538,0.016258966804260783,16.668111160479356,17.216974905654496,180.0,0.0,1.6094379124341003,1.3862943611198906,0.6931471805599453,0.0,0.0,0.0,0.6931471805599453,0.0,3.8066624897703196,3.2188758248682006,2.1972245773362196,2.1972245773362196,1.6094379124341003,2.0794415416798357,1.9459101490553132,0.0,2025-11-24T17:27:42+00:00,train,0.14363636363636365,0.005064144539958312,0.0031743182979321327,0.17587066647305238,0.0066212162641958216,0.0066212162641958216,0.16451028599503817,0.006364906351439463,0.006364906351439463,0.20087286049461395,0.0064316949320674145,0.0064316949320674145
2025-11-24T18:30:00+00:00,2025-11-24T19:30:00+00:00,2025-11-24,2025-11-24T13:30:00-05:00,-0.0012356522804429781,0.0012356522804429781,0,2025-11-24T18:30:00+00:00,-0.0020003301548269237,0.0020003301548269237,0.016124821792964247,16.333775739797257,17.20198551124,240.0,0.0,0.6931471805599453,0.0,0.0,0.0,0.0,0.0,0.0,0.0,3.784189633918261,3.2188758248682006,2.1972245773362196,2.0794415416798357,1.6094379124341003,2.0794415416798357,1.9459101490553132,0.0,2025-11-24T17:44:51+00:00,train,0.14363636363636365,0.005064144539958312,0.0031743182979321327,0.11739758056770205,0.005834303668881971,0.005834303668881971,0.11561704923576932,0.005878037841877659,0.005878037841877659,0.08926707442915151,0.005474723140083983,0.005474723140083983
2025-11-24T19:30:00+00:00,2025-11-24T20:30:00+00:00,2025-11-24,2025-11-24T14:30:00-05:00,-0.0011337781920774948,0.0011337781920774948,0,2025-11-24T19:30:00+00:00,-0.0012356522804429781,0.0012356522804429781,0.016114170847300352,16.339313910086386,17.196359485293772,300.0,0.0,1.791759469228055,1.6094379124341003,0.6931471805599453,0.6931471805599453,0.6931471805599453,0.0,0.6931471805599453,0.0,3.8501476017100584,3.295836866004329,2.302585092994046,2.1972245773362196,1.6094379124341003,2.0794415416798357,1.9459101490553132,0.0,2025-11-24T19:29:35+00:00,train,0.14363636363636365,0.005064144539958312,0.0031743182979321327,0.07577457579693743,0.004886298265177345,0.004886298265177345,0.06971830604159028,0.004517201177299569,0.004517201177299569,0.08391115061050972,0.005498220436190377,0.005498220436190377
2025-11-25T14:30:00+00:00,2025-11-25T15:30:00+00:00,2025-11-25,2025-11-25T09:30:00-05:00,-0.021925599643092153,0.021925599643092153,1,2025-11-24T21:00:00+00:00,0.00484397474366749,0.00484397474366749,0.016111940143592244,17.99173980729678,17.190460783692764,0.0,17.5,1.3862943611198906,1.0986122886681098,0.0,0.0,0.0,0.0,0.0,0.0,4.07753744390572,3.7376696182833684,2.302585092994046,1.9459101490553132,1.3862943611198906,1.791759469228055,1.3862943611198906,0.0,2025-11-25T14:25:50+00:00,train,0.14363636363636365,0.005064144539958312,0.0031743182979321327,0.5136542682307936,0.009931456068959652,0.009931456068959652,0.5239113018942511,0.010149126244684493,0.010149126244684493,0.5616217296363055,0.010585410683889882,0.010585410683889882
2025-11-25T15:30:00+00:00,2025-11-25T16:30:00+00:00,2025-11-25,2025-11-25T10:30:00-05:00,0.021358468337679515,0.021358468337679515,1,2025-11-25T15:30:00+00:00,-0.021925599643092153,0.021925599643092153,0.016645235009240242,18.196124657980636,17.29753774053772,60.0,0.0,1.791759469228055,1.6094379124341003,1.0986122886681098,0.6931471805599453,0.6931471805599453,0.6931471805599453,0.0,0.0,4.1588830833596715,3.828641396489095,2.4849066497880004,2.0794415416798357,1.6094379124341003,1.9459101490553132,1.3862943611198906,0.0,2025-11-25T15:00:12+00:00,train,0.14363636363636365,0.005064144539958312,0.0031743182979321327,0.7010281869307571,0.012393375491377936,0.012393375491377936,0.7060321183298949,0.012456413846875354,0.012456413846875354,0.6792238246053653,0.012578213469054876,0.012578213469054876
2025-11-25T16:30:00+00:00,2025-11-25T17:30:00+00:00,2025-11-25,2025-11-25T11:30:00-05:00,0.0046646201677662535,0.0046646201677662535,0,2025-11-25T16:30:00+00:00,0.021358468337679515,0.021358468337679515,0.01726281839687175,17.335109954046295,17.322584841433976,120.0,0.0,2.0794415416798357,1.791759469228055,0.6931471805599453,0.0,0.6931471805599453,0.0,0.0,0.0,4.204692619390966,3.8501476017100584,2.3978952727983707,1.9459101490553132,1.791759469228055,1.6094379124341003,1.3862943611198906,0.0,2025-11-25T16:27:50+00:00,train,0.14363636363636365,0.005064144539958312,0.0031743182979321327,0.4949252158863177,0.010526431552209652,0.010526431552209652,0.4922970433839948,0.010392413633344713,0.010392413633344713,0.4800612691050835,0.01042588149962475,0.01042588149962475
2025-11-25T17:30:00+00:00,2025-11-25T18:30:00+00:00,2025-11-25,2025-11-25T12:30:00-05:00,0.003845513909030096,0.003845513909030096,0,2025-11-25T17:30:00+00:00,0.0046646201677662535,0.0046646201677662535,0.017257492447989645,16.939343655259613,17.261741967865095,180.0,0.0,2.3978952727983707,2.1972245773362196,0.6931471805599453,0.0,0.0,0.0,0.0,0.0,4.290459441148391,3.9512437185814275,2.3978952727983707,1.9459101490553132,1.791759469228055,1.6094379124341003,1.0986122886681098,0.0,2025-11-25T17:25:45+00:00,train,0.14363636363636365,0.005064144539958312,0.0031743182979321327,0.21306600615298701,0.007254215606775442,0.007254215606775442,0.2089137259515709,0.007033184197585515,0.007033184197585515,0.23371438913778284,0.0071220778072434415,0.0071220778072434415
2025-11-25T18:30:00+00:00,2025-11-25T19:30:00+00:00,2025-11-25,2025-11-25T13:30:00-05:00,-0.008115592177919018,0.008115592177919018,0,2025-11-25T18:30:00+00:00,0.003845513909030096,0.003845513909030096,0.016705551396288425,16.605432070747245,17.232153868055168,240.0,0.0,2.0794415416798357,1.0986122886681098,0.0,0.0,0.0,0.6931471805599453,0.0,0.6931471805599453,4.3694478524670215,3.9889840465642745,2.3978952727983707,1.9459101490553132,1.791759469228055,1.791759469228055,1.0986122886681098,0.6931471805599453,2025-11-25T18:24:31+00:00,train,0.14363636363636365,0.005064144539958312,0.0031743182979321327,0.13304686868324364,0.006173302020919386,0.006173302020919386,0.13503118531007027,0.00609481132675085,0.00609481132675085,0.13007493016075578,0.006080544012658489,0.006080544012658489
2025-11-25T19:30:00+00:00,2025-11-25T20:30:00+00:00,2025-11-25,2025-11-25T14:30:00-05:00,0.011796009597025758,0.011796009597025758,1,2025-11-25T19:30:00+00:00,-0.008115592177919018,0.008115592177919018,0.015177777266458374,16.674808945016476,17.18469143427195,300.0,0.0,1.9459101490553132,1.791759469228055,1.3862943611198906,0.0,0.0,0.6931471805599453,0.6931471805599453,0.0,4.382026634673881,4.007333185232471,2.5649493574615367,1.791759469228055,1.6094379124341003,1.9459101490553132,1.0986122886681098,0.6931471805599453,2025-11-25T19:14:42+00:00,train,0.14363636363636365,0.005064144539958312,0.0031743182979321327,0.10925373169381722,0.006017005670908637,0.006017005670908637,0.11335471865317799,0.005997943140201162,0.005997943140201162,0.14569936070593942,0.005807798126804592,0.005807798126804592
2025-11-26T14:30:00+00:00,2025-11-26T15:30:00+00:00,2025-11-26,2025-11-26T09:30:00-05:00,-0.011259142839668668,0.011259142839668668,1,2025-11-25T21:00:00+00:00,0.005400219539498652,0.005400219539498652,0.015375785574494353,16.52568942518167,17.174790920438216,0.0,17.5,2.1972245773362196,1.6094379124341003,1.0986122886681098,0.6931471805599453,0.0,0.6931471805599453,0.6931471805599453,0.0,4.477336814478207,4.007333185232471,2.833213344056216,1.9459101490553132,1.0986122886681098,1.9459101490553132,1.3862943611198906,1.791759469228055,2025-11-26T14:10:00+00:00,train,0.14363636363636365,0.005064144539958312,0.0031743182979321327,0.4605352323423956,0.009764279149188183,0.009764279149188183,0.4792792197744636,0.009923683475685865,0.009923683475685865,0.5685703448359928,0.009639594716697265,0.009639594716697265
2025-11-26T15:30:00+00:00,2025-11-26T16:30:00+00:00,2025-11-26,2025-11-26T10:30:00-05:00,0.007378104511549077,0.007378104511549077,0,2025-11-26T15:30:00+00:00,-0.011259142839668668,0.011259142839668668,0.015435641224112206,17.64299824570904,17.214902976660394,60.0,0.0,1.6094379124341003,1.6094379124341003,0.6931471805599453,0.0,0.0,0.0,0.0,0.0,4.465908118654584,4.007333185232471,2.772588722239781,1.791759469228055,0.6931471805599453,1.791759469228055,1.3862943611198906,1.791759469228055,2025-11-26T15:06:33+00:00,train,0.14363636363636365,0.005064144539958312,0.0031743182979321327,0.4962238843471213,0.009926530311776661,0.009926530311776661,0.5225798812714076,0.010265581186765939,0.010265581186765939,0.5942024841686966,0.009504289968504024,0.009504289968504024
2025-11-26T16:30:00+00:00,2025-11-26T17:30:00+00:00,2025-11-26,2025-11-26T11:30:00-05:00,-0.0007738193182917907,0.0007738193182917907,0,2025-11-26T16:30:00+00:00,0.007378104511549077,0.007378104511549077,0.015503689102306088,16.644279688174358,17.2101437289255,120.0,0.0,2.3978952727983707,2.302585092994046,1.6094379124341003,0.6931471805599453,0.0,0.6931471805599453,0.0,0.0,4.499809670330265,4.07753744390572,2.9444389791664403,1.9459101490553132,0.0,1.9459101490553132,1.3862943611198906,1.791759469228055,2025-11-26T16:15:00+00:00,train,0.14363636363636365,0.005064144539958312,0.0031743182979321327,0.28220441902821536,0.007968504585359552,0.007968504585359552,0.2897826842622971,0.007941553208297569,0.007941553208297569,0.3860700260545842,0.007294043953823649,0.007294043953823649
2025-11-26T17:30:00+00:00,2025-11-26T18:30:00+00:00,2025-11-26,2025-11-26T12:30:00-05:00,0.00016425242609940938,0.00016425242609940938,0,2025-11-26T17:30:00+00:00,-0.0007738193182917907,0.0007738193182917907,0.013713230270492557,16.458148398464616,17.1161909694853,180.0,0.0,1.0986122886681098,0.6931471805599453,0.6931471805599453,0.0,0.0,0.0,0.0,0.0,4.406719247264253,3.9512437185814275,2.9444389791664403,1.9459101490553132,0.0,1.9459101490553132,1.3862943611198906,1.791759469228055,2025-11-26T16:43:17+00:00,train,0.14363636363636365,0.005064144539958312,0.0031743182979321327,0.1350983448968451,0.00575326883773047,0.00575326883773047,0.14932106465729156,0.0061513931573568305,0.0061513931573568305,0.198394438041671,0.005873490619779066,0.005873490619779066
2025-11-26T18:30:00+00:00,2025-11-26T19:30:00+00:00,2025-11-26,2025-11-26T13:30:00-05:00,-0.0014379432019608895,0.0014379432019608895,0,2025-11-26T18:30:00+00:00,0.00016425242609940938,0.00016425242609940938,0.013251401624582505,16.263338718398224,17.050107405427035,240.0,0.0,1.6094379124341003,1.0986122886681098,0.0,0.0,0.6931471805599453,0.6931471805599453,0.0,0.0,4.3694478524670215,3.9512437185814275,2.9444389791664403,1.9459101490553132,0.6931471805599453,1.9459101490553132,1.3862943611198906,1.6094379124341003,2025-11-26T18:10:25+00:00,train,0.14363636363636365,0.005064144539958312,0.0031743182979321327,0.08022435804746543,0.00464235991609017,0.00464235991609017,0.08522172798206717,0.004779205401740936,0.004779205401740936,0.07049134806738508,0.00361185017343426,0.00361185017343426
2025-11-26T19:30:00+00:00,2025-11-26T20:30:00+00:00,2025-11-26,2025-11-26T14:30:00-05:00,-0.00022159260174825501,0.00022159260174825501,0,2025-11-26T19:30:00+00:00,-0.0014379432019608895,0.0014379432019608895,0.013008831700007785,16.17821529823775,17.01155361790273,300.0,0.0,1.6094379124341003,1.6094379124341003,0.6931471805599453,0.0,0.0,0.0,0.0,0.6931471805599453,4.343805421853684,3.9318256327243257,2.833213344056216,1.9459101490553132,0.6931471805599453,1.791759469228055,1.0986122886681098,1.791759469228055,2025-11-26T19:24:25+00:00,train,0.14363636363636365,0.005064144539958312,0.0031743182979321327,0.05470127536072618,0.004002021506718681,0.004002021506718681,0.057835256978795206,0.004087050665495977,0.004087050665495977,0.09790724350005932,0.004646528802164825,0.004646528802164825
2025-11-28T14:30:00+00:00,2025-11-28T15:30:00+00:00,2025-11-28,2025-11-28T09:30:00-05:00,-0.009497805211789778,0.009497805211789778,0,2025-11-26T21:00:00+00:00,-0.0017451174919540513,0.0017451174919540513,0.012781442758728778,16.04322123131259,16.993276982431773,0.0,41.5,1.0986122886681098,0.6931471805599453,0.0,0.0,0.0,0.0,0.0,0.0,3.4011973816621555,2.9444389791664403,1.6094379124341003,1.0986122886681098,1.0986122886681098,1.3862943611198906,1.3862943611198906,0.0,2025-11-28T13:54:59+00:00,train,0.14363636363636365,0.005064144539958312,0.0031743182979321327,0.3571797739120225,0.00930008763508887,0.00930008763508887,0.34270529393259686,0.009210904827342842,0.009210904827342842,0.3307757861674908,0.00917041180666104,0.00917041180666104
2025-11-28T15:30:00+00:00,2025-11-28T16:30:00+00:00,2025-11-28,2025-11-28T10:30:00-05:00,-0.0008948310121877912,0.0008948310121877912,0,2025-11-28T15:30:00+00:00,-0.009497805211789778,0.009497805211789778,0.011422446429100501,17.217094298313633,16.991817308890678,60.0,0.0,0.0,0.0,0.0,0.0,0.0,0.0,0.0,0.0,3.4011973816621555,2.9444389791664403,1.6094379124341003,1.0986122886681098,1.0986122886681098,1.3862943611198906,1.3862943611198906,0.0,2025-11-28T13:54:59+00:00,train,0.14363636363636365,0.005064144539958312,0.0031743182979321327,0.3538092604477151,0.008401114569640445,0.008401114569640445,0.34982508291631,0.008629211738164633,0.008629211738164633,0.3587528904855179,0.009223002836632996,0.009223002836632996
2025-11-28T16:30:00+00:00,2025-11-28T17:30:00+00:00,2025-11-28,2025-11-28T11:30:00-05:00,0.00027780068369653854,0.00027780068369653854,0,2025-11-28T16:30:00+00:00,-0.0008948310121877912,0.0008948310121877912,0.01040749217365922,16.67719673502786,16.981780808835186,120.0,0.0,0.6931471805599453,0.6931471805599453,0.6931471805599453,0.0,0.0,0.0,0.0,0.0,3.4011973816621555,2.9444389791664403,1.791759469228055,1.0986122886681098,0.6931471805599453,1.3862943611198906,1.3862943611198906,0.0,2025-11-28T16:00:00+00:00,train,0.14363636363636365,0.005064144539958312,0.0031743182979321327,0.15510293291006244,0.0056801283068785265,0.0056801283068785265,0.14476172085861796,0.005592917707170743,0.005592917707170743,0.16609840027342804,0.0061102344387976805,0.0061102344387976805
2025-12-01T15:30:00+00:00,2025-12-01T16:30:00+00:00,2025-12-01,2025-12-01T10:30:00-05:00,0.0006150439284184905,0.0006150439284184905,0,2025-12-01T15:30:00+00:00,0.023812270948933456,0.023812270948933456,0.01030552784520333,17.533762146412947,16.95494277499612,60.0,0.0,1.6094379124341003,1.3862943611198906,0.0,0.0,0.0,0.6931471805599453,0.0,0.0,3.367295829986474,2.8903717578961645,0.6931471805599453,0.0,1.0986122886681098,1.0986122886681098,0.0,0.0,2025-12-01T15:08:17+00:00,train,0.14363636363636365,0.005064144539958312,0.0031743182979321327,0.45656274733391544,0.009681844155233722,0.009681844155233722,0.4208760083305882,0.00924372036137662,0.00924372036137662,0.3781146736934677,0.008547404021428128,0.008547404021428128
2025-12-01T16:30:00+00:00,2025-12-01T17:30:00+00:00,2025-12-01,2025-12-01T11:30:00-05:00,0.005001700347880611,0.005001700347880611,0,2025-12-01T16:30:00+00:00,0.0006150439284184905,0.0006150439284184905,0.010300328039522725,16.762865597081614,16.958666087892343,120.0,0.0,1.0986122886681098,1.0986122886681098,0.0,0.0,0.0,0.0,0.0,0.0,3.4339872044851463,2.995732273553991,0.6931471805599453,0.0,1.0986122886681098,1.0986122886681098,0.0,0.0,2025-12-01T16:14:00+00:00,train,0.14363636363636365,0.005064144539958312,0.0031743182979321327,0.14942675060464314,0.005545208915469589,0.005545208915469589,0.13664494003688854,0.005326234028074956,0.005326234028074956,0.15109184227169126,0.006233066484531738,0.006233066484531738
2025-12-01T17:30:00+00:00,2025-12-01T18:30:00+00:00,2025-12-01,2025-12-01T12:30:00-05:00,-0.002391124744997475,0.002391124744997475,0,2025-12-01T17:30:00+00:00,0.005001700347880611,0.005001700347880611,0.010320159964237453,16.419123742777742,16.96104799324334,180.0,0.0,0.6931471805599453,0.6931471805599453,0.0,0.0,0.6931471805599453,0.0,0.0,0.0,3.4657359027997265,3.044522437723423,0.6931471805599453,0.0,1.3862943611198906,1.0986122886681098,0.0,0.0,2025-12-01T16:46:09+00:00,train,0.14363636363636365,0.005064144539958312,0.0031743182979321327,0.11775815493909556,0.005374083257536557,0.005374083257536557,0.11092229744598121,0.005284080327128356,0.005284080327128356,0.1042684105550049,0.006560640428020879,0.006560640428020879
2025-12-01T18:30:00+00:00,2025-12-01T19:30:00+00:00,2025-12-01,2025-12-01T13:30:00-05:00,-0.0017836648887284978,0.0017836648887284978,0,2025-12-01T18:30:00+00:00,-0.002391124744997475,0.002391124744997475,0.010337266661705223,16.215768582719104,16.957922577574095,240.0,0.0,0.6931471805599453,0.0,0.0,0.0,0.0,0.0,0.0,0.0,3.4965075614664802,3.044522437723423,0.6931471805599453,0.0,1.3862943611198906,1.0986122886681098,0.0,0.0,2025-12-01T17:49:03+00:00,train,0.14363636363636365,0.005064144539958312,0.0031743182979321327,0.07241117853422367,0.004324124829460825,0.004324124829460825,0.06828257853271913,0.00422449447615043,0.00422449447615043,0.05950977235676551,0.005063462470906738,0.005063462470906738
2025-12-01T19:30:00+00:00,2025-12-01T20:30:00+00:00,2025-12-01,2025-12-01T14:30:00-05:00,0.0016187488934416017,0.0016187488934416017,0,2025-12-01T19:30:00+00:00,-0.0017836648887284978,0.0017836648887284978,0.010345554025260075,16.062934781873224,16.949144827874406,300.0,0.0,0.6931471805599453,0.0,0.0,0.0,0.0,0.0,0.0,0.0,3.4657359027997265,2.9444389791664403,0.6931471805599453,0.0,1.3862943611198906,1.0986122886681098,0.0,0.0,2025-12-01T19:29:54+00:00,train,0.14363636363636365,0.005064144539958312,0.0031743182979321327,0.04538620051864288,0.003399796659343481,0.003399796659343481,0.04225108575247563,0.0032377987501657603,0.0032377987501657603,0.03468922714580789,0.0038328943830580795,0.0038328943830580795
2025-12-02T14:30:00+00:00,2025-12-02T15:30:00+00:00,2025-12-02,2025-12-02T09:30:00-05:00,0.00844708150890372,0.00844708150890372,0,2025-12-01T21:00:00+00:00,0.0034006053838055994,0.0034006053838055994,0.008823472576149913,16.093386273227413,16.78608344688177,0.0,17.5,1.6094379124341003,1.6094379124341003,0.0,0.0,0.6931471805599453,0.0,0.0,0.0,4.04305126783455,3.6109179126442243,2.1972245773362196,0.0,2.0794415416798357,1.791759469228055,0.0,1.0986122886681098,2025-12-02T14:00:00+00:00,train,0.14363636363636365,0.005064144539958312,0.0031743182979321327,0.26509709247168306,0.0075271795198157375,0.0075271795198157375,0.27308495941781197,0.007664994141364345,0.007664994141364345,0.19161423178241413,0.0070488509070955364,0.0070488509070955364
2025-12-02T15:30:00+00:00,2025-12-02T16:30:00+00:00,2025-12-02,2025-12-02T10:30:00-05:00,-0.014545004536205108,0.014545004536205108,1,2025-12-02T15:30:00+00:00,0.00844708150890372,0.00844708150890372,0.007756377180225752,17.528918708796084,16.804430110041675,60.0,0.0,1.0986122886681098,1.0986122886681098,0.0,0.0,0.0,1.0986122886681098,0.6931471805599453,0.0,4.007333185232471,3.58351893845611,2.1972245773362196,0.0,2.0794415416798357,1.9459101490553132,0.6931471805599453,1.0986122886681098,2025-12-02T15:13:00+00:00,train,0.14363636363636365,0.005064144539958312,0.0031743182979321327,0.2418966209376939,0.006734611200532507,0.006734611200532507,0.2524288814087112,0.007000156595554485,0.007000156595554485,0.20565918279324463,0.0059744695414750155,0.0059744695414750155
2025-12-02T16:30:00+00:00,2025-12-02T17:30:00+00:00,2025-12-02,2025-12-02T11:30:00-05:00,0.009028997362400704,0.009028997362400704,0,2025-12-02T16:30:00+00:00,-0.014545004536205108,0.014545004536205108,0.008505218299848903,17.110866122976674,16.815080032536834,120.0,0.0,1.0986122886681098,1.0986122886681098,0.6931471805599453,0.0,0.6931471805599453,0.0,0.0,0.0,4.007333185232471,3.58351893845611,2.302585092994046,0.0,2.1972245773362196,1.9459101490553132,0.6931471805599453,1.0986122886681098,2025-12-02T16:20:00+00:00,train,0.14363636363636365,0.005064144539958312,0.0031743182979321327,0.2572861134310263,0.0077216417415078425,0.0077216417415078425,0.26923796924598775,0.007959752972808161,0.007959752972808161,0.17304400490827435,0.0071219674420478305,0.0071219674420478305
2025-12-02T17:30:00+00:00,2025-12-02T18:30:00+00:00,2025-12-02,2025-12-02T12:30:00-05:00,-0.002442947492711678,0.002442947492711678,0,2025-12-02T17:30:00+00:00,0.009028997362400704,0.009028997362400704,0.008686312813042087,16.62486017962923,16.815875100972438,180.0,0.0,1.6094379124341003,0.6931471805599453,1.0986122886681098,0.0,0.0,0.0,0.0,0.0,4.060443010546419,3.58351893845611,2.4849066497880004,0.0,2.0794415416798357,1.9459101490553132,0.6931471805599453,1.0986122886681098,2025-12-02T17:12:00+00:00,train,0.14363636363636365,0.005064144539958312,0.0031743182979321327,0.11596448799235587,0.00541598182163821,0.00541598182163821,0.1177895690081347,0.005415670198200332,0.005415670198200332,0.06543244931678695,0.003939464801515024,0.003939464801515024
2025-12-02T18:30:00+00:00,2025-12-02T19:30:00+00:00,2025-12-02,2025-12-02T13:30:00-05:00,-0.0039073616621742024,0.0039073616621742024,0,2025-12-02T18:30:00+00:00,-0.002442947492711678,0.002442947492711678,0.008467637407221548,16.273497947186883,16.80141773292321,240.0,0.0,0.6931471805599453,0.6931471805599453,0.6931471805599453,0.0,0.6931471805599453,0.0,0.0,0.0,4.060443010546419,3.6109179126442243,2.5649493574615367,0.0,2.1972245773362196,1.9459101490553132,0.6931471805599453,1.0986122886681098,2025-12-02T18:27:18+00:00,train,0.14363636363636365,0.005064144539958312,0.0031743182979321327,0.05803954754391056,0.003727708993871458,0.003727708993871458,0.062822815747169,0.004053415105571949,0.004053415105571949,0.03647177371670221,0.0035570389051499175,0.0035570389051499175
2025-12-02T19:30:00+00:00,2025-12-02T20:30:00+00:00,2025-12-02,2025-12-02T14:30:00-05:00,0.002486445788846714,0.002486445788846714,0,2025-12-02T19:30:00+00:00,-0.0039073616621742024,0.0039073616621742024,0.008150095219725373,16.0000364021586,16.764872907952327,300.0,0.0,1.0986122886681098,0.6931471805599453,0.6931471805599453,0.0,0.0,0.0,0.0,0.0,4.07753744390572,3.6375861597263857,2.6390573296152584,0.0,2.1972245773362196,1.9459101490553132,0.6931471805599453,1.0986122886681098,2025-12-02T19:17:00+00:00,train,0.14363636363636365,0.005064144539958312,0.0031743182979321327,0.03864560306241131,0.0030936999048139127,0.0030936999048139127,0.04079495707845717,0.0032373489290972437,0.0032373489290972437,0.02330949160984563,0.0021002112317202106,0.0021002112317202106
2025-12-03T14:30:00+00:00,2025-12-03T15:30:00+00:00,2025-12-03,2025-12-03T09:30:00-05:00,-0.00405931903151413,0.00405931903151413,0,2025-12-02T21:00:00+00:00,-0.00031692156788354353,0.00031692156788354353,0.007685059553676667,15.880886896805565,16.662997123809316,0.0,17.5,1.3862943611198906,1.0986122886681098,0.0,0.6931471805599453,0.0,1.0986122886681098,0.0,0.0,3.5553480614894135,3.1354942159291497,2.4849066497880004,1.0986122886681098,2.0794415416798357,1.791759469228055,0.6931471805599453,0.0,2025-12-03T14:13:00+00:00,train,0.14363636363636365,0.005064144539958312,0.0031743182979321327,0.205010960261924,0.006687189807298412,0.006687189807298412,0.19565903216649502,0.006571930493368909,0.006571930493368909,0.11909764854897059,0.005658349474701683,0.005658349474701683
2025-12-03T15:30:00+00:00,2025-12-03T16:30:00+00:00,2025-12-03,2025-12-03T10:30:00-05:00,0.001275486458502284,0.001275486458502284,0,2025-12-03T15:30:00+00:00,-0.00405931903151413,0.00405931903151413,0.007614346166116184,17.27524193839694,16.705247417132668,60.0,0.0,1.3862943611198906,0.6931471805599453,0.0,0.0,0.0,0.6931471805599453,0.0,0.0,3.58351893845611,3.091042453358316,2.4849066497880004,1.0986122886681098,2.0794415416798357,1.6094379124341003,0.0,0.0,2025-12-03T15:01:00+00:00,train,0.14363636363636365,0.005064144539958312,0.0031743182979321327,0.1973886293716825,0.006147601871113826,0.006147601871113826,0.18676181809417305,0.006006755393441991,0.006006755393441991,0.10066547912323166,0.004513050290730257,0.004513050290730257
2025-12-03T16:30:00+00:00,2025-12-03T17:30:00+00:00,2025-12-03,2025-12-03T11:30:00-05:00,-0.0009415833762740355,0.0009415833762740355,0,2025-12-03T16:30:00+00:00,0.001275486458502284,0.001275486458502284,0.007610446279507899,16.713410243114506,16.716540058704958,120.0,0.0,1.9459101490553132,1.9459101490553132,0.6931471805599453,0.6931471805599453,1.0986122886681098,0.6931471805599453,0.0,0.0,3.6888794541139363,3.258096538021482,2.4849066497880004,1.3862943611198906,2.1972245773362196,1.791759469228055,0.0,0.0,2025-12-03T16:17:58+00:00,train,0.14363636363636365,0.005064144539958312,0.0031743182979321327,0.11039383095515834,0.0047396887469615635,0.0047396887469615635,0.10143286747023485,0.0044017869310363405,0.0044017869310363405,0.061321091337717314,0.004301850075542622,0.004301850075542622
2025-12-03T17:30:00+00:00,2025-12-03T18:30:00+00:00,2025-12-03,2025-12-03T12:30:00-05:00,0.0015523578581624342,0.0015523578581624342,0,2025-12-03T17:30:00+00:00,-0.0009415833762740355,0.0009415833762740355,0.007617618910809199,16.189116025670803,16.71426412074001,180.0,0.0,1.0986122886681098,1.0986122886681098,0.6931471805599453,0.0,0.0,0.0,0.0,0.0,3.6375861597263857,3.295836866004329,2.3978952727983707,1.3862943611198906,2.1972245773362196,1.791759469228055,0.0,0.0,2025-12-03T17:27:36+00:00,train,0.14363636363636365,0.005064144539958312,0.0031743182979321327,0.07011143980029698,0.003925431799976677,0.003925431799976677,0.06717457501436822,0.0038311797532488974,0.0038311797532488974,0.05542540090693036,0.003944950723609402,0.003944950723609402
2025-12-03T18:30:00+00:00,2025-12-03T19:30:00+00:00,2025-12-03,2025-12-03T13:30:00-05:00,0.00047044975841536996,0.00047044975841536996,0,2025-12-03T18:30:00+00:00,0.0015523578581624342,0.0015523578581624342,0.007606462921730132,15.845184877058523,16.70594370842032,240.0,0.0,0.6931471805599453,0.6931471805599453,0.0,0.0,0.0,0.0,0.6931471805599453,0.0,3.6375861597263857,3.295836866004329,2.302585092994046,1.3862943611198906,2.0794415416798357,1.791759469228055,0.6931471805599453,0.0,2025-12-03T17:33:20+00:00,train,0.14363636363636365,0.005064144539958312,0.0031743182979321327,0.04494697730470006,0.0031459165453870865,0.0031459165453870865,0.044139679491075584,0.0031605879700810574,0.0031605879700810574,0.05105021173986675,0.004169772059284562,0.004169772059284562
2025-12-03T19:30:00+00:00,2025-12-03T20:30:00+00:00,2025-12-03,2025-12-03T14:30:00-05:00,-0.004006164498919218,0.004006164498919218,0,2025-12-03T19:30:00+00:00,0.00047044975841536996,0.00047044975841536996,0.007603759796094424,16.026849501782987,16.70181436964201,300.0,0.0,0.0,0.0,0.0,0.0,0.0,0.0,0.0,0.0,3.58351893845611,3.258096538021482,2.1972245773362196,1.3862943611198906,2.0794415416798357,1.791759469228055,0.6931471805599453,0.0,2025-12-03T17:33:20+00:00,train,0.14363636363636365,0.005064144539958312,0.0031743182979321327,0.0288081786152758,0.0022032574154333723,0.0022032574154333723,0.029330475163248593,0.002417890039432779,0.002417890039432779,0.02464345226857446,0.003108084768365381,0.003108084768365381
2025-12-04T14:30:00+00:00,2025-12-04T15:30:00+00:00,2025-12-04,2025-12-04T09:30:00-05:00,-0.0025883209037171895,0.0025883209037171895,0,2025-12-03T21:00:00+00:00,-0.002110903642893791,0.002110903642893791,0.007309343478684287,17.713882773879607,16.644426215475377,0.0,17.5,1.9459101490553132,1.791759469228055,1.6094379124341003,0.6931471805599453,0.0,0.0,0.0,0.0,4.143134726391533,3.7612001156935624,2.5649493574615367,1.791759469228055,2.0794415416798357,1.3862943611198906,2.0794415416798357,1.3862943611198906,2025-12-04T14:22:00+00:00,train,0.14363636363636365,0.005064144539958312,0.0031743182979321327,0.2584792125721714,0.007010939497110744,0.007010939497110744,0.26862312391885684,0.00715676368974721,0.00715676368974721,0.2999557724427417,0.007359633626841463,0.007359633626841463
2025-12-04T15:30:00+00:00,2025-12-04T16:30:00+00:00,2025-12-04,2025-12-04T10:30:00-05:00,0.008560038363316647,0.008560038363316647,0,2025-12-04T15:30:00+00:00,-0.0025883209037171895,0.0025883209037171895,0.007341950488987908,17.31140678108639,16.689162083599864,60.0,0.0,0.0,0.0,0.0,0.0,0.0,0.0,0.0,0.0,4.0943445622221,3.7376696182833684,2.5649493574615367,1.791759469228055,2.0794415416798357,1.0986122886681098,2.0794415416798357,1.3862943611198906,2025-12-04T14:22:00+00:00,train,0.14363636363636365,0.005064144539958312,0.0031743182979321327,0.17970043576613584,0.005783254475753272,0.005783254475753272,0.20516044169822364,0.006546041489404318,0.006546041489404318,0.21798218392353433,0.00706327265817527,0.00706327265817527
2025-12-04T16:30:00+00:00,2025-12-04T17:30:00+00:00,2025-12-04,2025-12-04T11:30:00-05:00,0.004995818367601101,0.004995818367601101,0,2025-12-04T16:30:00+00:00,0.008560038363316647,0.008560038363316647,0.007536246811782813,16.75093709947608,16.701438914111836,120.0,0.0,0.0,0.0,0.0,0.0,0.0,0.0,0.0,0.0,3.9889840465642745,3.58351893845611,2.4849066497880004,1.6094379124341003,1.791759469228055,0.6931471805599453,2.0794415416798357,1.3862943611198906,2025-12-04T14:22:00+00:00,train,0.14363636363636365,0.005064144539958312,0.0031743182979321327,0.14511248153879844,0.00574715311590915,0.00574715311590915,0.16243329770894294,0.006367870373018181,0.006367870373018181,0.1794626037283864,0.0067482176515847375,0.0067482176515847375
2025-12-04T17:30:00+00:00,2025-12-04T18:30:00+00:00,2025-12-04,2025-12-04T12:30:00-05:00,0.00040869679511401635,0.00040869679511401635,0,2025-12-04T17:30:00+00:00,0.004995818367601101,0.004995818367601101,0.00547069373379357,16.701457317758848,16.63430318622248,180.0,0.0,1.3862943611198906,1.3862943611198906,1.0986122886681098,0.0,0.0,0.0,0.0,0.0,4.007333185232471,3.6109179126442243,2.5649493574615367,1.6094379124341003,1.791759469228055,0.6931471805599453,2.0794415416798357,1.3862943611198906,2025-12-04T16:55:00+00:00,train,0.14363636363636365,0.005064144539958312,0.0031743182979321327,0.07267791705426259,0.003906338411480803,0.003906338411480803,0.07504026999167182,0.003996853716237145,0.003996853716237145,0.0865679957569942,0.0037966363653261096,0.0037966363653261096
2025-12-04T18:30:00+00:00,2025-12-04T19:30:00+00:00,2025-12-04,2025-12-04T13:30:00-05:00,-0.006998930388841362,0.006998930388841362,0,2025-12-04T18:30:00+00:00,0.00040869679511401635,0.00040869679511401635,0.005470400522729803,16.039216283009313,16.604581966314665,240.0,0.0,0.6931471805599453,0.6931471805599453,0.0,0.0,0.0,0.0,0.0,0.0,4.007333185232471,3.6109179126442243,2.5649493574615367,1.6094379124341003,1.791759469228055,0.6931471805599453,1.9459101490553132,1.3862943611198906,2025-12-04T18:28:19+00:00,train,0.14363636363636365,0.005064144539958312,0.0031743182979321327,0.03578123497193411,0.0023933107503982553,0.0023933107503982553,0.03869468208511796,0.002703673760990776,0.002703673760990776,0.04244548263593891,0.002816569202822543,0.002816569202822543
2025-12-04T19:30:00+00:00,2025-12-04T20:30:00+00:00,2025-12-04,2025-12-04T14:30:00-05:00,7.348587091859926e-05,7.348587091859926e-05,0,2025-12-04T19:30:00+00:00,-0.006998930388841362,0.006998930388841362,0.005591179464812525,16.09145635480843,16.5929090042896,300.0,0.0,1.6094379124341003,1.0986122886681098,1.0986122886681098,0.0,0.0,0.0,0.6931471805599453,0.0,4.07753744390572,3.6635616461296463,2.70805020110221,1.6094379124341003,1.791759469228055,0.6931471805599453,2.0794415416798357,1.3862943611198906,2025-12-04T19:11:37+00:00,train,0.14363636363636365,0.005064144539958312,0.0031743182979321327,0.03518058467124103,0.0029181760749008947,0.0029181760749008947,0.0362813839320279,0.0028983080854939045,0.0028983080854939045,0.048449203863462645,0.0029871922208146947,0.0029871922208146947
2025-12-05T14:30:00+00:00,2025-12-05T15:30:00+00:00,2025-12-05,2025-12-05T09:30:00-05:00,-0.005928984802541559,0.005928984802541559,0,2025-12-04T21:00:00+00:00,0.005896048080271665,0.005896048080271665,0.005568410394197804,15.80211903675081,16.587985536235454,0.0,17.5,1.3862943611198906,1.0986122886681098,0.6931471805599453,0.0,0.0,0.0,0.0,0.0,3.4339872044851463,3.1354942159291497,2.6390573296152584,1.0986122886681098,0.6931471805599453,1.3862943611198906,1.6094379124341003,0.0,2025-12-05T14:27:59+00:00,train,0.14363636363636365,0.005064144539958312,0.0031743182979321327,0.21326671680067194,0.006904787396130022,0.006904787396130022,0.20057581506316113,0.006716698902170557,0.006716698902170557,0.20530791086582711,0.006652918113761918,0.006652918113761918
2025-12-05T15:30:00+00:00,2025-12-05T16:30:00+00:00,2025-12-05,2025-12-05T10:30:00-05:00,-0.0037756631540697416,0.0037756631540697416,0,2025-12-05T15:30:00+00:00,-0.005928984802541559,0.005928984802541559,0.005709052828509373,17.2749770993227,16.65546665670623,60.0,0.0,1.9459101490553132,1.791759469228055,0.6931471805599453,0.0,0.6931471805599453,0.0,0.0,0.0,3.6109179126442243,3.332204510175204,2.70805020110221,1.0986122886681098,1.0986122886681098,1.3862943611198906,1.6094379124341003,0.0,2025-12-05T15:28:36+00:00,train,0.14363636363636365,0.005064144539958312,0.0031743182979321327,0.19185199960852906,0.006029041754180876,0.006029041754180876,0.17754733207700893,0.005716175687544266,0.005716175687544266,0.15711027885383855,0.005653686436048258,0.005653686436048258
2025-12-05T16:30:00+00:00,2025-12-05T17:30:00+00:00,2025-12-05,2025-12-05T11:30:00-05:00,-0.0015939303427551232,0.0015939303427551232,0,2025-12-05T16:30:00+00:00,-0.0037756631540697416,0.0037756631540697416,0.005739731276923381,16.530695115581622,16.667961300400748,120.0,0.0,1.0986122886681098,0.6931471805599453,0.0,0.0,0.0,0.0,0.0,0.0,3.6635616461296463,3.367295829986474,2.70805020110221,1.0986122886681098,1.0986122886681098,1.3862943611198906,1.6094379124341003,0.0,2025-12-05T16:00:10+00:00,train,0.14363636363636365,0.005064144539958312,0.0031743182979321327,0.11087376350632559,0.004810055054986435,0.004810055054986435,0.10848069032093767,0.0048041326570633,0.0048041326570633,0.09957956648865077,0.0049029250402471275,0.0049029250402471275
2025-12-05T17:30:00+00:00,2025-12-05T18:30:00+00:00,2025-12-05,2025-12-05T12:30:00-05:00,0.0025305683626157816,0.0025305683626157816,0,2025-12-05T17:30:00+00:00,-0.0015939303427551232,0.0015939303427551232,0.005331869981150224,16.08366744338238,16.57321509259114,180.0,0.0,1.0986122886681098,0.0,0.0,0.6931471805599453,0.6931471805599453,0.0,0.0,0.0,3.6375861597263857,3.258096538021482,2.5649493574615367,1.3862943611198906,1.3862943611198906,1.3862943611198906,1.6094379124341003,0.0,2025-12-05T17:05:00+00:00,train,0.14363636363636365,0.005064144539958312,0.0031743182979321327,0.05659913643622219,0.0033665568196763924,0.0033665568196763924,0.05473557647406306,0.003295159042927463,0.003295159042927463,0.037958385921162296,0.004112879760014507,0.004112879760014507
2025-12-05T18:30:00+00:00,2025-12-05T19:30:00+00:00,2025-12-05,2025-12-05T13:30:00-05:00,-0.004252331459792091,0.004252331459792091,0,2025-12-05T18:30:00+00:00,0.0025305683626157816,0.0025305683626157816,0.0043399823505633275,15.875550092089124,16.510582244656675,240.0,0.0,0.6931471805599453,0.6931471805599453,0.0,0.0,0.0,0.0,0.0,0.0,3.6375861597263857,3.258096538021482,2.5649493574615367,1.3862943611198906,1.3862943611198906,1.3862943611198906,1.6094379124341003,0.0,2025-12-05T17:53:44+00:00,train,0.14363636363636365,0.005064144539958312,0.0031743182979321327,0.03331211530304191,0.002321890673164251,0.002321890673164251,0.03318176620876676,0.0023718930428014,0.0023718930428014,0.032203238902802196,0.0026597952391239302,0.0026597952391239302
2025-12-05T19:30:00+00:00,2025-12-05T20:30:00+00:00,2025-12-05,2025-12-05T14:30:00-05:00,0.0021353223432831747,0.0021353223432831747,0,2025-12-05T19:30:00+00:00,-0.004252331459792091,0.004252331459792091,0.003833079462025293,16.08581385573412,16.486948021652836,300.0,0.0,0.6931471805599453,0.6931471805599453,0.0,0.0,0.0,0.0,0.0,0.0,3.5553480614894135,3.2188758248682006,2.3978952727983707,1.3862943611198906,1.3862943611198906,1.3862943611198906,1.3862943611198906,0.0,2025-12-05T19:16:42+00:00,train,0.14363636363636365,0.005064144539958312,0.0031743182979321327,0.02471948455570433,0.0018639080419068218,0.0018639080419068218,0.024222475430440055,0.001839428413840388,0.001839428413840388,0.023637379497419325,0.002177970733148117,0.002177970733148117
2025-12-08T14:30:00+00:00,2025-12-08T15:30:00+00:00,2025-12-08,2025-12-08T09:30:00-05:00,0.002302980071585914,0.002302980071585914,0,2025-12-05T21:00:00+00:00,0.0028047172013645483,0.0028047172013645483,0.0038730311147107516,16.044445450934024,16.47210426890709,0.0,65.5,1.791759469228055,1.3862943611198906,0.6931471805599453,0.0,0.0,1.0986122886681098,0.0,0.0,2.995732273553991,2.4849066497880004,1.9459101490553132,0.0,0.6931471805599453,1.3862943611198906,0.0,0.0,2025-12-08T14:07:26+00:00,train,0.14363636363636365,0.005064144539958312,0.0031743182979321327,0.1880408606998377,0.007534595841254568,0.007534595841254568,0.1665461435246777,0.007054033453156659,0.007054033453156659,0.10116125131176787,0.004879863497347001,0.004879863497347001
2025-12-08T15:30:00+00:00,2025-12-08T16:30:00+00:00,2025-12-08,2025-12-08T10:30:00-05:00,0.002376386513748052,0.002376386513748052,0,2025-12-08T15:30:00+00:00,0.002302980071585914,0.002302980071585914,0.003849391700087676,17.269603474740492,16.54889265995147,60.0,0.0,1.791759469228055,1.0986122886681098,1.0986122886681098,0.6931471805599453,0.0,0.0,0.0,0.6931471805599453,3.2188758248682006,2.6390573296152584,2.1972245773362196,0.6931471805599453,0.6931471805599453,1.3862943611198906,0.0,0.6931471805599453,2025-12-08T15:29:52+00:00,train,0.14363636363636365,0.005064144539958312,0.0031743182979321327,0.13009007366566278,0.004662729873313537,0.004662729873313537,0.11134756985592469,0.004138785407631322,0.004138785407631322,0.11761386147169049,0.004728438788336013,0.004728438788336013
2025-12-08T16:30:00+00:00,2025-12-08T17:30:00+00:00,2025-12-08,2025-12-08T11:30:00-05:00,-0.00035429465838421326,0.00035429465838421326,0,2025-12-08T16:30:00+00:00,0.002376386513748052,0.002376386513748052,0.0038451731489142797,16.537995869729045,16.569029798528437,120.0,0.0,1.6094379124341003,1.3862943611198906,0.0,0.0,0.0,0.6931471805599453,0.0,0.0,3.332204510175204,2.833213344056216,2.1972245773362196,0.6931471805599453,0.6931471805599453,1.6094379124341003,0.0,0.6931471805599453,2025-12-08T16:09:15+00:00,train,0.14363636363636365,0.005064144539958312,0.0031743182979321327,0.08305179157940051,0.0038750684352100787,0.0038750684352100787,0.07296943973676649,0.003448167622988642,0.003448167622988642,0.05218206389644648,0.0017955336146967794,0.0017955336146967794
2025-12-08T17:30:00+00:00,2025-12-08T18:30:00+00:00,2025-12-08,2025-12-08T12:30:00-05:00,0.013577703938863595,0.013577703938863595,1,2025-12-08T17:30:00+00:00,-0.00035429465838421326,0.00035429465838421326,0.003746213270930326,15.969927026241345,16.492310885135534,180.0,0.0,1.3862943611198906,0.6931471805599453,1.0986122886681098,0.0,0.0,0.0,0.6931471805599453,0.0,3.4339872044851463,2.8903717578961645,2.3978952727983707,0.6931471805599453,0.6931471805599453,1.6094379124341003,0.6931471805599453,0.6931471805599453,2025-12-08T17:18:50+00:00,train,0.14363636363636365,0.005064144539958312,0.0031743182979321327,0.04455570831934626,0.002669828527704404,0.002669828527704404,0.04038681163463252,0.0023545600501545675,0.0023545600501545675,0.04282071452696007,0.002118408856484397,0.002118408856484397
2025-12-08T18:30:00+00:00,2025-12-08T19:30:00+00:00,2025-12-08,2025-12-08T13:30:00-05:00,-0.006313254032726756,0.006313254032726756,0,2025-12-08T18:30:00+00:00,0.013577703938863595,0.013577703938863595,0.004847310928912895,17.168870736245594,16.52766121403191,240.0,0.0,1.0986122886681098,0.6931471805599453,0.0,0.6931471805599453,0.0,0.0,0.0,0.0,3.4965075614664802,2.9444389791664403,2.3978952727983707,1.0986122886681098,0.6931471805599453,1.6094379124341003,0.6931471805599453,0.6931471805599453,2025-12-08T17:50:39+00:00,train,0.14363636363636365,0.005064144539958312,0.0031743182979321327,0.06490868370725297,0.004091451296178049,0.004091451296178049,0.06116087627746249,0.003898636219163568,0.003898636219163568,0.05476197116098276,0.0035684779749511814,0.0035684779749511814
2025-12-08T19:30:00+00:00,2025-12-08T20:30:00+00:00,2025-12-08,2025-12-08T14:30:00-05:00,0.0010010321776039444,0.0010010321776039444,0,2025-12-08T19:30:00+00:00,-0.006313254032726756,0.006313254032726756,0.005070810376319254,16.643980197837536,16.54798074587994,300.0,0.0,0.6931471805599453,0.6931471805599453,0.6931471805599453,0.6931471805599453,0.0,0.6931471805599453,0.0,0.0,3.4965075614664802,2.995732273553991,2.4849066497880004,1.3862943611198906,0.6931471805599453,1.791759469228055,0.6931471805599453,0.6931471805599453,2025-12-08T18:48:00+00:00,train,0.14363636363636365,0.005064144539958312,0.0031743182979321327,0.03374369822322149,0.0026382706881821786,0.0026382706881821786,0.032570193451223355,0.0025752981740847216,0.0025752981740847216,0.029291575407712624,0.00215583034100118,0.00215583034100118
2025-12-09T14:30:00+00:00,2025-12-09T15:30:00+00:00,2025-12-09,2025-12-09T09:30:00-05:00,-0.004958222332600459,0.004958222332600459,0,2025-12-08T21:00:00+00:00,0.0036777066361126654,0.0036777066361126654,0.00506432917024284,16.146984228649558,16.559483675074734,0.0,17.5,2.0794415416798357,1.3862943611198906,1.3862943611198906,0.6931471805599453,0.0,0.0,1.6094379124341003,0.0,4.110873864173311,3.4965075614664802,3.1780538303479458,1.9459101490553132,1.0986122886681098,1.6094379124341003,3.4011973816621555,0.6931471805599453,2025-12-09T14:27:51+00:00,train,0.14363636363636365,0.005064144539958312,0.0031743182979321327,0.19533938351145336,0.00645615053952014,0.00645615053952014,0.20135039423357148,0.006503324224365456,0.006503324224365456,0.36043614669418705,0.00771646312198668,0.00771646312198668
2025-12-09T15:30:00+00:00,2025-12-09T16:30:00+00:00,2025-12-09,2025-12-09T10:30:00-05:00,0.0023831578279247534,0.0023831578279247534,0,2025-12-09T15:30:00+00:00,-0.004958222332600459,0.004958222332600459,0.005189122900042362,17.356437707570954,16.637911963089664,60.0,0.0,1.9459101490553132,1.6094379124341003,1.0986122886681098,0.0,0.6931471805599453,0.0,1.6094379124341003,0.0,4.127134385045092,3.5553480614894135,3.1780538303479458,1.791759469228055,1.3862943611198906,1.6094379124341003,3.5263605246161616,0.0,2025-12-09T15:02:42+00:00,train,0.14363636363636365,0.005064144539958312,0.0031743182979321327,0.1776732295703359,0.005707617205321385,0.005707617205321385,0.18258592992065414,0.005771786542273289,0.005771786542273289,0.287489778235364,0.006922939924909705,0.006922939924909705
2025-12-09T16:30:00+00:00,2025-12-09T17:30:00+00:00,2025-12-09,2025-12-09T11:30:00-05:00,-0.0009834485801831772,0.0009834485801831772,0,2025-12-09T16:30:00+00:00,0.0023831578279247534,0.0023831578279247534,0.005134998645352215,16.637870688985966,16.657932064698635,120.0,0.0,1.0986122886681098,1.0986122886681098,0.0,0.0,0.6931471805599453,0.0,0.6931471805599453,0.0,4.0943445622221,3.5263605246161616,3.1780538303479458,1.791759469228055,1.6094379124341003,1.3862943611198906,3.5553480614894135,0.0,2025-12-09T16:00:00+00:00,train,0.14363636363636365,0.005064144539958312,0.0031743182979321327,0.09655942475732175,0.004276489021285621,0.004276489021285621,0.10386731649578089,0.00458189087017481,0.00458189087017481,0.11857698503681503,0.005191700340515211,0.005191700340515211
2025-12-09T17:30:00+00:00,2025-12-09T18:30:00+00:00,2025-12-09,2025-12-09T12:30:00-05:00,-0.0001719904619569279,0.0001719904619569279,0,2025-12-09T17:30:00+00:00,-0.0009834485801831772,0.0009834485801831772,0.005101910115178931,16.097717520091724,16.587985783138507,180.0,0.0,2.302585092994046,1.6094379124341003,1.0986122886681098,0.0,0.6931471805599453,0.6931471805599453,1.791759469228055,0.0,4.189654742026425,3.6109179126442243,3.1780538303479458,1.791759469228055,1.791759469228055,1.6094379124341003,3.6635616461296463,0.0,2025-12-09T17:15:03+00:00,train,0.14363636363636365,0.005064144539958312,0.0031743182979321327,0.054775541392115504,0.003216778689019086,0.003216778689019086,0.05515579249520284,0.003078983813271446,0.003078983813271446,0.0747637616332947,0.0034805339303955758,0.0034805339303955758
2025-12-09T18:30:00+00:00,2025-12-09T19:30:00+00:00,2025-12-09,2025-12-09T13:30:00-05:00,-0.0016500293454114745,0.0016500293454114745,0,2025-12-09T18:30:00+00:00,-0.0001719904619569279,0.0001719904619569279,0.004712981521652904,15.67668118896148,16.54846606773463,240.0,0.0,1.9459101490553132,1.791759469228055,1.3862943611198906,0.0,0.0,0.0,1.0986122886681098,0.0,4.248495242049359,3.713572066704308,3.295836866004329,1.6094379124341003,1.791759469228055,1.6094379124341003,3.713572066704308,0.0,2025-12-09T18:11:13+00:00,train,0.14363636363636365,0.005064144539958312,0.0031743182979321327,0.031061644275625185,0.002114701918060348,0.002114701918060348,0.0324749352807123,0.0021131934950493728,0.0021131934950493728,0.04918753410056915,0.0025912143141112324,0.0025912143141112324
2025-12-09T19:30:00+00:00,2025-12-09T20:30:00+00:00,2025-12-09,2025-12-09T14:30:00-05:00,-0.0011650076676356091,0.0011650076676356091,0,2025-12-09T19:30:00+00:00,-0.0016500293454114745,0.0016500293454114745,0.004560881626213227,15.729778030734243,16.511578774268045,300.0,0.0,0.6931471805599453,0.6931471805599453,0.0,0.0,0.6931471805599453,0.0,0.0,0.0,4.248495242049359,3.713572066704308,3.258096538021482,1.3862943611198906,1.9459101490553132,1.3862943611198906,3.713572066704308,0.0,2025-12-09T18:30:54+00:00,train,0.14363636363636365,0.005064144539958312,0.0031743182979321327,0.021521067851579784,0.001533755169249901,0.001533755169249901,0.024735760308624156,0.0019850213646230605,0.0019850213646230605,0.01805447059198755,0.0019965259448546996,0.0019965259448546996
2025-12-10T14:30:00+00:00,2025-12-10T15:30:00+00:00,2025-12-10,2025-12-10T09:30:00-05:00,-0.006110609101906084,0.006110609101906084,0,2025-12-09T21:00:00+00:00,0.0034720305066509027,0.0034720305066509027,0.004557779271717809,17.559887276139182,16.50737694137316,0.0,17.5,0.0,0.0,0.0,0.0,0.0,0.0,0.0,0.0,3.6375861597263857,3.258096538021482,2.5649493574615367,0.6931471805599453,1.6094379124341003,1.3862943611198906,2.995732273553991,0.6931471805599453,2025-12-10T12:39:44+00:00,train,0.14363636363636365,0.005064144539958312,0.0031743182979321327,0.21008324267255032,0.006312168904249922,0.006312168904249922,0.225253877271815,0.006866586691960307,0.006866586691960307,0.19715277405838175,0.0068255912647881365,0.0068255912647881365
2025-12-10T15:30:00+00:00,2025-12-10T16:30:00+00:00,2025-12-10,2025-12-10T10:30:00-05:00,-0.005463700350424983,0.005463700350424983,0,2025-12-10T15:30:00+00:00,-0.006110609101906084,0.006110609101906084,0.004495927380223056,16.960560321707334,16.552043377251653,60.0,0.0,1.3862943611198906,1.0986122886681098,0.6931471805599453,0.0,0.0,1.0986122886681098,0.6931471805599453,0.0,3.5553480614894135,3.1780538303479458,2.4849066497880004,0.6931471805599453,1.3862943611198906,1.791759469228055,2.833213344056216,0.6931471805599453,2025-12-10T15:22:46+00:00,train,0.14363636363636365,0.005064144539958312,0.0031743182979321327,0.1640894438550462,0.0056528060608750956,0.0056528060608750956,0.1559400026898281,0.005520525719097483,0.005520525719097483,0.13098989211738776,0.004220286417465833,0.004220286417465833
2025-12-10T16:30:00+00:00,2025-12-10T17:30:00+00:00,2025-12-10,2025-12-10T11:30:00-05:00,-0.0014766408831738964,0.0014766408831738964,0,2025-12-10T16:30:00+00:00,-0.005463700350424983,0.005463700350424983,0.00462456045222648,16.643459717541432,16.57593679108204,120.0,0.0,0.6931471805599453,0.6931471805599453,0.0,0.0,0.0,0.0,0.0,0.0,3.5263605246161616,3.1354942159291497,2.4849066497880004,0.6931471805599453,1.0986122886681098,1.791759469228055,2.772588722239781,0.6931471805599453,2025-12-10T16:13:39+00:00,train,0.14363636363636365,0.005064144539958312,0.0031743182979321327,0.10811826080033633,0.004781347258534092,0.004781347258534092,0.10624620314674972,0.004850347861226739,0.004850347861226739,0.08912672902376609,0.00417603609974441,0.00417603609974441
2025-12-10T17:30:00+00:00,2025-12-10T18:30:00+00:00,2025-12-10,2025-12-10T12:30:00-05:00,0.00024647751947837193,0.00024647751947837193,0,2025-12-10T17:30:00+00:00,-0.0014766408831738964,0.0014766408831738964,0.004470307212581984,16.090798757670886,16.503569903456466,180.0,0.0,1.6094379124341003,1.3862943611198906,1.0986122886681098,0.0,0.0,0.0,1.0986122886681098,0.0,3.367295829986474,3.091042453358316,2.4849066497880004,0.6931471805599453,0.6931471805599453,1.6094379124341003,2.5649493574615367,0.6931471805599453,2025-12-10T17:07:00+00:00,train,0.14363636363636365,0.005064144539958312,0.0031743182979321327,0.050625346157353576,0.0030665664726426557,0.0030665664726426557,0.044406204624414275,0.0026133116361385703,0.0026133116361385703,0.07018924338831464,0.0031182143785379608,0.0031182143785379608
2025-12-10T18:30:00+00:00,2025-12-10T19:30:00+00:00,2025-12-10,2025-12-10T13:30:00-05:00,0.002660281834286904,0.002660281834286904,0,2025-12-10T18:30:00+00:00,0.00024647751947837193,0.00024647751947837193,0.004409897934855742,15.983110859804512,16.481669390886644,240.0,0.0,0.0,0.0,0.0,0.0,0.0,0.0,0.0,0.0,3.1354942159291497,2.833213344056216,2.1972245773362196,0.6931471805599453,0.6931471805599453,1.6094379124341003,2.3978952727983707,0.6931471805599453,2025-12-10T17:07:00+00:00,train,0.14363636363636365,0.005064144539958312,0.0031743182979321327,0.029890726840879695,0.0019789286208399333,0.0019789286208399333,0.027802553829284923,0.0019410928148191901,0.0019410928148191901,0.025532052963052398,0.0019221146264892593,0.0019221146264892593
2025-12-10T19:30:00+00:00,2025-12-10T20:30:00+00:00,2025-12-10,2025-12-10T14:30:00-05:00,0.003603933739545484,0.003603933739545484,0,2025-12-10T19:30:00+00:00,0.002660281834286904,0.002660281834286904,0.004451529234002593,16.31948140888418,16.490560776717082,300.0,0.0,1.3862943611198906,1.0986122886681098,0.0,0.0,0.0,0.0,0.6931471805599453,0.0,3.2188758248682006,2.8903717578961645,2.1972245773362196,0.6931471805599453,0.0,1.6094379124341003,2.4849066497880004,0.6931471805599453,2025-12-10T19:13:16+00:00,train,0.14363636363636365,0.005064144539958312,0.0031743182979321327,0.02295655111159119,0.0015690354270462533,0.0015690354270462533,0.019581406179475264,0.0010261708152410455,0.0010261708152410455,0.027046956331277558,0.0010276914101403165,0.0010276914101403165
2025-12-11T14:30:00+00:00,2025-12-11T15:30:00+00:00,2025-12-11,2025-12-11T09:30:00-05:00,-0.012148036370894122,0.012148036370894122,1,2025-12-10T21:00:00+00:00,-5.4380038092549654e-05,5.4380038092549654e-05,0.004492266430140079,16.06338167058446,16.52370484201937,0.0,17.5,1.6094379124341003,1.6094379124341003,1.0986122886681098,0.6931471805599453,0.6931471805599453,0.0,1.0986122886681098,0.0,3.912023005428146,3.4657359027997265,2.4849066497880004,2.0794415416798357,1.6094379124341003,1.6094379124341003,2.3978952727983707,0.6931471805599453,2025-12-11T14:24:43+00:00,train,0.14363636363636365,0.005064144539958312,0.0031743182979321327,0.16083296938296127,0.0057663051961738656,0.0057663051961738656,0.16438083064284897,0.005861222041076116,0.005861222041076116,0.27531552185759744,0.007886144450772929,0.007886144450772929
2025-12-11T15:30:00+00:00,2025-12-11T16:30:00+00:00,2025-12-11,2025-12-11T10:30:00-05:00,-0.005839977888893011,0.005839977888893011,0,2025-12-11T15:30:00+00:00,-0.012148036370894122,0.012148036370894122,0.005169452251951895,17.43620819552584,16.6119516496451,60.0,0.0,0.6931471805599453,0.6931471805599453,0.0,0.6931471805599453,0.0,0.0,0.0,0.0,3.871201010907891,3.4339872044851463,2.3978952727983707,2.1972245773362196,1.6094379124341003,1.0986122886681098,2.302585092994046,0.6931471805599453,2025-12-11T15:05:00+00:00,train,0.14363636363636365,0.005064144539958312,0.0031743182979321327,0.24873662300221502,0.007070497109594681,0.007070497109594681,0.2631461055374543,0.0074452173242562135,0.0074452173242562135,0.3101062702162131,0.008324366338936396,0.008324366338936396
2025-12-11T16:30:00+00:00,2025-12-11T17:30:00+00:00,2025-12-11,2025-12-11T11:30:00-05:00,0.008111849636680546,0.008111849636680546,0,2025-12-11T16:30:00+00:00,-0.005839977888893011,0.005839977888893011,0.005260210886402041,16.667168340960306,16.641702340807907,120.0,0.0,1.6094379124341003,1.0986122886681098,1.3862943611198906,0.0,0.0,0.0,0.6931471805599453,0.0,3.9318256327243257,3.4657359027997265,2.6390573296152584,2.1972245773362196,1.6094379124341003,1.0986122886681098,2.3978952727983707,0.6931471805599453,2025-12-11T16:09:01+00:00,train,0.14363636363636365,0.005064144539958312,0.0031743182979321327,0.12042361764248993,0.005078457468576395,0.005078457468576395,0.12113812564194856,0.005078985646278706,0.005078985646278706,0.1691878969837485,0.0054923434538409486,0.0054923434538409486
2025-12-11T17:30:00+00:00,2025-12-11T18:30:00+00:00,2025-12-11,2025-12-11T12:30:00-05:00,0.004566010182841307,0.004566010182841307,0,2025-12-11T17:30:00+00:00,0.008111849636680546,0.008111849636680546,0.005597341828570906,16.35095148499251,16.583756868692525,180.0,0.0,1.6094379124341003,1.0986122886681098,1.0986122886681098,1.0986122886681098,0.0,0.0,0.0,0.0,3.9318256327243257,3.4339872044851463,2.6390573296152584,2.3978952727983707,1.6094379124341003,1.0986122886681098,2.1972245773362196,0.6931471805599453,2025-12-11T17:05:00+00:00,train,0.14363636363636365,0.005064144539958312,0.0031743182979321327,0.07655184475105785,0.004299983962822713,0.004299983962822713,0.07646354682719819,0.004234088328321123,0.004234088328321123,0.09039198723043426,0.0049970856025338475,0.0049970856025338475
2025-12-11T18:30:00+00:00,2025-12-11T19:30:00+00:00,2025-12-11,2025-12-11T13:30:00-05:00,0.008959793985075626,0.008959793985075626,0,2025-12-11T18:30:00+00:00,0.004566010182841307,0.004566010182841307,0.005680118619082149,16.15816686771547,16.568547486633967,240.0,0.0,0.6931471805599453,0.6931471805599453,0.6931471805599453,0.0,0.0,0.0,0.0,0.0,3.9512437185814275,3.4657359027997265,2.70805020110221,2.3978952727983707,1.6094379124341003,1.0986122886681098,2.1972245773362196,0.6931471805599453,2025-12-11T18:14:13+00:00,train,0.14363636363636365,0.005064144539958312,0.0031743182979321327,0.04251226891556216,0.0029932664125865305,0.0029932664125865305,0.04541370055565417,0.0032579383259966482,0.0032579383259966482,0.05337882068509358,0.0034532973464027985,0.0034532973464027985
2025-12-11T19:30:00+00:00,2025-12-11T20:30:00+00:00,2025-12-11,2025-12-11T14:30:00-05:00,-0.002985462863982824,0.002985462863982824,0,2025-12-11T19:30:00+00:00,0.008959793985075626,0.008959793985075626,0.006063660424321884,16.34587085956877,16.581009727358065,300.0,0.0,1.0986122886681098,1.0986122886681098,0.0,0.0,0.6931471805599453,0.0,0.6931471805599453,0.0,3.9318256327243257,3.4657359027997265,2.70805020110221,2.3978952727983707,1.791759469228055,1.0986122886681098,2.1972245773362196,0.6931471805599453,2025-12-11T18:46:24+00:00,train,0.14363636363636365,0.005064144539958312,0.0031743182979321327,0.035799127327558994,0.0029394378611752314,0.0029394378611752314,0.036875099216346685,0.0029934287482338328,0.0029934287482338328,0.04816960733639748,0.003686986903632287,0.003686986903632287
2025-12-12T14:30:00+00:00,2025-12-12T15:30:00+00:00,2025-12-12,2025-12-12T09:30:00-05:00,-0.010798935062629078,0.010798935062629078,1,2025-12-11T21:00:00+00:00,0.003190843237600882,0.003190843237600882,0.005168195175905041,15.858090870717357,16.5275221191754,0.0,17.5,0.0,0.0,0.0,0.0,0.0,0.0,0.0,0.0,3.6109179126442243,3.2188758248682006,2.4849066497880004,2.1972245773362196,0.6931471805599453,1.6094379124341003,1.791759469228055,0.6931471805599453,2025-12-12T13:19:28+00:00,train,0.14363636363636365,0.005064144539958312,0.0031743182979321327,0.1828040791497388,0.006356078027490917,0.006356078027490917,0.1941881332402441,0.006838686852236994,0.006838686852236994,0.24085708122053584,0.007473518496721566,0.007473518496721566
2025-12-12T15:30:00+00:00,2025-12-12T16:30:00+00:00,2025-12-12,2025-12-12T10:30:00-05:00,-0.01612546255302927,0.01612546255302927,1,2025-12-12T15:30:00+00:00,-0.010798935062629078,0.010798935062629078,0.005502599888550882,17.20094112746154,16.56854024961079,60.0,0.0,1.0986122886681098,1.0986122886681098,0.6931471805599453,0.0,0.0,0.0,0.0,0.0,3.6375861597263857,3.258096538021482,2.5649493574615367,2.0794415416798357,0.6931471805599453,1.6094379124341003,1.791759469228055,0.6931471805599453,2025-12-12T15:01:36+00:00,train,0.14363636363636365,0.005064144539958312,0.0031743182979321327,0.22450434177925968,0.006816227353321037,0.006816227353321037,0.22166438492235768,0.0068540106714288125,0.0068540106714288125,0.2614015819794477,0.006671281541053509,0.006671281541053509
2025-12-12T16:30:00+00:00,2025-12-12T17:30:00+00:00,2025-12-12,2025-12-12T11:30:00-05:00,-0.0004530114852192568,0.0004530114852192568,0,2025-12-12T16:30:00+00:00,-0.01612546255302927,0.01612546255302927,0.006413808643920363,17.093055248698537,16.616274580338054,120.0,0.0,1.9459101490553132,1.3862943611198906,1.0986122886681098,0.0,0.0,1.0986122886681098,0.6931471805599453,0.6931471805599453,3.6888794541139363,3.295836866004329,2.4849066497880004,2.0794415416798357,0.6931471805599453,1.9459101490553132,1.791759469228055,1.0986122886681098,2025-12-12T16:25:52+00:00,train,0.14363636363636365,0.005064144539958312,0.0031743182979321327,0.22037976094533698,0.007316484263446037,0.007316484263446037,0.2084569943161987,0.007021903016091638,0.007021903016091638,0.274895441013054,0.006641143839968491,0.006641143839968491
2025-12-12T17:30:00+00:00,2025-12-12T18:30:00+00:00,2025-12-12,2025-12-12T12:30:00-05:00,0.00521156843203463,0.00521156843203463,0,2025-12-12T17:30:00+00:00,-0.0004530114852192568,0.0004530114852192568,0.006382271912779664,16.704373122044586,16.56476117157762,180.0,0.0,1.6094379124341003,1.0986122886681098,0.6931471805599453,0.0,0.0,0.6931471805599453,0.6931471805599453,0.0,3.6888794541139363,3.295836866004329,2.3978952727983707,1.791759469228055,0.6931471805599453,2.0794415416798357,1.9459101490553132,1.0986122886681098,2025-12-12T16:41:03+00:00,train,0.14363636363636365,0.005064144539958312,0.0031743182979321327,0.05971853485746475,0.0033926027538925866,0.0033926027538925866,0.056129972736111436,0.0031631585113448056,0.0031631585113448056,0.06669377076265676,0.00251536520988163,0.00251536520988163
2025-12-12T18:30:00+00:00,2025-12-12T19:30:00+00:00,2025-12-12,2025-12-12T13:30:00-05:00,-0.00697547315602387,0.00697547315602387,0,2025-12-12T18:30:00+00:00,0.00521156843203463,0.00521156843203463,0.0065085770156941445,16.679950473241618,16.567070377088925,240.0,0.0,1.3862943611198906,1.0986122886681098,0.6931471805599453,0.0,0.0,0.0,0.0,0.0,3.7376696182833684,3.332204510175204,2.3978952727983707,1.791759469228055,0.6931471805599453,2.0794415416798357,1.9459101490553132,1.0986122886681098,2025-12-12T18:07:03+00:00,train,0.14363636363636365,0.005064144539958312,0.0031743182979321327,0.048498360612788276,0.003288873402343336,0.003288873402343336,0.04675493337667478,0.003135953041067544,0.003135953041067544,0.049622092679097236,0.0024577449164300924,0.0024577449164300924
2025-12-12T19:30:00+00:00,2025-12-12T20:30:00+00:00,2025-12-12,2025-12-12T14:30:00-05:00,-0.0017309342429433494,0.0017309342429433494,0,2025-12-12T19:30:00+00:00,-0.00697547315602387,0.00697547315602387,0.006615702414086798,16.106464874947758,16.567345071985827,300.0,0.0,0.0,0.0,0.0,0.0,0.0,0.0,0.0,0.0,3.6888794541139363,3.258096538021482,2.3978952727983707,1.791759469228055,0.0,2.0794415416798357,1.791759469228055,1.0986122886681098,2025-12-12T18:07:03+00:00,train,0.14363636363636365,0.005064144539958312,0.0031743182979321327,0.03631092444792099,0.0031070320528592795,0.0031070320528592795,0.03835944720313164,0.0034173371879469856,0.0034173371879469856,0.04813500276922751,0.003471959649307515,0.003471959649307515
2025-12-15T14:30:00+00:00,2025-12-15T15:30:00+00:00,2025-12-15,2025-12-15T09:30:00-05:00,-0.009251777348680879,0.009251777348680879,0,2025-12-12T21:00:00+00:00,-0.005173328225672513,0.005173328225672513,0.006603440936523942,16.451393998976748,16.581125479056613,0.0,65.5,2.3978952727983707,1.791759469228055,0.6931471805599453,0.0,0.0,1.0986122886681098,1.0986122886681098,0.0,2.9444389791664403,2.302585092994046,0.6931471805599453,0.6931471805599453,0.6931471805599453,1.3862943611198906,1.3862943611198906,0.6931471805599453,2025-12-15T14:28:20+00:00,train,0.14363636363636365,0.005064144539958312,0.0031743182979321327,0.27496138100466727,0.008894673235209868,0.008894673235209868,0.23460754130163403,0.008132949249862747,0.008132949249862747,0.258955288611626,0.006690697576617085,0.006690697576617085
2025-12-15T15:30:00+00:00,2025-12-15T16:30:00+00:00,2025-12-15,2025-12-15T10:30:00-05:00,0.016028251372717017,0.016028251372717017,1,2025-12-15T15:30:00+00:00,-0.009251777348680879,0.009251777348680879,0.006799425660332176,17.317147728341073,16.660896252748206,60.0,0.0,1.791759469228055,1.0986122886681098,1.6094379124341003,0.0,0.0,1.3862943611198906,1.0986122886681098,0.0,3.1780538303479458,2.4849066497880004,1.791759469228055,0.6931471805599453,0.6931471805599453,1.9459101490553132,1.791759469228055,0.6931471805599453,2025-12-15T15:29:21+00:00,train,0.14363636363636365,0.005064144539958312,0.0031743182979321327,0.23796579747956614,0.006922799456504421,0.006922799456504421,0.20521761768113156,0.006351028483216118,0.006351028483216118,0.1769854113451548,0.004277808130703291,0.004277808130703291
2025-12-15T16:30:00+00:00,2025-12-15T17:30:00+00:00,2025-12-15,2025-12-15T11:30:00-05:00,-0.0037304684540833133,0.0037304684540833133,0,2025-12-15T16:30:00+00:00,0.016028251372717017,0.016028251372717017,0.007948091429077984,16.57809547104595,16.683426607588633,120.0,0.0,1.3862943611198906,1.0986122886681098,0.0,0.0,0.0,0.0,0.0,0.0,3.258096538021482,2.5649493574615367,1.791759469228055,0.6931471805599453,0.6931471805599453,1.9459101490553132,1.791759469228055,0.6931471805599453,2025-12-15T16:25:00+00:00,train,0.14363636363636365,0.005064144539958312,0.0031743182979321327,0.18933407621858328,0.006874644971639662,0.006874644971639662,0.16700990995323975,0.006416494241403043,0.006416494241403043,0.1235219186142493,0.004508508461595019,0.004508508461595019
2025-12-15T17:30:00+00:00,2025-12-15T18:30:00+00:00,2025-12-15,2025-12-15T12:30:00-05:00,-0.0026739840162375295,0.0026739840162375295,0,2025-12-15T17:30:00+00:00,-0.0037304684540833133,0.0037304684540833133,0.007893029272031414,16.155303859613007,16.646262923353905,180.0,0.0,1.3862943611198906,1.3862943611198906,0.6931471805599453,0.0,0.0,0.0,0.0,0.0,3.367295829986474,2.772588722239781,1.9459101490553132,0.6931471805599453,0.6931471805599453,1.9459101490553132,1.791759469228055,0.6931471805599453,2025-12-15T17:22:02+00:00,train,0.14363636363636365,0.005064144539958312,0.0031743182979321327,0.0783040898663286,0.0044400313633914425,0.0044400313633914425,0.06927117452381956,0.004038516658378547,0.004038516658378547,0.05869479546533352,0.002765460909980095,0.002765460909980095
2025-12-15T18:30:00+00:00,2025-12-15T19:30:00+00:00,2025-12-15,2025-12-15T13:30:00-05:00,0.00016937936420013955,0.00016937936420013955,0,2025-12-15T18:30:00+00:00,-0.0026739840162375295,0.0026739840162375295,0.007841538045105304,16.07819000729368,16.624498567959087,240.0,0.0,1.6094379124341003,1.0986122886681098,0.0,0.0,0.0,0.0,0.0,0.6931471805599453,3.4965075614664802,2.8903717578961645,1.9459101490553132,0.6931471805599453,0.6931471805599453,1.9459101490553132,1.791759469228055,1.0986122886681098,2025-12-15T18:29:14+00:00,train,0.14363636363636365,0.005064144539958312,0.0031743182979321327,0.04765598326628193,0.0034022628137593738,0.0034022628137593738,0.042419249172627245,0.002968862128854632,0.002968862128854632,0.03983577674260244,0.002363600811858568,0.002363600811858568
2025-12-15T19:30:00+00:00,2025-12-15T20:30:00+00:00,2025-12-15,2025-12-15T14:30:00-05:00,-0.004628800980421399,0.004628800980421399,0,2025-12-15T19:30:00+00:00,0.00016937936420013955,0.00016937936420013955,0.007847560366155243,16.007216491112725,16.622144662264816,300.0,0.0,0.0,0.0,0.0,0.0,0.0,0.0,0.0,0.0,3.4965075614664802,2.8903717578961645,1.9459101490553132,0.6931471805599453,0.6931471805599453,1.9459101490553132,1.791759469228055,1.0986122886681098,2025-12-15T18:29:14+00:00,train,0.14363636363636365,0.005064144539958312,0.0031743182979321327,0.026747884153093565,0.0021120181134038104,0.0021120181134038104,0.026656834082673296,0.0022594683558108263,0.0022594683558108263,0.022825560981158528,0.0016429927010961614,0.0016429927010961614
2025-12-16T14:30:00+00:00,2025-12-16T15:30:00+00:00,2025-12-16,2025-12-16T09:30:00-05:00,-0.0006234755602687603,0.0006234755602687603,0,2025-12-15T21:00:00+00:00,-0.0005671530793236457,0.0005671530793236457,0.007877306902777267,16.2485246987838,16.62955235555091,0.0,17.5,1.3862943611198906,0.0,0.0,0.0,0.0,0.0,0.0,0.0,3.58351893845611,2.995732273553991,2.1972245773362196,0.0,0.6931471805599453,2.302585092994046,1.3862943611198906,1.0986122886681098,2025-12-16T14:05:53+00:00,train,0.14363636363636365,0.005064144539958312,0.0031743182979321327,0.2117484563471483,0.0067519983217324215,0.0067519983217324215,0.20343364641795036,0.006664103604661626,0.006664103604661626,0.1124293669484796,0.004729220196899165,0.004729220196899165
2025-12-16T15:30:00+00:00,2025-12-16T16:30:00+00:00,2025-12-16,2025-12-16T10:30:00-05:00,-0.0007379485014334941,0.0007379485014334941,0,2025-12-16T15:30:00+00:00,-0.0006234755602687603,0.0006234755602687603,0.007822218697232595,17.083534578139204,16.67075068323265,60.0,0.0,1.0986122886681098,1.0986122886681098,0.0,0.0,0.0,0.0,0.0,0.0,3.4965075614664802,2.995732273553991,1.6094379124341003,0.0,0.6931471805599453,1.9459101490553132,0.6931471805599453,1.0986122886681098,2025-12-16T15:00:00+00:00,train,0.14363636363636365,0.005064144539958312,0.0031743182979321327,0.15997960020427188,0.005473702844859127,0.005473702844859127,0.15046044826195537,0.0053690813256872146,0.0053690813256872146,0.13406667109593923,0.004668085767083691,0.004668085767083691
2025-12-16T16:30:00+00:00,2025-12-16T17:30:00+00:00,2025-12-16,2025-12-16T11:30:00-05:00,0.002641724387024036,0.002641724387024036,0,2025-12-16T16:30:00+00:00,-0.0007379485014334941,0.0007379485014334941,0.007730908655390967,16.499247232947088,16.66211604618969,120.0,0.0,0.0,0.0,0.0,0.0,0.0,0.0,0.0,0.0,3.4011973816621555,2.8903717578961645,1.6094379124341003,0.0,0.6931471805599453,1.9459101490553132,0.6931471805599453,1.0986122886681098,2025-12-16T15:00:00+00:00,train,0.14363636363636365,0.005064144539958312,0.0031743182979321327,0.10256478820453133,0.00464874577512167,0.00464874577512167,0.10115738210309477,0.004850088808673473,0.004850088808673473,0.08754117244009237,0.004621464797200095,0.004621464797200095
2025-12-16T17:30:00+00:00,2025-12-16T18:30:00+00:00,2025-12-16,2025-12-16T12:30:00-05:00,-0.001473223669142265,0.001473223669142265,0,2025-12-16T17:30:00+00:00,0.002641724387024036,0.002641724387024036,0.007386954320124979,16.221977353711143,16.58281981205533,180.0,0.0,0.6931471805599453,0.6931471805599453,0.6931471805599453,0.0,0.0,0.0,0.0,0.0,3.332204510175204,2.772588722239781,1.6094379124341003,0.0,0.6931471805599453,1.9459101490553132,0.6931471805599453,1.0986122886681098,2025-12-16T16:38:58+00:00,train,0.14363636363636365,0.005064144539958312,0.0031743182979321327,0.06571066844621198,0.003904432017687362,0.003904432017687362,0.060530336921597205,0.003744249333619582,0.003744249333619582,0.050188161413598636,0.0029285811002057534,0.0029285811002057534
2025-12-16T18:30:00+00:00,2025-12-16T19:30:00+00:00,2025-12-16,2025-12-16T13:30:00-05:00,0.002950881108039871,0.002950881108039871,0,2025-12-16T18:30:00+00:00,-0.001473223669142265,0.001473223669142265,0.007301761043583293,15.957266469502462,16.554778159183837,240.0,0.0,0.6931471805599453,0.6931471805599453,0.6931471805599453,0.0,0.0,0.6931471805599453,0.0,0.0,3.2188758248682006,2.70805020110221,1.791759469228055,0.0,0.6931471805599453,2.0794415416798357,0.6931471805599453,0.6931471805599453,2025-12-16T18:10:39+00:00,train,0.14363636363636365,0.005064144539958312,0.0031743182979321327,0.040008379428443035,0.002956748366539279,0.002956748366539279,0.035703053441653275,0.0026785898668223026,0.0026785898668223026,0.023376192104795503,0.0012318883130080873,0.0012318883130080873
2025-12-16T19:30:00+00:00,2025-12-16T20:30:00+00:00,2025-12-16,2025-12-16T14:30:00-05:00,0.0024544252172982173,0.0024544252172982173,0,2025-12-16T19:30:00+00:00,0.002950881108039871,0.002950881108039871,0.007056376709002859,16.231613871873744,16.550180164605038,300.0,0.0,0.0,0.0,0.0,0.0,0.0,0.0,0.0,0.0,3.2188758248682006,2.70805020110221,1.791759469228055,0.0,0.6931471805599453,2.0794415416798357,0.6931471805599453,0.6931471805599453,2025-12-16T18:10:39+00:00,train,0.14363636363636365,0.005064144539958312,0.0031743182979321327,0.02788738999290098,0.0022545601748772707,0.0022545601748772707,0.026147447265442554,0.0022136356369786853,0.0022136356369786853,0.019485879745913426,0.001675938285709957,0.001675938285709957
2025-12-17T14:30:00+00:00,2025-12-17T15:30:00+00:00,2025-12-17,2025-12-17T09:30:00-05:00,-0.009767184333270618,0.009767184333270618,0,2025-12-16T21:00:00+00:00,0.0018907376848202873,0.0018907376848202873,0.006982818875944394,16.1135200990679,16.542857823946996,0.0,17.5,0.6931471805599453,0.6931471805599453,0.0,0.0,0.0,0.0,0.0,0.0,3.4339872044851463,2.995732273553991,1.9459101490553132,0.0,0.6931471805599453,0.6931471805599453,1.0986122886681098,0.6931471805599453,2025-12-17T13:30:44+00:00,train,0.14363636363636365,0.005064144539958312,0.0031743182979321327,0.19616004778366083,0.006599744473148811,0.006599744473148811,0.19150741898376747,0.006674638465359475,0.006674638465359475,0.19663603630347423,0.006763778304196843,0.006763778304196843
2025-12-17T15:30:00+00:00,2025-12-17T16:30:00+00:00,2025-12-17,2025-12-17T10:30:00-05:00,-0.0185525073174283,0.0185525073174283,1,2025-12-17T15:30:00+00:00,-0.009767184333270618,0.009767184333270618,0.00680364029232234,17.378461019269388,16.614480725060417,60.0,0.0,1.0986122886681098,1.0986122886681098,0.0,0.0,0.0,0.0,0.0,0.0,3.4339872044851463,2.995732273553991,1.9459101490553132,0.0,0.6931471805599453,0.6931471805599453,1.0986122886681098,0.6931471805599453,2025-12-17T15:02:53+00:00,train,0.14363636363636365,0.005064144539958312,0.0031743182979321327,0.23735478756872574,0.006967771905454466,0.006967771905454466,0.2244770082468932,0.0068482930973216925,0.0068482930973216925,0.22033933459142072,0.006466958817707793,0.006466958817707793
2025-12-17T16:30:00+00:00,2025-12-17T17:30:00+00:00,2025-12-17,2025-12-17T11:30:00-05:00,0.0018693420415336615,0.0018693420415336615,0,2025-12-17T16:30:00+00:00,-0.0185525073174283,0.0185525073174283,0.007734090619299889,17.162254182549702,16.66307457210938,120.0,0.0,1.3862943611198906,1.0986122886681098,1.0986122886681098,0.0,0.0,0.0,0.6931471805599453,0.0,3.5263605246161616,3.091042453358316,2.1972245773362196,0.0,0.6931471805599453,0.6931471805599453,1.3862943611198906,0.6931471805599453,2025-12-17T16:17:49+00:00,train,0.14363636363636365,0.005064144539958312,0.0031743182979321327,0.2708835478619113,0.008140369482486129,0.008140369482486129,0.257249349656134,0.007934954632902233,0.007934954632902233,0.30684733729066915,0.007870734643827372,0.007870734643827372
2025-12-17T17:30:00+00:00,2025-12-17T18:30:00+00:00,2025-12-17,2025-12-17T12:30:00-05:00,0.0046661012889916975,0.0046661012889916975,0,2025-12-17T17:30:00+00:00,0.0018693420415336615,0.0018693420415336615,0.007570444627554229,16.755400151720533,16.631809476850226,180.0,0.0,1.6094379124341003,1.3862943611198906,0.6931471805599453,0.0,0.0,0.6931471805599453,0.0,0.0,3.6109179126442243,3.1780538303479458,2.1972245773362196,0.0,0.6931471805599453,1.0986122886681098,1.3862943611198906,0.6931471805599453,2025-12-17T17:13:00+00:00,train,0.14363636363636365,0.005064144539958312,0.0031743182979321327,0.07127860371597729,0.003920076280379883,0.003920076280379883,0.06556376706303255,0.0036200877808188173,0.0036200877808188173,0.05208479614100052,0.0023815283428529456,0.0023815283428529456
2025-12-17T18:30:00+00:00,2025-12-17T19:30:00+00:00,2025-12-17,2025-12-17T13:30:00-05:00,-0.0074901303791903295,0.0074901303791903295,0,2025-12-17T18:30:00+00:00,0.0046661012889916975,0.0046661012889916975,0.006971518985662003,16.545265106358137,16.59778962057946,240.0,0.0,0.6931471805599453,0.6931471805599453,0.6931471805599453,0.0,0.0,0.0,0.0,0.0,3.6109179126442243,3.1780538303479458,2.1972245773362196,0.0,0.6931471805599453,0.6931471805599453,1.3862943611198906,0.6931471805599453,2025-12-17T18:20:57+00:00,train,0.14363636363636365,0.005064144539958312,0.0031743182979321327,0.04907657031245519,0.0033455595256436043,0.0033455595256436043,0.04821115876277442,0.0033614837765100717,0.0033614837765100717,0.050817633478024656,0.003458654390297398,0.003458654390297398
2025-12-17T19:30:00+00:00,2025-12-17T20:30:00+00:00,2025-12-17,2025-12-17T14:30:00-05:00,0.001521147702370662,0.001521147702370662,0,2025-12-17T19:30:00+00:00,-0.0074901303791903295,0.0074901303791903295,0.0071064978567314885,16.343715413928347,16.580804355574582,300.0,0.0,0.6931471805599453,0.6931471805599453,0.0,0.0,0.0,0.0,0.0,0.0,3.6375861597263857,3.2188758248682006,2.1972245773362196,0.0,0.6931471805599453,0.6931471805599453,1.3862943611198906,0.6931471805599453,2025-12-17T18:30:01+00:00,train,0.14363636363636365,0.005064144539958312,0.0031743182979321327,0.03999777356471996,0.003342422112226082,0.003342422112226082,0.03961724528513479,0.003349635829081589,0.003349635829081589,0.03929892942805089,0.003248949711539573,0.003248949711539573
2025-12-18T14:30:00+00:00,2025-12-18T15:30:00+00:00,2025-12-18,2025-12-18T09:30:00-05:00,0.0029221022769894134,0.0029221022769894134,0,2025-12-17T21:00:00+00:00,-0.0015772198645382929,0.0015772198645382929,0.006967361331427805,16.381673255953466,16.56649861597035,0.0,17.5,1.3862943611198906,1.0986122886681098,0.6931471805599453,1.0986122886681098,0.6931471805599453,1.0986122886681098,0.0,0.0,3.912023005428146,3.4657359027997265,2.4849066497880004,1.9459101490553132,1.3862943611198906,2.0794415416798357,1.0986122886681098,0.6931471805599453,2025-12-18T14:27:44+00:00,train,0.14363636363636365,0.005064144539958312,0.0031743182979321327,0.20688773540135266,0.0066742952870258235,0.0066742952870258235,0.21282617111735413,0.006836416800088374,0.006836416800088374,0.17258446633538294,0.006937369767872542,0.006937369767872542
2025-12-18T15:30:00+00:00,2025-12-18T16:30:00+00:00,2025-12-18,2025-12-18T10:30:00-05:00,-0.0009134875269594112,0.0009134875269594112,0,2025-12-18T15:30:00+00:00,0.0029221022769894134,0.0029221022769894134,0.006929321575067659,17.358199168532074,16.642342563934953,60.0,0.0,1.791759469228055,1.3862943611198906,0.6931471805599453,0.6931471805599453,0.0,0.6931471805599453,0.0,0.0,3.970291913552122,3.4965075614664802,2.5649493574615367,2.0794415416798357,1.3862943611198906,2.1972245773362196,1.0986122886681098,0.6931471805599453,2025-12-18T15:23:00+00:00,train,0.14363636363636365,0.005064144539958312,0.0031743182979321327,0.16707477917685634,0.0055502862353086655,0.0055502862353086655,0.16643938433746866,0.005530835957331795,0.005530835957331795,0.14862308676121538,0.004995310960580547,0.004995310960580547
2025-12-18T16:30:00+00:00,2025-12-18T17:30:00+00:00,2025-12-18,2025-12-18T11:30:00-05:00,-0.0047463936308711485,0.0047463936308711485,0,2025-12-18T16:30:00+00:00,-0.0009134875269594112,0.0009134875269594112,0.006928882013677171,16.736145508579952,16.665089273467363,120.0,0.0,0.6931471805599453,0.0,0.0,0.0,0.0,0.0,0.0,0.0,3.9318256327243257,3.4339872044851463,2.3978952727983707,2.0794415416798357,1.3862943611198906,2.1972245773362196,0.6931471805599453,0.6931471805599453,2025-12-18T16:26:19+00:00,train,0.14363636363636365,0.005064144539958312,0.0031743182979321327,0.10249711448482657,0.004520890405188707,0.004520890405188707,0.10868907745872175,0.004851397861339471,0.004851397861339471,0.09423812383485843,0.004733279316462324,0.004733279316462324
2025-12-18T17:30:00+00:00,2025-12-18T18:30:00+00:00,2025-12-18,2025-12-18T12:30:00-05:00,0.005081879102832643,0.005081879102832643,0,2025-12-18T17:30:00+00:00,-0.0047463936308711485,0.0047463936308711485,0.00672461600159998,16.47250638350398,16.608801316023847,180.0,0.0,1.3862943611198906,1.0986122886681098,1.0986122886681098,0.6931471805599453,0.0,0.0,0.0,0.0,3.912023005428146,3.4011973816621555,2.4849066497880004,2.1972245773362196,1.3862943611198906,2.0794415416798357,0.6931471805599453,0.6931471805599453,2025-12-18T17:03:27+00:00,train,0.14363636363636365,0.005064144539958312,0.0031743182979321327,0.07855781214211797,0.004347255648207793,0.004347255648207793,0.07918636096460087,0.004359420283406535,0.004359420283406535,0.0845748897848585,0.00466051775695322,0.00466051775695322
2025-12-18T18:30:00+00:00,2025-12-18T19:30:00+00:00,2025-12-18,2025-12-18T13:30:00-05:00,-0.0020582048071247083,0.0020582048071247083,0,2025-12-18T18:30:00+00:00,0.005081879102832643,0.005081879102832643,0.005619985205307244,16.111478807856013,16.590555673298763,240.0,0.0,1.3862943611198906,1.0986122886681098,0.0,0.0,0.0,0.0,0.6931471805599453,0.0,3.9512437185814275,3.4339872044851463,2.3978952727983707,2.1972245773362196,1.3862943611198906,2.0794415416798357,1.0986122886681098,0.6931471805599453,2025-12-18T18:14:12+00:00,train,0.14363636363636365,0.005064144539958312,0.0031743182979321327,0.04393363923496388,0.003079591412833282,0.003079591412833282,0.044593235077918354,0.0030759031490092807,0.0030759031490092807,0.059528370090443025,0.003302855724612773,0.003302855724612773
2025-12-18T19:30:00+00:00,2025-12-18T20:30:00+00:00,2025-12-18,2025-12-18T14:30:00-05:00,0.0006588307445722918,0.0006588307445722918,0,2025-12-18T19:30:00+00:00,-0.0020582048071247083,0.0020582048071247083,0.005598282557072758,15.98374357881132,16.585441824168544,300.0,0.0,1.0986122886681098,0.6931471805599453,0.6931471805599453,0.6931471805599453,0.0,0.6931471805599453,0.0,0.0,3.970291913552122,3.4339872044851463,2.4849066497880004,2.302585092994046,1.3862943611198906,2.1972245773362196,1.0986122886681098,0.6931471805599453,2025-12-18T19:15:00+00:00,train,0.14363636363636365,0.005064144539958312,0.0031743182979321327,0.025702642630641124,0.0019458171043104083,0.0019458171043104083,0.026706636753148535,0.0020373676398229845,0.0020373676398229845,0.02336301224679251,0.0017639587401149896,0.0017639587401149896
2025-12-19T14:30:00+00:00,2025-12-19T15:30:00+00:00,2025-12-19,2025-12-19T09:30:00-05:00,0.011292618525422071,0.011292618525422071,1,2025-12-18T21:00:00+00:00,-0.0037928471923207585,0.0037928471923207585,0.005610130237340854,16.015333312668155,16.586206258318207,0.0,17.5,1.0986122886681098,1.0986122886681098,0.0,0.0,0.0,0.0,0.0,0.0,3.713572066704308,3.295836866004329,2.6390573296152584,1.6094379124341003,0.0,1.9459101490553132,1.9459101490553132,0.0,2025-12-19T14:01:19+00:00,train,0.14363636363636365,0.005064144539958312,0.0031743182979321327,0.21260451803727806,0.00681512305617136,0.00681512305617136,0.21526924325382252,0.006955790025596355,0.006955790025596355,0.2649460522795739,0.007138332117885593,0.007138332117885593
2025-12-19T15:30:00+00:00,2025-12-19T16:30:00+00:00,2025-12-19,2025-12-19T10:30:00-05:00,0.0036946017933519038,0.0036946017933519038,0,2025-12-19T15:30:00+00:00,0.011292618525422071,0.011292618525422071,0.00627563412518336,17.9029874080117,16.733372329147613,60.0,0.0,1.3862943611198906,1.0986122886681098,0.0,0.0,0.0,0.0,0.0,0.0,3.6635616461296463,3.258096538021482,2.5649493574615367,1.3862943611198906,0.0,1.791759469228055,1.9459101490553132,0.0,2025-12-19T15:11:09+00:00,train,0.14363636363636365,0.005064144539958312,0.0031743182979321327,0.24699101958194708,0.006742578027691229,0.006742578027691229,0.2393796619034915,0.006673680597107206,0.006673680597107206,0.2726774865550182,0.006532833574200027,0.006532833574200027
2025-12-19T16:30:00+00:00,2025-12-19T17:30:00+00:00,2025-12-19,2025-12-19T11:30:00-05:00,0.006692440619895601,0.006692440619895601,0,2025-12-19T16:30:00+00:00,0.0036946017933519038,0.0036946017933519038,0.006280618391907838,16.717970294309502,16.75216573494797,120.0,0.0,0.6931471805599453,0.0,0.6931471805599453,0.0,0.0,0.0,0.6931471805599453,0.0,3.6635616461296463,3.258096538021482,2.6390573296152584,1.3862943611198906,0.0,1.791759469228055,2.0794415416798357,0.0,2025-12-19T16:04:01+00:00,train,0.14363636363636365,0.005064144539958312,0.0031743182979321327,0.11738375171486154,0.004838582612522602,0.004838582612522602,0.11760351232634556,0.004980256399642671,0.004980256399642671,0.1738487458395062,0.006091637567994724,0.006091637567994724
2025-12-19T17:30:00+00:00,2025-12-19T18:30:00+00:00,2025-12-19,2025-12-19T12:30:00-05:00,-0.003075001067151084,0.003075001067151084,0,2025-12-19T17:30:00+00:00,0.006692440619895601,0.006692440619895601,0.006472761167418685,16.649664342021076,16.72734541566065,180.0,0.0,0.0,0.0,0.0,0.0,0.0,0.0,0.0,0.0,3.58351893845611,3.1780538303479458,2.4849066497880004,1.0986122886681098,0.0,1.791759469228055,2.0794415416798357,0.0,2025-12-19T16:04:01+00:00,train,0.14363636363636365,0.005064144539958312,0.0031743182979321327,0.08820114279313614,0.004484580748786075,0.004484580748786075,0.09093230667286602,0.004792739643856215,0.004792739643856215,0.10955033236912606,0.00542654540054015,0.00542654540054015
2025-12-19T18:30:00+00:00,2025-12-19T19:30:00+00:00,2025-12-19,2025-12-19T13:30:00-05:00,0.003390672352776569,0.003390672352776569,0,2025-12-19T18:30:00+00:00,-0.003075001067151084,0.003075001067151084,0.006508453253692091,16.30652162118367,16.720343946131983,240.0,0.0,0.0,0.0,0.0,0.0,0.0,0.0,0.0,0.0,3.4965075614664802,3.091042453358316,2.4849066497880004,1.0986122886681098,0.0,1.791759469228055,1.9459101490553132,0.0,2025-12-19T16:04:01+00:00,train,0.14363636363636365,0.005064144539958312,0.0031743182979321327,0.0508840829290714,0.003318758410468422,0.003318758410468422,0.05129420726746322,0.003531769161202033,0.003531769161202033,0.059501510016555535,0.004069726377395741,0.004069726377395741
2025-12-19T19:30:00+00:00,2025-12-19T20:30:00+00:00,2025-12-19,2025-12-19T14:30:00-05:00,-0.0006729009933886809,0.0006729009933886809,0,2025-12-19T19:30:00+00:00,0.003390672352776569,0.003390672352776569,0.0065270743741465175,16.21201422656689,16.720042762375193,300.0,0.0,0.6931471805599453,0.0,0.0,0.0,0.0,0.0,0.0,0.0,3.4657359027997265,3.044522437723423,2.3978952727983707,0.6931471805599453,0.0,1.6094379124341003,1.9459101490553132,0.0,2025-12-19T19:14:41+00:00,train,0.14363636363636365,0.005064144539958312,0.0031743182979321327,0.032113971134021174,0.002415384881900667,0.002415384881900667,0.030357215827313606,0.0022927474226080145,0.0022927474226080145,0.02774018609817772,0.0022022908529642357,0.0022022908529642357
2025-12-22T14:30:00+00:00,2025-12-22T15:30:00+00:00,2025-12-22,2025-12-22T09:30:00-05:00,0.00010900323448392868,0.00010900323448392868,0,2025-12-19T21:00:00+00:00,0.0030481215047446497,0.0030481215047446497,0.006520301072329812,16.54520841527569,16.72836249637703,0.0,65.5,2.0794415416798357,1.6094379124341003,0.6931471805599453,0.6931471805599453,0.0,1.0986122886681098,0.0,0.0,3.295836866004329,2.833213344056216,1.9459101490553132,1.3862943611198906,1.0986122886681098,1.791759469228055,1.0986122886681098,0.0,2025-12-22T14:20:24+00:00,train,0.14363636363636365,0.005064144539958312,0.0031743182979321327,0.26745702496053797,0.008497878378646802,0.008497878378646802,0.24708812456980678,0.008107652394763307,0.008107652394763307,0.1953378317416676,0.006935272506411034,0.006935272506411034
2025-12-22T15:30:00+00:00,2025-12-22T16:30:00+00:00,2025-12-22,2025-12-22T10:30:00-05:00,0.001199505023228964,0.001199505023228964,0,2025-12-22T15:30:00+00:00,0.00010900323448392868,0.00010900323448392868,0.00648337798254585,17.14736514978233,16.772950436943926,60.0,0.0,1.3862943611198906,1.3862943611198906,0.0,0.0,0.6931471805599453,0.6931471805599453,0.0,0.0,3.332204510175204,2.9444389791664403,1.9459101490553132,1.3862943611198906,1.3862943611198906,1.6094379124341003,1.0986122886681098,0.0,2025-12-22T15:10:03+00:00,train,0.14363636363636365,0.005064144539958312,0.0031743182979321327,0.15942624581202636,0.005206263775432742,0.005206263775432742,0.14263819504508715,0.004892201513650122,0.004892201513650122,0.10568482305443928,0.004429280843909037,0.004429280843909037
2025-12-22T16:30:00+00:00,2025-12-22T17:30:00+00:00,2025-12-22,2025-12-22T11:30:00-05:00,-0.0028318757624410384,0.0028318757624410384,0,2025-12-22T16:30:00+00:00,0.001199505023228964,0.001199505023228964,0.0064629254843254335,16.421697159102816,16.78684450068527,120.0,0.0,1.0986122886681098,0.6931471805599453,0.0,0.0,0.0,0.0,0.0,0.0,3.4011973816621555,2.995732273553991,1.9459101490553132,1.3862943611198906,1.3862943611198906,1.6094379124341003,1.0986122886681098,0.0,2025-12-22T16:22:23+00:00,train,0.14363636363636365,0.005064144539958312,0.0031743182979321327,0.10676238441657582,0.004552771831882991,0.004552771831882991,0.09788418831325643,0.0043435685820085125,0.0043435685820085125,0.08598028388279605,0.004366936881317498,0.004366936881317498
2025-12-22T17:30:00+00:00,2025-12-22T18:30:00+00:00,2025-12-22,2025-12-22T12:30:00-05:00,0.0006586683682265893,0.0006586683682265893,0,2025-12-22T17:30:00+00:00,-0.0028318757624410384,0.0028318757624410384,0.006098889831095964,15.914394490494304,16.714866074122227,180.0,0.0,1.0986122886681098,0.6931471805599453,0.0,0.0,0.0,0.0,1.0986122886681098,0.0,3.4657359027997265,3.044522437723423,1.9459101490553132,1.3862943611198906,1.3862943611198906,1.6094379124341003,1.6094379124341003,0.0,2025-12-22T17:16:05+00:00,train,0.14363636363636365,0.005064144539958312,0.0031743182979321327,0.07007400232262603,0.003947448805179263,0.003947448805179263,0.0649810188367509,0.0037433933865211886,0.0037433933865211886,0.09441954874261592,0.004885996644919995,0.004885996644919995
2025-12-22T18:30:00+00:00,2025-12-22T19:30:00+00:00,2025-12-22,2025-12-22T13:30:00-05:00,0.0008186932203859687,0.0008186932203859687,0,2025-12-22T18:30:00+00:00,0.0006586683682265893,0.0006586683682265893,0.004225359467776937,15.659369471553655,16.652128505656968,240.0,0.0,0.0,0.0,0.0,0.0,0.0,0.0,0.0,0.0,3.4657359027997265,3.044522437723423,1.9459101490553132,1.3862943611198906,1.3862943611198906,1.6094379124341003,1.6094379124341003,0.0,2025-12-22T17:16:05+00:00,train,0.14363636363636365,0.005064144539958312,0.0031743182979321327,0.0337582200429085,0.002198819538929223,0.002198819538929223,0.0339324424219451,0.0023942751410740023,0.0023942751410740023,0.033883630439337356,0.003152942507997824,0.003152942507997824
2025-12-22T19:30:00+00:00,2025-12-22T20:30:00+00:00,2025-12-22,2025-12-22T14:30:00-05:00,-0.0005725270074078415,0.0005725270074078415,0,2025-12-22T19:30:00+00:00,0.0008186932203859687,0.0008186932203859687,0.004221800424460449,15.655255740894104,16.61443905377233,300.0,0.0,0.6931471805599453,0.6931471805599453,0.0,0.0,0.0,0.0,0.0,0.0,3.4965075614664802,3.091042453358316,1.9459101490553132,1.3862943611198906,1.3862943611198906,1.6094379124341003,1.6094379124341003,0.0,2025-12-22T18:40:42+00:00,train,0.14363636363636365,0.005064144539958312,0.0031743182979321327,0.021575738313320436,0.0013827377432520447,0.0013827377432520447,0.020677944317237452,0.0012963582507923123,0.0012963582507923123,0.020497092680782866,0.001683352402113889,0.001683352402113889
2025-12-23T14:30:00+00:00,2025-12-23T15:30:00+00:00,2025-12-23,2025-12-23T09:30:00-05:00,0.00477338818708084,0.00477338818708084,0,2025-12-22T21:00:00+00:00,0.001773178065573422,0.001773178065573422,0.004147223588884743,15.76136056235379,16.587366530558594,0.0,17.5,1.3862943611198906,0.6931471805599453,0.0,0.0,0.0,0.0,0.6931471805599453,0.0,3.5553480614894135,2.9444389791664403,1.6094379124341003,0.6931471805599453,1.791759469228055,1.3862943611198906,1.9459101490553132,0.0,2025-12-23T14:09:45+00:00,train,0.14363636363636365,0.005064144539958312,0.0031743182979321327,0.1717097011839491,0.006000600019787917,0.006000600019787917,0.1655835747926776,0.005921085175718595,0.005921085175718595,0.16165219215681165,0.006136205650065419,0.006136205650065419
2025-12-23T15:30:00+00:00,2025-12-23T16:30:00+00:00,2025-12-23,2025-12-23T10:30:00-05:00,0.014195252876052722,0.014195252876052722,1,2025-12-23T15:30:00+00:00,0.00477338818708084,0.00477338818708084,0.003746749720641743,17.106323603466155,16.63121657450718,60.0,0.0,1.0986122886681098,0.6931471805599453,0.6931471805599453,0.0,0.0,0.0,0.0,0.0,3.5263605246161616,2.833213344056216,1.791759469228055,0.6931471805599453,1.6094379124341003,1.0986122886681098,1.9459101490553132,0.0,2025-12-23T15:05:18+00:00,train,0.14363636363636365,0.005064144539958312,0.0031743182979321327,0.1494098712896054,0.005090306545087796,0.005090306545087796,0.1434972487435946,0.005049777325632045,0.005049777325632045,0.1137919832596522,0.0045860821366757645,0.0045860821366757645
2025-12-23T16:30:00+00:00,2025-12-23T17:30:00+00:00,2025-12-23,2025-12-23T11:30:00-05:00,0.0015933159656318363,0.0015933159656318363,0,2025-12-23T16:30:00+00:00,0.014195252876052722,0.014195252876052722,0.0047154212145078395,16.911470355887747,16.658035543223914,120.0,0.0,0.0,0.0,0.0,0.0,0.0,0.0,0.0,0.0,3.4657359027997265,2.772588722239781,1.791759469228055,0.6931471805599453,1.6094379124341003,1.0986122886681098,1.9459101490553132,0.0,2025-12-23T15:05:18+00:00,train,0.14363636363636365,0.005064144539958312,0.0031743182979321327,0.15510101369556953,0.005884950026654829,0.005884950026654829,0.1576148813236914,0.0061612560702723985,0.0061612560702723985,0.13092603463811317,0.006017780397714207,0.006017780397714207
2025-12-23T17:30:00+00:00,2025-12-23T18:30:00+00:00,2025-12-23,2025-12-23T12:30:00-05:00,-0.0011954420468406335,0.0011954420468406335,0,2025-12-23T17:30:00+00:00,0.0015933159656318363,0.0015933159656318363,0.004711562509929931,16.64563053425268,16.605351249247178,180.0,0.0,1.791759469228055,1.6094379124341003,0.0,0.0,0.0,0.0,1.3862943611198906,0.0,3.5553480614894135,2.9444389791664403,1.791759469228055,0.6931471805599453,1.6094379124341003,1.0986122886681098,2.0794415416798357,0.0,2025-12-23T17:28:43+00:00,train,0.14363636363636365,0.005064144539958312,0.0031743182979321327,0.05874139610455625,0.003214041107860635,0.003214041107860635,0.05313114831634973,0.0028356032718453677,0.0028356032718453677,0.08246893285928207,0.0036397712015644543,0.0036397712015644543
2025-12-23T18:30:00+00:00,2025-12-23T19:30:00+00:00,2025-12-23,2025-12-23T13:30:00-05:00,0.0033144920148955315,0.0033144920148955315,0,2025-12-23T18:30:00+00:00,-0.0011954420468406335,0.0011954420468406335,0.004721039181723167,16.15252954091683,16.579833329922625,240.0,0.0,1.3862943611198906,1.3862943611198906,0.0,0.0,0.0,0.6931471805599453,0.6931471805599453,0.0,3.6375861597263857,3.091042453358316,1.791759469228055,0.6931471805599453,1.6094379124341003,1.3862943611198906,2.1972245773362196,0.0,2025-12-23T18:29:42+00:00,train,0.14363636363636365,0.005064144539958312,0.0031743182979321327,0.03596941924280131,0.0023761178105255565,0.0023761178105255565,0.03399351973989835,0.002167466908430276,0.002167466908430276,0.03480545987736026,0.001958109090372051,0.001958109090372051
2025-12-23T19:30:00+00:00,2025-12-23T20:30:00+00:00,2025-12-23,2025-12-23T14:30:00-05:00,0.0009352996117952816,0.0009352996117952816,0,2025-12-23T19:30:00+00:00,0.0033144920148955315,0.0033144920148955315,0.004455877287337267,16.107150470406253,16.56599277840093,300.0,0.0,1.3862943611198906,1.0986122886681098,1.0986122886681098,0.0,0.0,0.0,0.6931471805599453,0.0,3.6888794541139363,3.1354942159291497,2.0794415416798357,0.6931471805599453,1.6094379124341003,1.3862943611198906,2.302585092994046,0.0,2025-12-23T19:26:52+00:00,train,0.14363636363636365,0.005064144539958312,0.0031743182979321327,0.024648502200652032,0.001749614101869316,0.001749614101869316,0.023523709036955952,0.0015385799661453547,0.0015385799661453547,0.026710683965717002,0.0018617759821255332,0.0018617759821255332
2025-12-24T14:30:00+00:00,2025-12-24T15:30:00+00:00,2025-12-24,2025-12-24T09:30:00-05:00,-0.004096333225791504,0.004096333225791504,0,2025-12-23T21:00:00+00:00,0.0022778257090310117,0.0022778257090310117,0.0044185521891325,16.29366202613557,16.565455812852658,0.0,17.5,0.6931471805599453,0.0,0.0,0.0,0.0,0.0,0.0,0.0,3.4339872044851463,2.995732273553991,1.791759469228055,0.0,0.6931471805599453,1.0986122886681098,2.0794415416798357,0.0,2025-12-24T13:43:18+00:00,train,0.14363636363636365,0.005064144539958312,0.0031743182979321327,0.18393403954766194,0.00612823135587738,0.00612823135587738,0.1811084115325709,0.0062393274987478185,0.0062393274987478185,0.160043401659127,0.006496516158518974,0.006496516158518974
2025-12-24T15:30:00+00:00,2025-12-24T16:30:00+00:00,2025-12-24,2025-12-24T10:30:00-05:00,0.0038376290415804704,0.0038376290415804704,0,2025-12-24T15:30:00+00:00,-0.004096333225791504,0.004096333225791504,0.004542387052277619,16.871024462823904,16.6046023000476,60.0,0.0,1.3862943611198906,0.6931471805599453,1.0986122886681098,0.0,0.0,0.6931471805599453,0.0,0.0,3.4657359027997265,2.995732273553991,1.9459101490553132,0.0,0.6931471805599453,1.3862943611198906,2.0794415416798357,0.0,2025-12-24T15:05:00+00:00,train,0.14363636363636365,0.005064144539958312,0.0031743182979321327,0.15291180843962887,0.005334358077817027,0.005334358077817027,0.14213571786552737,0.005133617653342041,0.005133617653342041,0.10264656560952753,0.0041669438011462355,0.0041669438011462355
2025-12-24T16:30:00+00:00,2025-12-24T17:30:00+00:00,2025-12-24,2025-12-24T11:30:00-05:00,0.00148979099409563,0.00148979099409563,0,2025-12-24T16:30:00+00:00,0.0038376290415804704,0.0038376290415804704,0.004546974915802153,16.16836243866812,16.606637122089406,120.0,0.0,0.6931471805599453,0.6931471805599453,0.6931471805599453,0.0,0.0,0.0,0.0,0.0,3.4965075614664802,3.044522437723423,2.0794415416798357,0.0,0.6931471805599453,1.3862943611198906,2.0794415416798357,0.0,2025-12-24T15:54:16+00:00,train,0.14363636363636365,0.005064144539958312,0.0031743182979321327,0.09037593502915124,0.0042693673685171895,0.0042693673685171895,0.0877228617035456,0.004294355355730617,0.004294355355730617,0.08568385723945789,0.004484484755821204,0.004484484755821204
2025-12-26T15:30:00+00:00,2025-12-26T16:30:00+00:00,2025-12-26,2025-12-26T10:30:00-05:00,-0.0028449830709248447,0.0028449830709248447,0,2025-12-26T15:30:00+00:00,0.008315799110814037,0.008315799110814037,0.004258192655040936,17.311367604861722,16.49053199881133,60.0,0.0,2.302585092994046,2.0794415416798357,1.3862943611198906,0.6931471805599453,0.0,0.0,0.0,0.6931471805599453,3.58351893845611,3.091042453358316,2.3978952727983707,1.0986122886681098,1.0986122886681098,0.6931471805599453,0.6931471805599453,1.3862943611198906,2025-12-26T15:26:56+00:00,train,0.14363636363636365,0.005064144539958312,0.0031743182979321327,0.1601650094540049,0.005539947252058179,0.005539947252058179,0.14401605357701802,0.005067230119834058,0.005067230119834058,0.19747008290857118,0.0057327684394136505,0.0057327684394136505
2025-12-26T16:30:00+00:00,2025-12-26T17:30:00+00:00,2025-12-26,2025-12-26T11:30:00-05:00,-0.001346906392521885,0.001346906392521885,0,2025-12-26T16:30:00+00:00,-0.0028449830709248447,0.0028449830709248447,0.00423239582250578,16.42925865098708,16.478867886521886,120.0,0.0,1.0986122886681098,1.0986122886681098,0.6931471805599453,0.0,0.0,0.0,0.0,0.0,3.6375861597263857,3.1780538303479458,2.4849066497880004,1.0986122886681098,1.0986122886681098,0.6931471805599453,0.6931471805599453,1.3862943611198906,2025-12-26T16:07:00+00:00,train,0.14363636363636365,0.005064144539958312,0.0031743182979321327,0.0824842483094227,0.004054067370633007,0.004054067370633007,0.08061819302171247,0.004040094463056348,0.004040094463056348,0.08578691549226773,0.0036296405467523382,0.0036296405467523382
2025-12-26T17:30:00+00:00,2025-12-26T18:30:00+00:00,2025-12-26,2025-12-26T12:30:00-05:00,0.003999023219961817,0.003999023219961817,0,2025-12-26T17:30:00+00:00,-0.001346906392521885,0.001346906392521885,0.004151657060840346,15.980187149899143,16.467080876148824,180.0,0.0,1.0986122886681098,0.0,0.0,0.0,0.0,0.0,0.0,0.0,3.6888794541139363,3.1780538303479458,2.4849066497880004,1.0986122886681098,1.0986122886681098,0.6931471805599453,0.6931471805599453,1.3862943611198906,2025-12-26T17:10:34+00:00,train,0.14363636363636365,0.005064144539958312,0.0031743182979321327,0.047231443233644005,0.0029202230985323754,0.0029202230985323754,0.0464281746389429,0.0028946693140340218,0.0028946693140340218,0.03516008972465105,0.0020814989475433383,0.0020814989475433383
2025-12-26T18:30:00+00:00,2025-12-26T19:30:00+00:00,2025-12-26,2025-12-26T13:30:00-05:00,0.003680798901376958,0.003680798901376958,0,2025-12-26T18:30:00+00:00,0.003999023219961817,0.003999023219961817,0.004168021837691967,16.127206718837733,16.46392565605646,240.0,0.0,0.0,0.0,0.0,0.0,0.0,0.0,0.0,0.0,3.6635616461296463,3.1780538303479458,2.4849066497880004,1.0986122886681098,1.0986122886681098,0.6931471805599453,0.6931471805599453,1.3862943611198906,2025-12-26T17:10:34+00:00,train,0.14363636363636365,0.005064144539958312,0.0031743182979321327,0.03478165379816345,0.0024460792316106793,0.0024460792316106793,0.0367957595449757,0.0027883492338041517,0.0027883492338041517,0.03812476623129933,0.002831423344110955,0.002831423344110955
2025-12-26T19:30:00+00:00,2025-12-26T20:30:00+00:00,2025-12-26,2025-12-26T14:30:00-05:00,-0.0042363124675122155,0.0042363124675122155,0,2025-12-26T19:30:00+00:00,0.003680798901376958,0.003680798901376958,0.004157627267283783,16.320983432322723,16.466344548262207,300.0,0.0,0.6931471805599453,0.6931471805599453,0.0,0.0,0.0,0.0,0.0,0.0,3.6888794541139363,3.2188758248682006,2.4849066497880004,1.0986122886681098,1.0986122886681098,0.6931471805599453,0.6931471805599453,1.3862943611198906,2025-12-26T18:58:00+00:00,train,0.14363636363636365,0.005064144539958312,0.0031743182979321327,0.02312473391678061,0.0016197196868735749,0.0016197196868735749,0.023316949654727775,0.0016831536177613093,0.0016831536177613093,0.024022759213130573,0.0013573388651369075,0.0013573388651369075
2025-12-29T14:30:00+00:00,2025-12-29T15:30:00+00:00,2025-12-29,2025-12-29T09:30:00-05:00,-0.0023707622411544005,0.0023707622411544005,0,2025-12-26T21:00:00+00:00,-0.004597246323426507,0.004597246323426507,0.0043593764490375535,17.54884347682151,16.395880951522624,0.0,65.5,1.791759469228055,1.0986122886681098,0.6931471805599453,0.0,0.0,0.0,0.0,0.0,2.8903717578961645,2.1972245773362196,0.6931471805599453,1.0986122886681098,0.6931471805599453,0.6931471805599453,0.0,0.0,2025-12-29T14:24:12+00:00,train,0.14363636363636365,0.005064144539958312,0.0031743182979321327,0.2382915763237065,0.008103770869971508,0.008103770869971508,0.20945032978249786,0.0075898284747192325,0.0075898284747192325,0.2068950349262341,0.00709327063497984,0.00709327063497984
2025-12-29T15:30:00+00:00,2025-12-29T16:30:00+00:00,2025-12-29,2025-12-29T10:30:00-05:00,-8.221787149242932e-05,8.221787149242932e-05,0,2025-12-29T15:30:00+00:00,-0.0023707622411544005,0.0023707622411544005,0.004448161435511027,17.19502825776506,16.454031536626214,60.0,0.0,1.791759469228055,0.0,1.0986122886681098,0.0,0.6931471805599453,0.0,0.0,0.0,3.1354942159291497,2.1972245773362196,1.3862943611198906,1.0986122886681098,1.0986122886681098,0.6931471805599453,0.0,0.0,2025-12-29T15:22:46+00:00,train,0.14363636363636365,0.005064144539958312,0.0031743182979321327,0.12763708300360926,0.004802158251075862,0.004802158251075862,0.10719245355361076,0.004212852605401536,0.004212852605401536,0.054405886016661006,0.0030541371017225095,0.0030541371017225095
2025-12-29T16:30:00+00:00,2025-12-29T17:30:00+00:00,2025-12-29,2025-12-29T11:30:00-05:00,-0.0019226693003100426,0.0019226693003100426,0,2025-12-29T16:30:00+00:00,-8.221787149242932e-05,8.221787149242932e-05,0.004351736833188085,16.386561570104426,16.47146842623448,120.0,0.0,1.9459101490553132,1.6094379124341003,0.6931471805599453,0.0,1.0986122886681098,0.6931471805599453,0.0,0.0,3.332204510175204,2.5649493574615367,1.6094379124341003,1.0986122886681098,1.6094379124341003,1.0986122886681098,0.0,0.0,2025-12-29T16:27:47+00:00,train,0.14363636363636365,0.005064144539958312,0.0031743182979321327,0.07013990025172581,0.003532387397185825,0.003532387397185825,0.05987904851648934,0.0029663731417173323,0.0029663731417173323,0.03158980266920766,0.0017512965611900743,0.0017512965611900743
2025-12-29T17:30:00+00:00,2025-12-29T18:30:00+00:00,2025-12-29,2025-12-29T12:30:00-05:00,0.0031036073812147347,0.0031036073812147347,0,2025-12-29T17:30:00+00:00,-0.0019226693003100426,0.0019226693003100426,0.004417143831433297,15.863779493421127,16.476489933986137,180.0,0.0,1.791759469228055,1.6094379124341003,0.0,0.0,0.0,0.0,0.0,0.0,3.4965075614664802,2.833213344056216,1.6094379124341003,1.0986122886681098,1.6094379124341003,1.0986122886681098,0.0,0.0,2025-12-29T17:22:47+00:00,train,0.14363636363636365,0.005064144539958312,0.0031743182979321327,0.04925515013685397,0.0030971450709766047,0.0030971450709766047,0.043939511424298514,0.0026605598400069085,0.0026605598400069085,0.036716017164196306,0.002142982925320121,0.002142982925320121
2025-12-29T18:30:00+00:00,2025-12-29T19:30:00+00:00,2025-12-29,2025-12-29T13:30:00-05:00,-0.00042677885504915913,0.00042677885504915913,0,2025-12-29T18:30:00+00:00,0.0031036073812147347,0.0031036073812147347,0.0044304577194864934,15.739058380773193,16.478410714116883,240.0,0.0,1.3862943611198906,0.6931471805599453,0.6931471805599453,0.0,0.0,0.0,0.0,0.0,3.58351893845611,2.8903717578961645,1.791759469228055,1.0986122886681098,1.6094379124341003,1.0986122886681098,0.0,0.0,2025-12-29T18:00:01+00:00,train,0.14363636363636365,0.005064144539958312,0.0031743182979321327,0.03279556901099119,0.0023768738670230448,0.0023768738670230448,0.03060761867960403,0.0021142668402244413,0.0021142668402244413,0.02290218405709096,0.001704271630632062,0.001704271630632062
2025-12-29T19:30:00+00:00,2025-12-29T20:30:00+00:00,2025-12-29,2025-12-29T14:30:00-05:00,0.0031192651286597872,0.0031192651286597872,0,2025-12-29T19:30:00+00:00,-0.00042677885504915913,0.00042677885504915913,0.004426938420008158,15.702522781105396,16.478569739001248,300.0,0.0,1.3862943611198906,0.6931471805599453,0.0,0.6931471805599453,0.0,0.0,0.0,0.0,3.6635616461296463,2.9444389791664403,1.791759469228055,1.3862943611198906,1.6094379124341003,1.0986122886681098,0.0,0.0,2025-12-29T19:15:00+00:00,train,0.14363636363636365,0.005064144539958312,0.0031743182979321327,0.01920065478180913,0.0012237029812727377,0.0012237029812727377,0.018181369551724072,0.0009868584143040045,0.0009868584143040045,0.01501354085052292,0.001352855466486271,0.001352855466486271
2025-12-30T14:30:00+00:00,2025-12-30T15:30:00+00:00,2025-12-30,2025-12-30T09:30:00-05:00,-0.006831237322646566,0.006831237322646566,0,2025-12-29T21:00:00+00:00,0.0013831702141164914,0.0013831702141164914,0.004378454838935402,17.422422402970042,16.40881738021896,0.0,17.5,1.791759469228055,1.3862943611198906,0.6931471805599453,0.0,0.6931471805599453,0.0,0.6931471805599453,0.0,3.7612001156935624,3.091042453358316,1.9459101490553132,0.6931471805599453,1.6094379124341003,1.0986122886681098,0.6931471805599453,0.0,2025-12-30T14:05:00+00:00,train,0.14363636363636365,0.005064144539958312,0.0031743182979321327,0.1770852191367792,0.00584325793737419,0.00584325793737419,0.17432895731003925,0.005793526262911807,0.005793526262911807,0.17599521927719433,0.00632548343626385,0.00632548343626385
2025-12-30T15:30:00+00:00,2025-12-30T16:30:00+00:00,2025-12-30,2025-12-30T10:30:00-05:00,0.005823563330415338,0.005823563330415338,0,2025-12-30T15:30:00+00:00,-0.006831237322646566,0.006831237322646566,0.003615815503044113,16.783690837289846,16.39885321297913,60.0,0.0,1.0986122886681098,0.0,0.0,0.0,0.0,0.0,0.0,0.0,3.6888794541139363,3.091042453358316,1.6094379124341003,0.6931471805599453,1.3862943611198906,1.0986122886681098,0.6931471805599453,0.0,2025-12-30T15:14:00+00:00,train,0.14363636363636365,0.005064144539958312,0.0031743182979321327,0.1423718924383416,0.005397514446676417,0.005397514446676417,0.14227923884136806,0.005475577889942599,0.005475577889942599,0.10696596177861098,0.0054316650535345835,0.0054316650535345835
2025-12-30T16:30:00+00:00,2025-12-30T17:30:00+00:00,2025-12-30,2025-12-30T11:30:00-05:00,-0.0018066568361970736,0.0018066568361970736,0,2025-12-30T16:30:00+00:00,0.005823563330415338,0.005823563330415338,0.0038078149131487524,16.291942565867686,16.37960473832763,120.0,0.0,1.0986122886681098,1.0986122886681098,0.6931471805599453,0.0,0.0,0.0,0.6931471805599453,0.0,3.58351893845611,2.995732273553991,1.6094379124341003,0.6931471805599453,0.6931471805599453,0.6931471805599453,1.0986122886681098,0.0,2025-12-30T16:29:00+00:00,train,0.14363636363636365,0.005064144539958312,0.0031743182979321327,0.07907164721358008,0.0041087490769578135,0.0041087490769578135,0.07642327130295912,0.004044521327526619,0.004044521327526619,0.12880151443069265,0.005369408551644113,0.005369408551644113
2025-12-30T17:30:00+00:00,2025-12-30T18:30:00+00:00,2025-12-30,2025-12-30T12:30:00-05:00,0.001655116365675724,0.001655116365675724,0,2025-12-30T17:30:00+00:00,-0.0018066568361970736,0.0018066568361970736,0.0038255070190361916,15.816008319178824,16.36815431109235,180.0,0.0,2.302585092994046,1.9459101490553132,1.0986122886681098,0.0,0.0,0.0,0.0,0.0,3.6888794541139363,3.091042453358316,1.9459101490553132,0.6931471805599453,0.6931471805599453,0.6931471805599453,1.0986122886681098,0.0,2025-12-30T17:27:07+00:00,train,0.14363636363636365,0.005064144539958312,0.0031743182979321327,0.042864720180346656,0.002805274654022545,0.002805274654022545,0.03860268817168935,0.0023128292464100887,0.0023128292464100887,0.04169090679088819,0.0020390720607021506,0.0020390720607021506
2025-12-30T18:30:00+00:00,2025-12-30T19:30:00+00:00,2025-12-30,2025-12-30T13:30:00-05:00,-0.0002964847224431466,0.0002964847224431466,0,2025-12-30T18:30:00+00:00,0.001655116365675724,0.001655116365675724,0.0037808753943059806,15.693906945192053,16.355031675308613,240.0,0.0,1.6094379124341003,1.0986122886681098,0.6931471805599453,0.0,0.0,0.0,0.0,0.0,3.713572066704308,3.1354942159291497,1.9459101490553132,0.6931471805599453,0.6931471805599453,0.6931471805599453,1.0986122886681098,0.0,2025-12-30T18:12:51+00:00,train,0.14363636363636365,0.005064144539958312,0.0031743182979321327,0.02648459283448046,0.0018688256138006047,0.0018688256138006047,0.02512968708796626,0.0016192389382844049,0.0016192389382844049,0.026313589327815374,0.001736556317910727,0.001736556317910727
2025-12-30T19:30:00+00:00,2025-12-30T20:30:00+00:00,2025-12-30,2025-12-30T14:30:00-05:00,-0.0030294556679247853,0.0030294556679247853,0,2025-12-30T19:30:00+00:00,-0.0002964847224431466,0.0002964847224431466,0.0037834388576904925,15.591324402090862,16.339682266877386,300.0,0.0,1.0986122886681098,0.6931471805599453,0.0,0.0,0.0,0.0,0.0,0.0,3.6888794541139363,3.1354942159291497,1.9459101490553132,0.0,0.6931471805599453,0.6931471805599453,1.0986122886681098,0.0,2025-12-30T19:15:43+00:00,train,0.14363636363636365,0.005064144539958312,0.0031743182979321327,0.016000862046339628,0.0008761515075850915,0.0008761515075850915,0.015626155752868312,0.000770280850402867,0.000770280850402867,0.014495504908862849,0.0009499176566609042,0.0009499176566609042
2025-12-31T14:30:00+00:00,2025-12-31T15:30:00+00:00,2025-12-31,2025-12-31T09:30:00-05:00,-0.0024014452320855195,0.0024014452320855195,0,2025-12-30T21:00:00+00:00,-0.0001599252532468176,0.0001599252532468176,0.003723181965161028,15.598602741218276,16.28279325167746,0.0,17.5,1.6094379124341003,1.3862943611198906,1.0986122886681098,0.0,0.0,0.6931471805599453,1.3862943611198906,0.0,3.6635616461296463,3.1780538303479458,2.0794415416798357,0.6931471805599453,1.3862943611198906,2.1972245773362196,1.6094379124341003,0.6931471805599453,2025-12-31T14:17:38+00:00,train,0.14363636363636365,0.005064144539958312,0.0031743182979321327,0.12255078084088693,0.005292053460873977,0.005292053460873977,0.11918661772500162,0.005200717053003123,0.005200717053003123,0.15596812003622093,0.005252816459183751,0.005252816459183751
2025-12-31T15:30:00+00:00,2025-12-31T16:30:00+00:00,2025-12-31,2025-12-31T10:30:00-05:00,-0.0008676867340885464,0.0008676867340885464,0,2025-12-31T15:30:00+00:00,-0.0024014452320855195,0.0024014452320855195,0.003689286947540045,17.023237342614223,16.341297644564747,60.0,0.0,1.791759469228055,1.0986122886681098,0.6931471805599453,0.0,0.0,1.3862943611198906,1.3862943611198906,0.0,3.7376696182833684,3.258096538021482,2.1972245773362196,0.6931471805599453,1.3862943611198906,2.4849066497880004,2.0794415416798357,0.6931471805599453,2025-12-31T15:21:31+00:00,train,0.14363636363636365,0.005064144539958312,0.0031743182979321327,0.11033191543928081,0.004490957828841561,0.004490957828841561,0.1058594875667486,0.004335516673717312,0.004335516673717312,0.09976593830968222,0.003279086842584685,0.003279086842584685
2025-12-31T16:30:00+00:00,2025-12-31T17:30:00+00:00,2025-12-31,2025-12-31T11:30:00-05:00,0.00039665013648049197,0.00039665013648049197,0,2025-12-31T16:30:00+00:00,-0.0008676867340885464,0.0008676867340885464,0.00368287663978849,16.154055765671774,16.346367064286444,120.0,0.0,1.9459101490553132,1.0986122886681098,1.0986122886681098,0.0,0.0,1.0986122886681098,1.0986122886681098,0.0,3.828641396489095,3.258096538021482,2.302585092994046,0.6931471805599453,1.3862943611198906,2.6390573296152584,2.1972245773362196,0.6931471805599453,2025-12-31T16:12:50+00:00,train,0.14363636363636365,0.005064144539958312,0.0031743182979321327,0.06194365457331773,0.0033692158852238674,0.0033692158852238674,0.05946716609176936,0.0031591593520116533,0.0031591593520116533,0.047805983653380915,0.0017323740019794718,0.0017323740019794718
2025-12-31T17:30:00+00:00,2025-12-31T18:30:00+00:00,2025-12-31,2025-12-31T12:30:00-05:00,0.0002858458488823601,0.0002858458488823601,0,2025-12-31T17:30:00+00:00,0.00039665013648049197,0.00039665013648049197,0.003133470287197518,15.908567118210076,16.242153991195433,180.0,0.0,1.791759469228055,1.0986122886681098,1.0986122886681098,0.0,0.0,0.6931471805599453,0.6931471805599453,0.0,3.7376696182833684,3.091042453358316,2.302585092994046,0.6931471805599453,1.3862943611198906,2.70805020110221,2.302585092994046,0.6931471805599453,2025-12-31T16:45:00+00:00,train,0.14363636363636365,0.005064144539958312,0.0031743182979321327,0.03415766390836946,0.0022035060020593605,0.0022035060020593605,0.03237167489053113,0.0019489165613155238,0.0019489165613155238,0.022129839643155683,0.00020686789069895937,0.00020686789069895937
2025-12-31T18:30:00+00:00,2025-12-31T19:30:00+00:00,2025-12-31,2025-12-31T13:30:00-05:00,-0.004868616869657116,0.004868616869657116,0,2025-12-31T18:30:00+00:00,0.0002858458488823601,0.0002858458488823601,0.0030791736567344157,15.709072269698302,16.210717005473324,240.0,0.0,0.0,0.0,0.0,0.0,0.0,0.0,0.0,0.0,3.6375861597263857,2.995732273553991,2.1972245773362196,0.6931471805599453,1.3862943611198906,2.70805020110221,2.302585092994046,0.6931471805599453,2025-12-31T16:45:00+00:00,train,0.14363636363636365,0.005064144539958312,0.0031743182979321327,0.021129684445550023,0.0013368099266319053,0.0013368099266319053,0.022301871903439047,0.0016618757788560163,0.0016618757788560163,0.014522223695197426,0.000775315789284337,0.000775315789284337
2025-12-31T19:30:00+00:00,2025-12-31T20:30:00+00:00,2025-12-31,2025-12-31T14:30:00-05:00,-0.004865772560876058,0.004865772560876058,0,2025-12-31T19:30:00+00:00,-0.004868616869657116,0.004868616869657116,0.003245743538480141,15.856402001578257,16.206083345777888,300.0,0.0,0.0,0.0,0.0,0.0,0.0,0.0,0.0,0.0,3.58351893845611,2.9444389791664403,2.1972245773362196,0.6931471805599453,1.3862943611198906,2.70805020110221,2.302585092994046,0.6931471805599453,2025-12-31T16:45:00+00:00,train,0.14363636363636365,0.005064144539958312,0.0031743182979321327,0.018746383989165744,0.0014886441029967126,0.0014886441029967126,0.019572190186113884,0.0017477078402086082,0.0017477078402086082,0.012130913715154928,0.0006228723276202625,0.0006228723276202625
2026-01-02T14:30:00+00:00,2026-01-02T15:30:00+00:00,2026-01-02,2026-01-02T09:30:00-05:00,0.00215065651788926,0.00215065651788926,0,2025-12-31T21:00:00+00:00,-0.0034733028673948896,0.0034733028673948896,0.003225256947224332,15.961109621991657,16.200506486249072,0.0,41.5,1.0986122886681098,0.6931471805599453,0.0,0.0,0.0,0.6931471805599453,0.0,0.0,1.9459101490553132,1.6094379124341003,0.0,0.0,0.0,1.0986122886681098,0.0,0.0,2026-01-02T14:04:46+00:00,train,0.14363636363636365,0.005064144539958312,0.0031743182979321327,0.14836134815359195,0.006528210009834098,0.006528210009834098,0.10682214158231756,0.005495733473315511,0.005495733473315511,0.08689358521070169,0.004798724659537734,0.004798724659537734
2026-01-02T15:30:00+00:00,2026-01-02T16:30:00+00:00,2026-01-02,2026-01-02T10:30:00-05:00,-0.005093202156487897,0.005093202156487897,0,2026-01-02T15:30:00+00:00,0.00215065651788926,0.00215065651788926,0.003130193394836513,17.310213583143163,16.291508992999116,60.0,0.0,1.0986122886681098,0.6931471805599453,0.6931471805599453,0.0,0.0,0.0,0.0,0.0,2.1972245773362196,1.791759469228055,0.6931471805599453,0.0,0.0,1.0986122886681098,0.0,0.0,2026-01-02T15:05:00+00:00,train,0.14363636363636365,0.005064144539958312,0.0031743182979321327,0.1016201446927209,0.004158738155574541,0.004158738155574541,0.07248872196384687,0.0031747867593329574,0.0031747867593329574,0.06558546896976589,0.003027689985601414,0.003027689985601414
2026-01-02T16:30:00+00:00,2026-01-02T17:30:00+00:00,2026-01-02,2026-01-02T11:30:00-05:00,-0.000632966097643739,0.000632966097643739,0,2026-01-02T16:30:00+00:00,-0.005093202156487897,0.005093202156487897,0.0031840445102075984,16.73542952148674,16.331986600669687,120.0,0.0,0.6931471805599453,0.0,0.0,0.0,0.0,0.0,0.0,0.0,2.302585092994046,1.791759469228055,0.6931471805599453,0.0,0.0,1.0986122886681098,0.0,0.0,2026-01-02T15:36:41+00:00,train,0.14363636363636365,0.005064144539958312,0.0031743182979321327,0.08122337745438168,0.004087958003373088,0.004087958003373088,0.06071438099732204,0.003294311060257993,0.003294311060257993,0.047142136130232395,0.0029417952054474924,0.0029417952054474924
2026-01-02T17:30:00+00:00,2026-01-02T18:30:00+00:00,2026-01-02,2026-01-02T12:30:00-05:00,-0.0007298451929419469,0.0007298451929419469,0,2026-01-02T17:30:00+00:00,-0.000632966097643739,0.000632966097643739,0.0031659277083905257,16.09612822417365,16.249666003249555,180.0,0.0,1.0986122886681098,0.6931471805599453,0.0,0.0,0.0,0.0,0.0,0.6931471805599453,2.4849066497880004,1.9459101490553132,0.6931471805599453,0.0,0.0,1.0986122886681098,0.0,0.6931471805599453,2026-01-02T17:17:22+00:00,train,0.14363636363636365,0.005064144539958312,0.0031743182979321327,0.03595913258576347,0.0022947290859722485,0.0022947290859722485,0.026656177020884086,0.0014159714752002353,0.0014159714752002353,0.02973218449562798,0.001853264356254936,0.001853264356254936
2026-01-02T18:30:00+00:00,2026-01-02T19:30:00+00:00,2026-01-02,2026-01-02T13:30:00-05:00,-0.000867568179078626,0.000867568179078626,0,2026-01-02T18:30:00+00:00,-0.0007298451929419469,0.0007298451929419469,0.003161190355750418,15.917562423824743,16.22796751566107,240.0,0.0,0.0,0.0,0.0,0.0,0.0,0.0,0.0,0.0,2.4849066497880004,1.9459101490553132,0.6931471805599453,0.0,0.0,1.0986122886681098,0.0,0.6931471805599453,2026-01-02T17:17:22+00:00,train,0.14363636363636365,0.005064144539958312,0.0031743182979321327,0.022816229204433935,0.0014868419268456684,0.0014868419268456684,0.018262207016062595,0.0009919760625767566,0.0009919760625767566,0.017633784903947094,0.0010132870808529258,0.0010132870808529258
2026-01-02T19:30:00+00:00,2026-01-02T20:30:00+00:00,2026-01-02,2026-01-02T14:30:00-05:00,-0.0013213181341962255,0.0013213181341962255,0,2026-01-02T19:30:00+00:00,-0.000867568179078626,0.000867568179078626,0.0031513448711967397,16.124789795095825,16.238274520976827,300.0,0.0,0.0,0.0,0.0,0.0,0.0,0.0,0.0,0.0,2.4849066497880004,1.9459101490553132,0.6931471805599453,0.0,0.0,1.0986122886681098,0.0,0.6931471805599453,2026-01-02T17:17:22+00:00,train,0.14363636363636365,0.005064144539958312,0.0031743182979321327,0.015586292449514332,0.0007434278387149417,0.0007434278387149417,0.012429455035099927,0.00021948910300943585,0.00021948910300943585,0.011905213065071115,0.00020192488825694806,0.00020192488825694806
2026-01-05T14:30:00+00:00,2026-01-05T15:30:00+00:00,2026-01-05,2026-01-05T09:30:00-05:00,-0.0138780962477707,0.0138780962477707,1,2026-01-02T21:00:00+00:00,-0.0007414180716881491,0.0007414180716881491,0.003014545072116768,15.833862025771671,16.248597586282433,0.0,65.5,1.791759469228055,1.6094379124341003,0.0,0.0,0.0,0.0,0.0,0.0,3.1780538303479458,2.772588722239781,0.6931471805599453,1.0986122886681098,1.3862943611198906,1.0986122886681098,0.6931471805599453,0.0,2026-01-05T14:12:00+00:00,train,0.14363636363636365,0.005064144539958312,0.0031743182979321327,0.1390792926506743,0.006796641893482931,0.006796641893482931,0.12766967377180183,0.006451292182960224,0.006451292182960224,0.14293670547785628,0.006824418205520818,0.006824418205520818
2026-01-05T15:30:00+00:00,2026-01-05T16:30:00+00:00,2026-01-05,2026-01-05T10:30:00-05:00,0.0006313206322068332,0.0006313206322068332,0,2026-01-05T15:30:00+00:00,-0.0138780962477707,0.0138780962477707,0.0041568857629776,17.285164774137893,16.35477138784593,60.0,0.0,1.791759469228055,1.0986122886681098,0.0,0.0,0.6931471805599453,0.0,0.6931471805599453,0.0,3.332204510175204,2.8903717578961645,0.6931471805599453,1.0986122886681098,1.6094379124341003,1.0986122886681098,1.0986122886681098,0.0,2026-01-05T15:19:57+00:00,train,0.14363636363636365,0.005064144539958312,0.0031743182979321327,0.21229464669190254,0.006851609461186324,0.006851609461186324,0.1906597543021131,0.0064206710515934155,0.0064206710515934155,0.20671587153640328,0.007424442494434928,0.007424442494434928
2026-01-05T16:30:00+00:00,2026-01-05T17:30:00+00:00,2026-01-05,2026-01-05T11:30:00-05:00,-0.013486881059669331,0.013486881059669331,1,2026-01-05T16:30:00+00:00,0.0006313206322068332,0.0006313206322068332,0.00404058222471754,16.624237060904775,16.3898520821566,120.0,0.0,2.0794415416798357,1.791759469228055,0.0,0.0,0.0,0.0,0.0,0.0,3.5553480614894135,3.1354942159291497,0.6931471805599453,1.0986122886681098,1.6094379124341003,1.0986122886681098,1.0986122886681098,0.0,2026-01-05T16:13:57+00:00,train,0.14363636363636365,0.005064144539958312,0.0031743182979321327,0.06760110086079438,0.003445464259945058,0.003445464259945058,0.06031235637181298,0.002995406634064563,0.002995406634064563,0.0684240321304205,0.0036260522166435757,0.0036260522166435757
2026-01-05T17:30:00+00:00,2026-01-05T18:30:00+00:00,2026-01-05,2026-01-05T12:30:00-05:00,0.0009328023622858783,0.0009328023622858783,0,2026-01-05T17:30:00+00:00,-0.013486881059669331,0.013486881059669331,0.004695409592393471,16.73711339759578,16.38647262969856,180.0,0.0,1.6094379124341003,1.6094379124341003,1.0986122886681098,0.0,0.0,1.0986122886681098,0.0,0.0,3.6375861597263857,3.295836866004329,1.3862943611198906,1.0986122886681098,1.6094379124341003,1.6094379124341003,1.0986122886681098,0.0,2026-01-05T17:16:36+00:00,train,0.14363636363636365,0.005064144539958312,0.0031743182979321327,0.09899778221199322,0.005329265646676679,0.005329265646676679,0.09411532680336507,0.0050960537726158,0.0050960537726158,0.08005793924553799,0.004410813638951214,0.004410813638951214
2026-01-05T18:30:00+00:00,2026-01-05T19:30:00+00:00,2026-01-05,2026-01-05T13:30:00-05:00,-0.006053866499815097,0.006053866499815097,0,2026-01-05T18:30:00+00:00,0.0009328023622858783,0.0009328023622858783,0.00437409436672251,16.454222756600117,16.394455556394842,240.0,0.0,1.791759469228055,1.3862943611198906,1.3862943611198906,0.0,0.0,0.0,0.0,0.0,3.7376696182833684,3.367295829986474,1.9459101490553132,1.0986122886681098,1.3862943611198906,1.6094379124341003,1.0986122886681098,0.0,2026-01-05T18:20:00+00:00,train,0.14363636363636365,0.005064144539958312,0.0031743182979321327,0.030092715224389954,0.001979614767437323,0.001979614767437323,0.02831809827782085,0.0016919862577521138,0.0016919862577521138,0.028322152412452072,0.0019471464663149145,0.0019471464663149145
2026-01-05T19:30:00+00:00,2026-01-05T20:30:00+00:00,2026-01-05,2026-01-05T14:30:00-05:00,0.004393288781319171,0.004393288781319171,0,2026-01-05T19:30:00+00:00,-0.006053866499815097,0.006053866499815097,0.004446040925628167,16.42084769876696,16.41748703728577,300.0,0.0,2.0794415416798357,1.6094379124341003,0.6931471805599453,0.0,0.0,0.0,0.0,0.0,3.8918202981106265,3.4965075614664802,2.0794415416798357,1.0986122886681098,1.3862943611198906,1.6094379124341003,1.0986122886681098,0.0,2026-01-05T19:08:07+00:00,train,0.14363636363636365,0.005064144539958312,0.0031743182979321327,0.027832765620772658,0.002275422205832397,0.002275422205832397,0.026659573860461368,0.0019590346424089274,0.0019590346424089274,0.02458300866905047,0.001772915902850071,0.001772915902850071
2026-01-06T14:30:00+00:00,2026-01-06T15:30:00+00:00,2026-01-06,2026-01-06T09:30:00-05:00,0.004724377409367042,0.004724377409367042,0,2026-01-05T21:00:00+00:00,0.0034138762761033448,0.0034138762761033448,0.004623150169069096,16.221412690139555,16.446026430832706,0.0,17.5,2.3978952727983707,1.9459101490553132,1.0986122886681098,0.0,1.0986122886681098,0.6931471805599453,0.0,0.0,4.68213122712422,4.382026634673881,3.1354942159291497,0.0,2.1972245773362196,2.3978952727983707,1.0986122886681098,0.0,2026-01-06T14:28:00+00:00,train,0.14363636363636365,0.005064144539958312,0.0031743182979321327,0.17547646176987391,0.006181101880959502,0.006181101880959502,0.1992446731301985,0.006520085288555732,0.006520085288555732,0.10716542638510596,0.005886407009457033,0.005886407009457033
2026-01-06T15:30:00+00:00,2026-01-06T16:30:00+00:00,2026-01-06,2026-01-06T10:30:00-05:00,-0.014627786903340989,0.014627786903340989,1,2026-01-06T15:30:00+00:00,0.004724377409367042,0.004724377409367042,0.004877299837210967,17.362039329304196,16.544689872204255,60.0,0.0,2.5649493574615367,2.1972245773362196,0.6931471805599453,0.6931471805599453,0.0,0.6931471805599453,0.0,0.0,4.74493212836325,4.454347296253507,3.1780538303479458,0.6931471805599453,2.0794415416798357,2.4849066497880004,0.6931471805599453,0.0,2026-01-06T15:29:57+00:00,train,0.14363636363636365,0.005064144539958312,0.0031743182979321327,0.15087590758681876,0.005233484242418662,0.005233484242418662,0.16909622766728924,0.00549148332710146,0.00549148332710146,0.1322980913933171,0.005375893853057799,0.005375893853057799
2026-01-06T16:30:00+00:00,2026-01-06T17:30:00+00:00,2026-01-06,2026-01-06T11:30:00-05:00,0.0023856270440860694,0.0023856270440860694,0,2026-01-06T16:30:00+00:00,-0.014627786903340989,0.014627786903340989,0.005611708061989591,16.880492270089068,16.58938568368219,120.0,0.0,1.3862943611198906,1.3862943611198906,0.6931471805599453,0.0,0.6931471805599453,0.6931471805599453,0.0,0.0,4.709530201312334,4.430816798843313,3.2188758248682006,0.6931471805599453,2.1972245773362196,2.5649493574615367,0.6931471805599453,0.0,2026-01-06T15:42:40+00:00,train,0.14363636363636365,0.005064144539958312,0.0031743182979321327,0.18988124984803975,0.006805835744686713,0.006805835744686713,0.22682983618864097,0.007460590291105548,0.007460590291105548,0.14992988220069778,0.007120274695793736,0.007120274695793736
2026-01-06T17:30:00+00:00,2026-01-06T18:30:00+00:00,2026-01-06,2026-01-06T12:30:00-05:00,-0.003967414444756123,0.003967414444756123,0,2026-01-06T17:30:00+00:00,0.0023856270440860694,0.0023856270440860694,0.005730832487610586,16.613043751319307,16.563080219257092,180.0,0.0,2.833213344056216,2.0794415416798357,0.0,0.0,0.0,0.6931471805599453,0.6931471805599453,0.6931471805599453,4.812184355372417,4.465908118654584,3.1354942159291497,0.6931471805599453,2.1972245773362196,2.4849066497880004,1.0986122886681098,0.6931471805599453,2026-01-06T17:27:32+00:00,train,0.14363636363636365,0.005064144539958312,0.0031743182979321327,0.0614567225288626,0.0034962762745793666,0.0034962762745793666,0.06865988496975661,0.0036012635741502195,0.0036012635741502195,0.06998786630629929,0.0037034519556231288,0.0037034519556231288
2026-01-06T18:30:00+00:00,2026-01-06T19:30:00+00:00,2026-01-06,2026-01-06T13:30:00-05:00,-0.0011690188674471358,0.0011690188674471358,0,2026-01-06T18:30:00+00:00,-0.003967414444756123,0.003967414444756123,0.005724292731129557,16.148936834480892,16.562910614521567,240.0,0.0,1.6094379124341003,1.6094379124341003,1.3862943611198906,0.0,0.0,0.6931471805599453,0.0,0.0,4.804021044733257,4.477336814478207,3.1354942159291497,0.6931471805599453,2.1972245773362196,2.5649493574615367,1.0986122886681098,0.6931471805599453,2026-01-06T18:16:08+00:00,train,0.14363636363636365,0.005064144539958312,0.0031743182979321327,0.043968767949395964,0.00311339994413421,0.00311339994413421,0.05369629774489661,0.0036451370175372647,0.0036451370175372647,0.03989672384008417,0.002878637933408014,0.002878637933408014
2026-01-06T19:30:00+00:00,2026-01-06T20:30:00+00:00,2026-01-06,2026-01-06T14:30:00-05:00,-0.005902688605891937,0.005902688605891937,0,2026-01-06T19:30:00+00:00,-0.0011690188674471358,0.0011690188674471358,0.005689963289890859,16.230279574132254,16.572724872355845,300.0,0.0,0.0,0.0,0.0,0.0,0.0,0.0,0.0,0.0,4.74493212836325,4.430816798843313,3.091042453358316,0.6931471805599453,2.1972245773362196,2.5649493574615367,1.0986122886681098,0.6931471805599453,2026-01-06T18:16:08+00:00,train,0.14363636363636365,0.005064144539958312,0.0031743182979321327,0.024946531441818815,0.0017880854210085883,0.0017880854210085883,0.03384766666264818,0.002863267539984994,0.002863267539984994,0.02799335430802598,0.003523939066699591,0.003523939066699591
2026-01-07T14:30:00+00:00,2026-01-07T15:30:00+00:00,2026-01-07,2026-01-07T09:30:00-05:00,0.01296596473704259,0.01296596473704259,1,2026-01-06T21:00:00+00:00,0.0016582729995999745,0.0016582729995999745,0.00568141538216126,15.736763193813225,16.58728377902334,0.0,17.5,1.6094379124341003,1.3862943611198906,1.3862943611198906,0.0,0.0,0.0,0.0,0.0,4.51085950651685,4.007333185232471,2.8903717578961645,1.0986122886681098,1.791759469228055,2.302585092994046,1.791759469228055,1.9459101490553132,2026-01-07T14:11:05+00:00,train,0.14363636363636365,0.005064144539958312,0.0031743182979321327,0.1827273283633625,0.006320095435876813,0.006320095435876813,0.20911056203412579,0.006819990917298373,0.006819990917298373,0.18606851725942553,0.005653335725824934,0.005653335725824934
2026-01-07T15:30:00+00:00,2026-01-07T16:30:00+00:00,2026-01-07,2026-01-07T10:30:00-05:00,-0.007538490258603092,0.007538490258603092,0,2026-01-07T15:30:00+00:00,0.01296596473704259,0.01296596473704259,0.0066996276228102085,17.29714656891266,16.662030701952244,60.0,0.0,1.0986122886681098,0.0,0.0,0.0,0.0,0.0,0.0,0.0,4.394449154672439,3.8501476017100584,2.833213344056216,0.6931471805599453,1.791759469228055,2.1972245773362196,1.791759469228055,1.9459101490553132,2026-01-07T14:31:07+00:00,train,0.14363636363636365,0.005064144539958312,0.0031743182979321327,0.23900409365007164,0.006957675690787174,0.006957675690787174,0.26894189951669845,0.007498454382376986,0.007498454382376986,0.16910489169183768,0.005713037404518241,0.005713037404518241
2026-01-07T16:30:00+00:00,2026-01-07T17:30:00+00:00,2026-01-07,2026-01-07T11:30:00-05:00,0.0022841095136216794,0.0022841095136216794,0,2026-01-07T16:30:00+00:00,-0.007538490258603092,0.007538490258603092,0.0067813247416190865,16.826519250578727,16.69466818015891,120.0,0.0,1.791759469228055,1.791759469228055,1.0986122886681098,0.0,0.0,0.6931471805599453,1.0986122886681098,0.0,4.418840607796598,3.8918202981106265,2.8903717578961645,0.6931471805599453,1.6094379124341003,2.1972245773362196,2.0794415416798357,1.9459101490553132,2026-01-07T16:24:00+00:00,train,0.14363636363636365,0.005064144539958312,0.0031743182979321327,0.15033709528490827,0.005816774508116875,0.005816774508116875,0.1646982858282098,0.006084796802231192,0.006084796802231192,0.1904373049593324,0.004920648213169025,0.004920648213169025
2026-01-07T17:30:00+00:00,2026-01-07T18:30:00+00:00,2026-01-07,2026-01-07T12:30:00-05:00,-0.0019999730167469254,0.0019999730167469254,0,2026-01-07T17:30:00+00:00,0.0022841095136216794,0.0022841095136216794,0.006786054767860437,16.161582156514108,16.629389419127616,180.0,0.0,0.0,0.0,0.0,0.0,0.0,0.0,0.0,0.0,4.204692619390966,3.7376696182833684,2.8903717578961645,0.6931471805599453,1.6094379124341003,2.0794415416798357,1.9459101490553132,1.791759469228055,2026-01-07T16:24:00+00:00,train,0.14363636363636365,0.005064144539958312,0.0031743182979321327,0.06489613727742174,0.00377757846972221,0.00377757846972221,0.07686975732496026,0.004517535729598964,0.004517535729598964,0.060974732232855176,0.0038570590887363945,0.0038570590887363945
2026-01-07T18:30:00+00:00,2026-01-07T19:30:00+00:00,2026-01-07,2026-01-07T13:30:00-05:00,-0.0018188235157794441,0.0018188235157794441,0,2026-01-07T18:30:00+00:00,-0.0019999730167469254,0.0019999730167469254,0.006755365311464258,15.70993461209232,16.593081694214387,240.0,0.0,0.6931471805599453,0.6931471805599453,0.0,0.0,0.0,0.0,0.0,0.0,4.1588830833596715,3.6635616461296463,2.70805020110221,0.6931471805599453,1.6094379124341003,1.9459101490553132,1.9459101490553132,1.791759469228055,2026-01-07T17:45:10+00:00,train,0.14363636363636365,0.005064144539958312,0.0031743182979321327,0.040280638190873186,0.002976535080412566,0.002976535080412566,0.04494671399019632,0.0033735325404328845,0.0033735325404328845,0.034993268927223764,0.0022980245821850563,0.0022980245821850563
2026-01-07T19:30:00+00:00,2026-01-07T20:30:00+00:00,2026-01-07,2026-01-07T14:30:00-05:00,-0.0015584867434710326,0.0015584867434710326,0,2026-01-07T19:30:00+00:00,-0.0018188235157794441,0.0018188235157794441,0.006746150659589786,15.910468347645796,16.587914038047785,300.0,0.0,0.6931471805599453,0.6931471805599453,0.0,0.0,0.0,0.0,0.0,0.0,4.174387269895637,3.6888794541139363,2.70805020110221,0.6931471805599453,1.6094379124341003,1.9459101490553132,1.9459101490553132,1.791759469228055,2026-01-07T19:00:00+00:00,train,0.14363636363636365,0.005064144539958312,0.0031743182979321327,0.026754337084326833,0.0021514256679218665,0.0021514256679218665,0.029940282184589162,0.002529570410704396,0.002529570410704396,0.023318286987470963,0.0014701584551919701,0.0014701584551919701
2026-01-08T14:30:00+00:00,2026-01-08T15:30:00+00:00,2026-01-08,2026-01-08T09:30:00-05:00,-0.015343883050182083,0.015343883050182083,1,2026-01-07T21:00:00+00:00,0.0013758586702474762,0.0013758586702474762,0.006738849441307543,15.756459994434364,16.589026325364873,0.0,17.5,1.791759469228055,1.6094379124341003,1.3862943611198906,0.0,0.0,0.6931471805599453,0.6931471805599453,0.0,3.8918202981106265,3.5263605246161616,2.1972245773362196,0.6931471805599453,1.6094379124341003,1.791759469228055,2.70805020110221,0.0,2026-01-08T14:12:59+00:00,train,0.14363636363636365,0.005064144539958312,0.0031743182979321327,0.19019318346804898,0.006515165162273121,0.006515165162273121,0.18974607166282423,0.006488986714764395,0.006488986714764395,0.2117249786682678,0.006575636280074992,0.006575636280074992
2026-01-08T15:30:00+00:00,2026-01-08T16:30:00+00:00,2026-01-08,2026-01-08T10:30:00-05:00,-0.006448822745238836,0.006448822745238836,0,2026-01-08T15:30:00+00:00,-0.015343883050182083,0.015343883050182083,0.007329200953329619,17.264757258008807,16.65372987473422,60.0,0.0,2.302585092994046,2.0794415416798357,0.0,1.0986122886681098,0.6931471805599453,1.0986122886681098,0.6931471805599453,0.0,4.02535169073515,3.713572066704308,2.1972245773362196,1.3862943611198906,1.791759469228055,2.0794415416798357,2.772588722239781,0.0,2026-01-08T15:24:45+00:00,train,0.14363636363636365,0.005064144539958312,0.0031743182979321327,0.31570451818878786,0.008211131192762617,0.008211131192762617,0.31206836264023946,0.00804850459809892,0.00804850459809892,0.30635781335745105,0.008574862998244424,0.008574862998244424
2026-01-08T16:30:00+00:00,2026-01-08T17:30:00+00:00,2026-01-08,2026-01-08T11:30:00-05:00,-0.003322317269248698,0.003322317269248698,0,2026-01-08T16:30:00+00:00,-0.006448822745238836,0.006448822745238836,0.007356376806450537,16.83696135670469,16.686364801748965,120.0,0.0,2.302585092994046,1.6094379124341003,1.791759469228055,0.0,0.0,0.6931471805599453,1.3862943611198906,0.0,4.0943445622221,3.6888794541139363,2.4849066497880004,1.3862943611198906,1.791759469228055,2.0794415416798357,2.833213344056216,0.0,2026-01-08T16:26:28+00:00,train,0.14363636363636365,0.005064144539958312,0.0031743182979321327,0.14506045200878273,0.005721424966029827,0.005721424966029827,0.1432813523558711,0.005551431371692824,0.005551431371692824,0.19007111825182552,0.005808054776911446,0.005808054776911446
2026-01-08T17:30:00+00:00,2026-01-08T18:30:00+00:00,2026-01-08,2026-01-08T12:30:00-05:00,0.0026864676891806827,0.0026864676891806827,0,2026-01-08T17:30:00+00:00,-0.003322317269248698,0.003322317269248698,0.006921325279478298,16.345201023882876,16.62931861977231,180.0,0.0,2.3978952727983707,2.1972245773362196,0.6931471805599453,0.0,0.0,0.0,1.0986122886681098,0.0,4.248495242049359,3.871201010907891,2.5649493574615367,1.3862943611198906,1.791759469228055,2.0794415416798357,2.9444389791664403,0.0,2026-01-08T17:29:31+00:00,train,0.14363636363636365,0.005064144539958312,0.0031743182979321327,0.07338620207357101,0.0041342036695474725,0.0041342036695474725,0.07408375108393761,0.003989853456396698,0.003989853456396698,0.11473258953937918,0.004731822741849008,0.004731822741849008
2026-01-08T18:30:00+00:00,2026-01-08T19:30:00+00:00,2026-01-08,2026-01-08T13:30:00-05:00,-0.003193740278964796,0.003193740278964796,0,2026-01-08T18:30:00+00:00,0.0026864676891806827,0.0026864676891806827,0.006989031089163151,16.294347407059984,16.615241365993764,240.0,0.0,0.6931471805599453,0.6931471805599453,0.0,0.0,0.0,0.6931471805599453,0.0,0.0,4.248495242049359,3.871201010907891,2.5649493574615367,1.3862943611198906,1.791759469228055,2.1972245773362196,2.9444389791664403,0.0,2026-01-08T18:01:09+00:00,train,0.14363636363636365,0.005064144539958312,0.0031743182979321327,0.04448788294520594,0.003077410529722304,0.003077410529722304,0.050651284688052446,0.0035462371611024706,0.0035462371611024706,0.04180691610134433,0.0033449549286313066,0.0033449549286313066
2026-01-08T19:30:00+00:00,2026-01-08T20:30:00+00:00,2026-01-08,2026-01-08T14:30:00-05:00,0.00560122802781593,0.00560122802781593,0,2026-01-08T19:30:00+00:00,-0.003193740278964796,0.003193740278964796,0.006511151012807859,16.195844067218466,16.591349894353627,300.0,0.0,0.0,0.0,0.0,0.0,0.0,0.0,0.0,0.0,4.23410650459726,3.8501476017100584,2.5649493574615367,1.3862943611198906,1.791759469228055,2.1972245773362196,2.9444389791664403,0.0,2026-01-08T18:01:09+00:00,train,0.14363636363636365,0.005064144539958312,0.0031743182979321327,0.02978630336960041,0.0023838698280594177,0.0023838698280594177,0.035707323569593656,0.0030847277662718236,0.0030847277662718236,0.03412163282282474,0.0038441963560843844,0.0038441963560843844
2026-01-09T14:30:00+00:00,2026-01-09T15:30:00+00:00,2026-01-09,2026-01-09T09:30:00-05:00,-0.00020537505278706014,0.00020537505278706014,0,2026-01-08T21:00:00+00:00,-0.00043195199046819344,0.00043195199046819344,0.00670740095827959,17.762716616927058,16.58236138429443,0.0,17.5,0.6931471805599453,0.6931471805599453,0.6931471805599453,0.0,0.0,0.0,0.0,0.0,4.174387269895637,3.6888794541139363,2.5649493574615367,1.791759469228055,1.791759469228055,2.4849066497880004,2.6390573296152584,0.0,2026-01-09T14:29:00+00:00,train,0.14363636363636365,0.005064144539958312,0.0031743182979321327,0.22420540098245298,0.0064761135358437074,0.0064761135358437074,0.25287880777355004,0.00713343683585935,0.00713343683585935,0.25064547643547463,0.007439543284923434,0.007439543284923434
2026-01-09T15:30:00+00:00,2026-01-09T16:30:00+00:00,2026-01-09,2026-01-09T10:30:00-05:00,0.0017297802904356896,0.0017297802904356896,0,2026-01-09T15:30:00+00:00,-0.00020537505278706014,0.00020537505278706014,0.006643739550166257,17.022190393173982,16.61683946773898,60.0,0.0,1.791759469228055,1.3862943611198906,0.0,0.0,0.0,0.6931471805599453,0.0,0.6931471805599453,4.110873864173311,3.58351893845611,2.5649493574615367,1.3862943611198906,1.6094379124341003,2.3978952727983707,2.5649493574615367,0.6931471805599453,2026-01-09T15:15:00+00:00,train,0.14363636363636365,0.005064144539958312,0.0031743182979321327,0.14111692759898242,0.005062533708369611,0.005062533708369611,0.14469683007093798,0.005141723243511478,0.005141723243511478,0.12432581281769009,0.0044857132453877515,0.0044857132453877515
2026-01-09T16:30:00+00:00,2026-01-09T17:30:00+00:00,2026-01-09,2026-01-09T11:30:00-05:00,-0.0018935869358640556,0.0018935869358640556,0,2026-01-09T16:30:00+00:00,0.0017297802904356896,0.0017297802904356896,0.006543154681038274,16.409267726259195,16.61387717256767,120.0,0.0,1.9459101490553132,1.0986122886681098,0.6931471805599453,0.0,0.0,0.6931471805599453,0.6931471805599453,0.0,4.060443010546419,3.5263605246161616,2.1972245773362196,1.3862943611198906,1.6094379124341003,2.3978952727983707,2.3978952727983707,0.6931471805599453,2026-01-09T16:04:27+00:00,train,0.14363636363636365,0.005064144539958312,0.0031743182979321327,0.09469159475232082,0.004426573790814689,0.004426573790814689,0.0947655382351559,0.0043570321033042075,0.0043570321033042075,0.0834363607076503,0.0033988937684806208,0.0033988937684806208
2026-01-09T17:30:00+00:00,2026-01-09T18:30:00+00:00,2026-01-09,2026-01-09T12:30:00-05:00,0.001270617000428187,0.001270617000428187,0,2026-01-09T17:30:00+00:00,-0.0018935869358640556,0.0018935869358640556,0.006364141158076472,16.045797931615517,16.533398945017787,180.0,0.0,1.0986122886681098,0.6931471805599453,0.0,0.0,0.0,0.0,0.0,0.6931471805599453,3.912023005428146,3.295836866004329,2.0794415416798357,1.3862943611198906,1.6094379124341003,2.3978952727983707,2.1972245773362196,1.0986122886681098,2026-01-09T17:20:29+00:00,train,0.14363636363636365,0.005064144539958312,0.0031743182979321327,0.058403490902595105,0.003599478227151278,0.003599478227151278,0.059983239621169804,0.003710636969042799,0.003710636969042799,0.05649448581527475,0.0036443319130959302,0.0036443319130959302
2026-01-09T18:30:00+00:00,2026-01-09T19:30:00+00:00,2026-01-09,2026-01-09T13:30:00-05:00,0.00375353773856979,0.00375353773856979,0,2026-01-09T18:30:00+00:00,0.001270617000428187,0.001270617000428187,0.005667392953743047,15.942014820260738,16.489374525493446,240.0,0.0,1.0986122886681098,1.0986122886681098,1.0986122886681098,0.0,0.0,0.0,0.0,0.0,3.9318256327243257,3.332204510175204,2.302585092994046,1.3862943611198906,1.6094379124341003,2.302585092994046,2.1972245773362196,1.0986122886681098,2026-01-09T18:20:13+00:00,train,0.14363636363636365,0.005064144539958312,0.0031743182979321327,0.03346578473583327,0.00240956645220141,0.00240956645220141,0.03449749442610364,0.002500650072155755,0.002500650072155755,0.02918257570368606,0.0015335933985971754,0.0015335933985971754
2026-01-09T19:30:00+00:00,2026-01-09T20:30:00+00:00,2026-01-09,2026-01-09T14:30:00-05:00,-0.0017753010775838352,0.0017753010775838352,0,2026-01-09T19:30:00+00:00,0.00375353773856979,0.00375353773856979,0.005721849118711142,16.151592223974546,16.468238172006053,300.0,0.0,0.6931471805599453,0.0,0.0,0.6931471805599453,0.0,0.0,0.0,0.0,3.9512437185814275,3.332204510175204,2.302585092994046,1.6094379124341003,1.6094379124341003,2.302585092994046,2.1972245773362196,1.0986122886681098,2026-01-09T19:01:46+00:00,train,0.14363636363636365,0.005064144539958312,0.0031743182979321327,0.0247451938457422,0.0019687106416536836,0.0019687106416536836,0.0263939848774859,0.002196430614953574,0.002196430614953574,0.0195141351887647,0.0018570681987168775,0.0018570681987168775
2026-01-12T14:30:00+00:00,2026-01-12T15:30:00+00:00,2026-01-12,2026-01-12T09:30:00-05:00,0.007806062867642849,0.007806062867642849,0,2026-01-09T21:00:00+00:00,-0.003772551531820545,0.003772551531820545,0.005687008535265029,15.840047687749761,16.46091460094671,0.0,65.5,1.3862943611198906,1.3862943611198906,0.0,0.0,0.0,0.0,0.0,0.0,3.4965075614664802,3.1354942159291497,1.3862943611198906,0.6931471805599453,1.791759469228055,1.0986122886681098,1.0986122886681098,0.0,2026-01-12T14:23:00+00:00,train,0.14363636363636365,0.005064144539958312,0.0031743182979321327,0.2152895666099973,0.008241824621786017,0.008241824621786017,0.21564480171926445,0.008256846612370965,0.008256846612370965,0.21691980193823263,0.008552716815191548,0.008552716815191548
2026-01-12T15:30:00+00:00,2026-01-12T16:30:00+00:00,2026-01-12,2026-01-12T10:30:00-05:00,0.0033821912476617033,0.0033821912476617033,0,2026-01-12T15:30:00+00:00,0.007806062867642849,0.007806062867642849,0.006024843598302457,16.91535984434682,16.499234428636612,60.0,0.0,2.3978952727983707,2.302585092994046,1.0986122886681098,0.0,1.3862943611198906,1.0986122886681098,0.6931471805599453,0.6931471805599453,3.713572066704308,3.4011973816621555,1.791759469228055,0.6931471805599453,2.0794415416798357,1.6094379124341003,1.3862943611198906,0.6931471805599453,2026-01-12T15:27:43+00:00,train,0.14363636363636365,0.005064144539958312,0.0031743182979321327,0.16456445716809714,0.0058487260701869095,0.0058487260701869095,0.15007928802120504,0.005400957480408019,0.005400957480408019,0.14488769554089923,0.00607629870859712,0.00607629870859712
2026-01-12T16:30:00+00:00,2026-01-12T17:30:00+00:00,2026-01-12,2026-01-12T11:30:00-05:00,0.0056684916365590254,0.0056684916365590254,0,2026-01-12T16:30:00+00:00,0.0033821912476617033,0.0033821912476617033,0.005955731658097302,16.41429745223207,16.50666295528237,120.0,0.0,1.791759469228055,1.3862943611198906,1.0986122886681098,0.0,0.6931471805599453,0.0,0.6931471805599453,0.0,3.828641396489095,3.4965075614664802,2.0794415416798357,0.6931471805599453,2.1972245773362196,1.6094379124341003,1.6094379124341003,0.6931471805599453,2026-01-12T16:04:00+00:00,train,0.14363636363636365,0.005064144539958312,0.0031743182979321327,0.08995069373735431,0.004398117599624074,0.004398117599624074,0.08669777831453883,0.004224854386548862,0.004224854386548862,0.08253606692930805,0.004751418786836542,0.004751418786836542
2026-01-12T17:30:00+00:00,2026-01-12T18:30:00+00:00,2026-01-12,2026-01-12T12:30:00-05:00,0.002684704824998274,0.002684704824998274,0,2026-01-12T17:30:00+00:00,0.0056684916365590254,0.0056684916365590254,0.0052947646083962435,16.353815705476794,16.43698048186726,180.0,0.0,1.791759469228055,1.3862943611198906,0.6931471805599453,0.0,0.6931471805599453,0.0,0.6931471805599453,0.0,3.912023005428146,3.5553480614894135,2.1972245773362196,0.6931471805599453,2.302585092994046,1.6094379124341003,1.791759469228055,0.6931471805599453,2026-01-12T17:03:58+00:00,train,0.14363636363636365,0.005064144539958312,0.0031743182979321327,0.05999269562724035,0.003698479716344398,0.003698479716344398,0.058928661591283425,0.0035518047430995086,0.0035518047430995086,0.05250232549129685,0.0038638374328288094,0.0038638374328288094
2026-01-12T18:30:00+00:00,2026-01-12T19:30:00+00:00,2026-01-12,2026-01-12T13:30:00-05:00,0.0011243533314044818,0.0011243533314044818,0,2026-01-12T18:30:00+00:00,0.002684704824998274,0.002684704824998274,0.005072989320816588,16.115176694948268,16.398683457256006,240.0,0.0,2.302585092994046,1.6094379124341003,0.0,0.0,0.6931471805599453,0.0,0.0,0.0,4.060443010546419,3.6375861597263857,2.1972245773362196,0.6931471805599453,2.3978952727983707,1.6094379124341003,1.791759469228055,0.6931471805599453,2026-01-12T18:25:58+00:00,train,0.14363636363636365,0.005064144539958312,0.0031743182979321327,0.03246552189695382,0.0023739021012488546,0.0023739021012488546,0.031660459968983014,0.0021004886448897295,0.0021004886448897295,0.017268643901548773,0.0011902641051248957,0.0011902641051248957
2026-01-12T19:30:00+00:00,2026-01-12T20:30:00+00:00,2026-01-12,2026-01-12T14:30:00-05:00,-0.005253724805450832,0.005253724805450832,0,2026-01-12T19:30:00+00:00,0.0011243533314044818,0.0011243533314044818,0.005051672833250227,16.022042575275172,16.393532769020837,300.0,0.0,0.0,0.0,0.0,0.0,0.0,0.0,0.0,0.0,4.04305126783455,3.6109179126442243,2.1972245773362196,0.6931471805599453,2.3978952727983707,1.6094379124341003,1.6094379124341003,0.6931471805599453,2026-01-12T18:25:58+00:00,train,0.14363636363636365,0.005064144539958312,0.0031743182979321327,0.019572333602358806,0.0013452738227262948,0.0013452738227262948,0.022536805016390517,0.001912927995936317,0.001912927995936317,0.01747204533298296,0.0022590077191207243,0.0022590077191207243
2026-01-13T14:30:00+00:00,2026-01-13T15:30:00+00:00,2026-01-13,2026-01-13T09:30:00-05:00,-0.005636413000032592,0.005636413000032592,0,2026-01-12T21:00:00+00:00,-0.005940759427544906,0.005940759427544906,0.005167398192685645,15.796547750330697,16.40227220751263,0.0,17.5,0.0,0.0,0.0,0.0,0.0,0.0,0.0,0.0,4.07753744390572,3.4965075614664802,2.4849066497880004,0.0,2.1972245773362196,1.9459101490553132,1.791759469228055,0.6931471805599453,2026-01-13T13:24:10+00:00,train,0.14363636363636365,0.005064144539958312,0.0031743182979321327,0.1979844408590757,0.006892374015495519,0.006892374015495519,0.2307772072215921,0.0077161939742059005,0.0077161939742059005,0.15623755201434647,0.0072001607708875835,0.0072001607708875835
2026-01-13T15:30:00+00:00,2026-01-13T16:30:00+00:00,2026-01-13,2026-01-13T10:30:00-05:00,0.007177380453185389,0.007177380453185389,0,2026-01-13T15:30:00+00:00,-0.005636413000032592,0.005636413000032592,0.00529707421785968,16.968116999283097,16.458152060323062,60.0,0.0,1.791759469228055,1.0986122886681098,0.6931471805599453,0.0,0.0,0.6931471805599453,0.6931471805599453,0.6931471805599453,3.9889840465642745,3.258096538021482,2.3978952727983707,0.0,1.791759469228055,1.791759469228055,1.791759469228055,0.6931471805599453,2026-01-13T15:15:00+00:00,train,0.14363636363636365,0.005064144539958312,0.0031743182979321327,0.1545470589342052,0.005618156775580145,0.005618156775580145,0.15606084579669555,0.00562797511518643,0.00562797511518643,0.13186141264276,0.004977085669589748,0.004977085669589748
2026-01-13T16:30:00+00:00,2026-01-13T17:30:00+00:00,2026-01-13,2026-01-13T11:30:00-05:00,0.0062620836154267945,0.0062620836154267945,0,2026-01-13T16:30:00+00:00,0.007177380453185389,0.007177380453185389,0.005554453535221615,16.663154861270314,16.488670674125167,120.0,0.0,1.3862943611198906,1.3862943611198906,1.0986122886681098,0.0,0.0,0.0,0.0,0.0,3.9512437185814275,3.258096538021482,2.3978952727983707,0.0,1.6094379124341003,1.791759469228055,1.6094379124341003,0.6931471805599453,2026-01-13T16:27:00+00:00,train,0.14363636363636365,0.005064144539958312,0.0031743182979321327,0.10418216205894927,0.004840672889280798,0.004840672889280798,0.10656025384222317,0.004918183923125699,0.004918183923125699,0.0759161547829337,0.0035895921433576547,0.0035895921433576547
2026-01-13T17:30:00+00:00,2026-01-13T18:30:00+00:00,2026-01-13,2026-01-13T12:30:00-05:00,-0.007135694352692679,0.007135694352692679,0,2026-01-13T17:30:00+00:00,0.0062620836154267945,0.0062620836154267945,0.004395165575281758,16.73840753378617,16.44318865325845,180.0,0.0,2.0794415416798357,1.6094379124341003,1.0986122886681098,0.0,0.0,0.0,1.3862943611198906,0.6931471805599453,3.9889840465642745,3.295836866004329,2.4849066497880004,0.0,1.3862943611198906,1.791759469228055,1.9459101490553132,1.0986122886681098,2026-01-13T17:28:23+00:00,train,0.14363636363636365,0.005064144539958312,0.0031743182979321327,0.061775551979026705,0.003610587170758426,0.003610587170758426,0.060778670973563036,0.0034287582345287966,0.0034287582345287966,0.09609344798409004,0.0040268127113866235,0.0040268127113866235
2026-01-13T18:30:00+00:00,2026-01-13T19:30:00+00:00,2026-01-13,2026-01-13T13:30:00-05:00,-0.0015135115347437722,0.0015135115347437722,0,2026-01-13T18:30:00+00:00,-0.007135694352692679,0.007135694352692679,0.004459233312990367,16.303542402573083,16.412064394567267,240.0,0.0,2.3978952727983707,1.0986122886681098,0.0,0.0,0.0,0.0,1.0986122886681098,0.6931471805599453,4.007333185232471,3.2188758248682006,2.4849066497880004,0.0,1.0986122886681098,1.791759469228055,2.1972245773362196,1.3862943611198906,2026-01-13T18:20:00+00:00,train,0.14363636363636365,0.005064144539958312,0.0031743182979321327,0.044193893409866264,0.003266633834194009,0.003266633834194009,0.04266966397312841,0.0029430762130376767,0.0029430762130376767,0.043700335411227226,0.0022170676298250086,0.0022170676298250086
2026-01-13T19:30:00+00:00,2026-01-13T20:30:00+00:00,2026-01-13,2026-01-13T14:30:00-05:00,-0.00032469725614303613,0.00032469725614303613,0,2026-01-13T19:30:00+00:00,-0.0015135115347437722,0.0015135115347437722,0.004383882081931715,16.030571233294918,16.399359937155243,300.0,0.0,0.0,0.0,0.0,0.0,0.0,0.0,0.0,0.0,4.007333185232471,3.2188758248682006,2.4849066497880004,0.0,1.0986122886681098,1.791759469228055,2.1972245773362196,1.3862943611198906,2026-01-13T18:20:00+00:00,train,0.14363636363636365,0.005064144539958312,0.0031743182979321327,0.019815020743889834,0.0013395670063740196,0.0013395670063740196,0.022705687584171824,0.0018933684972093651,0.0018933684972093651,0.015670737371917196,0.0006765238692407749,0.0006765238692407749
2026-01-14T14:30:00+00:00,2026-01-14T15:30:00+00:00,2026-01-14,2026-01-14T09:30:00-05:00,-0.011480809469257891,0.011480809469257891,1,2026-01-13T21:00:00+00:00,0.005940283927283296,0.005940283927283296,0.004379209342214703,16.045704619402784,16.39545397897176,0.0,17.5,1.791759469228055,1.791759469228055,1.0986122886681098,0.0,0.0,0.0,1.3862943611198906,0.0,4.23410650459726,3.6635616461296463,3.044522437723423,0.6931471805599453,0.0,1.791759469228055,3.295836866004329,1.3862943611198906,2026-01-14T14:10:05+00:00,train,0.14363636363636365,0.005064144539958312,0.0031743182979321327,0.18003879759521085,0.006416763402628003,0.006416763402628003,0.19446881599483526,0.0066625582763649265,0.0066625582763649265,0.3692373830078079,0.007002947130834705,0.007002947130834705
2026-01-14T15:30:00+00:00,2026-01-14T16:30:00+00:00,2026-01-14,2026-01-14T10:30:00-05:00,0.001818828457084365,0.001818828457084365,0,2026-01-14T15:30:00+00:00,-0.011480809469257891,0.011480809469257891,0.005123375518236109,17.255263752295185,16.469803325918026,60.0,0.0,2.302585092994046,1.6094379124341003,1.3862943611198906,0.0,0.6931471805599453,0.6931471805599453,1.3862943611198906,0.0,4.290459441148391,3.713572066704308,3.1354942159291497,0.6931471805599453,0.6931471805599453,1.791759469228055,3.367295829986474,1.0986122886681098,2026-01-14T15:26:50+00:00,train,0.14363636363636365,0.005064144539958312,0.0031743182979321327,0.2136628338749671,0.006742701295760884,0.006742701295760884,0.22289215056321018,0.006788349812501832,0.006788349812501832,0.25598518742887943,0.006042171419124171,0.006042171419124171
2026-01-14T16:30:00+00:00,2026-01-14T17:30:00+00:00,2026-01-14,2026-01-14T11:30:00-05:00,0.0005951199160760812,0.0005951199160760812,0,2026-01-14T16:30:00+00:00,0.001818828457084365,0.001818828457084365,0.004995795742921362,16.436230640375022,16.478987961292397,120.0,0.0,2.0794415416798357,1.791759469228055,1.0986122886681098,0.0,0.0,1.0986122886681098,0.6931471805599453,0.0,4.343805421853684,3.7612001156935624,3.1354942159291497,0.6931471805599453,0.6931471805599453,2.0794415416798357,3.4011973816621555,1.0986122886681098,2026-01-14T16:06:25+00:00,train,0.14363636363636365,0.005064144539958312,0.0031743182979321327,0.07873364878482107,0.003929645878370401,0.003929645878370401,0.08376587439393908,0.004028299366949666,0.004028299366949666,0.08206692344997378,0.002281176384015032,0.002281176384015032
2026-01-14T17:30:00+00:00,2026-01-14T18:30:00+00:00,2026-01-14,2026-01-14T12:30:00-05:00,0.0007139595003957666,0.0007139595003957666,0,2026-01-14T17:30:00+00:00,0.0005951199160760812,0.0005951199160760812,0.0049941249354972595,16.174244388580078,16.42852597133828,180.0,0.0,0.6931471805599453,0.0,0.6931471805599453,0.0,0.0,0.0,0.6931471805599453,0.0,4.2626798770413155,3.6635616461296463,3.091042453358316,0.6931471805599453,0.6931471805599453,2.0794415416798357,3.332204510175204,0.6931471805599453,2026-01-14T16:38:01+00:00,train,0.14363636363636365,0.005064144539958312,0.0031743182979321327,0.04627353094393253,0.0028885687192192018,0.0028885687192192018,0.05339885308636431,0.003422609779581702,0.003422609779581702,0.05904164814306589,0.0034917301241201544,0.0034917301241201544
2026-01-14T18:30:00+00:00,2026-01-14T19:30:00+00:00,2026-01-14,2026-01-14T13:30:00-05:00,-0.0021951152113093286,0.0021951152113093286,0,2026-01-14T18:30:00+00:00,0.0007139595003957666,0.0007139595003957666,0.0049851854508897115,16.083365583744616,16.414791116711957,240.0,0.0,1.6094379124341003,0.6931471805599453,0.0,0.6931471805599453,0.6931471805599453,0.6931471805599453,1.0986122886681098,0.0,4.174387269895637,3.6375861597263857,3.091042453358316,1.0986122886681098,1.0986122886681098,2.1972245773362196,3.332204510175204,0.0,2026-01-14T18:15:24+00:00,train,0.14363636363636365,0.005064144539958312,0.0031743182979321327,0.02997954023169026,0.002091905836825052,0.002091905836825052,0.031621036597222194,0.0021708984103294723,0.0021708984103294723,0.0298586635785785,0.0027020656363755426,0.0027020656363755426
2026-01-14T19:30:00+00:00,2026-01-14T20:30:00+00:00,2026-01-14,2026-01-14T14:30:00-05:00,0.0017047820327587004,0.0017047820327587004,0,2026-01-14T19:30:00+00:00,-0.0021951152113093286,0.0021951152113093286,0.0049928165964124565,15.91904416608908,16.41066690560641,300.0,0.0,1.791759469228055,1.6094379124341003,0.6931471805599453,0.0,0.0,0.6931471805599453,1.0986122886681098,0.0,4.248495242049359,3.7376696182833684,3.1354942159291497,1.0986122886681098,1.0986122886681098,2.302585092994046,3.4011973816621555,0.0,2026-01-14T19:28:01+00:00,train,0.14363636363636365,0.005064144539958312,0.0031743182979321327,0.021257225392873506,0.0016151354411570711,0.0016151354411570711,0.022491148542675653,0.0016405399061090813,0.0016405399061090813,0.027969888766618514,0.0013340335259737538,0.0013340335259737538
2026-01-15T14:30:00+00:00,2026-01-15T15:30:00+00:00,2026-01-15,2026-01-15T09:30:00-05:00,0.003960213479326402,0.003960213479326402,0,2026-01-14T21:00:00+00:00,0.00559980404413607,0.00559980404413607,0.004997984450900972,16.13728377576102,16.42700414178161,0.0,17.5,1.791759469228055,1.3862943611198906,1.3862943611198906,0.0,0.0,0.0,0.6931471805599453,0.0,4.584967478670572,4.007333185232471,3.5553480614894135,2.4849066497880004,1.791759469228055,2.6390573296152584,3.044522437723423,0.6931471805599453,2026-01-15T14:21:19+00:00,train,0.14363636363636365,0.005064144539958312,0.0031743182979321327,0.18894190809904446,0.006548088176783835,0.006548088176783835,0.21783428734389138,0.007041379726145941,0.007041379726145941,0.25660623691435647,0.006689897881668134,0.006689897881668134
2026-01-15T15:30:00+00:00,2026-01-15T16:30:00+00:00,2026-01-15,2026-01-15T10:30:00-05:00,-0.00042596095799796174,0.00042596095799796174,0,2026-01-15T15:30:00+00:00,0.003960213479326402,0.003960213479326402,0.005005558928798954,17.530594919598332,16.533870625938896,60.0,0.0,1.6094379124341003,1.3862943611198906,1.0986122886681098,1.0986122886681098,0.0,0.0,0.0,0.0,4.532599493153256,3.9889840465642745,3.5263605246161616,2.6390573296152584,1.6094379124341003,2.5649493574615367,2.8903717578961645,0.6931471805599453,2026-01-15T14:58:15+00:00,train,0.14363636363636365,0.005064144539958312,0.0031743182979321327,0.1488100944696581,0.005146219508347747,0.005146219508347747,0.1698390679093707,0.005624718530182109,0.005624718530182109,0.18848263765919945,0.006041083913995979,0.006041083913995979
2026-01-15T16:30:00+00:00,2026-01-15T17:30:00+00:00,2026-01-15,2026-01-15T11:30:00-05:00,0.005885021591053086,0.005885021591053086,0,2026-01-15T16:30:00+00:00,-0.00042596095799796174,0.00042596095799796174,0.004984039287355777,16.58268766378596,16.558865548964956,120.0,0.0,1.6094379124341003,1.3862943611198906,0.6931471805599453,0.6931471805599453,0.6931471805599453,0.6931471805599453,0.0,0.0,4.499809670330265,3.9512437185814275,3.4965075614664802,2.70805020110221,1.791759469228055,2.4849066497880004,2.833213344056216,0.6931471805599453,2026-01-15T15:54:00+00:00,train,0.14363636363636365,0.005064144539958312,0.0031743182979321327,0.08139765072733957,0.0038574935955058244,0.0038574935955058244,0.09265034297830879,0.004258092254164368,0.004258092254164368,0.07115876935139862,0.0037652641655972403,0.0037652641655972403
2026-01-15T17:30:00+00:00,2026-01-15T18:30:00+00:00,2026-01-15,2026-01-15T12:30:00-05:00,0.0032345850793600306,0.0032345850793600306,0,2026-01-15T17:30:00+00:00,0.005885021591053086,0.005885021591053086,0.004851492268988124,16.65940791823265,16.542606946739568,180.0,0.0,1.6094379124341003,1.3862943611198906,0.6931471805599453,0.0,0.0,0.6931471805599453,0.6931471805599453,0.0,4.532599493153256,4.007333185232471,3.4965075614664802,2.70805020110221,1.791759469228055,2.5649493574615367,2.833213344056216,0.6931471805599453,2026-01-15T17:25:10+00:00,train,0.14363636363636365,0.005064144539958312,0.0031743182979321327,0.06721191168449599,0.0037793734292296136,0.0037793734292296136,0.07723139350167615,0.004163534576058369,0.004163534576058369,0.08536223333308947,0.0033788231386830997,0.0033788231386830997
2026-01-15T18:30:00+00:00,2026-01-15T19:30:00+00:00,2026-01-15,2026-01-15T13:30:00-05:00,-0.004412574506846845,0.004412574506846845,0,2026-01-15T18:30:00+00:00,0.0032345850793600306,0.0032345850793600306,0.004846747638713642,16.235982325688433,16.535398311296934,240.0,0.0,1.9459101490553132,1.6094379124341003,0.6931471805599453,0.0,0.0,1.3862943611198906,0.0,0.0,4.553876891600541,4.060443010546419,3.5263605246161616,2.6390573296152584,1.6094379124341003,2.70805020110221,2.70805020110221,0.6931471805599453,2026-01-15T18:23:05+00:00,train,0.14363636363636365,0.005064144539958312,0.0031743182979321327,0.037661386392848266,0.002581305212009714,0.002581305212009714,0.042403742210655224,0.002807501352247818,0.002807501352247818,0.028245874086997032,0.0004861466550296978,0.0004861466550296978
2026-01-15T19:30:00+00:00,2026-01-15T20:30:00+00:00,2026-01-15,2026-01-15T14:30:00-05:00,-0.005122333144100266,0.005122333144100266,0,2026-01-15T19:30:00+00:00,-0.004412574506846845,0.004412574506846845,0.004787621925208697,16.39579806687694,16.537184539156147,300.0,0.0,1.6094379124341003,1.0986122886681098,1.0986122886681098,0.0,0.6931471805599453,0.0,0.0,0.0,4.543294782270004,4.02535169073515,3.5553480614894135,2.6390573296152584,1.791759469228055,2.6390573296152584,2.5649493574615367,0.6931471805599453,2026-01-15T19:11:53+00:00,train,0.14363636363636365,0.005064144539958312,0.0031743182979321327,0.028528066838071846,0.0021821675230747776,0.0021821675230747776,0.03293441310412976,0.0025099573936919087,0.0025099573936919087,0.02409013644097765,0.001735556922053807,0.001735556922053807
2026-01-16T14:30:00+00:00,2026-01-16T15:30:00+00:00,2026-01-16,2026-01-16T09:30:00-05:00,-0.006363054143168734,0.006363054143168734,0,2026-01-15T21:00:00+00:00,-0.0014939642622580074,0.0014939642622580074,0.0048611046227126555,16.284627537761452,16.556835415951348,0.0,17.5,1.0986122886681098,0.6931471805599453,0.0,0.0,0.0,0.0,0.0,0.0,4.143134726391533,3.7612001156935624,2.70805020110221,2.302585092994046,1.9459101490553132,2.6390573296152584,2.1972245773362196,0.6931471805599453,2026-01-16T13:40:00+00:00,train,0.14363636363636365,0.005064144539958312,0.0031743182979321327,0.18465578969825566,0.006178757832383837,0.006178757832383837,0.20389273700998564,0.0066404245530445345,0.0066404245530445345,0.18051723396951683,0.006333572609516457,0.006333572609516457
2026-01-16T15:30:00+00:00,2026-01-16T16:30:00+00:00,2026-01-16,2026-01-16T10:30:00-05:00,0.0019181840464534972,0.0019181840464534972,0,2026-01-16T15:30:00+00:00,-0.006363054143168734,0.006363054143168734,0.005011267050294975,17.46943934130397,16.647818489316908,60.0,0.0,1.3862943611198906,0.6931471805599453,0.6931471805599453,0.0,0.0,0.0,0.0,0.0,4.127134385045092,3.713572066704308,2.6390573296152584,2.0794415416798357,1.9459101490553132,2.6390573296152584,2.1972245773362196,0.6931471805599453,2026-01-16T15:18:00+00:00,train,0.14363636363636365,0.005064144539958312,0.0031743182979321327,0.19274235211423935,0.0059589721668416844,0.0059589721668416844,0.20535082769081744,0.006246306102496397,0.006246306102496397,0.16475014002566649,0.005565881660668724,0.005565881660668724
2026-01-16T16:30:00+00:00,2026-01-16T17:30:00+00:00,2026-01-16,2026-01-16T11:30:00-05:00,0.00023937106045268663,0.00023937106045268663,0,2026-01-16T16:30:00+00:00,0.0019181840464534972,0.0019181840464534972,0.004941370572636975,16.484580331708926,16.663780222849716,120.0,0.0,1.0986122886681098,0.6931471805599453,0.0,0.0,0.0,0.0,0.0,0.0,4.0943445622221,3.6635616461296463,2.5649493574615367,1.9459101490553132,1.791759469228055,2.5649493574615367,2.1972245773362196,0.6931471805599453,2026-01-16T16:26:56+00:00,train,0.14363636363636365,0.005064144539958312,0.0031743182979321327,0.09269104878648175,0.004168082625653213,0.004168082625653213,0.09974297377181594,0.004472431753017783,0.004472431753017783,0.08377740657321857,0.0040421804240044655,0.0040421804240044655
2026-01-16T17:30:00+00:00,2026-01-16T18:30:00+00:00,2026-01-16,2026-01-16T12:30:00-05:00,-0.0004521152639909154,0.0004521152639909154,0,2026-01-16T17:30:00+00:00,0.00023937106045268663,0.00023937106045268663,0.004796658743708215,16.198809825455236,16.626723430232587,180.0,0.0,1.791759469228055,0.6931471805599453,1.3862943611198906,0.0,0.0,0.0,0.6931471805599453,0.0,4.110873864173311,3.6109179126442243,2.70805020110221,1.9459101490553132,1.791759469228055,2.4849066497880004,2.1972245773362196,0.6931471805599453,2026-01-16T17:19:30+00:00,train,0.14363636363636365,0.005064144539958312,0.0031743182979321327,0.05385337076531122,0.0030464457214291404,0.0030464457214291404,0.055285825620708835,0.0030552514096137667,0.0030552514096137667,0.054251710806117175,0.002808576498438456,0.002808576498438456
2026-01-16T18:30:00+00:00,2026-01-16T19:30:00+00:00,2026-01-16,2026-01-16T13:30:00-05:00,-0.001330211752433863,0.001330211752433863,0,2026-01-16T18:30:00+00:00,-0.0004521152639909154,0.0004521152639909154,0.004464839240524394,16.13912615156042,16.60534640847269,240.0,0.0,1.9459101490553132,1.6094379124341003,1.0986122886681098,0.6931471805599453,0.0,0.6931471805599453,0.6931471805599453,0.0,4.110873864173311,3.6109179126442243,2.772588722239781,2.0794415416798357,1.791759469228055,2.302585092994046,2.302585092994046,0.6931471805599453,2026-01-16T18:19:32+00:00,train,0.14363636363636365,0.005064144539958312,0.0031743182979321327,0.034682393666602335,0.00220715720655792,0.00220715720655792,0.035171294797025895,0.0021240914720851278,0.0021240914720851278,0.03948827864873293,0.0020384038419454915,0.0020384038419454915
2026-01-16T19:30:00+00:00,2026-01-16T20:30:00+00:00,2026-01-16,2026-01-16T14:30:00-05:00,0.0003191921041338919,0.0003191921041338919,0,2026-01-16T19:30:00+00:00,-0.001330211752433863,0.001330211752433863,0.004158020071235766,15.985799380969986,16.5746742064492,300.0,0.0,1.6094379124341003,1.3862943611198906,1.0986122886681098,0.0,0.0,0.0,0.6931471805599453,0.0,4.110873864173311,3.6375861597263857,2.772588722239781,2.0794415416798357,1.6094379124341003,2.302585092994046,2.3978952727983707,0.6931471805599453,2026-01-16T19:27:05+00:00,train,0.14363636363636365,0.005064144539958312,0.0031743182979321327,0.022569630914399178,0.00147438948218285,0.00147438948218285,0.023456096230460383,0.0014860428259023599,0.0014860428259023599,0.030855725878753702,0.001573946230747469,0.001573946230747469
2026-01-20T14:30:00+00:00,2026-01-20T15:30:00+00:00,2026-01-20,2026-01-20T09:30:00-05:00,-0.006047228596129384,0.006047228596129384,0,2026-01-16T21:00:00+00:00,-0.008043090025796507,0.008043090025796507,0.003908961753620456,16.247385385456617,16.565265087415735,0.0,89.5,2.0794415416798357,1.0986122886681098,0.6931471805599453,0.0,0.0,0.0,0.6931471805599453,0.0,3.871201010907891,3.044522437723423,2.1972245773362196,0.0,1.3862943611198906,0.6931471805599453,1.9459101490553132,0.6931471805599453,2026-01-20T14:24:16+00:00,train,0.14363636363636365,0.005064144539958312,0.0031743182979321327,0.28797403170174235,0.009620985810784823,0.009620985810784823,0.3054862255350756,0.009751602556675155,0.009751602556675155,0.2771323202223388,0.00843318604953465,0.00843318604953465
2026-01-20T15:30:00+00:00,2026-01-20T16:30:00+00:00,2026-01-20,2026-01-20T10:30:00-05:00,-0.0024899250380457927,0.0024899250380457927,0,2026-01-20T15:30:00+00:00,-0.006047228596129384,0.006047228596129384,0.004088311752236479,17.59449717965935,16.6702135368914,60.0,0.0,1.791759469228055,1.0986122886681098,1.0986122886681098,0.0,0.0,0.0,0.0,0.0,3.9318256327243257,3.091042453358316,2.302585092994046,0.0,1.3862943611198906,0.6931471805599453,1.791759469228055,0.6931471805599453,2026-01-20T15:18:39+00:00,train,0.14363636363636365,0.005064144539958312,0.0031743182979321327,0.18757658589715845,0.005728736389574491,0.005728736389574491,0.18808215080635318,0.005734302969384406,0.005734302969384406,0.13310937710296064,0.004196670080763223,0.004196670080763223
2026-01-20T16:30:00+00:00,2026-01-20T17:30:00+00:00,2026-01-20,2026-01-20T11:30:00-05:00,-0.001636608027469344,0.001636608027469344,0,2026-01-20T16:30:00+00:00,-0.0024899250380457927,0.0024899250380457927,0.004101251165563545,16.915891093583713,16.702257621251537,120.0,0.0,1.6094379124341003,1.3862943611198906,0.6931471805599453,0.0,0.0,0.0,0.0,0.6931471805599453,4.007333185232471,3.2188758248682006,2.3978952727983707,0.0,1.3862943611198906,0.6931471805599453,1.791759469228055,1.0986122886681098,2026-01-20T16:29:28+00:00,train,0.14363636363636365,0.005064144539958312,0.0031743182979321327,0.10241725003109282,0.00426081965297438,0.00426081965297438,0.10489026083200423,0.004333723050807791,0.004333723050807791,0.10541077837213851,0.004074003473326814,0.004074003473326814
2026-01-20T17:30:00+00:00,2026-01-20T18:30:00+00:00,2026-01-20,2026-01-20T12:30:00-05:00,-0.0027220168286622437,0.0027220168286622437,0,2026-01-20T17:30:00+00:00,-0.001636608027469344,0.001636608027469344,0.003286564429124201,16.66426110158618,16.662697593058624,180.0,0.0,1.791759469228055,1.3862943611198906,0.0,0.0,0.0,0.0,0.0,0.0,4.0943445622221,3.332204510175204,2.3978952727983707,0.0,1.3862943611198906,0.6931471805599453,1.791759469228055,1.0986122886681098,2026-01-20T17:17:30+00:00,train,0.14363636363636365,0.005064144539958312,0.0031743182979321327,0.05910928030178027,0.00306452710811496,0.00306452710811496,0.06095306965957631,0.0030955302485734517,0.0030955302485734517,0.04492477386859379,0.001653400743229303,0.001653400743229303
2026-01-20T18:30:00+00:00,2026-01-20T19:30:00+00:00,2026-01-20,2026-01-20T13:30:00-05:00,-0.0003621305927924423,0.0003621305927924423,0,2026-01-20T18:30:00+00:00,-0.0027220168286622437,0.0027220168286622437,0.0032744549310375977,16.287663895548008,16.657178411720505,240.0,0.0,1.791759469228055,1.3862943611198906,1.0986122886681098,0.6931471805599453,0.0,0.0,0.6931471805599453,0.0,4.1588830833596715,3.4339872044851463,2.5649493574615367,0.6931471805599453,1.3862943611198906,0.6931471805599453,1.791759469228055,0.6931471805599453,2026-01-20T18:27:16+00:00,train,0.14363636363636365,0.005064144539958312,0.0031743182979321327,0.03972335779049422,0.002458732012725942,0.002458732012725942,0.04150007774048692,0.00249193149406569,0.00249193149406569,0.056025897233065114,0.0031704733028996516,0.0031704733028996516
2026-01-20T19:30:00+00:00,2026-01-20T20:30:00+00:00,2026-01-20,2026-01-20T14:30:00-05:00,-0.0051000976882267235,0.0051000976882267235,0,2026-01-20T19:30:00+00:00,-0.0003621305927924423,0.0003621305927924423,0.003261014196714299,16.34967638890017,16.663076526215473,300.0,0.0,0.0,0.0,0.0,0.0,0.0,0.0,0.0,0.0,4.143134726391533,3.4011973816621555,2.5649493574615367,0.6931471805599453,1.3862943611198906,0.6931471805599453,1.791759469228055,0.6931471805599453,2026-01-20T18:27:16+00:00,train,0.14363636363636365,0.005064144539958312,0.0031743182979321327,0.022984848950911328,0.0012173649639600926,0.0012173649639600926,0.027259349400058818,0.0018951226540485267,0.0018951226540485267,0.025887365028360504,0.0020048607350527524,0.0020048607350527524
2026-01-21T14:30:00+00:00,2026-01-21T15:30:00+00:00,2026-01-21,2026-01-21T09:30:00-05:00,0.00982962567348955,0.00982962567348955,0,2026-01-20T21:00:00+00:00,-0.0015966184549499607,0.0015966184549499607,0.003377951317558268,16.537074962796847,16.672159874580313,0.0,17.5,1.0986122886681098,0.6931471805599453,0.0,0.6931471805599453,0.0,0.0,0.0,0.0,3.9318256327243257,3.258096538021482,2.4849066497880004,1.3862943611198906,1.0986122886681098,1.3862943611198906,1.3862943611198906,1.0986122886681098,2026-01-21T14:03:42+00:00,train,0.14363636363636365,0.005064144539958312,0.0031743182979321327,0.19439613228925567,0.006030066091341032,0.006030066091341032,0.20675324988304958,0.006367816977056063,0.006367816977056063,0.2053266680653803,0.00631881691837757,0.00631881691837757
2026-01-21T15:30:00+00:00,2026-01-21T16:30:00+00:00,2026-01-21,2026-01-21T10:30:00-05:00,0.010649336971385814,0.010649336971385814,1,2026-01-21T15:30:00+00:00,0.00982962567348955,0.00982962567348955,0.004149219361103235,17.1943204324048,16.73112517270263,60.0,0.0,0.6931471805599453,0.6931471805599453,0.6931471805599453,0.0,0.0,0.0,0.0,0.0,3.8501476017100584,3.2188758248682006,2.3978952727983707,1.3862943611198906,1.0986122886681098,1.3862943611198906,1.3862943611198906,1.0986122886681098,2026-01-21T14:37:22+00:00,train,0.14363636363636365,0.005064144539958312,0.0031743182979321327,0.19986750064687844,0.006031909927841171,0.006031909927841171,0.2102627501581865,0.006373053280308538,0.006373053280308538,0.2201189235966696,0.005920759090563025,0.005920759090563025
2026-01-21T16:30:00+00:00,2026-01-21T17:30:00+00:00,2026-01-21,2026-01-21T11:30:00-05:00,-0.017978347417705542,0.017978347417705542,1,2026-01-21T16:30:00+00:00,0.010649336971385814,0.010649336971385814,0.004823136296358839,16.841950051745272,16.752096039516974,120.0,0.0,1.0986122886681098,0.6931471805599453,0.0,0.0,1.0986122886681098,0.0,0.0,0.0,3.8066624897703196,3.1354942159291497,2.302585092994046,1.3862943611198906,1.6094379124341003,1.3862943611198906,1.3862943611198906,0.6931471805599453,2026-01-21T16:27:04+00:00,train,0.14363636363636365,0.005064144539958312,0.0031743182979321327,0.1455551992687886,0.00551782365979209,0.00551782365979209,0.14744197489096195,0.005617683010960869,0.005617683010960869,0.09790362111511897,0.005035956577356374,0.005035956577356374
2026-01-21T17:30:00+00:00,2026-01-21T18:30:00+00:00,2026-01-21,2026-01-21T12:30:00-05:00,0.004514155931756081,0.004514155931756081,0,2026-01-21T17:30:00+00:00,-0.017978347417705542,0.017978347417705542,0.006175172398923801,16.67031662164666,16.687198794131962,180.0,0.0,0.0,0.0,0.0,0.0,0.0,0.0,0.0,0.0,3.6888794541139363,2.995732273553991,2.302585092994046,1.3862943611198906,1.6094379124341003,1.3862943611198906,1.3862943611198906,0.6931471805599453,2026-01-21T16:27:04+00:00,train,0.14363636363636365,0.005064144539958312,0.0031743182979321327,0.17057649962918955,0.006904757781489879,0.006904757781489879,0.18187959449046145,0.007321509626147246,0.007321509626147246,0.14598081602268473,0.0065053986705080925,0.0065053986705080925
2026-01-21T18:30:00+00:00,2026-01-21T19:30:00+00:00,2026-01-21,2026-01-21T13:30:00-05:00,0.015088721182820342,0.015088721182820342,1,2026-01-21T18:30:00+00:00,0.004514155931756081,0.004514155931756081,0.006301829115039916,16.232696027323378,16.673809493338695,240.0,0.0,1.0986122886681098,1.0986122886681098,0.0,0.0,0.6931471805599453,0.6931471805599453,0.0,0.0,3.6109179126442243,2.9444389791664403,2.0794415416798357,1.0986122886681098,1.791759469228055,1.6094379124341003,1.0986122886681098,0.6931471805599453,2026-01-21T18:07:00+00:00,train,0.14363636363636365,0.005064144539958312,0.0031743182979321327,0.048514047913502806,0.0032590940091238568,0.0032590940091238568,0.046302862816322655,0.003120011408914764,0.003120011408914764,0.025377336487779012,0.0015688229254808657,0.0015688229254808657
2026-01-21T19:30:00+00:00,2026-01-21T20:30:00+00:00,2026-01-21,2026-01-21T14:30:00-05:00,0.004426700062884814,0.004426700062884814,0,2026-01-21T19:30:00+00:00,0.015088721182820342,0.015088721182820342,0.007105920516853389,16.261616606339697,16.657501991028724,300.0,0.0,1.6094379124341003,0.6931471805599453,1.0986122886681098,0.6931471805599453,0.0,0.0,0.6931471805599453,0.0,3.713572066704308,2.995732273553991,2.302585092994046,1.3862943611198906,1.791759469228055,1.6094379124341003,1.3862943611198906,0.6931471805599453,2026-01-21T19:25:12+00:00,train,0.14363636363636365,0.005064144539958312,0.0031743182979321327,0.052086710685884045,0.0041376482690897234,0.0041376482690897234,0.048977591689448,0.0038166555224048494,0.0038166555224048494,0.04490706989181827,0.003490628236569158,0.003490628236569158
2026-01-22T14:30:00+00:00,2026-01-22T15:30:00+00:00,2026-01-22,2026-01-22T09:30:00-05:00,0.0006766083158069591,0.0006766083158069591,0,2026-01-21T21:00:00+00:00,-0.0025029462299133165,0.0025029462299133165,0.007143014363119594,16.332721025397106,16.691641232965807,0.0,17.5,1.3862943611198906,0.0,0.0,0.6931471805599453,0.0,0.0,0.0,0.0,3.784189633918261,3.1780538303479458,2.3978952727983707,1.3862943611198906,2.0794415416798357,1.9459101490553132,1.791759469228055,0.0,2026-01-22T14:29:59+00:00,train,0.14363636363636365,0.005064144539958312,0.0031743182979321327,0.23728538788628237,0.007049030466531489,0.007049030466531489,0.23795374611818904,0.0071198087919873785,0.0071198087919873785,0.14500905419124985,0.006705484664111782,0.006705484664111782
2026-01-22T15:30:00+00:00,2026-01-22T16:30:00+00:00,2026-01-22,2026-01-22T10:30:00-05:00,0.004681717185390344,0.004681717185390344,0,2026-01-22T15:30:00+00:00,0.0006766083158069591,0.0006766083158069591,0.007081112056537823,17.16212312887427,16.733591933685712,60.0,0.0,1.791759469228055,1.3862943611198906,1.3862943611198906,0.0,0.0,0.6931471805599453,0.6931471805599453,0.0,3.871201010907891,3.258096538021482,2.5649493574615367,1.3862943611198906,2.0794415416798357,2.0794415416798357,1.9459101490553132,0.0,2026-01-22T15:23:26+00:00,train,0.14363636363636365,0.005064144539958312,0.0031743182979321327,0.16260896952146336,0.005369544380951632,0.005369544380951632,0.15833339752342487,0.005276760738537495,0.005276760738537495,0.13415609891121205,0.004386854820273961,0.004386854820273961
2026-01-22T16:30:00+00:00,2026-01-22T17:30:00+00:00,2026-01-22,2026-01-22T11:30:00-05:00,-0.00408642172782514,0.00408642172782514,0,2026-01-22T16:30:00+00:00,0.004681717185390344,0.004681717185390344,0.00705422283508672,16.33530490913357,16.72387205631647,120.0,0.0,1.791759469228055,1.3862943611198906,0.0,0.0,0.0,0.6931471805599453,0.0,0.0,3.9318256327243257,3.332204510175204,2.5649493574615367,1.3862943611198906,1.791759469228055,2.1972245773362196,1.9459101490553132,0.0,2026-01-22T16:20:00+00:00,train,0.14363636363636365,0.005064144539958312,0.0031743182979321327,0.11869640587126537,0.005096843809852758,0.005096843809852758,0.1165561217300552,0.004984914530305215,0.004984914530305215,0.06995620575490903,0.003161101014548217,0.003161101014548217
2026-01-22T17:30:00+00:00,2026-01-22T18:30:00+00:00,2026-01-22,2026-01-22T12:30:00-05:00,-0.0013758317042470436,0.0013758317042470436,0,2026-01-22T17:30:00+00:00,-0.00408642172782514,0.00408642172782514,0.006957164076049636,16.364259001856926,16.65078023925031,180.0,0.0,1.3862943611198906,0.6931471805599453,0.0,0.6931471805599453,0.0,0.0,0.0,0.0,3.9889840465642745,3.367295829986474,2.5649493574615367,1.6094379124341003,1.791759469228055,2.1972245773362196,1.9459101490553132,0.0,2026-01-22T17:08:26+00:00,train,0.14363636363636365,0.005064144539958312,0.0031743182979321327,0.07837466928510552,0.004318525627604139,0.004318525627604139,0.08022049652220718,0.004380199976509483,0.004380199976509483,0.05763874306175538,0.004151571612018088,0.004151571612018088
2026-01-22T18:30:00+00:00,2026-01-22T19:30:00+00:00,2026-01-22,2026-01-22T13:30:00-05:00,-0.00029780700866699483,0.00029780700866699483,0,2026-01-22T18:30:00+00:00,-0.0013758317042470436,0.0013758317042470436,0.006960985655124055,16.17899891630298,16.639568269781304,240.0,0.0,1.6094379124341003,1.0986122886681098,0.0,0.6931471805599453,0.0,0.0,0.0,0.0,4.02535169073515,3.367295829986474,2.5649493574615367,1.791759469228055,1.6094379124341003,2.0794415416798357,1.9459101490553132,0.0,2026-01-22T18:08:57+00:00,train,0.14363636363636365,0.005064144539958312,0.0031743182979321327,0.0432587298426834,0.0029801841276172795,0.0029801841276172795,0.04369264509067915,0.002938112329949072,0.002938112329949072,0.03531604148981713,0.0027572323222863518,0.0027572323222863518
2026-01-22T19:30:00+00:00,2026-01-22T20:30:00+00:00,2026-01-22,2026-01-22T14:30:00-05:00,-0.002924415402014935,0.002924415402014935,0,2026-01-22T19:30:00+00:00,-0.00029780700866699483,0.00029780700866699483,0.00696243959898594,15.85961697779411,16.630269176895887,300.0,0.0,1.3862943611198906,0.6931471805599453,0.6931471805599453,0.6931471805599453,0.0,0.0,0.0,0.0,4.007333185232471,3.367295829986474,2.4849066497880004,1.791759469228055,1.6094379124341003,2.0794415416798357,1.791759469228055,0.0,2026-01-22T19:20:00+00:00,train,0.14363636363636365,0.005064144539958312,0.0031743182979321327,0.025511641597300586,0.0019548989713859834,0.0019548989713859834,0.025965636752412036,0.0019407755303942863,0.0019407755303942863,0.021190849703474485,0.002055961914655155,0.002055961914655155
2026-01-23T14:30:00+00:00,2026-01-23T15:30:00+00:00,2026-01-23,2026-01-23T09:30:00-05:00,0.0009067294364450973,0.0009067294364450973,0,2026-01-22T21:00:00+00:00,0.003965212945884478,0.003965212945884478,0.006998636257464799,15.847602466161954,16.62837099734948,0.0,17.5,1.3862943611198906,0.6931471805599453,0.6931471805599453,0.0,0.0,0.6931471805599453,0.0,0.0,4.07753744390572,3.295836866004329,2.302585092994046,1.6094379124341003,1.0986122886681098,1.9459101490553132,2.772588722239781,0.6931471805599453,2026-01-23T14:00:04+00:00,train,0.14363636363636365,0.005064144539958312,0.0031743182979321327,0.2191406457006668,0.0069962407607549165,0.0069962407607549165,0.23210031985506852,0.007256505769929596,0.007256505769929596,0.17702468241526206,0.005505570282287288,0.005505570282287288
2026-01-23T15:30:00+00:00,2026-01-23T16:30:00+00:00,2026-01-23,2026-01-23T10:30:00-05:00,0.0006128073316995497,0.0006128073316995497,0,2026-01-23T15:30:00+00:00,0.0009067294364450973,0.0009067294364450973,0.006990903522085013,17.279854023022374,16.69567657230889,60.0,0.0,1.791759469228055,1.3862943611198906,0.0,0.0,0.6931471805599453,0.0,0.6931471805599453,0.0,4.07753744390572,3.295836866004329,1.9459101490553132,1.6094379124341003,1.3862943611198906,1.791759469228055,2.772588722239781,0.6931471805599453,2026-01-23T15:25:00+00:00,train,0.14363636363636365,0.005064144539958312,0.0031743182979321327,0.16057768185361787,0.0053398196621829075,0.0053398196621829075,0.16330293783801958,0.005398105559392481,0.005398105559392481,0.175360133660588,0.0053075103473353875,0.0053075103473353875
2026-01-23T16:30:00+00:00,2026-01-23T17:30:00+00:00,2026-01-23,2026-01-23T11:30:00-05:00,-5.274542797106818e-05,5.274542797106818e-05,0,2026-01-23T16:30:00+00:00,0.0006128073316995497,0.0006128073316995497,0.006991246278023431,16.224691633113018,16.701396539236008,120.0,0.0,1.0986122886681098,0.0,0.0,0.6931471805599453,0.0,0.0,0.0,0.0,4.02535169073515,3.1780538303479458,1.9459101490553132,1.791759469228055,1.3862943611198906,1.6094379124341003,2.772588722239781,0.6931471805599453,2026-01-23T16:28:53+00:00,train,0.14363636363636365,0.005064144539958312,0.0031743182979321327,0.09750070256125064,0.004468033003738519,0.004468033003738519,0.10238719507632238,0.004693332279666966,0.004693332279666966,0.08351797136417771,0.004479168321259261,0.004479168321259261
2026-01-23T17:30:00+00:00,2026-01-23T18:30:00+00:00,2026-01-23,2026-01-23T12:30:00-05:00,0.0007723263513232936,0.0007723263513232936,0,2026-01-23T17:30:00+00:00,-5.274542797106818e-05,5.274542797106818e-05,0.006830636293803708,16.206985354454375,16.60528413362788,180.0,0.0,2.0794415416798357,1.0986122886681098,1.3862943611198906,0.0,0.6931471805599453,0.6931471805599453,1.3862943611198906,0.0,4.0943445622221,3.2188758248682006,2.302585092994046,1.6094379124341003,1.6094379124341003,1.791759469228055,2.9444389791664403,0.6931471805599453,2026-01-23T17:22:48+00:00,train,0.14363636363636365,0.005064144539958312,0.0031743182979321327,0.05834688794937779,0.0034426219701538733,0.0034426219701538733,0.05798768301760662,0.00330377183378292,0.00330377183378292,0.057769851428025154,0.0026398516012845746,0.0026398516012845746
2026-01-23T18:30:00+00:00,2026-01-23T19:30:00+00:00,2026-01-23,2026-01-23T13:30:00-05:00,-0.0003724963688305216,0.0003724963688305216,0,2026-01-23T18:30:00+00:00,0.0007723263513232936,0.0007723263513232936,0.006791351844901878,16.022354058108768,16.564149971295045,240.0,0.0,1.6094379124341003,1.0986122886681098,0.0,0.0,0.0,0.0,1.0986122886681098,0.0,4.0943445622221,3.2188758248682006,2.302585092994046,1.3862943611198906,1.6094379124341003,1.791759469228055,3.044522437723423,0.6931471805599453,2026-01-23T18:08:34+00:00,train,0.14363636363636365,0.005064144539958312,0.0031743182979321327,0.03751133988896802,0.0026835889562259415,0.0026835889562259415,0.038494902722056086,0.0026845859187924416,0.0026845859187924416,0.04452950575401733,0.002162153594559307,0.002162153594559307
2026-01-23T19:30:00+00:00,2026-01-23T20:30:00+00:00,2026-01-23,2026-01-23T14:30:00-05:00,-0.0030882372535773195,0.0030882372535773195,0,2026-01-23T19:30:00+00:00,-0.0003724963688305216,0.0003724963688305216,0.0067735253689242166,15.960506901068886,16.535828794704962,300.0,0.0,0.6931471805599453,0.0,0.0,0.0,0.0,0.0,0.0,0.0,4.060443010546419,3.1780538303479458,2.1972245773362196,1.0986122886681098,1.6094379124341003,1.791759469228055,3.044522437723423,0.6931471805599453,2026-01-23T18:49:43+00:00,train,0.14363636363636365,0.005064144539958312,0.0031743182979321327,0.023584740918853386,0.0018127607910417586,0.0018127607910417586,0.025663251165081016,0.0021074517674292163,0.0021074517674292163,0.015917084153668718,0.000785665765018484,0.000785665765018484
2026-01-26T14:30:00+00:00,2026-01-26T15:30:00+00:00,2026-01-26,2026-01-26T09:30:00-05:00,0.0014753071415403163,0.0014753071415403163,0,2026-01-23T21:00:00+00:00,0.0024035730440559178,0.0024035730440559178,0.006784160404641695,15.873966305181627,16.527578666455156,0.0,65.5,2.302585092994046,2.0794415416798357,1.3862943611198906,0.0,1.0986122886681098,0.0,0.0,0.0,3.9512437185814275,3.5553480614894135,2.5649493574615367,1.0986122886681098,1.9459101490553132,1.791759469228055,0.6931471805599453,0.0,2026-01-26T14:15:12+00:00,train,0.14363636363636365,0.005064144539958312,0.0031743182979321327,0.2155860966922171,0.008179629091669948,0.008179629091669948,0.22158737990594526,0.0081481727391127,0.0081481727391127,0.16722876128458605,0.007971015616297115,0.007971015616297115
2026-01-26T15:30:00+00:00,2026-01-26T16:30:00+00:00,2026-01-26,2026-01-26T10:30:00-05:00,-0.002826550843949671,0.002826550843949671,0,2026-01-26T15:30:00+00:00,0.0014753071415403163,0.0014753071415403163,0.0067796635367355414,17.100544092376687,16.573340167106146,60.0,0.0,2.302585092994046,1.6094379124341003,0.0,1.0986122886681098,0.6931471805599453,0.0,0.6931471805599453,0.6931471805599453,4.0943445622221,3.6635616461296463,2.5649493574615367,1.6094379124341003,2.0794415416798357,1.791759469228055,0.6931471805599453,0.6931471805599453,2026-01-26T15:24:11+00:00,train,0.14363636363636365,0.005064144539958312,0.0031743182979321327,0.1448533263413522,0.0052117688587868,0.0052117688587868,0.14313362438979474,0.005079256642362137,0.005079256642362137,0.18714741666810478,0.007478744565582184,0.007478744565582184
2026-01-26T16:30:00+00:00,2026-01-26T17:30:00+00:00,2026-01-26,2026-01-26T11:30:00-05:00,-0.0006959132110698762,0.0006959132110698762,0,2026-01-26T16:30:00+00:00,-0.002826550843949671,0.002826550843949671,0.006691940021561814,16.456913349118597,16.577223869221175,120.0,0.0,1.9459101490553132,1.6094379124341003,1.6094379124341003,0.6931471805599453,0.0,0.0,0.0,0.0,4.174387269895637,3.7376696182833684,2.833213344056216,1.791759469228055,2.0794415416798357,1.791759469228055,0.6931471805599453,0.6931471805599453,2026-01-26T16:03:12+00:00,train,0.14363636363636365,0.005064144539958312,0.0031743182979321327,0.1014440635084178,0.00471673612949105,0.00471673612949105,0.10431077115517852,0.004733102161094359,0.004733102161094359,0.10109251206906825,0.004968873690110045,0.004968873690110045
2026-01-26T17:30:00+00:00,2026-01-26T18:30:00+00:00,2026-01-26,2026-01-26T12:30:00-05:00,-0.0011251967132123175,0.0011251967132123175,0,2026-01-26T17:30:00+00:00,-0.0006959132110698762,0.0006959132110698762,0.006369739319450057,16.006366230145858,16.510630012817842,180.0,0.0,1.3862943611198906,1.0986122886681098,0.6931471805599453,0.0,0.0,0.0,0.0,0.0,4.204692619390966,3.784189633918261,2.8903717578961645,1.791759469228055,2.0794415416798357,1.791759469228055,0.6931471805599453,0.6931471805599453,2026-01-26T16:55:06+00:00,train,0.14363636363636365,0.005064144539958312,0.0031743182979321327,0.05317614363398428,0.003337485270358268,0.003337485270358268,0.0571758442234272,0.00354430685260793,0.00354430685260793,0.049687506628791914,0.0033006494027624676,0.0033006494027624676
2026-01-26T18:30:00+00:00,2026-01-26T19:30:00+00:00,2026-01-26,2026-01-26T13:30:00-05:00,0.0008851096126358815,0.0008851096126358815,0,2026-01-26T18:30:00+00:00,-0.0011251967132123175,0.0011251967132123175,0.005910395091116423,15.911213906805386,16.46753077654366,240.0,0.0,1.6094379124341003,1.3862943611198906,0.6931471805599453,0.0,0.0,0.0,0.0,0.0,4.2626798770413155,3.8501476017100584,2.9444389791664403,1.791759469228055,2.0794415416798357,1.791759469228055,0.6931471805599453,0.6931471805599453,2026-01-26T18:25:06+00:00,train,0.14363636363636365,0.005064144539958312,0.0031743182979321327,0.033512102050454975,0.0024708684521795596,0.0024708684521795596,0.03595988434326572,0.0026005416580166998,0.0026005416580166998,0.03170035603046448,0.0022609762337335373,0.0022609762337335373
2026-01-26T19:30:00+00:00,2026-01-26T20:30:00+00:00,2026-01-26,2026-01-26T14:30:00-05:00,-0.0006629608686241628,0.0006629608686241628,0,2026-01-26T19:30:00+00:00,0.0008851096126358815,0.0008851096126358815,0.004146283553852161,15.847895344752375,16.432594057355807,300.0,0.0,2.0794415416798357,2.0794415416798357,0.6931471805599453,0.0,1.3862943611198906,0.0,0.0,0.0,4.356708826689592,3.9889840465642745,2.995732273553991,1.791759469228055,2.3978952727983707,1.791759469228055,0.6931471805599453,0.6931471805599453,2026-01-26T19:29:42+00:00,train,0.14363636363636365,0.005064144539958312,0.0031743182979321327,0.01871196319120595,0.0011538735156110475,0.0011538735156110475,0.01990456335564577,0.001150933132845899,0.001150933132845899,0.013824500641748986,0.001199636988310541,0.001199636988310541
2026-01-27T14:30:00+00:00,2026-01-27T15:30:00+00:00,2026-01-27,2026-01-27T09:30:00-05:00,0.008946243085606653,0.008946243085606653,0,2026-01-26T21:00:00+00:00,-0.0003217890028198722,0.0003217890028198722,0.0040669741331949925,15.668384881766224,16.42065861173609,0.0,17.5,1.9459101490553132,1.6094379124341003,0.0,0.6931471805599453,1.0986122886681098,0.0,0.6931471805599453,0.0,4.2626798770413155,3.8918202981106265,3.044522437723423,1.6094379124341003,2.6390573296152584,1.6094379124341003,1.0986122886681098,1.6094379124341003,2026-01-27T14:25:43+00:00,train,0.14363636363636365,0.005064144539958312,0.0031743182979321327,0.14142604575016496,0.0055767476110128375,0.0055767476110128375,0.15241048825638495,0.00578571021494661,0.00578571021494661,0.14022774715000474,0.006499831951992129,0.006499831951992129
2026-01-27T15:30:00+00:00,2026-01-27T16:30:00+00:00,2026-01-27,2026-01-27T10:30:00-05:00,0.00415941735526526,0.00415941735526526,0,2026-01-27T15:30:00+00:00,0.008946243085606653,0.008946243085606653,0.0030098631054126645,17.091233148115055,16.47431311126737,60.0,0.0,1.6094379124341003,1.3862943611198906,1.0986122886681098,1.0986122886681098,0.0,0.0,0.0,0.0,4.189654742026425,3.871201010907891,3.1354942159291497,1.6094379124341003,2.5649493574615367,1.6094379124341003,0.6931471805599453,1.3862943611198906,2026-01-27T15:12:00+00:00,train,0.14363636363636365,0.005064144539958312,0.0031743182979321327,0.14938029635834701,0.005325444694310003,0.005325444694310003,0.1600991023430427,0.005562945138858546,0.005562945138858546,0.15033106372233723,0.006027538676134977,0.006027538676134977
2026-01-27T16:30:00+00:00,2026-01-27T17:30:00+00:00,2026-01-27,2026-01-27T11:30:00-05:00,-0.000131828340036666,0.000131828340036666,0,2026-01-27T16:30:00+00:00,0.00415941735526526,0.00415941735526526,0.0029910812820570405,16.555797396652668,16.447082848004225,120.0,0.0,1.6094379124341003,0.6931471805599453,0.6931471805599453,0.0,0.0,0.0,0.0,0.0,4.1588830833596715,3.8066624897703196,2.995732273553991,1.3862943611198906,2.5649493574615367,1.6094379124341003,0.6931471805599453,1.3862943611198906,2026-01-27T16:19:54+00:00,train,0.14363636363636365,0.005064144539958312,0.0031743182979321327,0.07734841577631853,0.0037885932699580956,0.0037885932699580956,0.08233797528476108,0.003960218968276303,0.003960218968276303,0.05258743499734159,0.002975026200625214,0.002975026200625214
2026-01-27T17:30:00+00:00,2026-01-27T18:30:00+00:00,2026-01-27,2026-01-27T12:30:00-05:00,-0.0010807202721082598,0.0010807202721082598,0,2026-01-27T17:30:00+00:00,-0.000131828340036666,0.000131828340036666,0.002990907493385279,16.059002861537333,16.376343222692803,180.0,0.0,1.3862943611198906,1.3862943611198906,0.6931471805599453,0.6931471805599453,0.0,0.6931471805599453,0.0,0.6931471805599453,4.1588830833596715,3.828641396489095,2.995732273553991,1.6094379124341003,2.5649493574615367,1.791759469228055,0.6931471805599453,1.6094379124341003,2026-01-27T17:29:39+00:00,train,0.14363636363636365,0.005064144539958312,0.0031743182979321327,0.03854692663658009,0.0023177251528438865,0.0023177251528438865,0.04160282180997758,0.0025309244342453826,0.0025309244342453826,0.04090957333185124,0.0030655345161992695,0.0030655345161992695
2026-01-27T18:30:00+00:00,2026-01-27T19:30:00+00:00,2026-01-27,2026-01-27T13:30:00-05:00,-0.0019262519530469646,0.0019262519530469646,0,2026-01-27T18:30:00+00:00,-0.0010807202721082598,0.0010807202721082598,0.0028127506726933938,16.237528613625127,16.371863052682848,240.0,0.0,0.0,0.0,0.0,0.0,0.0,0.0,0.0,0.0,4.0943445622221,3.7612001156935624,2.9444389791664403,1.6094379124341003,2.5649493574615367,1.791759469228055,0.6931471805599453,1.6094379124341003,2026-01-27T17:29:39+00:00,train,0.14363636363636365,0.005064144539958312,0.0031743182979321327,0.027076933432180258,0.0016748848878422803,0.0016748848878422803,0.031940132495984694,0.002349940819919215,0.002349940819919215,0.024930906812449687,0.0022532413600633936,0.0022532413600633936
2026-01-27T19:30:00+00:00,2026-01-27T20:30:00+00:00,2026-01-27,2026-01-27T14:30:00-05:00,0.0015597639788995643,0.0015597639788995643,0,2026-01-27T19:30:00+00:00,-0.0019262519530469646,0.0019262519530469646,0.0026882405930802314,16.105229941515827,16.360474915962378,300.0,0.0,0.6931471805599453,0.6931471805599453,0.0,0.0,0.6931471805599453,0.0,0.0,0.0,3.9889840465642745,3.6109179126442243,2.8903717578961645,1.6094379124341003,2.3978952727983707,1.791759469228055,0.6931471805599453,1.6094379124341003,2026-01-27T18:31:48+00:00,train,0.14363636363636365,0.005064144539958312,0.0031743182979321327,0.018069607034386915,0.0010012091970130997,0.0010012091970130997,0.019713264205819998,0.0012966303846247721,0.0012966303846247721,0.012903376599639384,0.0007945543284157194,0.0007945543284157194
2026-01-28T14:30:00+00:00,2026-01-28T15:30:00+00:00,2026-01-28,2026-01-28T09:30:00-05:00,0.0006012101897667765,0.0006012101897667765,0,2026-01-27T21:00:00+00:00,-0.00464578656593384,0.00464578656593384,0.0026858674041981795,15.855177733253157,16.35909526565363,0.0,17.5,1.791759469228055,1.0986122886681098,0.6931471805599453,0.6931471805599453,0.0,0.0,0.6931471805599453,0.0,4.2626798770413155,3.871201010907891,2.9444389791664403,2.3978952727983707,2.8903717578961645,2.70805020110221,2.6390573296152584,0.6931471805599453,2026-01-28T14:27:10+00:00,train,0.14363636363636365,0.005064144539958312,0.0031743182979321327,0.16153637888423591,0.0060434768126846426,0.0060434768126846426,0.1771260571340136,0.006337655390241342,0.006337655390241342,0.17538822283032243,0.006791355202659246,0.006791355202659246
2026-01-28T15:30:00+00:00,2026-01-28T16:30:00+00:00,2026-01-28,2026-01-28T10:30:00-05:00,0.0019591964807168516,0.0019591964807168516,0,2026-01-28T15:30:00+00:00,0.0006012101897667765,0.0006012101897667765,0.0026845034581680608,17.20009686988788,16.44122077411543,60.0,0.0,2.0794415416798357,1.791759469228055,1.0986122886681098,0.0,0.6931471805599453,1.0986122886681098,0.6931471805599453,0.0,4.30406509320417,3.912023005428146,2.9444389791664403,2.1972245773362196,2.9444389791664403,2.833213344056216,2.70805020110221,0.6931471805599453,2026-01-28T15:22:00+00:00,train,0.14363636363636365,0.005064144539958312,0.0031743182979321327,0.10447749802297826,0.004024060551024885,0.004024060551024885,0.11141846230159357,0.00417909543764731,0.00417909543764731,0.07712206946076963,0.003125949609736095,0.003125949609736095
2026-01-28T16:30:00+00:00,2026-01-28T17:30:00+00:00,2026-01-28,2026-01-28T11:30:00-05:00,-0.00351571976693843,0.00351571976693843,0,2026-01-28T16:30:00+00:00,0.0019591964807168516,0.0019591964807168516,0.0026012258505144306,16.511410914388634,16.4600064290095,120.0,0.0,1.6094379124341003,1.3862943611198906,1.0986122886681098,0.6931471805599453,0.0,0.6931471805599453,1.0986122886681098,0.0,4.30406509320417,3.9512437185814275,2.995732273553991,2.302585092994046,2.9444389791664403,2.8903717578961645,2.833213344056216,0.6931471805599453,2026-01-28T16:11:46+00:00,train,0.14363636363636365,0.005064144539958312,0.0031743182979321327,0.06962399751060092,0.003402834115488396,0.003402834115488396,0.07667175954228973,0.003685202255003907,0.003685202255003907,0.08876482787244065,0.0042825096486167466,0.0042825096486167466
2026-01-28T17:30:00+00:00,2026-01-28T18:30:00+00:00,2026-01-28,2026-01-28T12:30:00-05:00,0.003323099586702627,0.003323099586702627,0,2026-01-28T17:30:00+00:00,-0.00351571976693843,0.00351571976693843,0.0027482656547471638,16.46662886074643,16.394747145913065,180.0,0.0,2.0794415416798357,1.6094379124341003,1.0986122886681098,0.6931471805599453,0.0,1.0986122886681098,0.6931471805599453,0.6931471805599453,4.356708826689592,3.970291913552122,3.044522437723423,2.302585092994046,2.9444389791664403,2.9444389791664403,2.8903717578961645,0.6931471805599453,2026-01-28T17:08:55+00:00,train,0.14363636363636365,0.005064144539958312,0.0031743182979321327,0.04955187059224697,0.002963095479903498,0.002963095479903498,0.0534760747027059,0.003068798822772814,0.003068798822772814,0.053992692577929983,0.0034408679773979987,0.0034408679773979987
2026-01-28T18:30:00+00:00,2026-01-28T19:30:00+00:00,2026-01-28,2026-01-28T13:30:00-05:00,-0.001121320245162316,0.001121320245162316,0,2026-01-28T18:30:00+00:00,0.003323099586702627,0.003323099586702627,0.0028313823411877832,16.04440174691272,16.387764158986123,240.0,0.0,1.6094379124341003,1.0986122886681098,0.6931471805599453,0.0,0.6931471805599453,0.0,0.6931471805599453,0.0,4.406719247264253,4.007333185232471,3.091042453358316,2.302585092994046,2.995732273553991,2.9444389791664403,2.9444389791664403,0.6931471805599453,2026-01-28T18:23:11+00:00,train,0.14363636363636365,0.005064144539958312,0.0031743182979321327,0.029101198251175717,0.001955620116087622,0.001955620116087622,0.03275015836520239,0.002222460344066577,0.002222460344066577,0.025372756866691167,0.0021626749848964663,0.0021626749848964663
2026-01-28T19:30:00+00:00,2026-01-28T20:30:00+00:00,2026-01-28,2026-01-28T14:30:00-05:00,0.0005900819541451163,0.0005900819541451163,0,2026-01-28T19:30:00+00:00,-0.001121320245162316,0.001121320245162316,0.0028505939846720924,16.123232733526343,16.384405804770118,300.0,0.0,1.3862943611198906,1.0986122886681098,0.0,0.0,0.0,0.0,0.0,0.0,4.430816798843313,4.02535169073515,3.091042453358316,2.302585092994046,2.9444389791664403,2.9444389791664403,2.9444389791664403,0.6931471805599453,2026-01-28T19:06:23+00:00,train,0.14363636363636365,0.005064144539958312,0.0031743182979321327,0.017784098928847247,0.0009116437311353582,0.0009116437311353582,0.020443934918344068,0.0012541733509959718,0.0012541733509959718,0.013137641181257063,0.00029107840524353855,0.00029107840524353855
2026-01-29T14:30:00+00:00,2026-01-29T15:30:00+00:00,2026-01-29,2026-01-29T09:30:00-05:00,-0.012595399332262613,0.012595399332262613,1,2026-01-28T21:00:00+00:00,-0.0004175025211005101,0.0004175025211005101,0.002849486612813032,15.990791798319478,16.398144116428593,0.0,17.5,0.6931471805599453,0.6931471805599453,0.6931471805599453,0.0,0.6931471805599453,0.0,0.0,0.0,4.356708826689592,3.912023005428146,2.995732273553991,2.3978952727983707,2.5649493574615367,2.70805020110221,2.70805020110221,1.0986122886681098,2026-01-29T14:14:04+00:00,train,0.14363636363636365,0.005064144539958312,0.0031743182979321327,0.1364896129861267,0.005313609944716177,0.005313609944716177,0.16370798051500918,0.0060969127309873404,0.0060969127309873404,0.12810818604575785,0.005980456581792486,0.005980456581792486
2026-01-29T15:30:00+00:00,2026-01-29T16:30:00+00:00,2026-01-29,2026-01-29T10:30:00-05:00,-0.005795723306850187,0.005795723306850187,0,2026-01-29T15:30:00+00:00,-0.012595399332262613,0.012595399332262613,0.004063994118647474,17.25048056965874,16.479703816524832,60.0,0.0,1.6094379124341003,1.6094379124341003,0.6931471805599453,1.0986122886681098,0.0,0.6931471805599453,0.0,0.0,4.31748811353631,3.8918202981106265,2.9444389791664403,2.5649493574615367,2.4849066497880004,2.6390573296152584,2.6390573296152584,1.0986122886681098,2026-01-29T15:11:21+00:00,train,0.14363636363636365,0.005064144539958312,0.0031743182979321327,0.21689899326373616,0.006738741443750312,0.006738741443750312,0.23792532088180435,0.007085736433583998,0.007085736433583998,0.20351984740247037,0.006508405030610183,0.006508405030610183
2026-01-29T16:30:00+00:00,2026-01-29T17:30:00+00:00,2026-01-29,2026-01-29T11:30:00-05:00,0.009130577230325398,0.009130577230325398,0,2026-01-29T16:30:00+00:00,-0.005795723306850187,0.005795723306850187,0.004205663879111499,16.89802662844685,16.52218590438677,120.0,0.0,2.5649493574615367,2.0794415416798357,1.6094379124341003,1.3862943611198906,0.6931471805599453,1.0986122886681098,0.0,1.0986122886681098,4.418840607796598,3.970291913552122,3.044522437723423,2.70805020110221,2.5649493574615367,2.70805020110221,2.4849066497880004,1.6094379124341003,2026-01-29T16:16:39+00:00,train,0.14363636363636365,0.005064144539958312,0.0031743182979321327,0.10616304241601857,0.004697014957798326,0.004697014957798326,0.11181996111958195,0.004694203839932257,0.004694203839932257,0.10689576039792109,0.005400921140492043,0.005400921140492043
2026-01-29T17:30:00+00:00,2026-01-29T18:30:00+00:00,2026-01-29,2026-01-29T12:30:00-05:00,0.002717101445028458,0.002717101445028458,0,2026-01-29T17:30:00+00:00,0.009130577230325398,0.009130577230325398,0.004704045344725376,16.4238971702466,16.477360001986963,180.0,0.0,0.0,0.0,0.0,0.0,0.0,0.0,0.0,0.0,4.330733340286331,3.8918202981106265,2.9444389791664403,2.6390573296152584,2.5649493574615367,2.5649493574615367,2.3978952727983707,1.3862943611198906,2026-01-29T16:16:39+00:00,train,0.14363636363636365,0.005064144539958312,0.0031743182979321327,0.07026450440750309,0.004117790038073646,0.004117790038073646,0.08656292887971645,0.004968542069738313,0.004968542069738313,0.07415894030370218,0.004655409694825335,0.004655409694825335
2026-01-29T18:30:00+00:00,2026-01-29T19:30:00+00:00,2026-01-29,2026-01-29T13:30:00-05:00,0.001578464987959105,0.001578464987959105,0,2026-01-29T18:30:00+00:00,0.002717101445028458,0.002717101445028458,0.0046930432976607555,16.35982728839051,16.472817222306443,240.0,0.0,1.9459101490553132,1.791759469228055,0.0,0.6931471805599453,0.0,0.6931471805599453,0.6931471805599453,0.6931471805599453,4.356708826689592,3.9512437185814275,2.8903717578961645,2.70805020110221,2.4849066497880004,2.6390573296152584,2.3978952727983707,1.6094379124341003,2026-01-29T18:28:50+00:00,train,0.14363636363636365,0.005064144539958312,0.0031743182979321327,0.035067942160944866,0.0023997992405308134,0.0023997992405308134,0.03774302638072964,0.0024892441428074957,0.0024892441428074957,0.052445600201970595,0.003110244880100201,0.003110244880100201
2026-01-29T19:30:00+00:00,2026-01-29T20:30:00+00:00,2026-01-29,2026-01-29T14:30:00-05:00,0.003073159865473185,0.003073159865473185,0,2026-01-29T19:30:00+00:00,0.001578464987959105,0.001578464987959105,0.004696189212921981,16.0593600999735,16.47452254463513,300.0,0.0,1.3862943611198906,0.6931471805599453,0.0,0.6931471805599453,0.0,0.0,0.0,0.0,4.356708826689592,3.9318256327243257,2.8903717578961645,2.772588722239781,2.4849066497880004,2.6390573296152584,2.3978952727983707,1.6094379124341003,2026-01-29T19:08:38+00:00,train,0.14363636363636365,0.005064144539958312,0.0031743182979321327,0.021178468000137066,0.0014363045563320323,0.0014363045563320323,0.023700782729411913,0.001699990743828293,0.001699990743828293,0.018363829622043783,0.0012495385017228821,0.0012495385017228821
2026-01-30T14:30:00+00:00,2026-01-30T15:30:00+00:00,2026-01-30,2026-01-30T09:30:00-05:00,0.0023010875184115154,0.0023010875184115154,0,2026-01-29T21:00:00+00:00,0.007829864280008314,0.007829864280008314,0.0047193881973441555,16.34988650633708,16.483716647374038,0.0,17.5,1.3862943611198906,1.3862943611198906,0.6931471805599453,1.0986122886681098,0.0,0.6931471805599453,0.6931471805599453,0.0,4.127134385045092,3.784189633918261,2.6390573296152584,2.9444389791664403,1.6094379124341003,2.4849066497880004,2.70805020110221,1.6094379124341003,2026-01-30T14:06:56+00:00,train,0.14363636363636365,0.005064144539958312,0.0031743182979321327,0.21532166827843227,0.006886894550831288,0.006886894550831288,0.23264820091858973,0.00721607890182681,0.00721607890182681,0.3418241229781973,0.008012608928676727,0.008012608928676727
2026-01-30T15:30:00+00:00,2026-01-30T16:30:00+00:00,2026-01-30,2026-01-30T10:30:00-05:00,0.0019535580896499205,0.0019535580896499205,0,2026-01-30T15:30:00+00:00,0.0023010875184115154,0.0023010875184115154,0.004734728554737337,17.076520348342292,16.545731028995892,60.0,0.0,1.3862943611198906,0.6931471805599453,0.6931471805599453,0.6931471805599453,0.0,0.0,0.0,0.0,4.110873864173311,3.713572066704308,2.6390573296152584,2.8903717578961645,1.6094379124341003,2.3978952727983707,2.70805020110221,1.6094379124341003,2026-01-30T15:13:00+00:00,train,0.14363636363636365,0.005064144539958312,0.0031743182979321327,0.13251857571587924,0.00484442378585169,0.00484442378585169,0.14073059184654046,0.005100246853235471,0.005100246853235471,0.14941639540110166,0.005154512807649089,0.005154512807649089
2026-02-06T14:30:00+00:00,2026-02-06T15:30:00+00:00,2026-02-06,2026-02-06T09:30:00-05:00,0.033731345139658364,0.033731345139658364,1,2026-02-05T21:00:00+00:00,-0.0024963290321117215,0.0024963290321117215,0.010786643268557225,16.26510483374842,16.835020071624513,0.0,17.5,2.3978952727983707,1.791759469228055,0.0,0.6931471805599453,1.0986122886681098,1.0986122886681098,0.0,0.0,4.127134385045092,3.5263605246161616,2.302585092994046,2.3978952727983707,2.6390573296152584,2.302585092994046,1.3862943611198906,0.0,2026-02-06T14:07:28+00:00,train,0.14363636363636365,0.005064144539958312,0.0031743182979321327,0.30056325585481275,0.008026973924265558,0.008026973924265558,0.2992956178632286,0.007909628502798064,0.007909628502798064,0.16374351873839155,0.0068553195939353795,0.0068553195939353795
2026-02-06T15:30:00+00:00,2026-02-06T16:30:00+00:00,2026-02-06,2026-02-06T10:30:00-05:00,0.007323015634780994,0.007323015634780994,0,2026-02-06T15:30:00+00:00,0.033731345139658364,0.033731345139658364,0.013802590004703364,17.59953197318911,16.8420368778132,60.0,0.0,1.791759469228055,1.0986122886681098,0.0,0.6931471805599453,0.0,0.0,0.0,0.0,4.1588830833596715,3.5553480614894135,2.0794415416798357,2.3978952727983707,2.5649493574615367,2.302585092994046,1.3862943611198906,0.0,2026-02-06T15:28:12+00:00,train,0.14363636363636365,0.005064144539958312,0.0031743182979321327,0.5903699558538682,0.01172799022309751,0.01172799022309751,0.5968089679393432,0.011730618638882716,0.011730618638882716,0.5241101129833153,0.011231570701488459,0.011231570701488459
2026-02-06T16:30:00+00:00,2026-02-06T17:30:00+00:00,2026-02-06,2026-02-06T11:30:00-05:00,0.002996024072693615,0.002996024072693615,0,2026-02-06T16:30:00+00:00,0.007323015634780994,0.007323015634780994,0.013422822721484255,16.962008617622466,16.858521432422766,120.0,0.0,0.6931471805599453,0.0,0.0,0.6931471805599453,0.0,0.0,0.0,0.0,4.127134385045092,3.4657359027997265,1.791759469228055,2.4849066497880004,2.5649493574615367,2.0794415416798357,1.0986122886681098,0.0,2026-02-06T16:24:37+00:00,train,0.14363636363636365,0.005064144539958312,0.0031743182979321327,0.20826487559908624,0.0070721483965592805,0.0070721483965592805,0.22333812937204417,0.007462934120835293,0.007462934120835293,0.19219864608279127,0.008252932264815932,0.008252932264815932
2026-02-06T17:30:00+00:00,2026-02-06T18:30:00+00:00,2026-02-06,2026-02-06T12:30:00-05:00,-5.259370051524659e-05,5.259370051524659e-05,0,2026-02-06T17:30:00+00:00,0.002996024072693615,0.002996024072693615,0.011439782325674636,16.601593448005154,16.808284274300743,180.0,0.0,2.302585092994046,1.791759469228055,0.0,0.6931471805599453,0.6931471805599453,0.6931471805599453,0.0,0.0,4.219507705176107,3.5553480614894135,1.6094379124341003,2.5649493574615367,2.6390573296152584,2.1972245773362196,0.6931471805599453,0.0,2026-02-06T17:26:30+00:00,train,0.14363636363636365,0.005064144539958312,0.0031743182979321327,0.10329950984032352,0.005148036904813656,0.005148036904813656,0.10233889952833851,0.004967445275665556,0.004967445275665556,0.06948281918828435,0.004764724005175461,0.004764724005175461
2026-02-06T18:30:00+00:00,2026-02-06T19:30:00+00:00,2026-02-06,2026-02-06T13:30:00-05:00,-0.0003712286776096363,0.0003712286776096363,0,2026-02-06T18:30:00+00:00,-5.259370051524659e-05,5.259370051524659e-05,0.011339852739207602,16.43147726789874,16.796228521262382,240.0,0.0,1.791759469228055,1.3862943611198906,0.6931471805599453,0.6931471805599453,0.6931471805599453,0.6931471805599453,0.0,0.0,4.2626798770413155,3.6109179126442243,1.791759469228055,2.6390573296152584,2.70805020110221,2.1972245773362196,0.6931471805599453,0.0,2026-02-06T18:19:13+00:00,train,0.14363636363636365,0.005064144539958312,0.0031743182979321327,0.059422518164160595,0.0038949772598042224,0.0038949772598042224,0.0614342846186228,0.0039076870758059596,0.0039076870758059596,0.04354920685259517,0.004125994508255795,0.004125994508255795
2026-02-06T19:30:00+00:00,2026-02-06T20:30:00+00:00,2026-02-06,2026-02-06T14:30:00-05:00,0.004798101275508948,0.004798101275508948,0,2026-02-06T19:30:00+00:00,-0.0003712286776096363,0.0003712286776096363,0.011281566935051146,16.056654833644945,16.785454751434923,300.0,0.0,1.791759469228055,1.0986122886681098,0.0,0.6931471805599453,1.0986122886681098,0.0,0.0,0.0,4.31748811353631,3.6635616461296463,1.791759469228055,2.70805020110221,2.833213344056216,2.1972245773362196,0.6931471805599453,0.0,2026-02-06T19:12:48+00:00,train,0.14363636363636365,0.005064144539958312,0.0031743182979321327,0.037907483369042906,0.003123521937433156,0.003123521937433156,0.039596787013244275,0.0031310556047048103,0.0031310556047048103,0.026635238080691664,0.003972706706594075,0.003972706706594075
2026-02-09T14:30:00+00:00,2026-02-09T15:30:00+00:00,2026-02-09,2026-02-09T09:30:00-05:00,0.035632793813733965,0.035632793813733965,1,2026-02-06T21:00:00+00:00,0.00043167231567609043,0.00043167231567609043,0.011277290942598984,16.57943598701248,16.686973589582337,0.0,65.5,1.6094379124341003,1.3862943611198906,0.6931471805599453,0.6931471805599453,1.0986122886681098,0.0,0.0,0.0,3.6888794541139363,3.1354942159291497,2.3978952727983707,1.791759469228055,2.0794415416798357,1.6094379124341003,0.0,0.0,2026-02-09T14:12:09+00:00,train,0.14363636363636365,0.005064144539958312,0.0031743182979321327,0.28929554601668755,0.009118269513673772,0.009118269513673772,0.29065660323396475,0.009136495205079503,0.009136495205079503,0.22475940617148918,0.009580429960028555,0.009580429960028555
2026-02-09T15:30:00+00:00,2026-02-09T16:30:00+00:00,2026-02-09,2026-02-09T10:30:00-05:00,0.005899318395402586,0.005899318395402586,0,2026-02-09T15:30:00+00:00,0.035632793813733965,0.035632793813733965,0.01372063815616519,17.78383094442777,16.82650679966564,60.0,0.0,1.791759469228055,1.0986122886681098,0.0,0.0,0.6931471805599453,0.0,0.0,0.0,3.784189633918261,3.2188758248682006,2.3978952727983707,1.791759469228055,2.1972245773362196,1.6094379124341003,0.0,0.0,2026-02-09T15:18:58+00:00,train,0.14363636363636365,0.005064144539958312,0.0031743182979321327,0.6118051790805314,0.011970280675974564,0.011970280675974564,0.5965969942200124,0.011707551704734214,0.011707551704734214,0.4463171344694655,0.010406435279679216,0.010406435279679216
2026-02-09T16:30:00+00:00,2026-02-09T17:30:00+00:00,2026-02-09,2026-02-09T11:30:00-05:00,-0.0011469747328258784,0.0011469747328258784,0,2026-02-09T16:30:00+00:00,0.005899318395402586,0.005899318395402586,0.013733140074872164,16.62303745897949,16.819085154955488,120.0,0.0,1.6094379124341003,0.0,0.0,0.0,0.0,0.0,0.0,0.0,3.8501476017100584,3.1780538303479458,2.302585092994046,1.791759469228055,2.0794415416798357,1.6094379124341003,0.0,0.0,2026-02-09T16:22:00+00:00,train,0.14363636363636365,0.005064144539958312,0.0031743182979321327,0.18830215584575827,0.006871842642615594,0.006871842642615594,0.18040398000543903,0.006698350361083246,0.006698350361083246,0.09916364842446193,0.005508186112127926,0.005508186112127926
2026-02-09T17:30:00+00:00,2026-02-09T18:30:00+00:00,2026-02-09,2026-02-09T12:30:00-05:00,-0.003116029717008084,0.003116029717008084,0,2026-02-09T17:30:00+00:00,-0.0011469747328258784,0.0011469747328258784,0.013303850582296979,16.43929368575577,16.786278063772038,180.0,0.0,1.3862943611198906,1.0986122886681098,0.0,0.0,0.6931471805599453,0.0,0.0,0.0,3.912023005428146,3.258096538021482,2.302585092994046,1.791759469228055,2.1972245773362196,1.6094379124341003,0.0,0.0,2026-02-09T17:11:25+00:00,train,0.14363636363636365,0.005064144539958312,0.0031743182979321327,0.10306574304069377,0.005317107766160555,0.005317107766160555,0.10096390501210877,0.005247497636796057,0.005247497636796057,0.06608727093657944,0.00486770434794561,0.00486770434794561
2026-02-09T18:30:00+00:00,2026-02-09T19:30:00+00:00,2026-02-09,2026-02-09T13:30:00-05:00,0.00013030903454658294,0.00013030903454658294,0,2026-02-09T18:30:00+00:00,-0.003116029717008084,0.003116029717008084,0.012974695443240676,16.055978728715278,16.756212204099057,240.0,0.0,0.6931471805599453,0.0,0.0,0.0,0.0,0.6931471805599453,0.0,0.0,3.8918202981106265,3.2188758248682006,2.302585092994046,1.791759469228055,2.1972245773362196,1.791759469228055,0.0,0.0,2026-02-09T18:11:04+00:00,train,0.14363636363636365,0.005064144539958312,0.0031743182979321327,0.07122510956482013,0.0047818972040117105,0.0047818972040117105,0.07290767268177067,0.0049255889122078785,0.0049255889122078785,0.03942781952580736,0.003755578546966157,0.003755578546966157
2026-02-09T19:30:00+00:00,2026-02-09T20:30:00+00:00,2026-02-09,2026-02-09T14:30:00-05:00,-0.005785246240045172,0.005785246240045172,0,2026-02-09T19:30:00+00:00,0.00013030903454658294,0.00013030903454658294,0.012562830287623328,16.040940811044422,16.7366559650976,300.0,0.0,0.0,0.0,0.0,0.0,0.0,0.0,0.0,0.0,3.8501476017100584,3.1354942159291497,2.1972245773362196,1.6094379124341003,2.0794415416798357,1.6094379124341003,0.0,0.0,2026-02-09T18:11:04+00:00,train,0.14363636363636365,0.005064144539958312,0.0031743182979321327,0.03812574557253896,0.0032890762570772724,0.0032890762570772724,0.04053885904776875,0.0036357451636956505,0.0036357451636956505,0.031402012111021144,0.003706534827078874,0.003706534827078874
2026-02-10T14:30:00+00:00,2026-02-10T15:30:00+00:00,2026-02-10,2026-02-10T09:30:00-05:00,-0.011660073033002871,0.011660073033002871,1,2026-02-09T21:00:00+00:00,-0.0005266528191957276,0.0005266528191957276,0.012754476530181361,16.18630881855518,16.72057419581259,0.0,17.5,1.6094379124341003,1.3862943611198906,0.6931471805599453,0.0,0.6931471805599453,0.0,0.0,0.0,4.007333185232471,3.4965075614664802,2.1972245773362196,1.3862943611198906,2.3978952727983707,1.791759469228055,1.0986122886681098,1.0986122886681098,2026-02-10T14:07:23+00:00,train,0.14363636363636365,0.005064144539958312,0.0031743182979321327,0.2741202439375921,0.00792834007309591,0.00792834007309591,0.27731606170074685,0.007998628840188135,0.007998628840188135,0.20197413880964868,0.007274958821510053,0.007274958821510053
2026-02-10T15:30:00+00:00,2026-02-10T16:30:00+00:00,2026-02-10,2026-02-10T10:30:00-05:00,-0.00021094170345681285,0.00021094170345681285,0,2026-02-10T15:30:00+00:00,-0.011660073033002871,0.011660073033002871,0.013196859518782713,17.191017207413687,16.763311243416894,60.0,0.0,1.0986122886681098,0.6931471805599453,0.6931471805599453,0.0,0.0,0.0,0.0,0.0,3.9512437185814275,3.4657359027997265,2.302585092994046,1.3862943611198906,2.302585092994046,1.791759469228055,1.0986122886681098,1.0986122886681098,2026-02-10T15:14:00+00:00,train,0.14363636363636365,0.005064144539958312,0.0031743182979321327,0.35731084277054026,0.008920441120023225,0.008920441120023225,0.364120454474269,0.009093854437540022,0.009093854437540022,0.28032143190400827,0.00802477919937795,0.00802477919937795
2026-02-10T16:30:00+00:00,2026-02-10T17:30:00+00:00,2026-02-10,2026-02-10T11:30:00-05:00,0.0030139981965711105,0.0030139981965711105,0,2026-02-10T16:30:00+00:00,-0.00021094170345681285,0.00021094170345681285,0.013212766447293084,16.428019285849235,16.758892054508795,120.0,0.0,1.6094379124341003,1.0986122886681098,0.0,0.0,0.0,0.6931471805599453,0.0,0.0,3.9512437185814275,3.5263605246161616,2.302585092994046,1.3862943611198906,2.302585092994046,1.9459101490553132,1.0986122886681098,1.0986122886681098,2026-02-10T16:12:29+00:00,train,0.14363636363636365,0.005064144539958312,0.0031743182979321327,0.13930278952575237,0.0058703483327126405,0.0058703483327126405,0.135972218058452,0.00577699643490916,0.00577699643490916,0.08057125118080659,0.004023852532035743,0.004023852532035743
2026-02-10T17:30:00+00:00,2026-02-10T18:30:00+00:00,2026-02-10,2026-02-10T12:30:00-05:00,-0.0022933233624554683,0.0022933233624554683,0,2026-02-10T17:30:00+00:00,0.0030139981965711105,0.0030139981965711105,0.012181324735998075,15.995150087356665,16.68592023435211,180.0,0.0,1.9459101490553132,1.3862943611198906,1.3862943611198906,0.0,0.0,0.6931471805599453,0.6931471805599453,0.0,4.007333185232471,3.5553480614894135,2.5649493574615367,1.3862943611198906,2.1972245773362196,2.0794415416798357,1.3862943611198906,1.0986122886681098,2026-02-10T17:29:00+00:00,train,0.14363636363636365,0.005064144539958312,0.0031743182979321327,0.0904094574949774,0.005131649023405729,0.005131649023405729,0.08725046752419183,0.0049086071163450505,0.0049086071163450505,0.07128414552310236,0.003626995719762394,0.003626995719762394
2026-02-10T18:30:00+00:00,2026-02-10T19:30:00+00:00,2026-02-10,2026-02-10T13:30:00-05:00,-0.0001321557522061534,0.0001321557522061534,0,2026-02-10T18:30:00+00:00,-0.0022933233624554683,0.0022933233624554683,0.01192142426855656,15.937378246823217,16.655902080086623,240.0,0.0,1.0986122886681098,0.0,0.0,0.0,0.0,0.0,0.0,0.0,4.02535169073515,3.5553480614894135,2.5649493574615367,1.3862943611198906,2.1972245773362196,1.9459101490553132,1.3862943611198906,1.0986122886681098,2026-02-10T18:20:00+00:00,train,0.14363636363636365,0.005064144539958312,0.0031743182979321327,0.05820685636349557,0.0042583424886605895,0.0042583424886605895,0.05988691860898035,0.004347752843039004,0.004347752843039004,0.03316969241805379,0.003114499789493513,0.003114499789493513
2026-02-10T19:30:00+00:00,2026-02-10T20:30:00+00:00,2026-02-10,2026-02-10T14:30:00-05:00,-0.0006341566241063745,0.0006341566241063745,0,2026-02-10T19:30:00+00:00,-0.0001321557522061534,0.0001321557522061534,0.01191823695693773,15.613868211220556,16.63116948859652,300.0,0.0,0.6931471805599453,0.0,0.0,0.0,0.0,0.0,0.0,0.0,4.04305126783455,3.5553480614894135,2.5649493574615367,1.3862943611198906,2.1972245773362196,1.9459101490553132,1.3862943611198906,1.0986122886681098,2026-02-10T19:05:00+00:00,train,0.14363636363636365,0.005064144539958312,0.0031743182979321327,0.031927025493202386,0.0030019185628257774,0.0030019185628257774,0.0338252211091769,0.003213620858857827,0.003213620858857827,0.02073556899148216,0.002314489491127026,0.002314489491127026
2026-02-11T14:30:00+00:00,2026-02-11T15:30:00+00:00,2026-02-11,2026-02-11T09:30:00-05:00,-0.01818937757668504,0.01818937757668504,1,2026-02-10T21:00:00+00:00,-0.0025912505412389875,0.0025912505412389875,0.0117924964425701,15.758856851721076,16.629368944505238,0.0,17.5,1.0986122886681098,0.6931471805599453,0.0,0.6931471805599453,0.0,0.0,0.6931471805599453,0.0,3.9318256327243257,3.4657359027997265,2.1972245773362196,1.791759469228055,1.791759469228055,1.6094379124341003,1.6094379124341003,0.6931471805599453,2026-02-11T14:18:34+00:00,train,0.14363636363636365,0.005064144539958312,0.0031743182979321327,0.2616837857108307,0.007983493489068422,0.007983493489068422,0.26994638335593996,0.00819758020652689,0.00819758020652689,0.3384916211285557,0.009447058684088117,0.009447058684088117
2026-02-11T15:30:00+00:00,2026-02-11T16:30:00+00:00,2026-02-11,2026-02-11T10:30:00-05:00,0.012517093195278717,0.012517093195278717,1,2026-02-11T15:30:00+00:00,-0.01818937757668504,0.01818937757668504,0.012630241871307821,17.285275925306635,16.690331382789164,60.0,0.0,1.791759469228055,1.3862943611198906,0.0,0.6931471805599453,0.6931471805599453,0.0,0.0,0.0,3.9889840465642745,3.5263605246161616,2.0794415416798357,1.9459101490553132,1.9459101490553132,1.6094379124341003,1.6094379124341003,0.6931471805599453,2026-02-11T15:11:00+00:00,train,0.14363636363636365,0.005064144539958312,0.0031743182979321327,0.43231307449796696,0.009975931485471566,0.009975931485471566,0.43119327286764203,0.00992433912489021,0.00992433912489021,0.37770335730560456,0.009934574318838056,0.009934574318838056
2026-02-11T16:30:00+00:00,2026-02-11T17:30:00+00:00,2026-02-11,2026-02-11T11:30:00-05:00,0.003685705957517049,0.003685705957517049,0,2026-02-11T16:30:00+00:00,0.012517093195278717,0.012517093195278717,0.012598818751005814,16.713868673174908,16.70961956530256,120.0,0.0,1.3862943611198906,1.0986122886681098,0.6931471805599453,0.0,0.0,0.0,0.6931471805599453,0.0,3.970291913552122,3.5263605246161616,2.1972245773362196,1.9459101490553132,1.9459101490553132,1.3862943611198906,1.791759469228055,0.6931471805599453,2026-02-11T16:27:37+00:00,train,0.14363636363636365,0.005064144539958312,0.0031743182979321327,0.2114319920682159,0.007433903069993289,0.007433903069993289,0.21187151608575633,0.007438116671765948,0.007438116671765948,0.27179747017142897,0.007859692818994558,0.007859692818994558
2026-02-11T17:30:00+00:00,2026-02-11T18:30:00+00:00,2026-02-11,2026-02-11T12:30:00-05:00,-0.0028596519632120287,0.0028596519632120287,0,2026-02-11T17:30:00+00:00,0.003685705957517049,0.003685705957517049,0.010347013083912941,16.244224739001826,16.614922590756677,180.0,0.0,0.6931471805599453,0.6931471805599453,0.0,0.0,0.0,0.0,0.0,0.0,3.871201010907891,3.4657359027997265,1.791759469228055,1.9459101490553132,1.9459101490553132,1.0986122886681098,1.6094379124341003,0.6931471805599453,2026-02-11T16:48:00+00:00,train,0.14363636363636365,0.005064144539958312,0.0031743182979321327,0.08215619903117923,0.004745732155878298,0.004745732155878298,0.08470355685568429,0.004935611525907579,0.004935611525907579,0.09686597540793379,0.005548966013476471,0.005548966013476471
2026-02-11T18:30:00+00:00,2026-02-11T19:30:00+00:00,2026-02-11,2026-02-11T13:30:00-05:00,0.0031602367312142388,0.0031602367312142388,0,2026-02-11T18:30:00+00:00,-0.0028596519632120287,0.0028596519632120287,0.0103020585834231,15.98443442133391,16.56978888847037,240.0,0.0,0.0,0.0,0.0,0.0,0.0,0.0,0.0,0.0,3.828641396489095,3.4657359027997265,1.791759469228055,1.9459101490553132,1.9459101490553132,1.0986122886681098,1.6094379124341003,0.6931471805599453,2026-02-11T16:48:00+00:00,train,0.14363636363636365,0.005064144539958312,0.0031743182979321327,0.0515979796579868,0.0039055359798337666,0.0039055359798337666,0.05537887304102192,0.004298049033458011,0.004298049033458011,0.06390970853887146,0.005337873943554913,0.005337873943554913
2026-02-11T19:30:00+00:00,2026-02-11T20:30:00+00:00,2026-02-11,2026-02-11T14:30:00-05:00,-0.0051030814507418976,0.0051030814507418976,0,2026-02-11T19:30:00+00:00,0.0031602367312142388,0.0031602367312142388,0.010303705238207703,15.851038351408514,16.54216303878269,300.0,0.0,1.3862943611198906,0.6931471805599453,0.0,0.0,0.0,0.0,1.0986122886681098,0.0,3.871201010907891,3.4965075614664802,1.791759469228055,1.9459101490553132,1.9459101490553132,1.0986122886681098,1.9459101490553132,0.6931471805599453,2026-02-11T19:26:14+00:00,train,0.14363636363636365,0.005064144539958312,0.0031743182979321327,0.03169791131844599,0.0029709897746265537,0.0029709897746265537,0.03087531072144602,0.0028119036007118194,0.0028119036007118194,0.049541505259113154,0.0040611672340116495,0.0040611672340116495
2026-02-12T14:30:00+00:00,2026-02-12T15:30:00+00:00,2026-02-12,2026-02-12T09:30:00-05:00,-0.006941907197661634,0.006941907197661634,0,2026-02-11T21:00:00+00:00,-0.00533893879177072,0.00533893879177072,0.010395418314145345,15.858510600894201,16.5229257408184,0.0,17.5,1.0986122886681098,1.0986122886681098,0.6931471805599453,0.0,0.6931471805599453,0.6931471805599453,0.0,0.0,3.7376696182833684,3.4657359027997265,2.1972245773362196,1.6094379124341003,1.791759469228055,1.3862943611198906,1.9459101490553132,0.6931471805599453,2026-02-12T13:47:28+00:00,train,0.14363636363636365,0.005064144539958312,0.0031743182979321327,0.2629392807801604,0.008079822117717834,0.008079822117717834,0.2637669969856385,0.008175482000606592,0.008175482000606592,0.22176901329665805,0.007914742639938025,0.007914742639938025
2026-02-12T15:30:00+00:00,2026-02-12T16:30:00+00:00,2026-02-12,2026-02-12T10:30:00-05:00,-0.022930047741448578,0.022930047741448578,1,2026-02-12T15:30:00+00:00,-0.006941907197661634,0.006941907197661634,0.010539434143626462,17.13573184092343,16.58205587116416,60.0,0.0,1.3862943611198906,1.0986122886681098,0.0,0.6931471805599453,0.0,0.0,0.0,0.0,3.6888794541139363,3.4339872044851463,2.1972245773362196,1.6094379124341003,1.6094379124341003,1.3862943611198906,1.9459101490553132,0.6931471805599453,2026-02-12T15:06:45+00:00,train,0.14363636363636365,0.005064144539958312,0.0031743182979321327,0.23201691574672426,0.007188037042824105,0.007188037042824105,0.22310262835224953,0.007083928824915736,0.007083928824915736,0.23183370349785548,0.007642277539115799,0.007642277539115799
2026-02-12T16:30:00+00:00,2026-02-12T17:30:00+00:00,2026-02-12,2026-02-12T11:30:00-05:00,0.012038167498682917,0.012038167498682917,1,2026-02-12T16:30:00+00:00,-0.022930047741448578,0.022930047741448578,0.011708487513083827,16.825301050069296,16.600940724787133,120.0,0.0,1.0986122886681098,1.0986122886681098,0.6931471805599453,0.0,0.0,0.0,0.0,0.0,3.6635616461296463,3.4339872044851463,2.1972245773362196,1.6094379124341003,1.6094379124341003,1.3862943611198906,1.791759469228055,0.6931471805599453,2026-02-12T15:39:40+00:00,train,0.14363636363636365,0.005064144539958312,0.0031743182979321327,0.35358832273304824,0.00977032059467487,0.00977032059467487,0.34768841411692536,0.009720428302407373,0.009720428302407373,0.3498902778060747,0.009389938223729414,0.009389938223729414
2026-02-12T17:30:00+00:00,2026-02-12T18:30:00+00:00,2026-02-12,2026-02-12T12:30:00-05:00,-0.0016353532527237924,0.0016353532527237924,0,2026-02-12T17:30:00+00:00,0.012038167498682917,0.012038167498682917,0.00862080197491074,16.51783426059399,16.476310145181102,180.0,0.0,0.0,0.0,0.0,0.0,0.0,0.0,0.0,0.0,3.6375861597263857,3.4011973816621555,2.1972245773362196,1.6094379124341003,1.6094379124341003,1.3862943611198906,1.791759469228055,0.6931471805599453,2026-02-12T15:39:40+00:00,train,0.14363636363636365,0.005064144539958312,0.0031743182979321327,0.0973192567081197,0.0053968814424497765,0.0053968814424497765,0.10104934683614525,0.0057017076377487135,0.0057017076377487135,0.10771175927219817,0.006340707166842071,0.006340707166842071
2026-02-12T18:30:00+00:00,2026-02-12T19:30:00+00:00,2026-02-12,2026-02-12T13:30:00-05:00,-0.0010567870448728867,0.0010567870448728867,0,2026-02-12T18:30:00+00:00,-0.0016353532527237924,0.0016353532527237924,0.00841840383888653,16.3777772433536,16.463636560438115,240.0,0.0,1.6094379124341003,0.6931471805599453,0.0,0.6931471805599453,0.0,0.0,0.0,0.0,3.7376696182833684,3.4339872044851463,2.1972245773362196,1.791759469228055,1.6094379124341003,1.3862943611198906,1.791759469228055,0.6931471805599453,2026-02-12T18:24:12+00:00,train,0.14363636363636365,0.005064144539958312,0.0031743182979321327,0.041541230328440336,0.0031368377935938867,0.0031368377935938867,0.03906674242871138,0.0028726918615317723,0.0028726918615317723,0.03536007546809851,0.0032622634791214713,0.0032622634791214713
2026-02-12T19:30:00+00:00,2026-02-12T20:30:00+00:00,2026-02-12,2026-02-12T14:30:00-05:00,-0.007774904341027455,0.007774904341027455,0,2026-02-12T19:30:00+00:00,-0.0010567870448728867,0.0010567870448728867,0.008419137097170919,16.06767218868342,16.44837467056952,300.0,0.0,1.3862943611198906,0.6931471805599453,0.0,0.6931471805599453,0.0,0.0,0.0,0.0,3.7376696182833684,3.4339872044851463,2.1972245773362196,1.9459101490553132,1.6094379124341003,1.3862943611198906,1.3862943611198906,0.6931471805599453,2026-02-12T19:20:46+00:00,train,0.14363636363636365,0.005064144539958312,0.0031743182979321327,0.02511683460810424,0.0022012681587612946,0.0022012681587612946,0.02389153664890166,0.001978703408231179,0.001978703408231179,0.023485404200863348,0.0026147689384952598,0.0026147689384952598
2026-02-13T14:30:00+00:00,2026-02-13T15:30:00+00:00,2026-02-13,2026-02-13T09:30:00-05:00,-0.01805667496845531,0.01805667496845531,1,2026-02-12T21:00:00+00:00,-0.003624887728855719,0.003624887728855719,0.008504011253710312,16.26659151526818,16.452410980985157,0.0,17.5,0.6931471805599453,0.6931471805599453,0.0,0.0,0.0,0.0,0.0,0.0,3.6375861597263857,3.091042453358316,1.3862943611198906,1.791759469228055,0.0,1.3862943611198906,1.0986122886681098,0.6931471805599453,2026-02-13T13:31:05+00:00,train,0.14363636363636365,0.005064144539958312,0.0031743182979321327,0.22204092849759272,0.007260082427803192,0.007260082427803192,0.22525159644873238,0.007471214014656547,0.007471214014656547,0.3244942231751286,0.008198890853314154,0.008198890853314154
2026-02-13T15:30:00+00:00,2026-02-13T16:30:00+00:00,2026-02-13,2026-02-13T10:30:00-05:00,-0.0025263302404564536,0.0025263302404564536,0,2026-02-13T15:30:00+00:00,-0.01805667496845531,0.01805667496845531,0.009141457824618338,17.40179237061045,16.544143647239437,60.0,0.0,1.0986122886681098,0.6931471805599453,0.0,0.0,0.6931471805599453,0.6931471805599453,0.0,0.0,3.6109179126442243,3.044522437723423,1.3862943611198906,1.6094379124341003,0.6931471805599453,1.6094379124341003,1.0986122886681098,0.6931471805599453,2026-02-13T15:09:29+00:00,train,0.14363636363636365,0.005064144539958312,0.0031743182979321327,0.35617253082913813,0.009003564718864742,0.009003564718864742,0.3496175366042673,0.008991170177359311,0.008991170177359311,0.29541152876079907,0.00813667861417801,0.00813667861417801
2026-02-13T16:30:00+00:00,2026-02-13T17:30:00+00:00,2026-02-13,2026-02-13T11:30:00-05:00,0.005229079650398205,0.005229079650398205,0,2026-02-13T16:30:00+00:00,-0.0025263302404564536,0.0025263302404564536,0.009128411231161279,16.63884408044619,16.55661935221911,120.0,0.0,1.0986122886681098,0.0,0.0,0.0,0.0,0.0,0.0,0.0,3.6109179126442243,2.9444389791664403,1.0986122886681098,1.6094379124341003,0.6931471805599453,1.6094379124341003,1.0986122886681098,0.6931471805599453,2026-02-13T16:15:56+00:00,train,0.14363636363636365,0.005064144539958312,0.0031743182979321327,0.1127577926213622,0.005175780039915594,0.005175780039915594,0.1077296137011783,0.005089786809377726,0.005089786809377726,0.09993754650888403,0.004842482778409254,0.004842482778409254
2026-02-13T17:30:00+00:00,2026-02-13T18:30:00+00:00,2026-02-13,2026-02-13T12:30:00-05:00,-0.0018421995144569658,0.0018421995144569658,0,2026-02-13T17:30:00+00:00,0.005229079650398205,0.005229079650398205,0.009103228996792504,16.109449682055118,16.49227010293134,180.0,0.0,1.0986122886681098,1.0986122886681098,0.6931471805599453,0.0,0.6931471805599453,0.0,0.6931471805599453,0.0,3.6635616461296463,3.044522437723423,1.3862943611198906,1.6094379124341003,1.0986122886681098,1.6094379124341003,1.3862943611198906,0.6931471805599453,2026-02-13T17:15:04+00:00,train,0.14363636363636365,0.005064144539958312,0.0031743182979321327,0.0729319311408688,0.004531705475905697,0.004531705475905697,0.07007342274370203,0.004423160973005411,0.004423160973005411,0.09730774256370778,0.005310785858022722,0.005310785858022722
2026-02-13T18:30:00+00:00,2026-02-13T19:30:00+00:00,2026-02-13,2026-02-13T13:30:00-05:00,-0.002985253122879672,0.002985253122879672,0,2026-02-13T18:30:00+00:00,-0.0018421995144569658,0.0018421995144569658,0.009088605918897652,16.002274951160892,16.475879487847944,240.0,0.0,1.9459101490553132,1.6094379124341003,0.0,0.6931471805599453,0.6931471805599453,0.0,0.0,0.6931471805599453,3.713572066704308,3.1780538303479458,1.3862943611198906,1.6094379124341003,1.3862943611198906,1.6094379124341003,1.3862943611198906,1.0986122886681098,2026-02-13T18:03:27+00:00,train,0.14363636363636365,0.005064144539958312,0.0031743182979321327,0.0420944831289739,0.003323119975820886,0.003323119975820886,0.03825361328753694,0.0028939399976008915,0.0028939399976008915,0.045679974510686616,0.004192292153309395,0.004192292153309395
2026-02-13T19:30:00+00:00,2026-02-13T20:30:00+00:00,2026-02-13,2026-02-13T14:30:00-05:00,-0.0076970839700161164,0.0076970839700161164,0,2026-02-13T19:30:00+00:00,-0.002985253122879672,0.002985253122879672,0.008991473474998,15.757799157117057,16.469325826511234,300.0,0.0,0.0,0.0,0.0,0.0,0.0,0.0,0.0,0.0,3.6375861597263857,3.1354942159291497,1.3862943611198906,1.3862943611198906,1.3862943611198906,1.6094379124341003,1.3862943611198906,1.0986122886681098,2026-02-13T18:03:27+00:00,train,0.14363636363636365,0.005064144539958312,0.0031743182979321327,0.028519194738909372,0.0027143939176119225,0.0027143939176119225,0.029364254310020495,0.0029426946322113233,0.0029426946322113233,0.030286309946945075,0.0032243069185941935,0.0032243069185941935
2026-02-17T14:30:00+00:00,2026-02-17T15:30:00+00:00,2026-02-17,2026-02-17T09:30:00-05:00,-0.007208879318698402,0.007208879318698402,0,2026-02-13T21:00:00+00:00,0.0026879810092754752,0.0026879810092754752,0.009052741412547229,16.27467238553346,16.480444527156216,0.0,89.5,0.6931471805599453,0.6931471805599453,0.0,0.6931471805599453,0.0,0.6931471805599453,0.0,0.0,3.7376696182833684,3.4657359027997265,1.791759469228055,2.0794415416798357,1.9459101490553132,2.3978952727983707,0.0,0.6931471805599453,2026-02-17T13:37:22+00:00,train,0.14363636363636365,0.005064144539958312,0.0031743182979321327,0.25483762462160336,0.00946696878111149,0.00946696878111149,0.2804482552911571,0.009960286830983505,0.009960286830983505,0.2792161089805534,0.010439362955918338,0.010439362955918338
2026-02-17T15:30:00+00:00,2026-02-17T16:30:00+00:00,2026-02-17,2026-02-17T10:30:00-05:00,0.017627539036364936,0.017627539036364936,1,2026-02-17T15:30:00+00:00,-0.007208879318698402,0.007208879318698402,0.009065358056663465,17.115035282119358,16.551176097954176,60.0,0.0,1.791759469228055,1.3862943611198906,1.0986122886681098,1.0986122886681098,0.0,1.3862943611198906,0.0,0.0,3.7612001156935624,3.4657359027997265,1.9459101490553132,2.302585092994046,1.791759469228055,2.5649493574615367,0.0,0.0,2026-02-17T15:23:20+00:00,train,0.14363636363636365,0.005064144539958312,0.0031743182979321327,0.21546543819317596,0.006875957278579356,0.006875957278579356,0.2058276340000631,0.006684244685314055,0.006684244685314055,0.17261467723427384,0.006750413151373186,0.006750413151373186
2026-02-17T16:30:00+00:00,2026-02-17T17:30:00+00:00,2026-02-17,2026-02-17T11:30:00-05:00,0.006182897322825287,0.006182897322825287,0,2026-02-17T16:30:00+00:00,0.017627539036364936,0.017627539036364936,0.010219693969893341,16.752514863042208,16.581675447752083,120.0,0.0,1.3862943611198906,1.0986122886681098,0.6931471805599453,0.0,0.0,0.0,0.0,0.0,3.8066624897703196,3.5263605246161616,2.0794415416798357,2.302585092994046,1.791759469228055,2.5649493574615367,0.0,0.0,2026-02-17T16:15:01+00:00,train,0.14363636363636365,0.005064144539958312,0.0031743182979321327,0.2090272476293631,0.007481263182054555,0.007481263182054555,0.20493668546918375,0.0073889971933656234,0.0073889971933656234,0.20230862034815772,0.007562624850124053,0.007562624850124053
2026-02-17T17:30:00+00:00,2026-02-17T18:30:00+00:00,2026-02-17,2026-02-17T12:30:00-05:00,0.00327484371603326,0.00327484371603326,0,2026-02-17T17:30:00+00:00,0.006182897322825287,0.006182897322825287,0.009706619342989803,16.361437359179696,16.518805480630288,180.0,0.0,1.6094379124341003,0.0,0.0,0.6931471805599453,0.0,0.0,0.0,0.0,3.871201010907891,3.4965075614664802,2.0794415416798357,2.3978952727983707,1.6094379124341003,2.4849066497880004,0.0,0.0,2026-02-17T17:14:08+00:00,train,0.14363636363636365,0.005064144539958312,0.0031743182979321327,0.0823572796479227,0.0048454213322864,0.0048454213322864,0.07990309410781114,0.004687230885783335,0.004687230885783335,0.0608961480970021,0.005230725893812548,0.005230725893812548
2026-02-17T18:30:00+00:00,2026-02-17T19:30:00+00:00,2026-02-17,2026-02-17T13:30:00-05:00,0.005702453778900329,0.005702453778900329,0,2026-02-17T18:30:00+00:00,0.00327484371603326,0.00327484371603326,0.009216359752628878,16.30111146669875,16.498040561372008,240.0,0.0,2.1972245773362196,1.3862943611198906,0.0,0.0,1.0986122886681098,0.0,0.0,0.0,4.02535169073515,3.58351893845611,2.0794415416798357,2.3978952727983707,1.9459101490553132,2.4849066497880004,0.0,0.0,2026-02-17T18:13:18+00:00,train,0.14363636363636365,0.005064144539958312,0.0031743182979321327,0.04624499630032411,0.003502793912375784,0.003502793912375784,0.044392215412928045,0.003200636768453285,0.003200636768453285,0.028569483346282946,0.00314271912647234,0.00314271912647234
2026-02-17T19:30:00+00:00,2026-02-17T20:30:00+00:00,2026-02-17,2026-02-17T14:30:00-05:00,-0.005390707844800557,0.005390707844800557,0,2026-02-17T19:30:00+00:00,0.005702453778900329,0.005702453778900329,0.009291085848035095,16.125663939078233,16.49369412855068,300.0,0.0,1.3862943611198906,1.0986122886681098,0.0,0.0,0.0,0.0,0.0,0.0,4.007333185232471,3.5553480614894135,1.9459101490553132,2.302585092994046,1.9459101490553132,2.4849066497880004,0.0,0.0,2026-02-17T18:49:29+00:00,train,0.14363636363636365,0.005064144539958312,0.0031743182979321327,0.03320674938672165,0.003062659946534976,0.003062659946534976,0.0336153804255982,0.00301663146182493,0.00301663146182493,0.030624159901618948,0.003116210538984203,0.003116210538984203
2026-02-18T14:30:00+00:00,2026-02-18T15:30:00+00:00,2026-02-18,2026-02-18T09:30:00-05:00,0.005434149937913801,0.005434149937913801,0,2026-02-17T21:00:00+00:00,-0.0021577793976558235,0.0021577793976558235,0.009323886633015003,16.039461018148582,16.503383952774076,0.0,17.5,1.6094379124341003,1.0986122886681098,0.6931471805599453,0.0,0.0,0.0,0.0,0.0,4.454347296253507,3.828641396489095,2.772588722239781,1.9459101490553132,2.5649493574615367,2.0794415416798357,0.0,1.0986122886681098,2026-02-18T14:27:29+00:00,train,0.14363636363636365,0.005064144539958312,0.0031743182979321327,0.21748736942355545,0.007209745861372139,0.007209745861372139,0.2426999625495765,0.0076356806117593,0.0076356806117593,0.1831447364135225,0.006615207102391605,0.006615207102391605
2026-02-18T15:30:00+00:00,2026-02-18T16:30:00+00:00,2026-02-18,2026-02-18T10:30:00-05:00,2.6293006856192846e-05,2.6293006856192846e-05,0,2026-02-18T15:30:00+00:00,0.005434149937913801,0.005434149937913801,0.009402330598116456,17.634402034603532,16.62462708587875,60.0,0.0,2.302585092994046,1.3862943611198906,0.0,0.0,0.6931471805599453,0.0,0.0,0.0,4.499809670330265,3.828641396489095,2.6390573296152584,1.6094379124341003,2.6390573296152584,1.6094379124341003,0.0,1.0986122886681098,2026-02-18T15:19:15+00:00,train,0.14363636363636365,0.005064144539958312,0.0031743182979321327,0.20741558884770026,0.006442580750192133,0.006442580750192133,0.22057526007913353,0.006579025098242741,0.006579025098242741,0.12886436845689261,0.005269940901141459,0.005269940901141459
2026-02-18T16:30:00+00:00,2026-02-18T17:30:00+00:00,2026-02-18,2026-02-18T11:30:00-05:00,-0.0033203966915197336,0.0033203966915197336,0,2026-02-18T16:30:00+00:00,2.6293006856192846e-05,2.6293006856192846e-05,0.0093769249522278,0.0,16.60066972444647,120.0,0.0,1.9459101490553132,1.3862943611198906,0.6931471805599453,0.6931471805599453,0.6931471805599453,0.6931471805599453,0.0,0.0,4.532599493153256,3.8501476017100584,2.6390573296152584,1.791759469228055,2.70805020110221,1.791759469228055,0.0,1.0986122886681098,2026-02-18T16:22:23+00:00,train,0.14363636363636365,0.005064144539958312,0.0031743182979321327,0.01420635923054131,0.004060618069669823,0.004060618069669823,0.014963691126726346,0.0038529754480068966,0.0038529754480068966,0.008018287547244657,0.0032071562326608594,0.0032071562326608594
2026-02-18T17:30:00+00:00,2026-02-18T18:30:00+00:00,2026-02-18,2026-02-18T12:30:00-05:00,-0.0010568375290590515,0.0010568375290590515,0,2026-02-18T17:30:00+00:00,-0.0033203966915197336,0.0033203966915197336,0.009301509860785954,16.224517413294635,16.548267576434018,180.0,0.0,1.6094379124341003,1.0986122886681098,0.6931471805599453,0.0,0.6931471805599453,0.0,0.0,0.0,4.532599493153256,3.8918202981106265,2.70805020110221,1.6094379124341003,2.772588722239781,1.791759469228055,0.0,1.0986122886681098,2026-02-18T17:26:54+00:00,train,0.14363636363636365,0.005064144539958312,0.0031743182979321327,0.07615086423824695,0.0045488292812515645,0.0045488292812515645,0.08594929975400112,0.004878449019083608,0.004878449019083608,0.05116369752997706,0.004089013434701774,0.004089013434701774
2026-02-18T18:30:00+00:00,2026-02-18T19:30:00+00:00,2026-02-18,2026-02-18T13:30:00-05:00,-0.001989037318536502,0.001989037318536502,0,2026-02-18T18:30:00+00:00,-0.0010568375290590515,0.0010568375290590515,0.007793758042010085,15.718379585390451,16.503107414899997,240.0,0.0,1.791759469228055,1.0986122886681098,0.0,0.0,0.0,0.0,0.0,0.0,4.499809670330265,3.871201010907891,2.70805020110221,1.6094379124341003,2.6390573296152584,1.791759469228055,0.0,1.0986122886681098,2026-02-18T18:25:41+00:00,train,0.14363636363636365,0.005064144539958312,0.0031743182979321327,0.03717789303780756,0.0029079314190173762,0.0029079314190173762,0.041273111107480415,0.003109602775482091,0.003109602775482091,0.02581893529521873,0.0019263005093581678,0.0019263005093581678
2026-02-18T19:30:00+00:00,2026-02-18T20:30:00+00:00,2026-02-18,2026-02-18T14:30:00-05:00,-0.008405990382887918,0.008405990382887918,0,2026-02-18T19:30:00+00:00,-0.001989037318536502,0.001989037318536502,0.007241136924253637,16.093459764259006,16.485404046330615,300.0,0.0,1.9459101490553132,1.6094379124341003,1.0986122886681098,0.0,0.0,0.6931471805599453,0.0,0.0,4.532599493153256,3.912023005428146,2.833213344056216,1.6094379124341003,2.6390573296152584,1.9459101490553132,0.0,1.0986122886681098,2026-02-18T19:22:14+00:00,train,0.14363636363636365,0.005064144539958312,0.0031743182979321327,0.025871450157884356,0.002171543190745553,0.002171543190745553,0.02869345904430838,0.002319633804982703,0.002319633804982703,0.017139318174046046,0.000510315830735371,0.000510315830735371
2026-02-19T14:30:00+00:00,2026-02-19T15:30:00+00:00,2026-02-19,2026-02-19T09:30:00-05:00,0.003149741074591539,0.003149741074591539,0,2026-02-18T21:00:00+00:00,0.004974286705095032,0.004974286705095032,0.007430500583582853,17.83905590395491,16.488706788466615,0.0,17.5,2.0794415416798357,1.791759469228055,0.0,0.0,0.0,0.0,0.0,0.0,4.343805421853684,3.6375861597263857,2.4849066497880004,1.6094379124341003,2.1972245773362196,1.9459101490553132,0.0,0.6931471805599453,2026-02-19T14:25:20+00:00,train,0.14363636363636365,0.005064144539958312,0.0031743182979321327,0.253046506903974,0.007146880713175773,0.007146880713175773,0.27083314479502113,0.007374653959250483,0.007374653959250483,0.21724989902264275,0.006174627206109746,0.006174627206109746
2026-02-19T15:30:00+00:00,2026-02-19T16:30:00+00:00,2026-02-19,2026-02-19T10:30:00-05:00,-0.0015990781449912728,0.0015990781449912728,0,2026-02-19T15:30:00+00:00,0.003149741074591539,0.003149741074591539,0.007496739070211549,16.83933886540651,16.526175843417505,60.0,0.0,1.791759469228055,1.6094379124341003,0.0,0.6931471805599453,1.0986122886681098,0.0,0.0,0.0,4.290459441148391,3.6635616461296463,2.4849066497880004,1.791759469228055,2.302585092994046,1.9459101490553132,0.0,0.6931471805599453,2026-02-19T15:27:32+00:00,train,0.14363636363636365,0.005064144539958312,0.0031743182979321327,0.14962925854149478,0.00553734275884294,0.00553734275884294,0.1589043442355869,0.005723628811602135,0.005723628811602135,0.11627007721889673,0.006072013725986548,0.006072013725986548
2026-02-19T16:30:00+00:00,2026-02-19T17:30:00+00:00,2026-02-19,2026-02-19T11:30:00-05:00,-0.0037367049666368057,0.0037367049666368057,0,2026-02-19T16:30:00+00:00,-0.0015990781449912728,0.0015990781449912728,0.0073318998477509625,16.351430929729766,16.533149344629727,120.0,0.0,1.9459101490553132,1.3862943611198906,0.6931471805599453,0.6931471805599453,0.0,0.0,0.0,0.0,4.290459441148391,3.6635616461296463,2.4849066497880004,1.791759469228055,2.1972245773362196,1.791759469228055,0.0,0.6931471805599453,2026-02-19T16:14:00+00:00,train,0.14363636363636365,0.005064144539958312,0.0031743182979321327,0.09315660275916467,0.004558430211034809,0.004558430211034809,0.0979658820114276,0.004644934201290434,0.004644934201290434,0.08338956677289004,0.004630456845718652,0.004630456845718652
2026-02-19T17:30:00+00:00,2026-02-19T18:30:00+00:00,2026-02-19,2026-02-19T12:30:00-05:00,-0.0022537416821527545,0.0022537416821527545,0,2026-02-19T17:30:00+00:00,-0.0037367049666368057,0.0037367049666368057,0.006160874805830876,16.093847117250323,16.442174408275363,180.0,0.0,1.6094379124341003,1.6094379124341003,0.0,0.0,1.0986122886681098,0.0,0.0,0.0,4.290459441148391,3.713572066704308,2.3978952727983707,1.791759469228055,2.302585092994046,1.791759469228055,0.0,0.6931471805599453,2026-02-19T17:26:00+00:00,train,0.14363636363636365,0.005064144539958312,0.0031743182979321327,0.05972560828313909,0.0037994112992065098,0.0037994112992065098,0.06471218260735431,0.003988573062457216,0.003988573062457216,0.046222743887425734,0.0039046393973029793,0.0039046393973029793
2026-02-19T18:30:00+00:00,2026-02-19T19:30:00+00:00,2026-02-19,2026-02-19T13:30:00-05:00,0.0018799340277402266,0.0018799340277402266,0,2026-02-19T18:30:00+00:00,-0.0022537416821527545,0.0022537416821527545,0.006155422617437954,15.961867013672089,16.411779701698656,240.0,0.0,1.0986122886681098,0.6931471805599453,0.0,0.0,0.6931471805599453,0.0,0.0,0.0,4.248495242049359,3.6888794541139363,2.3978952727983707,1.791759469228055,2.3978952727983707,1.791759469228055,0.0,0.6931471805599453,2026-02-19T18:18:34+00:00,train,0.14363636363636365,0.005064144539958312,0.0031743182979321327,0.034748725311195786,0.002675554111029021,0.002675554111029021,0.03862827949614193,0.002990808519066318,0.002990808519066318,0.02595317030977621,0.002955761399183075,0.002955761399183075
2026-02-19T19:30:00+00:00,2026-02-19T20:30:00+00:00,2026-02-19,2026-02-19T14:30:00-05:00,0.0014668836955358255,0.0014668836955358255,0,2026-02-19T19:30:00+00:00,0.0018799340277402266,0.0018799340277402266,0.006049087365116725,15.762933276794662,16.400898426477905,300.0,0.0,1.9459101490553132,1.791759469228055,1.0986122886681098,0.0,0.0,0.6931471805599453,0.0,0.0,4.248495242049359,3.713572066704308,2.3978952727983707,1.791759469228055,2.3978952727983707,1.791759469228055,0.0,0.6931471805599453,2026-02-19T19:17:11+00:00,train,0.14363636363636365,0.005064144539958312,0.0031743182979321327,0.020816060610345865,0.0016702681851592013,0.0016702681851592013,0.021636279445674093,0.0016138043035340438,0.0016138043035340438,0.015924073303119332,0.0004770509107472438,0.0004770509107472438
2026-02-20T14:30:00+00:00,2026-02-20T15:30:00+00:00,2026-02-20,2026-02-20T09:30:00-05:00,0.0069429452030980165,0.0069429452030980165,0,2026-02-19T21:00:00+00:00,0.005888999106234749,0.005888999106234749,0.006047360145278167,15.704430463912098,16.39568881105496,0.0,17.5,2.3978952727983707,0.6931471805599453,1.0986122886681098,1.3862943611198906,0.0,0.0,0.0,0.0,4.248495242049359,3.5553480614894135,2.3978952727983707,2.3978952727983707,2.0794415416798357,1.0986122886681098,0.0,0.6931471805599453,2026-02-20T14:29:00+00:00,train,0.14363636363636365,0.005064144539958312,0.0031743182979321327,0.18700859698301583,0.006761132787155933,0.006761132787155933,0.19374657442434126,0.006753650163426318,0.006753650163426318,0.1697646079966536,0.007331181476247331,0.007331181476247331
2026-02-20T15:30:00+00:00,2026-02-20T16:30:00+00:00,2026-02-20,2026-02-20T10:30:00-05:00,0.005084123986761391,0.005084123986761391,0,2026-02-20T15:30:00+00:00,0.0069429452030980165,0.0069429452030980165,0.00619888591932186,17.140538988704005,16.471617815105848,60.0,0.0,1.3862943611198906,0.6931471805599453,0.0,0.6931471805599453,0.0,0.0,0.0,0.0,4.219507705176107,3.4657359027997265,2.3978952727983707,2.3978952727983707,1.791759469228055,1.0986122886681098,0.0,0.6931471805599453,2026-02-20T15:01:59+00:00,train,0.14363636363636365,0.005064144539958312,0.0031743182979321327,0.160937133479953,0.005738616321138457,0.005738616321138457,0.17391731152736412,0.006048551245654907,0.006048551245654907,0.17373212221515252,0.006387273494890112,0.006387273494890112
2026-02-20T16:30:00+00:00,2026-02-20T17:30:00+00:00,2026-02-20,2026-02-20T11:30:00-05:00,-0.004528699043043316,0.004528699043043316,0,2026-02-20T16:30:00+00:00,0.005084123986761391,0.005084123986761391,0.005969185608660759,16.763746267786885,16.497775563241035,120.0,0.0,1.0986122886681098,0.6931471805599453,1.0986122886681098,0.6931471805599453,0.0,0.0,0.0,0.0,4.1588830833596715,3.4011973816621555,2.4849066497880004,2.3978952727983707,1.791759469228055,1.0986122886681098,0.0,0.6931471805599453,2026-02-20T16:00:54+00:00,train,0.14363636363636365,0.005064144539958312,0.0031743182979321327,0.09958958288349952,0.004648598325002138,0.004648598325002138,0.10855886844471119,0.004986559871032078,0.004986559871032078,0.11922592425522802,0.005589412586585726,0.005589412586585726
2026-02-20T17:30:00+00:00,2026-02-20T18:30:00+00:00,2026-02-20,2026-02-20T12:30:00-05:00,0.003964110606675231,0.003964110606675231,0,2026-02-20T17:30:00+00:00,-0.004528699043043316,0.004528699043043316,0.005800765724342717,16.487792362471403,16.453626448135882,180.0,0.0,1.3862943611198906,0.6931471805599453,0.0,0.6931471805599453,0.0,0.0,0.0,0.0,4.143134726391533,3.295836866004329,2.4849066497880004,2.4849066497880004,1.3862943611198906,1.0986122886681098,0.0,0.6931471805599453,2026-02-20T17:06:14+00:00,train,0.14363636363636365,0.005064144539958312,0.0031743182979321327,0.0649099183336341,0.0039061105966132856,0.0039061105966132856,0.0692927279070542,0.004092068549077629,0.004092068549077629,0.06830945992393472,0.004104005243689385,0.004104005243689385
2026-02-20T18:30:00+00:00,2026-02-20T19:30:00+00:00,2026-02-20,2026-02-20T13:30:00-05:00,0.0035241576877411696,0.0035241576877411696,0,2026-02-20T18:30:00+00:00,0.003964110606675231,0.003964110606675231,0.004403592580561905,16.294234886526123,16.428529296083685,240.0,0.0,1.0986122886681098,0.6931471805599453,0.0,0.0,0.0,0.0,0.0,0.0,4.143134726391533,3.295836866004329,2.4849066497880004,2.4849066497880004,1.0986122886681098,1.0986122886681098,0.0,0.6931471805599453,2026-02-20T18:16:28+00:00,train,0.14363636363636365,0.005064144539958312,0.0031743182979321327,0.034762174321715064,0.002455435501137969,0.002455435501137969,0.037952262637267246,0.002718168603027236,0.002718168603027236,0.04048061367637675,0.0023455202452223444,0.0023455202452223444
2026-02-20T19:30:00+00:00,2026-02-20T20:30:00+00:00,2026-02-20,2026-02-20T14:30:00-05:00,0.00031684388677843955,0.00031684388677843955,0,2026-02-20T19:30:00+00:00,0.0035241576877411696,0.0035241576877411696,0.004262181390897677,16.260686804729175,16.42403811427669,300.0,0.0,0.6931471805599453,0.6931471805599453,0.0,0.0,0.0,0.0,0.0,0.0,4.060443010546419,3.1354942159291497,2.302585092994046,2.4849066497880004,1.0986122886681098,0.6931471805599453,0.0,0.6931471805599453,2026-02-20T19:20:00+00:00,train,0.14363636363636365,0.005064144539958312,0.0031743182979321327,0.02206548604937514,0.001564044482769214,0.001564044482769214,0.024316258216740144,0.001890182056505337,0.001890182056505337,0.02962528099394167,0.0018019163433491431,0.0018019163433491431
2026-02-23T14:30:00+00:00,2026-02-23T15:30:00+00:00,2026-02-23,2026-02-23T09:30:00-05:00,-0.0006529290146924938,0.0006529290146924938,0,2026-02-20T21:00:00+00:00,0.0021116463640373784,0.0021116463640373784,0.004208463526594978,15.846214352850863,16.412150249417035,0.0,65.5,2.0794415416798357,1.0986122886681098,0.6931471805599453,1.3862943611198906,0.0,0.6931471805599453,0.0,0.0,4.060443010546419,3.332204510175204,1.791759469228055,3.1780538303479458,1.791759469228055,1.9459101490553132,0.6931471805599453,0.6931471805599453,2026-02-23T14:21:13+00:00,train,0.14363636363636365,0.005064144539958312,0.0031743182979321327,0.17425940981426571,0.007424502859376048,0.007424502859376048,0.18761100005236966,0.007586130352413076,0.007586130352413076,0.18703219486159425,0.00774583273277429,0.00774583273277429
2026-02-23T15:30:00+00:00,2026-02-23T16:30:00+00:00,2026-02-23,2026-02-23T10:30:00-05:00,-0.004355848706631749,0.004355848706631749,0,2026-02-23T15:30:00+00:00,-0.0006529290146924938,0.0006529290146924938,0.00401124976375043,17.3556961914759,16.499161438545123,60.0,0.0,2.1972245773362196,1.6094379124341003,0.6931471805599453,1.791759469228055,0.0,0.0,0.0,0.0,4.189654742026425,3.4657359027997265,1.9459101490553132,3.367295829986474,1.791759469228055,1.9459101490553132,0.6931471805599453,0.6931471805599453,2026-02-23T15:08:29+00:00,train,0.14363636363636365,0.005064144539958312,0.0031743182979321327,0.12028948254801416,0.004436774633420308,0.004436774633420308,0.12351341322854406,0.004455095179662785,0.004455095179662785,0.16593193819692567,0.006013008313846839,0.006013008313846839
2026-02-23T16:30:00+00:00,2026-02-23T17:30:00+00:00,2026-02-23,2026-02-23T11:30:00-05:00,0.002414779997970129,0.002414779997970129,0,2026-02-23T16:30:00+00:00,-0.004355848706631749,0.004355848706631749,0.003944956767175222,16.691572303167757,16.519984528637288,120.0,0.0,2.0794415416798357,1.791759469228055,0.6931471805599453,1.3862943611198906,1.0986122886681098,0.6931471805599453,0.6931471805599453,0.0,4.2626798770413155,3.6109179126442243,2.0794415416798357,3.4339872044851463,2.0794415416798357,2.0794415416798357,1.0986122886681098,0.6931471805599453,2026-02-23T16:26:28+00:00,train,0.14363636363636365,0.005064144539958312,0.0031743182979321327,0.09439454211200721,0.004348096030806231,0.004348096030806231,0.0993137434310022,0.0044166898543755335,0.0044166898543755335,0.12830148487163845,0.006064517664619069,0.006064517664619069
2026-02-23T17:30:00+00:00,2026-02-23T18:30:00+00:00,2026-02-23,2026-02-23T12:30:00-05:00,0.0027233909385777633,0.0027233909385777633,0,2026-02-23T17:30:00+00:00,0.002414779997970129,0.002414779997970129,0.003780163626484688,16.267694960423785,16.399466796335545,180.0,0.0,1.9459101490553132,1.0986122886681098,0.6931471805599453,1.6094379124341003,0.0,0.6931471805599453,0.6931471805599453,0.0,4.276666119016055,3.5553480614894135,2.1972245773362196,3.5263605246161616,2.0794415416798357,2.1972245773362196,1.3862943611198906,0.6931471805599453,2026-02-23T17:16:00+00:00,train,0.14363636363636365,0.005064144539958312,0.0031743182979321327,0.04627338768426705,0.0028492579827390685,0.0028492579827390685,0.04915145832566897,0.002924010311042655,0.002924010311042655,0.06637148890977032,0.0041361968868359154,0.0041361968868359154
2026-02-23T18:30:00+00:00,2026-02-23T19:30:00+00:00,2026-02-23,2026-02-23T13:30:00-05:00,-0.00457494524299884,0.00457494524299884,0,2026-02-23T18:30:00+00:00,0.0027233909385777633,0.0027233909385777633,0.003834741446244043,16.34090074500233,16.445544517001622,240.0,0.0,1.3862943611198906,0.6931471805599453,0.0,0.6931471805599453,0.0,0.0,0.0,0.0,4.290459441148391,3.5553480614894135,2.1972245773362196,3.5263605246161616,2.0794415416798357,2.1972245773362196,1.3862943611198906,0.6931471805599453,2026-02-23T18:05:51+00:00,train,0.14363636363636365,0.005064144539958312,0.0031743182979321327,0.03264077735595221,0.0021767166139451516,0.0021767166139451516,0.036188632366392665,0.0024441468685473112,0.0024441468685473112,0.036755653451467384,0.002734712938039111,0.002734712938039111
2026-02-23T19:30:00+00:00,2026-02-23T20:30:00+00:00,2026-02-23,2026-02-23T14:30:00-05:00,0.0016791313067709979,0.0016791313067709979,0,2026-02-23T19:30:00+00:00,-0.00457494524299884,0.00457494524299884,0.0039012262020437292,16.083355023218825,16.44025331766681,300.0,0.0,1.6094379124341003,1.3862943611198906,0.0,1.6094379124341003,0.0,0.0,0.0,0.0,4.330733340286331,3.6375861597263857,2.1972245773362196,3.6375861597263857,2.0794415416798357,2.1972245773362196,1.3862943611198906,0.6931471805599453,2026-02-23T19:10:31+00:00,train,0.14363636363636365,0.005064144539958312,0.0031743182979321327,0.02424311552220728,0.0018822962395808793,0.0018822962395808793,0.026706772763284398,0.002058249977251195,0.002058249977251195,0.035357464060521954,0.003402583672793372,0.003402583672793372
2026-02-24T14:30:00+00:00,2026-02-24T15:30:00+00:00,2026-02-24,2026-02-24T09:30:00-05:00,0.002741697233783036,0.002741697233783036,0,2026-02-23T21:00:00+00:00,0.0037718121588625753,0.0037718121588625753,0.003913280913532036,16.19074946633838,16.45284770534262,0.0,17.5,2.0794415416798357,1.791759469228055,0.6931471805599453,0.6931471805599453,1.0986122886681098,0.0,0.0,0.0,4.59511985013459,4.189654742026425,2.833213344056216,3.6635616461296463,2.9444389791664403,2.0794415416798357,1.3862943611198906,0.0,2026-02-24T14:25:16+00:00,train,0.14363636363636365,0.005064144539958312,0.0031743182979321327,0.17256150935682738,0.006083558916512797,0.006083558916512797,0.19699036509974627,0.006490669912624361,0.006490669912624361,0.1976459778879889,0.008093729449857014,0.008093729449857014
2026-02-24T15:30:00+00:00,2026-02-24T16:30:00+00:00,2026-02-24,2026-02-24T10:30:00-05:00,0.0007812182108561938,0.0007812182108561938,0,2026-02-24T15:30:00+00:00,0.002741697233783036,0.002741697233783036,0.003926341127042791,17.278670990836698,16.52914448435036,60.0,0.0,2.302585092994046,2.1972245773362196,1.6094379124341003,1.0986122886681098,1.0986122886681098,0.6931471805599453,0.0,0.0,4.605170185988092,4.248495242049359,2.995732273553991,3.58351893845611,3.044522437723423,2.1972245773362196,1.3862943611198906,0.0,2026-02-24T15:26:55+00:00,train,0.14363636363636365,0.005064144539958312,0.0031743182979321327,0.1308547125141272,0.004717737648707076,0.004717737648707076,0.14566978353155915,0.004988471893793821,0.004988471893793821,0.13709889593639327,0.006401923452914766,0.006401923452914766
2026-02-24T16:30:00+00:00,2026-02-24T17:30:00+00:00,2026-02-24,2026-02-24T11:30:00-05:00,0.0056461063426263,0.0056461063426263,0,2026-02-24T16:30:00+00:00,0.0007812182108561938,0.0007812182108561938,0.003350776034827202,16.644672588875576,16.53907509693554,120.0,0.0,2.1972245773362196,1.3862943611198906,0.6931471805599453,1.9459101490553132,1.0986122886681098,0.0,0.0,0.0,4.61512051684126,4.219507705176107,2.995732273553991,3.6635616461296463,3.044522437723423,2.0794415416798357,1.0986122886681098,0.0,2026-02-24T16:20:00+00:00,train,0.14363636363636365,0.005064144539958312,0.0031743182979321327,0.07484572788926447,0.0035052203569281397,0.0035052203569281397,0.08446922953303505,0.003781225640774686,0.003781225640774686,0.08186797996131459,0.006567828415631528,0.006567828415631528
2026-02-24T17:30:00+00:00,2026-02-24T18:30:00+00:00,2026-02-24,2026-02-24T12:30:00-05:00,-0.0015514636963970263,0.0015514636963970263,0,2026-02-24T17:30:00+00:00,0.0056461063426263,0.0056461063426263,0.0034885983012107108,16.40054560974373,16.514804057487705,180.0,0.0,1.6094379124341003,0.6931471805599453,0.6931471805599453,1.0986122886681098,0.0,0.0,0.0,0.0,4.59511985013459,4.204692619390966,2.995732273553991,3.6109179126442243,3.044522437723423,1.9459101490553132,0.6931471805599453,0.0,2026-02-24T17:20:57+00:00,train,0.14363636363636365,0.005064144539958312,0.0031743182979321327,0.05876816092183681,0.0033990429274052907,0.0033990429274052907,0.06889761162802868,0.0038373924754159486,0.0038373924754159486,0.07180461281809529,0.005585377400487225,0.005585377400487225
2026-02-24T18:30:00+00:00,2026-02-24T19:30:00+00:00,2026-02-24,2026-02-24T13:30:00-05:00,-0.002669230241195586,0.002669230241195586,0,2026-02-24T18:30:00+00:00,-0.0015514636963970263,0.0015514636963970263,0.0034868381731141414,15.90944149453008,16.499517929404785,240.0,0.0,2.1972245773362196,1.3862943611198906,0.6931471805599453,0.6931471805599453,0.0,0.0,1.0986122886681098,0.0,4.6443908991413725,4.23410650459726,3.044522437723423,3.6109179126442243,3.044522437723423,1.9459101490553132,1.3862943611198906,0.0,2026-02-24T18:15:51+00:00,train,0.14363636363636365,0.005064144539958312,0.0031743182979321327,0.031107845647868015,0.0020615593449763527,0.0020615593449763527,0.03531976576228025,0.0022686258060830734,0.0022686258060830734,0.059460397841884095,0.0043928673864186306,0.0043928673864186306
2026-02-24T19:30:00+00:00,2026-02-24T20:30:00+00:00,2026-02-24,2026-02-24T14:30:00-05:00,0.0018188276974360207,0.0018188276974360207,0,2026-02-24T19:30:00+00:00,-0.002669230241195586,0.002669230241195586,0.0034200520572822647,15.972420535182072,16.49569997001756,300.0,0.0,1.3862943611198906,0.6931471805599453,0.0,0.6931471805599453,0.0,0.0,0.6931471805599453,0.0,4.634728988229636,4.204692619390966,3.044522437723423,3.5263605246161616,3.044522437723423,1.9459101490553132,1.6094379124341003,0.0,2026-02-24T19:01:02+00:00,train,0.14363636363636365,0.005064144539958312,0.0031743182979321327,0.021857988520949057,0.0014717027115584624,0.0014717027115584624,0.026321789011125134,0.0019535266911988583,0.0019535266911988583,0.035442891253266995,0.003857473270163222,0.003857473270163222
2026-02-25T14:30:00+00:00,2026-02-25T15:30:00+00:00,2026-02-25,2026-02-25T09:30:00-05:00,0.00809946906915493,0.00809946906915493,0,2026-02-24T21:00:00+00:00,0.0004149687942358593,0.0004149687942358593,0.0033409079131655533,16.135004192464528,16.498423468121345,0.0,17.5,1.9459101490553132,1.3862943611198906,0.6931471805599453,1.3862943611198906,0.0,0.0,0.0,0.0,4.718498871295094,3.9889840465642745,3.1354942159291497,3.9512437185814275,2.1972245773362196,1.6094379124341003,1.9459101490553132,0.6931471805599453,2026-02-25T14:07:10+00:00,train,0.14363636363636365,0.005064144539958312,0.0031743182979321327,0.1526227625092498,0.005533221798684263,0.005533221798684263,0.18082585233099832,0.00609112188300685,0.00609112188300685,0.23455041052005893,0.007273267929237631,0.007273267929237631
2026-02-25T15:30:00+00:00,2026-02-25T16:30:00+00:00,2026-02-25,2026-02-25T10:30:00-05:00,0.0015297698791472136,0.0015297698791472136,0,2026-02-25T15:30:00+00:00,0.00809946906915493,0.00809946906915493,0.0036857968782978987,17.83197838593124,16.65179833873991,60.0,0.0,1.791759469228055,1.6094379124341003,0.6931471805599453,1.0986122886681098,0.6931471805599453,0.6931471805599453,0.0,0.0,4.68213122712422,3.912023005428146,2.995732273553991,3.9512437185814275,2.0794415416798357,1.6094379124341003,1.9459101490553132,0.6931471805599453,2026-02-25T15:10:16+00:00,train,0.14363636363636365,0.005064144539958312,0.0031743182979321327,0.1848517191630384,0.005610611746142907,0.005610611746142907,0.21470600556645777,0.0061473319640762926,0.0061473319640762926,0.23370654814711764,0.006613689470872904,0.006613689470872904
2026-02-25T16:30:00+00:00,2026-02-25T17:30:00+00:00,2026-02-25,2026-02-25T11:30:00-05:00,0.005246262770288279,0.005246262770288279,0,2026-02-25T16:30:00+00:00,0.0015297698791472136,0.0015297698791472136,0.0036858446743879406,0.0,16.629479447916665,120.0,0.0,0.6931471805599453,0.0,0.0,0.0,0.0,0.6931471805599453,0.0,0.0,4.61512051684126,3.8501476017100584,2.9444389791664403,3.828641396489095,1.791759469228055,1.791759469228055,1.9459101490553132,0.6931471805599453,2026-02-25T15:30:12+00:00,train,0.14363636363636365,0.005064144539958312,0.0031743182979321327,0.01146587953268315,0.0030614769766052533,0.0030614769766052533,0.013874340012653455,0.003464935629677351,0.003464935629677351,0.01264057880203984,0.0030729181877139754,0.0030729181877139754
2026-02-25T17:30:00+00:00,2026-02-25T18:30:00+00:00,2026-02-25,2026-02-25T12:30:00-05:00,-0.003142605394224729,0.003142605394224729,0,2026-02-25T17:30:00+00:00,0.005246262770288279,0.005246262770288279,0.0035704010196210543,16.658523260499454,16.597080893239216,180.0,0.0,2.4849066497880004,1.791759469228055,1.0986122886681098,2.0794415416798357,0.6931471805599453,0.0,0.0,0.0,4.68213122712422,3.9318256327243257,2.995732273553991,3.9318256327243257,1.9459101490553132,1.791759469228055,1.9459101490553132,0.6931471805599453,2026-02-25T17:17:10+00:00,train,0.14363636363636365,0.005064144539958312,0.0031743182979321327,0.06424050690091786,0.0034755248463573503,0.0034755248463573503,0.07206072258498213,0.003646452746055172,0.003646452746055172,0.09176430036634953,0.005375847353131996,0.005375847353131996
2026-02-25T18:30:00+00:00,2026-02-25T19:30:00+00:00,2026-02-25,2026-02-25T13:30:00-05:00,0.0019056712509608609,0.0019056712509608609,0,2026-02-25T18:30:00+00:00,-0.003142605394224729,0.003142605394224729,0.003592815639227397,17.69856207344924,16.68450827370507,240.0,0.0,2.995732273553991,1.791759469228055,0.6931471805599453,1.6094379124341003,1.0986122886681098,1.3862943611198906,1.3862943611198906,0.0,4.77912349311153,3.970291913552122,2.995732273553991,3.9889840465642745,2.1972245773362196,2.1972245773362196,2.0794415416798357,0.6931471805599453,2026-02-25T18:26:03+00:00,train,0.14363636363636365,0.005064144539958312,0.0031743182979321327,0.050182176773547825,0.0027076269014736937,0.0027076269014736937,0.05561060683071824,0.002755840680072976,0.002755840680072976,0.06706895116951388,0.0035770084626798675,0.0035770084626798675
2026-02-25T19:30:00+00:00,2026-02-25T20:30:00+00:00,2026-02-25,2026-02-25T14:30:00-05:00,-0.0009843280938802712,0.0009843280938802712,0,2026-02-25T19:30:00+00:00,0.0019056712509608609,0.0019056712509608609,0.003356680734755379,0.0,16.64256982802198,300.0,0.0,2.5649493574615367,2.0794415416798357,1.0986122886681098,1.791759469228055,0.6931471805599453,1.0986122886681098,0.6931471805599453,0.0,4.852030263919617,4.07753744390572,3.091042453358316,4.060443010546419,2.302585092994046,2.3978952727983707,2.0794415416798357,0.6931471805599453,2026-02-25T19:22:35+00:00,train,0.14363636363636365,0.005064144539958312,0.0031743182979321327,0.003200536032042354,0.0006886923868395364,0.0006886923868395364,0.0035319990332968844,0.0004375022916869751,0.0004375022916869751,0.004274067559007749,0.0014665657657260307,0.0014665657657260307
2026-03-02T14:30:00+00:00,2026-03-02T15:30:00+00:00,2026-03-02,2026-03-02T09:30:00-05:00,0.032608677624304416,0.032608677624304416,1,2026-02-27T21:00:00+00:00,-0.009670723536483905,0.009670723536483905,0.010464120144566706,17.076244921555126,17.006300955700553,0.0,65.5,2.0794415416798357,1.3862943611198906,0.0,0.0,0.6931471805599453,0.6931471805599453,0.0,0.0,3.784189633918261,3.4965075614664802,1.6094379124341003,1.3862943611198906,2.4849066497880004,1.0986122886681098,0.6931471805599453,0.0,2026-03-02T14:17:15+00:00,test,0.14363636363636365,0.005064144539958312,0.0031743182979321327,0.49731929025040494,0.011182812162179354,0.011182812162179354,0.4990146460345362,0.011129949831658282,0.011129949831658282,0.38393908928704973,0.010622595697362243,0.010622595697362243
2026-03-02T15:30:00+00:00,2026-03-02T16:30:00+00:00,2026-03-02,2026-03-02T10:30:00-05:00,0.002382362805111171,0.002382362805111171,0,2026-03-02T15:30:00+00:00,0.032608677624304416,0.032608677624304416,0.013081575274991201,17.627811300649007,17.07890592467146,60.0,0.0,1.791759469228055,1.6094379124341003,0.0,0.6931471805599453,0.6931471805599453,0.0,0.6931471805599453,0.6931471805599453,3.871201010907891,3.6109179126442243,1.3862943611198906,1.6094379124341003,2.5649493574615367,1.0986122886681098,1.0986122886681098,0.6931471805599453,2026-03-02T15:22:12+00:00,test,0.14363636363636365,0.005064144539958312,0.0031743182979321327,0.6220829745047177,0.011710348569742474,0.011710348569742474,0.6118846240818614,0.0115228615906319,0.0115228615906319,0.7441368825104616,0.014254501914169833,0.014254501914169833
2026-03-02T16:30:00+00:00,2026-03-02T17:30:00+00:00,2026-03-02,2026-03-02T11:30:00-05:00,0.011744549305956475,0.011744549305956475,1,2026-03-02T16:30:00+00:00,0.002382362805111171,0.002382362805111171,0.01308799273365094,17.72149677861814,17.15325763505526,120.0,0.0,1.3862943611198906,1.0986122886681098,0.6931471805599453,0.6931471805599453,0.0,0.0,0.0,0.0,3.9318256327243257,3.6635616461296463,1.6094379124341003,1.791759469228055,2.5649493574615367,1.0986122886681098,1.0986122886681098,0.6931471805599453,2026-03-02T16:15:05+00:00,test,0.14363636363636365,0.005064144539958312,0.0031743182979321327,0.23009659712543917,0.006699385608336225,0.006699385608336225,0.2278216524057325,0.006719851885195818,0.006719851885195818,0.2591580018212542,0.008144335227184128,0.008144335227184128
2026-03-02T17:30:00+00:00,2026-03-02T18:30:00+00:00,2026-03-02,2026-03-02T12:30:00-05:00,-0.003331751786242454,0.003331751786242454,0,2026-03-02T17:30:00+00:00,0.011744549305956475,0.011744549305956475,0.013241695225096576,0.0,17.049487286091438,180.0,0.0,1.791759469228055,1.3862943611198906,0.6931471805599453,0.0,0.0,0.6931471805599453,0.0,0.0,4.007333185232471,3.713572066704308,1.6094379124341003,1.791759469228055,2.4849066497880004,1.3862943611198906,1.0986122886681098,0.6931471805599453,2026-03-02T17:25:48+00:00,test,0.14363636363636365,0.005064144539958312,0.0031743182979321327,0.02875847511670792,0.0063630060528562845,0.0063630060528562845,0.026577406404191258,0.005750385135100436,0.005750385135100436,0.02175589325240364,0.005332281153435311,0.005332281153435311
2026-03-02T18:30:00+00:00,2026-03-02T19:30:00+00:00,2026-03-02,2026-03-02T13:30:00-05:00,0.0010688261303402058,0.0010688261303402058,0,2026-03-02T18:30:00+00:00,-0.003331751786242454,0.003331751786242454,0.013246433243818018,16.141610887786957,17.069455580743885,240.0,0.0,1.6094379124341003,1.0986122886681098,0.0,0.0,0.0,0.0,0.0,0.0,4.07753744390572,3.7612001156935624,1.6094379124341003,1.791759469228055,2.4849066497880004,1.3862943611198906,1.0986122886681098,0.6931471805599453,2026-03-02T18:12:58+00:00,test,0.14363636363636365,0.005064144539958312,0.0031743182979321327,0.09626513099151439,0.005284047908118832,0.005284047908118832,0.0960225209059837,0.005212972258288376,0.005212972258288376,0.09054873531393781,0.005438472072136269,0.005438472072136269
2026-03-02T19:30:00+00:00,2026-03-02T20:30:00+00:00,2026-03-02,2026-03-02T14:30:00-05:00,-0.002710232223149811,0.002710232223149811,0,2026-03-02T19:30:00+00:00,0.0010688261303402058,0.0010688261303402058,0.013179218758534818,17.833587476594595,17.14103633281244,300.0,0.0,1.791759469228055,1.0986122886681098,0.6931471805599453,0.6931471805599453,0.6931471805599453,0.0,0.0,0.6931471805599453,4.143134726391533,3.784189633918261,1.791759469228055,1.9459101490553132,2.5649493574615367,1.3862943611198906,1.0986122886681098,1.0986122886681098,2026-03-02T19:12:56+00:00,test,0.14363636363636365,0.005064144539958312,0.0031743182979321327,0.07213577069105456,0.0041504103843585565,0.0041504103843585565,0.0720131664084889,0.004063590881803009,0.004063590881803009,0.08100962988984547,0.006025825045007545,0.006025825045007545
2026-03-03T14:30:00+00:00,2026-03-03T15:30:00+00:00,2026-03-03,2026-03-03T09:30:00-05:00,-0.0039640237020678315,0.0039640237020678315,0,2026-03-02T21:00:00+00:00,0.0009881316154121134,0.0009881316154121134,0.013175849423004694,16.57782341386996,17.081483371531846,0.0,17.5,1.6094379124341003,1.3862943611198906,0.6931471805599453,0.6931471805599453,0.6931471805599453,0.0,0.0,0.0,4.23410650459726,3.713572066704308,2.3978952727983707,2.5649493574615367,2.6390573296152584,0.6931471805599453,1.0986122886681098,1.0986122886681098,2026-03-03T13:51:41+00:00,test,0.14363636363636365,0.005064144539958312,0.0031743182979321327,0.364451324874474,0.008534362308896738,0.008534362308896738,0.3805018491314577,0.008778412974333794,0.008778412974333794,0.38983349135687856,0.009638953957223265,0.009638953957223265
2026-03-03T15:30:00+00:00,2026-03-03T16:30:00+00:00,2026-03-03,2026-03-03T10:30:00-05:00,0.008747794681724708,0.008747794681724708,0,2026-03-03T15:30:00+00:00,-0.0039640237020678315,0.0039640237020678315,0.013173924213764886,17.741651928582947,17.17384003247292,60.0,0.0,1.9459101490553132,0.6931471805599453,1.0986122886681098,0.6931471805599453,0.6931471805599453,0.0,0.0,0.6931471805599453,4.248495242049359,3.6375861597263857,2.5649493574615367,2.5649493574615367,2.6390573296152584,0.6931471805599453,0.6931471805599453,1.0986122886681098,2026-03-03T15:22:12+00:00,test,0.14363636363636365,0.005064144539958312,0.0031743182979321327,0.3514048594984452,0.007964926678645365,0.007964926678645365,0.3577264496831549,0.008039124311718378,0.008039124311718378,0.34593839401467663,0.009279689871662595,0.009279689871662595
2026-03-03T16:30:00+00:00,2026-03-03T17:30:00+00:00,2026-03-03,2026-03-03T11:30:00-05:00,0.004405617351459279,0.004405617351459279,0,2026-03-03T16:30:00+00:00,0.008747794681724708,0.008747794681724708,0.013362947711949468,17.25710216266551,17.20413994554703,120.0,0.0,1.6094379124341003,0.6931471805599453,0.0,0.0,0.0,0.0,0.6931471805599453,0.6931471805599453,4.2626798770413155,3.6109179126442243,2.4849066497880004,2.4849066497880004,2.6390573296152584,0.6931471805599453,1.0986122886681098,1.3862943611198906,2026-03-03T15:50:00+00:00,test,0.14363636363636365,0.005064144539958312,0.0031743182979321327,0.2853172536250624,0.0077134862346749,0.0077134862346749,0.2958181001176744,0.007861858082371793,0.007861858082371793,0.373238308535081,0.008618426608281717,0.008618426608281717
2026-03-03T17:30:00+00:00,2026-03-03T18:30:00+00:00,2026-03-03,2026-03-03T12:30:00-05:00,0.0002775557538852169,0.0002775557538852169,0,2026-03-03T17:30:00+00:00,0.004405617351459279,0.004405617351459279,0.009264631754786787,16.775728497248995,17.09792043966464,180.0,0.0,1.3862943611198906,0.6931471805599453,1.0986122886681098,0.0,0.0,0.0,0.0,0.0,4.23410650459726,3.5553480614894135,2.5649493574615367,2.4849066497880004,2.6390573296152584,0.0,1.0986122886681098,1.3862943611198906,2026-03-03T17:23:58+00:00,test,0.14363636363636365,0.005064144539958312,0.0031743182979321327,0.12706858817131403,0.005246129522302793,0.005246129522302793,0.13526253619120546,0.005465440940489001,0.005465440940489001,0.12794219380716546,0.0049596981591848305,0.0049596981591848305
2026-03-03T18:30:00+00:00,2026-03-03T19:30:00+00:00,2026-03-03,2026-03-03T13:30:00-05:00,-0.0034411673613169436,0.0034411673613169436,0,2026-03-03T18:30:00+00:00,0.0002775557538852169,0.0002775557538852169,0.009086171804445929,16.479202380014062,17.052597149673186,240.0,0.0,1.791759469228055,1.0986122886681098,0.6931471805599453,0.6931471805599453,0.0,0.0,0.0,0.0,4.248495242049359,3.5553480614894135,2.6390573296152584,2.5649493574615367,2.6390573296152584,0.0,1.0986122886681098,1.3862943611198906,2026-03-03T18:12:13+00:00,test,0.14363636363636365,0.005064144539958312,0.0031743182979321327,0.06706333861128064,0.0037560423355100393,0.0037560423355100393,0.06957182348642665,0.0037924671773529525,0.0037924671773529525,0.06825451981242525,0.003737987945232545,0.003737987945232545
2026-03-03T19:30:00+00:00,2026-03-03T20:30:00+00:00,2026-03-03,2026-03-03T14:30:00-05:00,0.003592137899480985,0.003592137899480985,0,2026-03-03T19:30:00+00:00,-0.0034411673613169436,0.0034411673613169436,0.00913092055784144,16.43252186432278,17.036605474825556,300.0,0.0,1.9459101490553132,1.3862943611198906,0.6931471805599453,0.0,0.0,0.0,0.6931471805599453,0.0,4.2626798770413155,3.58351893845611,2.6390573296152584,2.4849066497880004,2.5649493574615367,0.0,1.3862943611198906,1.0986122886681098,2026-03-03T19:14:54+00:00,test,0.14363636363636365,0.005064144539958312,0.0031743182979321327,0.052971693187811864,0.003582029232889996,0.003582029232889996,0.05456969825012903,0.0035361662205776133,0.0035361662205776133,0.0706640912768558,0.0034917874266676367,0.0034917874266676367
2026-03-04T14:30:00+00:00,2026-03-04T15:30:00+00:00,2026-03-04,2026-03-04T09:30:00-05:00,0.017186927911715832,0.017186927911715832,1,2026-03-03T21:00:00+00:00,-0.0006658996627062486,0.0006658996627062486,0.00863219694146461,16.314406318935863,17.029748349766244,0.0,17.5,1.0986122886681098,0.0,0.0,1.0986122886681098,0.0,0.0,0.0,0.0,4.276666119016055,3.4011973816621555,2.302585092994046,2.5649493574615367,2.3978952727983707,0.6931471805599453,1.0986122886681098,1.3862943611198906,2026-03-04T14:15:27+00:00,test,0.14363636363636365,0.005064144539958312,0.0031743182979321327,0.29139323113570037,0.007446846325226368,0.007446846325226368,0.32039318525138366,0.007968019576949892,0.007968019576949892,0.2918056302013258,0.008236286308420628,0.008236286308420628
2026-03-04T15:30:00+00:00,2026-03-04T16:30:00+00:00,2026-03-04,2026-03-04T10:30:00-05:00,-0.0058862102474560585,0.0058862102474560585,0,2026-03-04T15:30:00+00:00,0.017186927911715832,0.017186927911715832,0.009277097882390966,17.718242474591452,17.086730194833123,60.0,0.0,1.9459101490553132,1.0986122886681098,0.0,0.0,0.0,0.0,0.0,0.0,4.276666119016055,3.4339872044851463,2.0794415416798357,2.4849066497880004,2.302585092994046,0.6931471805599453,1.0986122886681098,1.0986122886681098,2026-03-04T15:29:14+00:00,test,0.14363636363636365,0.005064144539958312,0.0031743182979321327,0.4055194506898064,0.008683961801363502,0.008683961801363502,0.4184902484725025,0.008796630345822553,0.008796630345822553,0.3771873772929602,0.007513951532093017,0.007513951532093017
2026-03-04T16:30:00+00:00,2026-03-04T17:30:00+00:00,2026-03-04,2026-03-04T11:30:00-05:00,0.00046604559600704754,0.00046604559600704754,0,2026-03-04T16:30:00+00:00,-0.0058862102474560585,0.0058862102474560585,0.009382400679379123,16.921695510079793,17.090702859787456,120.0,0.0,1.6094379124341003,1.0986122886681098,0.0,0.0,0.6931471805599453,0.0,0.0,0.0,4.276666119016055,3.4657359027997265,2.0794415416798357,2.4849066497880004,2.3978952727983707,0.6931471805599453,0.6931471805599453,0.6931471805599453,2026-03-04T16:29:35+00:00,test,0.14363636363636365,0.005064144539958312,0.0031743182979321327,0.21197513345806362,0.0065732074500606434,0.0065732074500606434,0.22439049658959126,0.006786995787281224,0.006786995787281224,0.18873642250823983,0.006482744954875518,0.006482744954875518
2026-03-04T17:30:00+00:00,2026-03-04T18:30:00+00:00,2026-03-04,2026-03-04T12:30:00-05:00,0.0030680625251626736,0.0030680625251626736,0,2026-03-04T17:30:00+00:00,0.00046604559600704754,0.00046604559600704754,0.009390256196007628,16.486866829571575,17.018806197627434,180.0,0.0,1.6094379124341003,0.0,0.0,0.0,0.0,0.0,0.0,0.0,4.290459441148391,3.4339872044851463,1.791759469228055,2.4849066497880004,2.3978952727983707,0.6931471805599453,0.6931471805599453,0.6931471805599453,2026-03-04T17:20:00+00:00,test,0.14363636363636365,0.005064144539958312,0.0031743182979321327,0.09920018025696808,0.004597600031680153,0.004597600031680153,0.10525326906907705,0.004765203969409024,0.004765203969409024,0.07740726055244734,0.004206463338856576,0.004206463338856576
2026-03-04T18:30:00+00:00,2026-03-04T19:30:00+00:00,2026-03-04,2026-03-04T13:30:00-05:00,0.006911054611278056,0.006911054611278056,0,2026-03-04T18:30:00+00:00,0.0030680625251626736,0.0030680625251626736,0.009251397239550666,16.38384272572731,17.01024884421004,240.0,0.0,0.0,0.0,0.0,0.0,0.0,0.0,0.0,0.0,4.219507705176107,3.367295829986474,1.6094379124341003,2.3978952727983707,2.3978952727983707,0.6931471805599453,0.6931471805599453,0.6931471805599453,2026-03-04T17:20:00+00:00,test,0.14363636363636365,0.005064144539958312,0.0031743182979321327,0.07245110262201256,0.004133344581640597,0.004133344581640597,0.08484780742873033,0.004831708463202125,0.004831708463202125,0.09546853650291229,0.00552820348987796,0.00552820348987796
2026-03-04T19:30:00+00:00,2026-03-04T20:30:00+00:00,2026-03-04,2026-03-04T14:30:00-05:00,-0.006700769922901695,0.006700769922901695,0,2026-03-04T19:30:00+00:00,0.006911054611278056,0.006911054611278056,0.009051071596147152,16.901619863332197,17.01890662318567,300.0,0.0,0.6931471805599453,0.6931471805599453,0.0,0.0,0.0,0.0,0.0,0.0,4.143134726391533,3.295836866004329,1.3862943611198906,2.3978952727983707,2.3978952727983707,0.6931471805599453,0.0,0.6931471805599453,2026-03-04T18:55:13+00:00,test,0.14363636363636365,0.005064144539958312,0.0031743182979321327,0.06023243207541255,0.003882324991902401,0.003882324991902401,0.06614805524617792,0.004234804433764878,0.004234804433764878,0.07426207289198578,0.004552414517085353,0.004552414517085353
2026-03-05T14:30:00+00:00,2026-03-05T15:30:00+00:00,2026-03-05,2026-03-05T09:30:00-05:00,0.0028978813301299144,0.0028978813301299144,0,2026-03-04T21:00:00+00:00,-0.0009012333135773876,0.0009012333135773876,0.00912639003213279,16.674958109100483,17.024717810461656,0.0,17.5,2.0794415416798357,1.6094379124341003,1.0986122886681098,1.0986122886681098,0.0,0.6931471805599453,0.0,0.0,4.31748811353631,3.6375861597263857,2.8903717578961645,2.1972245773362196,2.302585092994046,1.9459101490553132,2.1972245773362196,0.0,2026-03-05T14:19:00+00:00,test,0.14363636363636365,0.005064144539958312,0.0031743182979321327,0.3085757764221402,0.007610782667474381,0.007610782667474381,0.3237697867449321,0.007786379966741401,0.007786379966741401,0.2686731092379554,0.007400328475390719,0.007400328475390719
2026-03-05T15:30:00+00:00,2026-03-05T16:30:00+00:00,2026-03-05,2026-03-05T10:30:00-05:00,0.005943873688464274,0.005943873688464274,0,2026-03-05T15:30:00+00:00,0.0028978813301299144,0.0028978813301299144,0.009049822074115735,17.483877231182642,17.07032412832444,60.0,0.0,1.791759469228055,0.6931471805599453,0.6931471805599453,0.0,0.6931471805599453,0.0,0.0,0.0,4.30406509320417,3.6109179126442243,2.9444389791664403,2.1972245773362196,2.3978952727983707,1.9459101490553132,2.1972245773362196,0.0,2026-03-05T15:11:11+00:00,test,0.14363636363636365,0.005064144539958312,0.0031743182979321327,0.2534993538629157,0.006560410851225869,0.006560410851225869,0.2662799060555944,0.006766805060231135,0.006766805060231135,0.16284567368104824,0.005898779275479406,0.005898779275479406
2026-03-05T16:30:00+00:00,2026-03-05T17:30:00+00:00,2026-03-05,2026-03-05T11:30:00-05:00,-0.009463871436857896,0.009463871436857896,0,2026-03-05T16:30:00+00:00,0.005943873688464274,0.005943873688464274,0.00904897232418764,17.106404263694923,17.08952895812336,120.0,0.0,1.791759469228055,1.3862943611198906,0.0,0.0,0.6931471805599453,0.0,0.6931471805599453,0.0,4.31748811353631,3.6375861597263857,2.9444389791664403,2.1972245773362196,2.3978952727983707,1.9459101490553132,2.302585092994046,0.0,2026-03-05T16:07:44+00:00,test,0.14363636363636365,0.005064144539958312,0.0031743182979321327,0.19707894232368972,0.006212920412373268,0.006212920412373268,0.2078457885571148,0.006380028459216355,0.006380028459216355,0.18810618201971946,0.006273781141551733,0.006273781141551733
2026-03-05T17:30:00+00:00,2026-03-05T18:30:00+00:00,2026-03-05,2026-03-05T12:30:00-05:00,-0.012095372863205056,0.012095372863205056,1,2026-03-05T17:30:00+00:00,-0.009463871436857896,0.009463871436857896,0.006530078125329122,16.685337429825054,17.035835648139994,180.0,0.0,1.0986122886681098,0.6931471805599453,0.0,0.0,0.0,0.0,0.0,0.0,4.290459441148391,3.6635616461296463,2.9444389791664403,2.1972245773362196,2.3978952727983707,1.9459101490553132,2.302585092994046,0.0,2026-03-05T17:08:51+00:00,test,0.14363636363636365,0.005064144539958312,0.0031743182979321327,0.14664850884094538,0.0057711329015959776,0.0057711329015959776,0.1633548718838798,0.006188371814212406,0.006188371814212406,0.12249988133888906,0.005477216751178743,0.005477216751178743
2026-03-05T18:30:00+00:00,2026-03-05T19:30:00+00:00,2026-03-05,2026-03-05T13:30:00-05:00,0.010398617214323336,0.010398617214323336,1,2026-03-05T18:30:00+00:00,-0.012095372863205056,0.012095372863205056,0.007212551166717588,17.42107245000116,17.009742081325104,240.0,0.0,1.9459101490553132,1.791759469228055,1.3862943611198906,0.6931471805599453,0.0,0.0,0.0,0.0,4.3694478524670215,3.784189633918261,3.091042453358316,2.302585092994046,2.3978952727983707,1.9459101490553132,2.302585092994046,0.0,2026-03-05T18:24:59+00:00,test,0.14363636363636365,0.005064144539958312,0.0031743182979321327,0.12717876482712262,0.005641592064506121,0.005641592064506121,0.13646844294274252,0.005767196098647477,0.005767196098647477,0.12585988660912956,0.005583281808116182,0.005583281808116182
2026-03-05T19:30:00+00:00,2026-03-05T20:30:00+00:00,2026-03-05,2026-03-05T14:30:00-05:00,0.006335441263370267,0.006335441263370267,0,2026-03-05T19:30:00+00:00,0.010398617214323336,0.010398617214323336,0.007111970592752356,16.704351311137252,17.045921411843434,300.0,0.0,1.0986122886681098,1.0986122886681098,1.0986122886681098,0.0,0.6931471805599453,0.6931471805599453,0.0,0.0,4.382026634673881,3.8066624897703196,3.1780538303479458,2.302585092994046,2.4849066497880004,2.0794415416798357,2.302585092994046,0.0,2026-03-05T19:20:51+00:00,test,0.14363636363636365,0.005064144539958312,0.0031743182979321327,0.06316794778594385,0.003980194822235871,0.003980194822235871,0.07169544064478688,0.004361776280552391,0.004361776280552391,0.04692866966517402,0.0035324351880902712,0.0035324351880902712
2026-03-06T14:30:00+00:00,2026-03-06T15:30:00+00:00,2026-03-06,2026-03-06T09:30:00-05:00,0.011010356869348481,0.011010356869348481,1,2026-03-05T21:00:00+00:00,0.007972272428607097,0.007972272428607097,0.007139932283094151,16.837688540682805,17.065170674631553,0.0,17.5,1.3862943611198906,0.6931471805599453,0.6931471805599453,0.0,0.0,0.0,0.0,0.0,4.110873864173311,3.58351893845611,3.091042453358316,2.1972245773362196,2.1972245773362196,2.302585092994046,1.0986122886681098,0.0,2026-03-06T14:25:34+00:00,test,0.14363636363636365,0.005064144539958312,0.0031743182979321327,0.36456285308716024,0.008197221723917297,0.008197221723917297,0.38415593236055784,0.008510548655295403,0.008510548655295403,0.30418972572351927,0.007792528554880563,0.007792528554880563
2026-03-06T15:30:00+00:00,2026-03-06T16:30:00+00:00,2026-03-06,2026-03-06T10:30:00-05:00,-0.0006049972825895589,0.0006049972825895589,0,2026-03-06T15:30:00+00:00,0.011010356869348481,0.011010356869348481,0.00745815624402639,17.56063498663727,17.03907874645445,60.0,0.0,1.0986122886681098,0.6931471805599453,0.6931471805599453,0.0,0.0,0.0,0.0,0.6931471805599453,4.060443010546419,3.58351893845611,3.091042453358316,2.1972245773362196,2.0794415416798357,2.302585092994046,1.0986122886681098,0.6931471805599453,2026-03-06T15:19:21+00:00,test,0.14363636363636365,0.005064144539958312,0.0031743182979321327,0.3052005806430598,0.007334068772652491,0.007334068772652491,0.3203370614884901,0.007643865122833655,0.007643865122833655,0.3210154327223091,0.00791671896656996,0.00791671896656996
2026-03-06T16:30:00+00:00,2026-03-06T17:30:00+00:00,2026-03-06,2026-03-06T11:30:00-05:00,-0.0031835308516913186,0.0031835308516913186,0,2026-03-06T16:30:00+00:00,-0.0006049972825895589,0.0006049972825895589,0.007405089854482911,16.811857892329577,17.046220733844176,120.0,0.0,1.9459101490553132,1.3862943611198906,1.3862943611198906,0.6931471805599453,1.0986122886681098,0.0,0.6931471805599453,0.6931471805599453,4.07753744390572,3.58351893845611,3.2188758248682006,2.302585092994046,2.1972245773362196,2.302585092994046,1.0986122886681098,1.0986122886681098,2026-03-06T16:17:31+00:00,test,0.14363636363636365,0.005064144539958312,0.0031743182979321327,0.14176955254243467,0.005051691121243605,0.005051691121243605,0.1417536941578372,0.005006904167637913,0.005006904167637913,0.16205365986214101,0.006553188628421068,0.006553188628421068
2026-03-06T17:30:00+00:00,2026-03-06T18:30:00+00:00,2026-03-06,2026-03-06T12:30:00-05:00,0.0017671352436330334,0.0017671352436330334,0,2026-03-06T17:30:00+00:00,-0.0031835308516913186,0.0031835308516913186,0.007374251551384828,16.66350048273906,16.977804325455462,180.0,0.0,1.791759469228055,1.6094379124341003,0.6931471805599453,0.6931471805599453,0.0,0.0,0.0,0.0,4.127134385045092,3.6635616461296463,3.258096538021482,2.3978952727983707,2.1972245773362196,2.302585092994046,1.0986122886681098,1.0986122886681098,2026-03-06T17:29:08+00:00,test,0.14363636363636365,0.005064144539958312,0.0031743182979321327,0.10363731615270166,0.0046622728761563925,0.0046622728761563925,0.10588127454639105,0.004675306284288437,0.004675306284288437,0.09054203668759092,0.004055373457537858,0.004055373457537858
2026-03-06T18:30:00+00:00,2026-03-06T19:30:00+00:00,2026-03-06,2026-03-06T13:30:00-05:00,-0.005070257285304525,0.005070257285304525,0,2026-03-06T18:30:00+00:00,0.0017671352436330334,0.0017671352436330334,0.00720088890156976,16.482240723877897,16.941504712610218,240.0,0.0,1.9459101490553132,1.3862943611198906,1.0986122886681098,0.0,0.6931471805599453,0.6931471805599453,0.0,0.0,4.127134385045092,3.6109179126442243,3.2188758248682006,2.302585092994046,2.302585092994046,2.3978952727983707,1.0986122886681098,1.0986122886681098,2026-03-06T18:17:00+00:00,test,0.14363636363636365,0.005064144539958312,0.0031743182979321327,0.0588903725797496,0.003414125455166348,0.003414125455166348,0.05925688383766574,0.0033228865545453807,0.0033228865545453807,0.02974572688781462,0.0012432284229185763,0.0012432284229185763
2026-03-06T19:30:00+00:00,2026-03-06T20:30:00+00:00,2026-03-06,2026-03-06T14:30:00-05:00,-0.018779078824593287,0.018779078824593287,1,2026-03-06T19:30:00+00:00,-0.005070257285304525,0.005070257285304525,0.007320385614487706,16.527316298193057,16.932143059234864,300.0,0.0,1.0986122886681098,1.0986122886681098,0.6931471805599453,0.0,0.6931471805599453,0.0,0.0,0.0,4.127134385045092,3.6109179126442243,3.1780538303479458,2.302585092994046,2.302585092994046,2.302585092994046,1.0986122886681098,1.0986122886681098,2026-03-06T18:38:34+00:00,test,0.14363636363636365,0.005064144539958312,0.0031743182979321327,0.04892876461486061,0.0033725245725436843,0.0033725245725436843,0.05247396846747015,0.00358105050599347,0.00358105050599347,0.03531164102829594,0.0026296644150690792,0.0026296644150690792
2026-03-09T13:30:00+00:00,2026-03-09T14:30:00+00:00,2026-03-09,2026-03-09T09:30:00-04:00,0.00723858375865305,0.00723858375865305,0,2026-03-06T21:00:00+00:00,0.0031049060271699513,0.0031049060271699513,0.008575366719233937,17.083397132195014,16.95738119688198,0.0,64.5,1.0986122886681098,0.0,0.6931471805599453,0.0,0.0,0.0,0.0,0.0,3.6888794541139363,3.258096538021482,2.0794415416798357,1.3862943611198906,2.302585092994046,1.791759469228055,0.6931471805599453,0.0,2026-03-09T13:00:43+00:00,test,0.14363636363636365,0.005064144539958312,0.0031743182979321327,0.35052104378368537,0.009238597834035776,0.009238597834035776,0.36349485046255486,0.009499911808592585,0.009499911808592585,0.2692667887751733,0.009203236583221266,0.009203236583221266
2026-03-09T14:30:00+00:00,2026-03-09T15:30:00+00:00,2026-03-09,2026-03-09T10:30:00-04:00,0.006148583543264197,0.006148583543264197,0,2026-03-09T14:30:00+00:00,0.00723858375865305,0.00723858375865305,0.008667561595348514,17.581837717181624,17.01920943743479,60.0,0.0,1.9459101490553132,0.6931471805599453,0.0,0.0,0.6931471805599453,0.0,0.0,0.0,3.828641396489095,3.295836866004329,2.0794415416798357,1.3862943611198906,2.3978952727983707,1.791759469228055,0.6931471805599453,0.0,2026-03-09T14:28:39+00:00,test,0.14363636363636365,0.005064144539958312,0.0031743182979321327,0.2806226596149324,0.007036469310224263,0.007036469310224263,0.2689999889821249,0.006843214369815353,0.006843214369815353,0.14924335508082634,0.006084897277093157,0.006084897277093157
2026-03-09T15:30:00+00:00,2026-03-09T16:30:00+00:00,2026-03-09,2026-03-09T11:30:00-04:00,0.007423542106881564,0.007423542106881564,0,2026-03-09T15:30:00+00:00,0.006148583543264197,0.006148583543264197,0.00873027959340484,16.807221958632525,17.025024735031433,120.0,0.0,1.791759469228055,1.0986122886681098,0.6931471805599453,0.0,0.6931471805599453,0.0,0.0,0.0,3.912023005428146,3.332204510175204,2.1972245773362196,1.3862943611198906,2.4849066497880004,1.6094379124341003,0.6931471805599453,0.0,2026-03-09T15:27:22+00:00,test,0.14363636363636365,0.005064144539958312,0.0031743182979321327,0.18095072945253923,0.006077174369081766,0.006077174369081766,0.17623640371209218,0.005947839883505128,0.005947839883505128,0.10858456448292611,0.005450542313115399,0.005450542313115399
2026-03-09T16:30:00+00:00,2026-03-09T17:30:00+00:00,2026-03-09,2026-03-09T12:30:00-04:00,-0.006094554102926808,0.006094554102926808,0,2026-03-09T16:30:00+00:00,0.007423542106881564,0.007423542106881564,0.008014008989564891,16.63570266900553,16.956605354798963,180.0,0.0,1.3862943611198906,1.0986122886681098,0.6931471805599453,0.0,0.0,0.0,0.0,0.0,3.970291913552122,3.4011973816621555,2.302585092994046,1.3862943611198906,2.4849066497880004,1.6094379124341003,0.6931471805599453,0.0,2026-03-09T16:23:17+00:00,test,0.14363636363636365,0.005064144539958312,0.0031743182979321327,0.11832299860499237,0.005217497320363349,0.005217497320363349,0.11977686206255633,0.0052523158120552195,0.0052523158120552195,0.09066084801646031,0.0048364831717728745,0.0048364831717728745
2026-03-09T17:30:00+00:00,2026-03-09T18:30:00+00:00,2026-03-09,2026-03-09T13:30:00-04:00,0.002842863896189929,0.002842863896189929,0,2026-03-09T17:30:00+00:00,-0.006094554102926808,0.006094554102926808,0.008022729030408297,16.584665830154563,16.942694214922668,240.0,0.0,2.0794415416798357,1.0986122886681098,0.0,0.0,0.6931471805599453,0.0,0.0,0.0,4.07753744390572,3.4339872044851463,2.1972245773362196,1.3862943611198906,2.4849066497880004,1.6094379124341003,0.6931471805599453,0.0,2026-03-09T17:13:49+00:00,test,0.14363636363636365,0.005064144539958312,0.0031743182979321327,0.08187380162963662,0.004531976913056659,0.004531976913056659,0.08090638660472145,0.0043558116662128455,0.0043558116662128455,0.041719515069062144,0.0034531394478921314,0.0034531394478921314
2026-03-09T18:30:00+00:00,2026-03-09T19:30:00+00:00,2026-03-09,2026-03-09T14:30:00-04:00,0.01181822515255826,0.01181822515255826,1,2026-03-09T18:30:00+00:00,0.002842863896189929,0.002842863896189929,0.008041639307385266,16.347905413630603,16.938573527307877,300.0,0.0,1.0986122886681098,1.0986122886681098,0.6931471805599453,0.0,0.0,0.0,0.0,0.0,4.0943445622221,3.4657359027997265,2.302585092994046,1.3862943611198906,2.3978952727983707,1.6094379124341003,0.6931471805599453,0.0,2026-03-09T18:22:54+00:00,test,0.14363636363636365,0.005064144539958312,0.0031743182979321327,0.04194887781257858,0.0029526982905524433,0.0029526982905524433,0.04433203811443155,0.0031145681426353812,0.0031145681426353812,0.03640109390824164,0.002980109668351178,0.002980109668351178
2026-03-10T13:30:00+00:00,2026-03-10T14:30:00+00:00,2026-03-10,2026-03-10T09:30:00-04:00,0.009018664076241523,0.009018664076241523,0,2026-03-09T20:00:00+00:00,0.0033510993486911556,0.0033510993486911556,0.008417950533427084,16.91481938686472,16.9580630404033,0.0,17.5,2.0794415416798357,1.3862943611198906,0.6931471805599453,0.0,0.6931471805599453,0.0,0.0,0.0,4.418840607796598,3.828641396489095,2.302585092994046,1.6094379124341003,2.8903717578961645,1.9459101490553132,0.6931471805599453,0.6931471805599453,2026-03-10T13:21:00+00:00,test,0.14363636363636365,0.005064144539958312,0.0031743182979321327,0.31380494782338464,0.007685279852524391,0.007685279852524391,0.3356563456027496,0.007941858198379203,0.007941858198379203,0.2316932735014201,0.007309708982667243,0.007309708982667243
2026-03-10T14:30:00+00:00,2026-03-10T15:30:00+00:00,2026-03-10,2026-03-10T10:30:00-04:00,0.010378198933858052,0.010378198933858052,1,2026-03-10T14:30:00+00:00,0.009018664076241523,0.009018664076241523,0.008509366393702101,17.414175656479355,16.98921318972957,60.0,0.0,1.9459101490553132,1.3862943611198906,0.6931471805599453,0.0,1.0986122886681098,0.0,0.0,0.0,4.418840607796598,3.871201010907891,2.3978952727983707,1.6094379124341003,2.9444389791664403,1.9459101490553132,0.6931471805599453,0.6931471805599453,2026-03-10T14:28:00+00:00,test,0.14363636363636365,0.005064144539958312,0.0031743182979321327,0.2851834501381095,0.007210712583732107,0.007210712583732107,0.3034190640297483,0.007434930397689131,0.007434930397689131,0.1959424095820094,0.0069852591325183944,0.0069852591325183944
2026-03-10T15:30:00+00:00,2026-03-10T16:30:00+00:00,2026-03-10,2026-03-10T11:30:00-04:00,-0.0035613686880165973,0.0035613686880165973,0,2026-03-10T15:30:00+00:00,0.010378198933858052,0.010378198933858052,0.008548275349684154,17.258615201031482,17.017679588297053,120.0,0.0,1.3862943611198906,0.6931471805599453,0.0,0.6931471805599453,0.6931471805599453,0.0,0.0,0.6931471805599453,4.394449154672439,3.8501476017100584,2.302585092994046,1.791759469228055,2.9444389791664403,1.9459101490553132,0.6931471805599453,1.0986122886681098,2026-03-10T15:24:00+00:00,test,0.14363636363636365,0.005064144539958312,0.0031743182979321327,0.21743464334727516,0.006652483072931373,0.006652483072931373,0.23887644841571123,0.007034281262381582,0.007034281262381582,0.20738627150691016,0.008319867230490084,0.008319867230490084
2026-03-10T16:30:00+00:00,2026-03-10T17:30:00+00:00,2026-03-10,2026-03-10T12:30:00-04:00,0.0043977290654393375,0.0043977290654393375,0,2026-03-10T16:30:00+00:00,-0.0035613686880165973,0.0035613686880165973,0.008630078626136233,16.808508195808077,16.977760008610815,180.0,0.0,1.6094379124341003,1.0986122886681098,0.0,0.0,0.0,0.0,0.0,0.0,4.406719247264253,3.8501476017100584,2.1972245773362196,1.791759469228055,2.9444389791664403,1.9459101490553132,0.6931471805599453,1.0986122886681098,2026-03-10T16:16:48+00:00,test,0.14363636363636365,0.005064144539958312,0.0031743182979321327,0.11430521497565645,0.005017994177140697,0.005017994177140697,0.12511281152349885,0.005290822203605599,0.005290822203605599,0.08992451708905674,0.004476947101237958,0.004476947101237958
2026-03-10T17:30:00+00:00,2026-03-10T18:30:00+00:00,2026-03-10,2026-03-10T13:30:00-04:00,-0.006662613614974555,0.006662613614974555,0,2026-03-10T17:30:00+00:00,0.0043977290654393375,0.0043977290654393375,0.00859572605940192,16.389856627713964,16.948238775958732,240.0,0.0,1.0986122886681098,1.0986122886681098,0.0,0.0,0.0,0.0,0.0,0.0,4.343805421853684,3.8501476017100584,2.1972245773362196,1.791759469228055,2.8903717578961645,1.9459101490553132,0.6931471805599453,1.0986122886681098,2026-03-10T17:12:40+00:00,test,0.14363636363636365,0.005064144539958312,0.0031743182979321327,0.07027449153921975,0.00410105672635062,0.00410105672635062,0.07857396786149595,0.004469457138555367,0.004469457138555367,0.06577619141850366,0.004158928089078781,0.004158928089078781
2026-03-10T18:30:00+00:00,2026-03-10T19:30:00+00:00,2026-03-10,2026-03-10T14:30:00-04:00,-0.002650254176978839,0.002650254176978839,0,2026-03-10T18:30:00+00:00,-0.006662613614974555,0.006662613614974555,0.008428941651288638,16.70259135101563,16.948907563240237,300.0,0.0,1.3862943611198906,1.0986122886681098,0.0,0.0,0.6931471805599453,0.0,0.0,0.0,4.356708826689592,3.8501476017100584,2.0794415416798357,1.791759469228055,2.9444389791664403,1.9459101490553132,0.6931471805599453,1.0986122886681098,2026-03-10T18:29:00+00:00,test,0.14363636363636365,0.005064144539958312,0.0031743182979321327,0.058892584012024796,0.003954424619890509,0.003954424619890509,0.0650272700493435,0.004209827082573503,0.004209827082573503,0.0431195897047984,0.0038139676174262643,0.0038139676174262643
2026-03-11T13:30:00+00:00,2026-03-11T14:30:00+00:00,2026-03-11,2026-03-11T09:30:00-04:00,0.005324900510511155,0.005324900510511155,0,2026-03-10T20:00:00+00:00,0.0019522810318182149,0.0019522810318182149,0.007864808778369096,16.835551955952305,16.90590136268209,0.0,17.5,2.0794415416798357,1.9459101490553132,0.0,0.0,1.6094379124341003,0.0,0.0,0.0,4.2626798770413155,3.871201010907891,1.0986122886681098,1.3862943611198906,2.6390573296152584,1.3862943611198906,0.0,1.0986122886681098,2026-03-11T13:08:17+00:00,test,0.14363636363636365,0.005064144539958312,0.0031743182979321327,0.28221525376061984,0.007294208751947668,0.007294208751947668,0.29515355953529193,0.007444178779723807,0.007444178779723807,0.2581642523337548,0.008429950571715207,0.008429950571715207
2026-03-11T14:30:00+00:00,2026-03-11T15:30:00+00:00,2026-03-11,2026-03-11T10:30:00-04:00,-0.009712174121062733,0.009712174121062733,0,2026-03-11T14:30:00+00:00,0.005324900510511155,0.005324900510511155,0.007662560506067239,17.4992553773745,16.954338441478576,60.0,0.0,2.302585092994046,1.3862943611198906,0.0,0.0,0.0,0.0,0.0,0.0,4.30406509320417,3.871201010907891,0.6931471805599453,1.3862943611198906,2.4849066497880004,1.3862943611198906,0.0,1.0986122886681098,2026-03-11T14:20:00+00:00,test,0.14363636363636365,0.005064144539958312,0.0031743182979321327,0.2400428363382649,0.006456271574339198,0.006456271574339198,0.24636568751781482,0.006477196395105534,0.006477196395105534,0.24711642403180462,0.006835407218046612,0.006835407218046612
2026-03-11T15:30:00+00:00,2026-03-11T16:30:00+00:00,2026-03-11,2026-03-11T11:30:00-04:00,0.0025875686064320558,0.0025875686064320558,0,2026-03-11T15:30:00+00:00,-0.009712174121062733,0.009712174121062733,0.008001403829808951,16.829188048621127,16.954974371561477,120.0,0.0,1.6094379124341003,0.6931471805599453,0.0,0.0,0.6931471805599453,0.0,0.0,0.0,4.31748811353631,3.871201010907891,0.6931471805599453,1.0986122886681098,2.4849066497880004,1.3862943611198906,0.0,0.6931471805599453,2026-03-11T15:27:53+00:00,test,0.14363636363636365,0.005064144539958312,0.0031743182979321327,0.21576968326712934,0.006836891378480766,0.006836891378480766,0.2319580518447283,0.007095916007555408,0.007095916007555408,0.19831062337718838,0.008038123945813998,0.008038123945813998
2026-03-11T16:30:00+00:00,2026-03-11T17:30:00+00:00,2026-03-11,2026-03-11T12:30:00-04:00,0.00032334981194814816,0.00032334981194814816,0,2026-03-11T16:30:00+00:00,0.0025875686064320558,0.0025875686064320558,0.007664261275991558,16.46532510638954,16.892054749427583,180.0,0.0,1.9459101490553132,1.791759469228055,0.6931471805599453,0.0,1.0986122886681098,0.6931471805599453,0.0,0.0,4.343805421853684,3.9318256327243257,1.0986122886681098,1.0986122886681098,2.6390573296152584,1.6094379124341003,0.0,0.6931471805599453,2026-03-11T16:28:10+00:00,test,0.14363636363636365,0.005064144539958312,0.0031743182979321327,0.089046118100617,0.004360088224486273,0.004360088224486273,0.09417579619613466,0.004451086351384818,0.004451086351384818,0.0718862396866801,0.004865494928158206,0.004865494928158206
2026-03-11T17:30:00+00:00,2026-03-11T18:30:00+00:00,2026-03-11,2026-03-11T13:30:00-04:00,-0.002510441608865932,0.002510441608865932,0,2026-03-11T17:30:00+00:00,0.00032334981194814816,0.00032334981194814816,0.007659188908265278,16.153073336727278,16.869536378489645,240.0,0.0,1.3862943611198906,1.3862943611198906,0.0,0.0,0.0,0.0,0.0,0.0,4.356708826689592,3.9512437185814275,1.0986122886681098,1.0986122886681098,2.6390573296152584,1.6094379124341003,0.0,0.6931471805599453,2026-03-11T17:17:00+00:00,test,0.14363636363636365,0.005064144539958312,0.0031743182979321327,0.05123550646840645,0.0032026972116601425,0.0032026972116601425,0.05649768679890035,0.0034779063455539112,0.0034779063455539112,0.06171532726604792,0.004464845094023345,0.004464845094023345
2026-03-11T18:30:00+00:00,2026-03-11T19:30:00+00:00,2026-03-11,2026-03-11T14:30:00-04:00,0.0010801303968819287,0.0010801303968819287,0,2026-03-11T18:30:00+00:00,-0.002510441608865932,0.002510441608865932,0.007642790578977279,16.359361123856154,16.858808362797514,300.0,0.0,1.0986122886681098,1.0986122886681098,0.6931471805599453,0.0,1.0986122886681098,0.0,0.0,0.0,4.343805421853684,3.9512437185814275,1.3862943611198906,1.0986122886681098,2.70805020110221,1.6094379124341003,0.0,0.6931471805599453,2026-03-11T18:22:00+00:00,test,0.14363636363636365,0.005064144539958312,0.0031743182979321327,0.03932561382805444,0.002845815272344716,0.002845815272344716,0.044237221485040744,0.003196588751636297,0.003196588751636297,0.03799582689233648,0.004533529166585561,0.004533529166585561
2026-03-12T13:30:00+00:00,2026-03-12T14:30:00+00:00,2026-03-12,2026-03-12T09:30:00-04:00,-0.010676426543378192,0.010676426543378192,1,2026-03-11T20:00:00+00:00,0.0034530467463949055,0.0034530467463949055,0.00763933910286631,16.150097582831577,16.850625966576548,0.0,17.5,2.302585092994046,1.791759469228055,0.6931471805599453,0.0,1.0986122886681098,0.0,0.0,0.0,4.290459441148391,3.871201010907891,2.0794415416798357,0.0,2.4849066497880004,1.0986122886681098,0.6931471805599453,0.0,2026-03-12T13:20:36+00:00,test,0.14363636363636365,0.005064144539958312,0.0031743182979321327,0.26595495431811034,0.0073587428360762696,0.0073587428360762696,0.27629178734821586,0.0074235651433008105,0.0074235651433008105,0.19117427955141364,0.007756371003316973,0.007756371003316973
2026-03-12T14:30:00+00:00,2026-03-12T15:30:00+00:00,2026-03-12,2026-03-12T10:30:00-04:00,0.004366082541845895,0.004366082541845895,0,2026-03-12T14:30:00+00:00,-0.010676426543378192,0.010676426543378192,0.007957549554974718,17.41683072137491,16.901215418959993,60.0,0.0,0.6931471805599453,0.6931471805599453,0.6931471805599453,0.6931471805599453,0.0,0.6931471805599453,0.0,0.0,4.174387269895637,3.828641396489095,2.1972245773362196,0.6931471805599453,2.4849066497880004,1.3862943611198906,0.6931471805599453,0.0,2026-03-12T14:20:00+00:00,test,0.14363636363636365,0.005064144539958312,0.0031743182979321327,0.314706546875442,0.0077628029638389,0.0077628029638389,0.34461274178954693,0.008324649600076084,0.008324649600076084,0.30754751788088236,0.009252587449570249,0.009252587449570249
2026-03-12T15:30:00+00:00,2026-03-12T16:30:00+00:00,2026-03-12,2026-03-12T11:30:00-04:00,0.0076010249180444855,0.0076010249180444855,0,2026-03-12T15:30:00+00:00,0.004366082541845895,0.004366082541845895,0.006587015047310414,16.86591423865255,16.89027307066463,120.0,0.0,1.3862943611198906,1.0986122886681098,0.0,0.0,0.0,0.0,0.0,0.0,4.1588830833596715,3.8501476017100584,2.1972245773362196,0.6931471805599453,2.3978952727983707,1.3862943611198906,0.6931471805599453,0.0,2026-03-12T15:07:49+00:00,test,0.14363636363636365,0.005064144539958312,0.0031743182979321327,0.13891255385520063,0.005183374714314639,0.005183374714314639,0.1473546160998478,0.005414753916845506,0.005414753916845506,0.128740810993379,0.00597673731554551,0.00597673731554551
2026-03-12T16:30:00+00:00,2026-03-12T17:30:00+00:00,2026-03-12,2026-03-12T12:30:00-04:00,-0.0027135570113210328,0.0027135570113210328,0,2026-03-12T16:30:00+00:00,0.0076010249180444855,0.0076010249180444855,0.0066039541812760345,16.88916503096409,16.83908793563508,180.0,0.0,1.791759469228055,1.0986122886681098,0.0,0.6931471805599453,0.6931471805599453,0.6931471805599453,0.0,0.0,4.143134726391533,3.784189633918261,2.0794415416798357,1.0986122886681098,2.302585092994046,1.3862943611198906,0.6931471805599453,0.0,2026-03-12T16:18:33+00:00,test,0.14363636363636365,0.005064144539958312,0.0031743182979321327,0.10390046553225948,0.004795437164182448,0.004795437164182448,0.1069479831225713,0.00481894309503652,0.00481894309503652,0.07305125313470842,0.0053634902419867755,0.0053634902419867755
2026-03-12T17:30:00+00:00,2026-03-12T18:30:00+00:00,2026-03-12,2026-03-12T13:30:00-04:00,-0.0011700037638402438,0.0011700037638402438,0,2026-03-12T17:30:00+00:00,-0.0027135570113210328,0.0027135570113210328,0.0065779884015204106,16.449534455372675,16.824416985018956,240.0,0.0,1.6094379124341003,1.3862943611198906,0.0,0.0,0.6931471805599453,0.0,0.0,0.0,4.1588830833596715,3.784189633918261,2.0794415416798357,1.0986122886681098,2.3978952727983707,1.3862943611198906,0.6931471805599453,0.0,2026-03-12T17:09:06+00:00,test,0.14363636363636365,0.005064144539958312,0.0031743182979321327,0.055710423969516074,0.0034019930755693987,0.0034019930755693987,0.058172644688248704,0.0034731309402588053,0.0034731309402588053,0.04576245214313954,0.004100028392360302,0.004100028392360302
2026-03-12T18:30:00+00:00,2026-03-12T19:30:00+00:00,2026-03-12,2026-03-12T14:30:00-04:00,-0.0005447905000774966,0.0005447905000774966,0,2026-03-12T18:30:00+00:00,-0.0011700037638402438,0.0011700037638402438,0.006424054991708206,16.358097813929774,16.814330487299276,300.0,0.0,1.6094379124341003,1.3862943611198906,1.3862943611198906,0.0,0.0,0.0,0.0,0.0,4.189654742026425,3.8066624897703196,2.302585092994046,1.0986122886681098,2.1972245773362196,1.3862943611198906,0.6931471805599453,0.0,2026-03-12T18:25:41+00:00,test,0.14363636363636365,0.005064144539958312,0.0031743182979321327,0.032732889869707515,0.0022612614281880463,0.0022612614281880463,0.034323733225589605,0.00231665986256126,0.00231665986256126,0.03357438556193936,0.0028527932265525464,0.0028527932265525464
2026-03-13T13:30:00+00:00,2026-03-13T14:30:00+00:00,2026-03-13,2026-03-13T09:30:00-04:00,-0.005342597808167593,0.005342597808167593,0,2026-03-12T20:00:00+00:00,-0.0023169136610481367,0.0023169136610481367,0.006232139684725364,16.34478841635409,16.809534305318238,0.0,17.5,2.5649493574615367,1.9459101490553132,0.0,0.0,1.3862943611198906,0.0,0.6931471805599453,0.0,4.0943445622221,3.713572066704308,2.302585092994046,1.6094379124341003,2.6390573296152584,1.791759469228055,1.791759469228055,0.0,2026-03-13T13:22:34+00:00,test,0.14363636363636365,0.005064144539958312,0.0031743182979321327,0.24632927057616896,0.006962597081414235,0.006962597081414235,0.2447408220031171,0.006814331503372618,0.006814331503372618,0.20409985191411883,0.007423590171187777,0.007423590171187777
2026-03-13T14:30:00+00:00,2026-03-13T15:30:00+00:00,2026-03-13,2026-03-13T10:30:00-04:00,-0.011100151828785654,0.011100151828785654,1,2026-03-13T14:30:00+00:00,-0.005342597808167593,0.005342597808167593,0.006370388519211315,17.471746487719745,16.872923150008468,60.0,0.0,1.3862943611198906,0.0,0.6931471805599453,0.0,0.0,0.0,0.0,0.0,4.127134385045092,3.6888794541139363,2.302585092994046,1.3862943611198906,2.6390573296152584,1.6094379124341003,1.791759469228055,0.0,2026-03-13T14:15:00+00:00,test,0.14363636363636365,0.005064144539958312,0.0031743182979321327,0.22931646421142912,0.006344615041482915,0.006344615041482915,0.24210698536940156,0.0066189919633841835,0.0066189919633841835,0.16097941569662003,0.006459043220759826,0.006459043220759826
2026-03-13T15:30:00+00:00,2026-03-13T16:30:00+00:00,2026-03-13,2026-03-13T11:30:00-04:00,-0.0041233712821854285,0.0041233712821854285,0,2026-03-13T15:30:00+00:00,-0.011100151828785654,0.011100151828785654,0.00630100912204328,17.125656704295814,16.88554459917814,120.0,0.0,2.3978952727983707,1.9459101490553132,1.0986122886681098,0.6931471805599453,0.6931471805599453,1.0986122886681098,0.6931471805599453,0.0,4.23410650459726,3.784189633918261,2.4849066497880004,1.6094379124341003,2.70805020110221,1.9459101490553132,1.9459101490553132,0.0,2026-03-13T15:21:36+00:00,test,0.14363636363636365,0.005064144539958312,0.0031743182979321327,0.20992822308641979,0.006658077990273733,0.006658077990273733,0.21350924655541517,0.006581861052441747,0.006581861052441747,0.17138340470732016,0.0064943733775227885,0.0064943733775227885
2026-03-13T16:30:00+00:00,2026-03-13T17:30:00+00:00,2026-03-13,2026-03-13T12:30:00-04:00,0.002235894728125576,0.002235894728125576,0,2026-03-13T16:30:00+00:00,-0.0041233712821854285,0.0041233712821854285,0.005921329860351995,16.86722611071344,16.849152368147486,180.0,0.0,1.0986122886681098,1.0986122886681098,0.0,0.0,0.0,0.0,0.0,0.0,4.189654742026425,3.784189633918261,2.4849066497880004,1.3862943611198906,2.6390573296152584,1.791759469228055,1.9459101490553132,0.0,2026-03-13T15:58:22+00:00,test,0.14363636363636365,0.005064144539958312,0.0031743182979321327,0.0934096413183794,0.0043716678164727185,0.0043716678164727185,0.10234835677025948,0.004718780857099293,0.004718780857099293,0.08535621432182074,0.004856441237572153,0.004856441237572153
2026-03-13T17:30:00+00:00,2026-03-13T18:30:00+00:00,2026-03-13,2026-03-13T13:30:00-04:00,-0.005480859061282706,0.005480859061282706,0,2026-03-13T17:30:00+00:00,0.002235894728125576,0.002235894728125576,0.005331335006889011,16.477303813587508,16.8074680258957,240.0,0.0,0.6931471805599453,0.6931471805599453,0.0,0.0,0.6931471805599453,0.0,0.0,0.0,4.143134726391533,3.7376696182833684,2.4849066497880004,1.3862943611198906,2.6390573296152584,1.791759469228055,1.9459101490553132,0.0,2026-03-13T17:05:00+00:00,test,0.14363636363636365,0.005064144539958312,0.0031743182979321327,0.048466840076541805,0.0029003382591367747,0.0029003382591367747,0.054106586215087946,0.0033235398918589976,0.0033235398918589976,0.039361910278267256,0.0039376336089193805,0.0039376336089193805
2026-03-13T18:30:00+00:00,2026-03-13T19:30:00+00:00,2026-03-13,2026-03-13T14:30:00-04:00,0.0008862505154512146,0.0008862505154512146,0,2026-03-13T18:30:00+00:00,-0.005480859061282706,0.005480859061282706,0.0053847056400931235,16.465446782939928,16.792825972501543,300.0,0.0,1.0986122886681098,0.6931471805599453,0.0,0.0,0.0,0.0,0.0,0.0,4.110873864173311,3.6888794541139363,2.1972245773362196,1.3862943611198906,2.6390573296152584,1.791759469228055,1.9459101490553132,0.0,2026-03-13T17:53:38+00:00,test,0.14363636363636365,0.005064144539958312,0.0031743182979321327,0.03975622889159854,0.0028477439155791874,0.0028477439155791874,0.04286947541231713,0.0030641219143383155,0.0030641219143383155,0.03161122035953606,0.0030743305024488747,0.0030743305024488747
2026-03-16T13:30:00+00:00,2026-03-16T14:30:00+00:00,2026-03-16,2026-03-16T09:30:00-04:00,0.006011947839409837,0.006011947839409837,0,2026-03-13T20:00:00+00:00,-0.0024625494310526186,0.0024625494310526186,0.005229095367671103,16.60896157869348,16.796565276275366,0.0,65.5,2.1972245773362196,1.791759469228055,0.6931471805599453,0.0,0.6931471805599453,1.3862943611198906,0.0,0.0,4.330733340286331,3.871201010907891,2.70805020110221,2.0794415416798357,2.1972245773362196,2.4849066497880004,0.6931471805599453,1.0986122886681098,2026-03-16T13:19:35+00:00,test,0.14363636363636365,0.005064144539958312,0.0031743182979321327,0.2704395940756251,0.008346001445714802,0.008346001445714802,0.2999783889499386,0.00867783082571025,0.00867783082571025,0.18625355533579657,0.0064958763462420865,0.0064958763462420865
2026-03-16T14:30:00+00:00,2026-03-16T15:30:00+00:00,2026-03-16,2026-03-16T10:30:00-04:00,0.0035735921742900967,0.0035735921742900967,0,2026-03-16T14:30:00+00:00,0.006011947839409837,0.006011947839409837,0.005388911647361185,17.04077878780683,16.814715086258477,60.0,0.0,1.791759469228055,1.6094379124341003,0.0,0.0,0.6931471805599453,0.6931471805599453,0.0,0.6931471805599453,4.382026634673881,3.9318256327243257,2.70805020110221,2.0794415416798357,2.302585092994046,2.5649493574615367,0.6931471805599453,1.3862943611198906,2026-03-16T14:26:58+00:00,test,0.14363636363636365,0.005064144539958312,0.0031743182979321327,0.19273289812468605,0.005857683064840196,0.005857683064840196,0.2090882037304256,0.00614325820297272,0.00614325820297272,0.1763468178359963,0.005871199277795121,0.005871199277795121
2026-03-16T15:30:00+00:00,2026-03-16T16:30:00+00:00,2026-03-16,2026-03-16T11:30:00-04:00,-0.004466202591978385,0.004466202591978385,0,2026-03-16T15:30:00+00:00,0.0035735921742900967,0.0035735921742900967,0.0054844978061319855,16.450826898798702,16.805877486260876,120.0,0.0,2.4849066497880004,1.791759469228055,0.0,0.0,0.0,1.6094379124341003,0.6931471805599453,0.0,4.477336814478207,3.9889840465642745,2.6390573296152584,1.9459101490553132,2.1972245773362196,2.772588722239781,1.0986122886681098,1.3862943611198906,2026-03-16T15:24:40+00:00,test,0.14363636363636365,0.005064144539958312,0.0031743182979321327,0.11404694221310561,0.004702519831335991,0.004702519831335991,0.1208323312726107,0.004739434898684305,0.004739434898684305,0.08547758626800209,0.00244582624844759,0.00244582624844759
2026-03-16T16:30:00+00:00,2026-03-16T17:30:00+00:00,2026-03-16,2026-03-16T12:30:00-04:00,0.0046496970976230845,0.0046496970976230845,0,2026-03-16T16:30:00+00:00,-0.004466202591978385,0.004466202591978385,0.005327856334169262,16.17374471519191,16.729589982846495,180.0,0.0,2.833213344056216,2.302585092994046,1.6094379124341003,0.0,1.6094379124341003,0.6931471805599453,0.0,0.0,4.624972813284271,4.110873864173311,2.8903717578961645,1.9459101490553132,2.5649493574615367,2.772588722239781,1.0986122886681098,1.3862943611198906,2026-03-16T16:25:00+00:00,test,0.14363636363636365,0.005064144539958312,0.0031743182979321327,0.07718327720782442,0.004125636421216802,0.004125636421216802,0.0827345565837756,0.004101356959390967,0.004101356959390967,0.0381157440254664,0.0022746758990203125,0.0022746758990203125
2026-03-16T17:30:00+00:00,2026-03-16T18:30:00+00:00,2026-03-16,2026-03-16T13:30:00-04:00,0.0008929657537350977,0.0008929657537350977,0,2026-03-16T17:30:00+00:00,0.0046496970976230845,0.0046496970976230845,0.005120729681917063,16.095908527008287,16.700465342740177,240.0,0.0,2.8903717578961645,2.3978952727983707,0.0,0.0,1.3862943611198906,1.0986122886681098,0.0,0.0,4.77912349311153,4.2626798770413155,2.8903717578961645,1.9459101490553132,2.772588722239781,2.8903717578961645,1.0986122886681098,1.3862943611198906,2026-03-16T17:20:00+00:00,test,0.14363636363636365,0.005064144539958312,0.0031743182979321327,0.04621712691063005,0.0030466272469613503,0.0030466272469613503,0.051013180276210164,0.0030641411485300305,0.0030641411485300305,0.01989418377425399,0.0006065806955811506,0.0006065806955811506
2026-03-16T18:30:00+00:00,2026-03-16T19:30:00+00:00,2026-03-16,2026-03-16T14:30:00-04:00,-0.016795155797901695,0.016795155797901695,1,2026-03-16T18:30:00+00:00,0.0008929657537350977,0.0008929657537350977,0.005076590637844105,16.33166261276936,16.695508167764984,300.0,0.0,1.6094379124341003,1.3862943611198906,0.6931471805599453,0.0,1.0986122886681098,0.0,0.0,0.0,4.804021044733257,4.30406509320417,2.9444389791664403,1.791759469228055,2.8903717578961645,2.8903717578961645,1.0986122886681098,1.3862943611198906,2026-03-16T18:15:00+00:00,test,0.14363636363636365,0.005064144539958312,0.0031743182979321327,0.02647112721085597,0.0017138856052695576,0.0017138856052695576,0.03231037752184689,0.00222032078245262,0.00222032078245262,0.01868746888978189,0.0016203242146995158,0.0016203242146995158
2026-03-20T13:30:00+00:00,2026-03-20T14:30:00+00:00,2026-03-20,2026-03-20T09:30:00-04:00,-0.012724715672182252,0.012724715672182252,1,2026-03-19T20:00:00+00:00,-0.0035170259902836953,0.0035170259902836953,0.005003298060925532,16.205323071275576,16.767417592186206,0.0,17.5,1.6094379124341003,1.3862943611198906,1.0986122886681098,0.6931471805599453,0.0,0.0,0.6931471805599453,0.6931471805599453,4.204692619390966,3.784189633918261,2.1972245773362196,1.3862943611198906,2.0794415416798357,1.791759469228055,1.6094379124341003,1.0986122886681098,2026-03-20T13:04:53+00:00,test,0.14363636363636365,0.005064144539958312,0.0031743182979321327,0.23720360909216637,0.00686615175682531,0.00686615175682531,0.2554943159895903,0.007177674795321996,0.007177674795321996,0.4107062138370369,0.009603326453659838,0.009603326453659838
2026-03-20T14:30:00+00:00,2026-03-20T15:30:00+00:00,2026-03-20,2026-03-20T10:30:00-04:00,-0.00031290284939544666,0.00031290284939544666,0,2026-03-20T14:30:00+00:00,-0.012724715672182252,0.012724715672182252,0.005560277239940665,17.81770971386598,16.872304938800447,60.0,0.0,2.1972245773362196,1.791759469228055,0.0,1.0986122886681098,0.6931471805599453,1.0986122886681098,0.0,0.0,4.23410650459726,3.8501476017100584,2.1972245773362196,1.791759469228055,2.0794415416798357,1.9459101490553132,1.6094379124341003,1.0986122886681098,2026-03-20T14:24:38+00:00,test,0.14363636363636365,0.005064144539958312,0.0031743182979321327,0.31863201735647234,0.0076150734348574296,0.0076150734348574296,0.3289313004821233,0.007680912481860961,0.007680912481860961,0.25412214475037836,0.007227367748065983,0.007227367748065983
2026-03-20T15:30:00+00:00,2026-03-20T16:30:00+00:00,2026-03-20,2026-03-20T11:30:00-04:00,0.0016419916324168504,0.0016419916324168504,0,2026-03-20T15:30:00+00:00,-0.00031290284939544666,0.00031290284939544666,0.004369661197987837,17.121457734690242,16.83877766215315,120.0,0.0,1.9459101490553132,1.3862943611198906,0.6931471805599453,1.0986122886681098,0.0,0.6931471805599453,1.3862943611198906,0.0,4.276666119016055,3.871201010907891,2.1972245773362196,2.0794415416798357,2.0794415416798357,2.0794415416798357,2.0794415416798357,1.0986122886681098,2026-03-20T15:27:44+00:00,test,0.14363636363636365,0.005064144539958312,0.0031743182979321327,0.10547291758469868,0.004078970829949803,0.004078970829949803,0.1115714913831137,0.0042176286797378166,0.0042176286797378166,0.19473841405839357,0.005984779324599865,0.005984779324599865
2026-03-20T16:30:00+00:00,2026-03-20T17:30:00+00:00,2026-03-20,2026-03-20T12:30:00-04:00,-0.005199268590842632,0.005199268590842632,0,2026-03-20T16:30:00+00:00,0.0016419916324168504,0.0016419916324168504,0.0038271570193668548,16.50704498813484,16.786137490704817,180.0,0.0,1.3862943611198906,1.3862943611198906,0.6931471805599453,0.0,0.6931471805599453,0.6931471805599453,0.6931471805599453,0.0,4.248495242049359,3.871201010907891,2.302585092994046,2.0794415416798357,2.1972245773362196,2.1972245773362196,2.1972245773362196,1.0986122886681098,2026-03-20T16:20:25+00:00,test,0.14363636363636365,0.005064144539958312,0.0031743182979321327,0.06474892353971878,0.003249485801959085,0.003249485801959085,0.07089815466963516,0.0035352544916974335,0.0035352544916974335,0.07935115123753371,0.0038559387888060575,0.0038559387888060575
2026-03-20T17:30:00+00:00,2026-03-20T18:30:00+00:00,2026-03-20,2026-03-20T13:30:00-04:00,-0.004597727197452106,0.004597727197452106,0,2026-03-20T17:30:00+00:00,-0.005199268590842632,0.005199268590842632,0.0039093363641052314,16.306511102203267,16.720311411188625,240.0,0.0,2.0794415416798357,0.6931471805599453,0.6931471805599453,0.0,0.0,0.0,1.0986122886681098,0.0,4.276666119016055,3.8501476017100584,2.3978952727983707,2.0794415416798357,2.1972245773362196,2.1972245773362196,2.3978952727983707,1.0986122886681098,2026-03-20T17:28:22+00:00,test,0.14363636363636365,0.005064144539958312,0.0031743182979321327,0.050328976856244566,0.0031602139925787586,0.0031602139925787586,0.05287936136794382,0.00316375106317769,0.00316375106317769,0.06129763817566698,0.0032840395845240133,0.0032840395845240133
2026-03-20T18:30:00+00:00,2026-03-20T19:30:00+00:00,2026-03-20,2026-03-20T14:30:00-04:00,-0.010529978597504819,0.010529978597504819,1,2026-03-20T18:30:00+00:00,-0.004597727197452106,0.004597727197452106,0.003959959260382462,16.81506760772743,16.773823302458556,300.0,0.0,1.791759469228055,1.3862943611198906,0.6931471805599453,0.0,0.6931471805599453,0.0,0.0,0.0,4.31748811353631,3.8918202981106265,2.4849066497880004,1.9459101490553132,2.302585092994046,2.1972245773362196,2.302585092994046,1.0986122886681098,2026-03-20T18:16:53+00:00,test,0.14363636363636365,0.005064144539958312,0.0031743182979321327,0.035897218853567385,0.0023545902806903834,0.0023545902806903834,0.038837623584188616,0.0024768543283658073,0.0024768543283658073,0.02878862385816935,0.0019282761753210225,0.0019282761753210225
2026-03-23T13:30:00+00:00,2026-03-23T14:30:00+00:00,2026-03-23,2026-03-23T09:30:00-04:00,0.0035260930888576514,0.0035260930888576514,0,2026-03-20T20:00:00+00:00,0.003334765481022517,0.003334765481022517,0.004487414378406843,17.018486689969194,16.719801189015026,0.0,65.5,1.791759469228055,1.6094379124341003,1.0986122886681098,0.0,0.0,0.0,0.0,0.0,3.784189633918261,3.1780538303479458,2.1972245773362196,1.0986122886681098,1.9459101490553132,1.791759469228055,0.6931471805599453,0.0,2026-03-23T13:15:34+00:00,test,0.14363636363636365,0.005064144539958312,0.0031743182979321327,0.2583245552390808,0.008102318910453194,0.008102318910453194,0.2671356437564456,0.008210288395358104,0.008210288395358104,0.22782506731117044,0.007450675676282657,0.007450675676282657
2026-03-23T14:30:00+00:00,2026-03-23T15:30:00+00:00,2026-03-23,2026-03-23T10:30:00-04:00,-0.0016023593922770418,0.0016023593922770418,0,2026-03-23T14:30:00+00:00,0.0035260930888576514,0.0035260930888576514,0.0044916890866156965,17.833098942064385,16.86149089909654,60.0,0.0,2.0794415416798357,1.0986122886681098,0.6931471805599453,0.0,0.0,0.0,0.0,0.0,3.912023005428146,3.2188758248682006,2.1972245773362196,1.0986122886681098,1.9459101490553132,1.791759469228055,0.6931471805599453,0.0,2026-03-23T14:20:00+00:00,test,0.14363636363636365,0.005064144539958312,0.0031743182979321327,0.1898974862833761,0.00539962718154913,0.00539962718154913,0.18515322029343498,0.005273865973258495,0.005273865973258495,0.12236227073605123,0.00418963459165244,0.00418963459165244
2026-03-23T15:30:00+00:00,2026-03-23T16:30:00+00:00,2026-03-23,2026-03-23T11:30:00-04:00,-0.015654028023107336,0.015654028023107336,1,2026-03-23T15:30:00+00:00,-0.0016023593922770418,0.0016023593922770418,0.004489621639254466,16.975388197650616,16.891303842870443,120.0,0.0,2.0794415416798357,1.791759469228055,1.0986122886681098,0.0,0.0,0.0,1.0986122886681098,0.0,4.02535169073515,3.367295829986474,2.3978952727983707,1.0986122886681098,1.791759469228055,1.791759469228055,1.3862943611198906,0.0,2026-03-23T15:19:06+00:00,test,0.14363636363636365,0.005064144539958312,0.0031743182979321327,0.11694739366882066,0.004415835688902701,0.004415835688902701,0.11602642347205923,0.004320023934752057,0.004320023934752057,0.15440893037110054,0.004731715653970275,0.004731715653970275
2026-03-23T16:30:00+00:00,2026-03-23T17:30:00+00:00,2026-03-23,2026-03-23T12:30:00-04:00,0.0027457353249755734,0.0027457353249755734,0,2026-03-23T16:30:00+00:00,-0.015654028023107336,0.015654028023107336,0.005487461101930704,17.079646552467292,16.887604239206482,180.0,0.0,1.3862943611198906,1.0986122886681098,0.0,0.0,0.6931471805599453,0.0,0.0,0.0,4.04305126783455,3.4011973816621555,2.3978952727983707,1.0986122886681098,1.791759469228055,1.791759469228055,1.3862943611198906,0.0,2026-03-23T16:19:08+00:00,test,0.14363636363636365,0.005064144539958312,0.0031743182979321327,0.17864875571445143,0.0065741634415595745,0.0065741634415595745,0.18729274372735438,0.0067305122113245535,0.0067305122113245535,0.12581965645015702,0.006013929268590647,0.006013929268590647
2026-03-23T17:30:00+00:00,2026-03-23T18:30:00+00:00,2026-03-23,2026-03-23T13:30:00-04:00,0.00470673752845574,0.00470673752845574,0,2026-03-23T17:30:00+00:00,0.0027457353249755734,0.0027457353249755734,0.0055416827216943606,16.517059605622638,16.886033001814766,240.0,0.0,0.6931471805599453,0.6931471805599453,0.0,0.0,0.0,0.0,0.0,0.6931471805599453,4.02535169073515,3.4339872044851463,2.302585092994046,1.0986122886681098,1.791759469228055,1.791759469228055,1.3862943611198906,0.6931471805599453,2026-03-23T17:05:07+00:00,test,0.14363636363636365,0.005064144539958312,0.0031743182979321327,0.05390134817395327,0.0031207049894555325,0.0031207049894555325,0.058460474982093086,0.0034590051465603236,0.0034590051465603236,0.06464781118785337,0.004236608099674716,0.004236608099674716
2026-03-23T18:30:00+00:00,2026-03-23T19:30:00+00:00,2026-03-23,2026-03-23T14:30:00-04:00,0.0007381579756846612,0.0007381579756846612,0,2026-03-23T18:30:00+00:00,0.00470673752845574,0.00470673752845574,0.005710210812660911,16.41622006192052,16.89498655198702,300.0,0.0,1.3862943611198906,0.0,0.0,0.0,0.0,0.6931471805599453,0.0,0.0,4.07753744390572,3.4339872044851463,2.302585092994046,1.0986122886681098,1.791759469228055,1.9459101490553132,1.3862943611198906,0.6931471805599453,2026-03-23T18:18:43+00:00,test,0.14363636363636365,0.005064144539958312,0.0031743182979321327,0.039010080465993274,0.0026546442452054994,0.0026546442452054994,0.04061490947208007,0.0027204019600115775,0.0027204019600115775,0.01914838092525437,0.0008044211297155062,0.0008044211297155062
2026-03-24T13:30:00+00:00,2026-03-24T14:30:00+00:00,2026-03-24,2026-03-24T09:30:00-04:00,-0.0029296610677084223,0.0029296610677084223,0,2026-03-23T20:00:00+00:00,-0.004057378759627861,0.004057378759627861,0.005727358103790293,16.515213483965915,16.910571718672124,0.0,17.5,2.4849066497880004,1.791759469228055,1.0986122886681098,1.0986122886681098,0.6931471805599453,0.6931471805599453,0.0,0.0,4.204692619390966,3.58351893845611,2.3978952727983707,1.3862943611198906,2.0794415416798357,1.9459101490553132,1.6094379124341003,0.6931471805599453,2026-03-24T13:16:14+00:00,test,0.14363636363636365,0.005064144539958312,0.0031743182979321327,0.28411276314207673,0.007325278505900065,0.007325278505900065,0.28995083908241404,0.007301981092416199,0.007301981092416199,0.2021609530570663,0.006719185166046752,0.006719185166046752
2026-03-24T14:30:00+00:00,2026-03-24T15:30:00+00:00,2026-03-24,2026-03-24T10:30:00-04:00,0.007804657382817659,0.007804657382817659,0,2026-03-24T14:30:00+00:00,-0.0029296610677084223,0.0029296610677084223,0.005684299144260969,17.276519556534115,16.95874924918396,60.0,0.0,1.3862943611198906,0.6931471805599453,0.0,0.0,0.0,0.0,0.0,0.0,4.143134726391533,3.5553480614894135,2.302585092994046,1.3862943611198906,2.0794415416798357,1.9459101490553132,1.6094379124341003,0.6931471805599453,2026-03-24T14:18:49+00:00,test,0.14363636363636365,0.005064144539958312,0.0031743182979321327,0.20701983889322118,0.0058252074238007295,0.0058252074238007295,0.21940131977236227,0.006113158252392658,0.006113158252392658,0.1646470860963307,0.005341583336926138,0.005341583336926138
2026-03-24T15:30:00+00:00,2026-03-24T16:30:00+00:00,2026-03-24,2026-03-24T11:30:00-04:00,-0.0016229352606276226,0.0016229352606276226,0,2026-03-24T15:30:00+00:00,0.007804657382817659,0.007804657382817659,0.006007555124122052,17.038947047174766,16.981514799391224,120.0,0.0,1.6094379124341003,1.0986122886681098,0.6931471805599453,0.0,0.6931471805599453,0.6931471805599453,0.0,0.0,4.0943445622221,3.4657359027997265,2.1972245773362196,1.3862943611198906,2.1972245773362196,2.0794415416798357,1.0986122886681098,0.6931471805599453,2026-03-24T15:18:03+00:00,test,0.14363636363636365,0.005064144539958312,0.0031743182979321327,0.16856192784056295,0.00567078800603504,0.00567078800603504,0.1741580730540803,0.00577901177435838,0.00577901177435838,0.10024668730529607,0.0043726611483249226,0.0043726611483249226
2026-03-24T16:30:00+00:00,2026-03-24T17:30:00+00:00,2026-03-24,2026-03-24T12:30:00-04:00,-0.00355156514200905,0.00355156514200905,0,2026-03-24T16:30:00+00:00,-0.0016229352606276226,0.0016229352606276226,0.006003029674894217,16.514744005471773,16.94110909669889,180.0,0.0,1.0986122886681098,0.6931471805599453,0.0,0.0,0.0,0.0,0.0,0.0,4.07753744390572,3.4339872044851463,2.1972245773362196,1.3862943611198906,2.0794415416798357,2.0794415416798357,1.0986122886681098,0.6931471805599453,2026-03-24T15:47:39+00:00,test,0.14363636363636365,0.005064144539958312,0.0031743182979321327,0.0846435079735977,0.004004758990549006,0.004004758990549006,0.09013702538016825,0.004260008471662235,0.004260008471662235,0.06586946088773635,0.0035217454110865994,0.0035217454110865994
2026-03-24T17:30:00+00:00,2026-03-24T18:30:00+00:00,2026-03-24,2026-03-24T13:30:00-04:00,0.004150006389126659,0.004150006389126659,0,2026-03-24T17:30:00+00:00,-0.00355156514200905,0.00355156514200905,0.005909089547412486,16.30577043695195,16.933651176144338,240.0,0.0,1.6094379124341003,1.3862943611198906,0.0,0.0,0.6931471805599453,0.0,0.0,0.0,4.127134385045092,3.4965075614664802,2.1972245773362196,1.3862943611198906,2.1972245773362196,2.0794415416798357,1.0986122886681098,0.0,2026-03-24T17:22:25+00:00,test,0.14363636363636365,0.005064144539958312,0.0031743182979321327,0.06109885992200487,0.0035497544987872906,0.0035497544987872906,0.06346051759084348,0.003605735317449541,0.003605735317449541,0.04203022424401605,0.0032308005793963866,0.0032308005793963866
2026-03-24T18:30:00+00:00,2026-03-24T19:30:00+00:00,2026-03-24,2026-03-24T14:30:00-04:00,0.00048456203281199706,0.00048456203281199706,0,2026-03-24T18:30:00+00:00,0.004150006389126659,0.004150006389126659,0.0059595306953561114,16.289815709935908,16.93464466545427,300.0,0.0,1.0986122886681098,0.6931471805599453,0.6931471805599453,0.0,0.0,0.6931471805599453,0.0,0.0,4.110873864173311,3.5263605246161616,2.302585092994046,1.3862943611198906,2.1972245773362196,2.0794415416798357,1.0986122886681098,0.0,2026-03-24T18:15:41+00:00,test,0.14363636363636365,0.005064144539958312,0.0031743182979321327,0.03937074378348251,0.002674469092157016,0.002674469092157016,0.04212665277856329,0.0028702959689691295,0.0028702959689691295,0.027058202692918115,0.002000374045201083,0.002000374045201083
2026-03-25T13:30:00+00:00,2026-03-25T14:30:00+00:00,2026-03-25,2026-03-25T09:30:00-04:00,0.016713672236397414,0.016713672236397414,1,2026-03-24T20:00:00+00:00,-0.001183979288403969,0.001183979288403969,0.005977296958220561,16.400365026158166,16.87115580252426,0.0,17.5,1.9459101490553132,1.9459101490553132,1.0986122886681098,0.0,0.6931471805599453,0.6931471805599453,0.0,0.0,4.0943445622221,3.6635616461296463,2.3978952727983707,0.0,2.0794415416798357,2.0794415416798357,0.6931471805599453,0.0,2026-03-25T13:05:16+00:00,test,0.14363636363636365,0.005064144539958312,0.0031743182979321327,0.24270290568632175,0.006767052846358606,0.006767052846358606,0.24991310352885804,0.006862409593795511,0.006862409593795511,0.15827300664064306,0.006076316100642983,0.006076316100642983
2026-03-25T14:30:00+00:00,2026-03-25T15:30:00+00:00,2026-03-25,2026-03-25T10:30:00-04:00,-0.00027771758350614295,0.00027771758350614295,0,2026-03-25T14:30:00+00:00,0.016713672236397414,0.016713672236397414,0.007198578633146735,17.667527305349694,16.976302901955805,60.0,0.0,1.6094379124341003,1.3862943611198906,0.0,0.0,0.0,0.0,0.0,0.0,4.110873864173311,3.713572066704308,2.3978952727983707,0.0,2.0794415416798357,2.0794415416798357,0.6931471805599453,0.0,2026-03-25T14:03:30+00:00,test,0.14363636363636365,0.005064144539958312,0.0031743182979321327,0.348448532528607,0.008017479354482531,0.008017479354482531,0.35931454627939674,0.00816353646688342,0.00816353646688342,0.2741969295985091,0.007574517950246355,0.007574517950246355
2026-03-25T15:30:00+00:00,2026-03-25T16:30:00+00:00,2026-03-25,2026-03-25T11:30:00-04:00,-0.004861246277599651,0.004861246277599651,0,2026-03-25T15:30:00+00:00,-0.00027771758350614295,0.00027771758350614295,0.007189457035365969,17.25308069092712,17.012176519667534,120.0,0.0,1.791759469228055,1.3862943611198906,0.0,0.0,0.6931471805599453,0.6931471805599453,0.0,0.0,4.127134385045092,3.7376696182833684,2.302585092994046,0.0,2.0794415416798357,2.0794415416798357,0.6931471805599453,0.0,2026-03-25T15:19:00+00:00,test,0.14363636363636365,0.005064144539958312,0.0031743182979321327,0.14075999401266207,0.00491720606797885,0.00491720606797885,0.14395001954864736,0.00498094693501499,0.00498094693501499,0.0762863326577372,0.004226266289499467,0.004226266289499467
2026-03-25T16:30:00+00:00,2026-03-25T17:30:00+00:00,2026-03-25,2026-03-25T12:30:00-04:00,-0.0010050133100156788,0.0010050133100156788,0,2026-03-25T16:30:00+00:00,-0.004861246277599651,0.004861246277599651,0.0067029726961552495,16.714793548181785,16.934478191757353,180.0,0.0,1.3862943611198906,1.0986122886681098,1.3862943611198906,0.0,0.0,0.6931471805599453,0.0,0.0,4.143134726391533,3.7612001156935624,2.5649493574615367,0.0,2.0794415416798357,2.1972245773362196,0.6931471805599453,0.0,2026-03-25T16:26:04+00:00,test,0.14363636363636365,0.005064144539958312,0.0031743182979321327,0.10671952105249334,0.004788048991900955,0.004788048991900955,0.1129979532221912,0.004979745068076362,0.004979745068076362,0.06912314066425847,0.004124299197931151,0.004124299197931151
2026-03-25T17:30:00+00:00,2026-03-25T18:30:00+00:00,2026-03-25,2026-03-25T13:30:00-04:00,0.0004470874592776841,0.0004470874592776841,0,2026-03-25T17:30:00+00:00,-0.0010050133100156788,0.0010050133100156788,0.006704115278296733,16.30194653773081,16.900178761616928,240.0,0.0,1.791759469228055,1.3862943611198906,0.6931471805599453,0.0,0.0,0.0,0.6931471805599453,0.0,4.1588830833596715,3.7612001156935624,2.6390573296152584,0.0,1.9459101490553132,2.1972245773362196,1.0986122886681098,0.0,2026-03-25T17:17:00+00:00,test,0.14363636363636365,0.005064144539958312,0.0031743182979321327,0.05331586207764968,0.0031872463988953676,0.0031872463988953676,0.054766618045409075,0.0031820635157654657,0.0031820635157654657,0.05025484908398849,0.0033610095825127974,0.0033610095825127974
2026-03-25T18:30:00+00:00,2026-03-25T19:30:00+00:00,2026-03-25,2026-03-25T14:30:00-04:00,-0.0023460962960658582,0.0023460962960658582,0,2026-03-25T18:30:00+00:00,0.0004470874592776841,0.0004470874592776841,0.006689649488639154,16.35607760660932,16.895438783290167,300.0,0.0,1.3862943611198906,1.0986122886681098,1.3862943611198906,0.0,0.6931471805599453,0.6931471805599453,0.6931471805599453,0.0,4.174387269895637,3.784189633918261,2.772588722239781,0.0,2.0794415416798357,2.1972245773362196,1.3862943611198906,0.0,2026-03-25T18:04:28+00:00,test,0.14363636363636365,0.005064144539958312,0.0031743182979321327,0.0339388321749966,0.0022589047120011863,0.0022589047120011863,0.0359581447161941,0.0023859947337543683,0.0023859947337543683,0.025402428761188457,0.0023971344736854307,0.0023971344736854307
2026-03-26T13:30:00+00:00,2026-03-26T14:30:00+00:00,2026-03-26,2026-03-26T09:30:00-04:00,-0.00766300084439997,0.00766300084439997,0,2026-03-25T20:00:00+00:00,0.0004199274768588168,0.0004199274768588168,0.006614742668039378,16.136624526200205,16.90422727024591,0.0,17.5,2.1972245773362196,1.6094379124341003,0.6931471805599453,0.0,0.0,0.6931471805599453,0.0,0.0,4.174387269895637,3.7376696182833684,2.5649493574615367,0.0,2.0794415416798357,1.6094379124341003,1.3862943611198906,0.6931471805599453,2026-03-26T13:25:00+00:00,test,0.14363636363636365,0.005064144539958312,0.0031743182979321327,0.23878578954075563,0.006767349452186741,0.006767349452186741,0.2450828209081062,0.006806885933685721,0.006806885933685721,0.15262094167543988,0.005136118460271032,0.005136118460271032
2026-03-26T14:30:00+00:00,2026-03-26T15:30:00+00:00,2026-03-26,2026-03-26T10:30:00-04:00,-0.004261096324972402,0.004261096324972402,0,2026-03-26T14:30:00+00:00,-0.00766300084439997,0.00766300084439997,0.006751630549092502,17.399844553060348,16.93992310930177,60.0,0.0,2.0794415416798357,1.6094379124341003,0.0,0.0,0.0,1.0986122886681098,0.0,0.0,4.219507705176107,3.7612001156935624,2.5649493574615367,0.0,2.0794415416798357,1.9459101490553132,1.3862943611198906,0.6931471805599453,2026-03-26T14:29:11+00:00,test,0.14363636363636365,0.005064144539958312,0.0031743182979321327,0.269790117119311,0.006960766628932783,0.006960766628932783,0.27783033827045656,0.0070312582401854985,0.0070312582401854985,0.14956143528824042,0.004628818533254143,0.004628818533254143
2026-03-26T15:30:00+00:00,2026-03-26T16:30:00+00:00,2026-03-26,2026-03-26T11:30:00-04:00,-0.0016660933608380057,0.0016660933608380057,0,2026-03-26T15:30:00+00:00,-0.004261096324972402,0.004261096324972402,0.0063995966044027115,17.20115799683533,16.953844492421297,120.0,0.0,1.791759469228055,1.3862943611198906,0.0,0.0,0.0,0.0,0.0,0.0,4.219507705176107,3.7612001156935624,2.5649493574615367,0.0,1.9459101490553132,1.791759469228055,1.3862943611198906,0.6931471805599453,2026-03-26T15:24:56+00:00,test,0.14363636363636365,0.005064144539958312,0.0031743182979321327,0.15872303272896868,0.005441187506104316,0.005441187506104316,0.16642956300054088,0.005582816319961181,0.005582816319961181,0.11471111439155136,0.004565767064122053,0.004565767064122053
2026-03-26T16:30:00+00:00,2026-03-26T17:30:00+00:00,2026-03-26,2026-03-26T12:30:00-04:00,-0.0013517123123483188,0.0013517123123483188,0,2026-03-26T16:30:00+00:00,-0.0016660933608380057,0.0016660933608380057,0.0063445866271818925,16.72667394195347,16.86979320002855,180.0,0.0,1.0986122886681098,1.0986122886681098,0.0,0.0,0.0,0.0,0.0,0.0,4.204692619390966,3.7612001156935624,2.302585092994046,0.0,1.9459101490553132,1.6094379124341003,1.3862943611198906,0.6931471805599453,2026-03-26T15:59:00+00:00,test,0.14363636363636365,0.005064144539958312,0.0031743182979321327,0.08324464933497558,0.004007276890422829,0.004007276890422829,0.09120178696504287,0.004353750301469259,0.004353750301469259,0.07423251431445052,0.004157789085185939,0.004157789085185939
2026-03-26T17:30:00+00:00,2026-03-26T18:30:00+00:00,2026-03-26,2026-03-26T13:30:00-04:00,-0.008326565179976653,0.008326565179976653,0,2026-03-26T17:30:00+00:00,-0.0013517123123483188,0.0013517123123483188,0.0063425053933988725,16.398472253327053,16.845131870949,240.0,0.0,1.9459101490553132,1.0986122886681098,0.0,0.0,0.0,0.0,0.0,0.0,4.219507705176107,3.7376696182833684,2.1972245773362196,0.0,1.9459101490553132,1.6094379124341003,1.0986122886681098,0.6931471805599453,2026-03-26T17:24:49+00:00,test,0.14363636363636365,0.005064144539958312,0.0031743182979321327,0.0514626543270856,0.0031096956804637864,0.0031096956804637864,0.05314145110027288,0.0030947103113177035,0.0030947103113177035,0.03352418863686264,0.0022036307047034734,0.0022036307047034734
2026-03-26T18:30:00+00:00,2026-03-26T19:30:00+00:00,2026-03-26,2026-03-26T14:30:00-04:00,0.00017431522754352002,0.00017431522754352002,0,2026-03-26T18:30:00+00:00,-0.008326565179976653,0.008326565179976653,0.005585724814456719,16.913523253554114,16.835409222751633,300.0,0.0,1.3862943611198906,0.6931471805599453,0.6931471805599453,0.0,0.0,0.6931471805599453,0.6931471805599453,0.0,4.219507705176107,3.713572066704308,1.9459101490553132,0.0,1.791759469228055,1.6094379124341003,1.0986122886681098,0.6931471805599453,2026-03-26T18:26:37+00:00,test,0.14363636363636365,0.005064144539958312,0.0031743182979321327,0.051996937264596685,0.0035184856563125295,0.0035184856563125295,0.0564326945818095,0.0037155508964577194,0.0037155508964577194,0.048886264764082844,0.0033595218475168036,0.0033595218475168036
2026-03-27T13:30:00+00:00,2026-03-27T14:30:00+00:00,2026-03-27,2026-03-27T09:30:00-04:00,-0.01258897182478469,0.01258897182478469,1,2026-03-26T20:00:00+00:00,-0.00518932798215932,0.00518932798215932,0.005546141404479905,16.66057987085481,16.844375122305312,0.0,17.5,1.791759469228055,1.6094379124341003,1.3862943611198906,0.6931471805599453,0.0,0.6931471805599453,0.0,0.0,4.110873864173311,3.58351893845611,2.1972245773362196,1.6094379124341003,1.0986122886681098,1.9459101490553132,1.3862943611198906,0.6931471805599453,2026-03-27T13:29:16+00:00,test,0.14363636363636365,0.005064144539958312,0.0031743182979321327,0.2874974270980583,0.0074279390895980665,0.0074279390895980665,0.30035746135144087,0.007611097851391165,0.007611097851391165,0.3245718223113424,0.0075157161704699,0.0075157161704699
2026-03-27T14:30:00+00:00,2026-03-27T15:30:00+00:00,2026-03-27,2026-03-27T10:30:00-04:00,0.010367030105809638,0.010367030105809638,1,2026-03-27T14:30:00+00:00,-0.01258897182478469,0.01258897182478469,0.006060113279115172,17.843826173360473,16.942639102955425,60.0,0.0,1.0986122886681098,0.6931471805599453,0.0,0.0,0.0,1.0986122886681098,0.0,0.6931471805599453,4.02535169073515,3.4965075614664802,2.1972245773362196,1.6094379124341003,1.0986122886681098,1.9459101490553132,1.3862943611198906,1.0986122886681098,2026-03-27T14:11:53+00:00,test,0.14363636363636365,0.005064144539958312,0.0031743182979321327,0.33788017555546684,0.007788779223331167,0.007788779223331167,0.3555820380843801,0.008125121572725057,0.008125121572725057,0.35187281749697435,0.007596783225640408,0.007596783225640408
2026-03-27T15:30:00+00:00,2026-03-27T16:30:00+00:00,2026-03-27,2026-03-27T11:30:00-04:00,-0.00436417931723132,0.00436417931723132,0,2026-03-27T15:30:00+00:00,0.010367030105809638,0.010367030105809638,0.006574248621783141,17.133458459639122,16.969167384889737,120.0,0.0,1.0986122886681098,0.0,0.0,0.0,0.0,0.0,0.0,0.0,3.970291913552122,3.4011973816621555,2.1972245773362196,1.6094379124341003,1.0986122886681098,1.9459101490553132,1.3862943611198906,1.0986122886681098,2026-03-27T15:18:48+00:00,test,0.14363636363636365,0.005064144539958312,0.0031743182979321327,0.19006163315927574,0.006150124315279019,0.006150124315279019,0.19750273101632385,0.006358724554530392,0.006358724554530392,0.1631017968752288,0.005519584976176212,0.005519584976176212
2026-03-27T16:30:00+00:00,2026-03-27T17:30:00+00:00,2026-03-27,2026-03-27T12:30:00-04:00,-0.005746112402889136,0.005746112402889136,0,2026-03-27T16:30:00+00:00,-0.00436417931723132,0.00436417931723132,0.00660856090546933,16.67893138017697,16.93810321202589,180.0,0.0,1.0986122886681098,1.0986122886681098,0.0,0.0,0.6931471805599453,0.0,0.0,0.0,3.970291913552122,3.4011973816621555,2.1972245773362196,1.6094379124341003,1.3862943611198906,1.9459101490553132,1.3862943611198906,1.0986122886681098,2026-03-27T16:28:31+00:00,test,0.14363636363636365,0.005064144539958312,0.0031743182979321327,0.10325806812845614,0.004673752984867878,0.004673752984867878,0.10737271947577737,0.0048523242687179835,0.0048523242687179835,0.09308438815958939,0.00444409635453001,0.00444409635453001
2026-03-27T17:30:00+00:00,2026-03-27T18:30:00+00:00,2026-03-27,2026-03-27T13:30:00-04:00,0.0009533106863710561,0.0009533106863710561,0,2026-03-27T17:30:00+00:00,-0.005746112402889136,0.005746112402889136,0.006382901023487891,16.634395384409018,16.919530430086066,240.0,0.0,1.791759469228055,1.6094379124341003,1.0986122886681098,0.0,0.0,1.0986122886681098,0.0,0.0,3.9512437185814275,3.4657359027997265,2.3978952727983707,1.6094379124341003,1.3862943611198906,2.1972245773362196,1.3862943611198906,1.0986122886681098,2026-03-27T17:07:17+00:00,test,0.14363636363636365,0.005064144539958312,0.0031743182979321327,0.0728676898816553,0.004076837233544463,0.004076837233544463,0.07184478195368768,0.00394172259388595,0.00394172259388595,0.05240233767805559,0.0018748625697449215,0.0018748625697449215
2026-03-27T18:30:00+00:00,2026-03-27T19:30:00+00:00,2026-03-27,2026-03-27T14:30:00-04:00,-0.003422589746253868,0.003422589746253868,0,2026-03-27T18:30:00+00:00,0.0009533106863710561,0.0009533106863710561,0.006403379619225545,16.527711864626998,16.91996570760144,300.0,0.0,1.6094379124341003,1.3862943611198906,0.0,0.6931471805599453,0.6931471805599453,0.0,0.0,0.0,3.970291913552122,3.5263605246161616,2.302585092994046,1.791759469228055,1.6094379124341003,2.0794415416798357,1.0986122886681098,1.0986122886681098,2026-03-27T18:25:00+00:00,test,0.14363636363636365,0.005064144539958312,0.0031743182979321327,0.035656847233409124,0.002307042356699697,0.002307042356699697,0.03545750976017655,0.002209701362721833,0.002209701362721833,0.031090241703885267,0.002470851421659842,0.002470851421659842
2026-03-30T13:30:00+00:00,2026-03-30T14:30:00+00:00,2026-03-30,2026-03-30T09:30:00-04:00,-0.01081575809192381,0.01081575809192381,1,2026-03-27T20:00:00+00:00,0.00011947128624734127,0.00011947128624734127,0.00640098937069257,16.7124892750914,16.93241411612625,0.0,65.5,1.3862943611198906,1.3862943611198906,0.6931471805599453,0.0,0.0,1.0986122886681098,0.0,0.0,3.828641396489095,3.4011973816621555,2.0794415416798357,1.0986122886681098,2.1972245773362196,1.3862943611198906,0.6931471805599453,0.6931471805599453,2026-03-30T13:08:00+00:00,test,0.14363636363636365,0.005064144539958312,0.0031743182979321327,0.281761336019649,0.008318916703346385,0.008318916703346385,0.2974651137402029,0.008592316872416156,0.008592316872416156,0.23578592705396226,0.007357192150097936,0.007357192150097936
2026-03-30T14:30:00+00:00,2026-03-30T15:30:00+00:00,2026-03-30,2026-03-30T10:30:00-04:00,0.0005991797983706526,0.0005991797983706526,0,2026-03-30T14:30:00+00:00,-0.01081575809192381,0.01081575809192381,0.006610352999891897,17.60714804671813,17.001827597518265,60.0,0.0,1.0986122886681098,1.0986122886681098,0.0,0.0,0.0,0.0,0.0,0.0,3.8066624897703196,3.4011973816621555,2.0794415416798357,1.0986122886681098,2.1972245773362196,1.0986122886681098,0.6931471805599453,0.6931471805599453,2026-03-30T14:09:00+00:00,test,0.14363636363636365,0.005064144539958312,0.0031743182979321327,0.3259715047547603,0.007629718118037084,0.007629718118037084,0.33017955653544007,0.007795372351882041,0.007795372351882041,0.3040843153885584,0.007629169421599209,0.007629169421599209
2026-03-30T15:30:00+00:00,2026-03-30T16:30:00+00:00,2026-03-30,2026-03-30T11:30:00-04:00,-0.0031436760268525044,0.0031436760268525044,0,2026-03-30T15:30:00+00:00,0.0005991797983706526,0.0005991797983706526,0.006612649409819839,17.03862737708973,17.024549105088564,120.0,0.0,2.0794415416798357,1.791759469228055,0.0,0.6931471805599453,0.0,0.0,0.0,0.0,3.9512437185814275,3.5553480614894135,2.0794415416798357,1.3862943611198906,2.1972245773362196,1.0986122886681098,0.6931471805599453,0.6931471805599453,2026-03-30T15:26:39+00:00,test,0.14363636363636365,0.005064144539958312,0.0031743182979321327,0.13633612045668253,0.004828312946339741,0.004828312946339741,0.13193679363574085,0.004655324310868603,0.004655324310868603,0.13332028408053126,0.005160371570361366,0.005160371570361366
2026-03-30T16:30:00+00:00,2026-03-30T17:30:00+00:00,2026-03-30,2026-03-30T12:30:00-04:00,-0.0036340445883311645,0.0036340445883311645,0,2026-03-30T16:30:00+00:00,-0.0031436760268525044,0.0031436760268525044,0.004938118027452503,16.80946710585023,16.968208246259856,180.0,0.0,1.9459101490553132,1.3862943611198906,0.0,0.0,0.0,1.0986122886681098,0.0,0.0,4.02535169073515,3.6109179126442243,1.9459101490553132,1.3862943611198906,2.1972245773362196,1.6094379124341003,0.6931471805599453,0.0,2026-03-30T16:29:42+00:00,test,0.14363636363636365,0.005064144539958312,0.0031743182979321327,0.0924781491032414,0.004113552391925366,0.004113552391925366,0.09224426321710157,0.004027594908465234,0.004027594908465234,0.06174886637948327,0.0030466030674736956,0.0030466030674736956
2026-03-30T17:30:00+00:00,2026-03-30T18:30:00+00:00,2026-03-30,2026-03-30T13:30:00-04:00,-0.0010549695431359973,0.0010549695431359973,0,2026-03-30T17:30:00+00:00,-0.0036340445883311645,0.0036340445883311645,0.004898863660095796,16.61085782857545,16.93619808963042,240.0,0.0,1.0986122886681098,1.0986122886681098,0.0,0.0,0.0,0.0,0.0,0.0,4.04305126783455,3.6375861597263857,1.9459101490553132,1.3862943611198906,2.1972245773362196,1.6094379124341003,0.6931471805599453,0.0,2026-03-30T17:04:26+00:00,test,0.14363636363636365,0.005064144539958312,0.0031743182979321327,0.06054358672787084,0.003360561606232874,0.003360561606232874,0.06431038982006655,0.0035742672967088,0.0035742672967088,0.06426639130711782,0.004243703615195032,0.004243703615195032
2026-03-30T18:30:00+00:00,2026-03-30T19:30:00+00:00,2026-03-30,2026-03-30T14:30:00-04:00,-0.0074646513154835725,0.0074646513154835725,0,2026-03-30T18:30:00+00:00,-0.0010549695431359973,0.0010549695431359973,0.004902113463140355,16.46931560344831,16.927437898130034,300.0,0.0,1.3862943611198906,0.6931471805599453,0.0,0.0,0.6931471805599453,0.0,0.6931471805599453,0.0,4.0943445622221,3.6635616461296463,1.9459101490553132,1.3862943611198906,2.302585092994046,1.6094379124341003,1.0986122886681098,0.0,2026-03-30T18:20:00+00:00,test,0.14363636363636365,0.005064144539958312,0.0031743182979321327,0.03363887867076539,0.002052685736402561,0.002052685736402561,0.03525071242882129,0.0021498194442502072,0.0021498194442502072,0.03522976588562046,0.0034676736310826854,0.0034676736310826854
2026-03-31T13:30:00+00:00,2026-03-31T14:30:00+00:00,2026-03-31,2026-03-31T09:30:00-04:00,0.0240162572768714,0.0240162572768714,1,2026-03-30T20:00:00+00:00,0.0036177985221894637,0.0036177985221894637,0.004979927804635587,16.718454673741107,16.944396001375573,0.0,17.5,2.3978952727983707,2.0794415416798357,1.0986122886681098,0.0,0.0,0.6931471805599453,0.0,0.0,4.204692619390966,3.7612001156935624,1.6094379124341003,1.0986122886681098,2.0794415416798357,2.3978952727983707,0.6931471805599453,0.6931471805599453,2026-03-31T13:25:00+00:00,test,0.14363636363636365,0.005064144539958312,0.0031743182979321327,0.2698156487622609,0.006941918919224289,0.006941918919224289,0.2769120380544164,0.006958136473464096,0.006958136473464096,0.23609317869986632,0.006002891039378324,0.006002891039378324
2026-03-31T14:30:00+00:00,2026-03-31T15:30:00+00:00,2026-03-31,2026-03-31T10:30:00-04:00,-0.003947848102847318,0.003947848102847318,0,2026-03-31T14:30:00+00:00,0.0240162572768714,0.0240162572768714,0.00786038136867641,17.621168454410764,17.012627242452197,60.0,0.0,1.0986122886681098,0.6931471805599453,0.0,0.0,0.0,0.0,0.6931471805599453,0.0,4.204692619390966,3.7376696182833684,1.6094379124341003,1.0986122886681098,2.0794415416798357,2.3978952727983707,1.0986122886681098,0.6931471805599453,2026-03-31T13:46:05+00:00,test,0.14363636363636365,0.005064144539958312,0.0031743182979321327,0.4416541741494877,0.009250656114160198,0.009250656114160198,0.46896296558041795,0.00964317892686359,0.00964317892686359,0.5136258333302869,0.01012717578815839,0.01012717578815839
2026-03-31T15:30:00+00:00,2026-03-31T16:30:00+00:00,2026-03-31,2026-03-31T11:30:00-04:00,0.004403992874692175,0.004403992874692175,0,2026-03-31T15:30:00+00:00,-0.003947848102847318,0.003947848102847318,0.007871312826154109,17.073285621241364,17.033015816034744,120.0,0.0,2.1972245773362196,1.6094379124341003,0.0,0.0,0.6931471805599453,0.0,0.0,0.0,4.219507705176107,3.713572066704308,1.6094379124341003,0.6931471805599453,2.1972245773362196,2.3978952727983707,1.0986122886681098,0.6931471805599453,2026-03-31T15:27:54+00:00,test,0.14363636363636365,0.005064144539958312,0.0031743182979321327,0.17519132057454678,0.00579832856038246,0.00579832856038246,0.17781717348077006,0.0057632690401103635,0.0057632690401103635,0.11580213661080693,0.005112621357968198,0.005112621357968198
2026-03-31T16:30:00+00:00,2026-03-31T17:30:00+00:00,2026-03-31,2026-03-31T12:30:00-04:00,0.013007838673076755,0.013007838673076755,1,2026-03-31T16:30:00+00:00,0.004403992874692175,0.004403992874692175,0.007890322088968546,16.734961715180873,16.997342546243175,180.0,0.0,2.1972245773362196,1.791759469228055,1.0986122886681098,0.0,1.0986122886681098,0.0,0.0,0.0,4.248495242049359,3.7612001156935624,1.9459101490553132,0.6931471805599453,2.3978952727983707,2.1972245773362196,1.0986122886681098,0.6931471805599453,2026-03-31T16:19:46+00:00,test,0.14363636363636365,0.005064144539958312,0.0031743182979321327,0.10905060241197588,0.004814716554951816,0.004814716554951816,0.11088878238899015,0.004744788486198307,0.004744788486198307,0.06865683365839348,0.004312516048927383,0.004312516048927383
2026-03-31T17:30:00+00:00,2026-03-31T18:30:00+00:00,2026-03-31,2026-03-31T13:30:00-04:00,-8.656157521991226e-05,8.656157521991226e-05,0,2026-03-31T17:30:00+00:00,0.013007838673076755,0.013007838673076755,0.008500866122557862,17.31803374678363,17.004914213838163,240.0,0.0,1.0986122886681098,1.0986122886681098,0.0,0.0,0.0,0.0,0.0,0.0,4.248495242049359,3.7612001156935624,1.9459101490553132,0.6931471805599453,2.3978952727983707,2.1972245773362196,1.0986122886681098,0.6931471805599453,2026-03-31T17:00:00+00:00,test,0.14363636363636365,0.005064144539958312,0.0031743182979321327,0.11574773913519662,0.005423896856152411,0.005423896856152411,0.12679661503250336,0.005740320724918271,0.005740320724918271,0.10037441986513829,0.005287090969682528,0.005287090969682528
2026-03-31T18:30:00+00:00,2026-03-31T19:30:00+00:00,2026-03-31,2026-03-31T14:30:00-04:00,0.0038958967630071673,0.0038958967630071673,0,2026-03-31T18:30:00+00:00,-8.656157521991226e-05,8.656157521991226e-05,0.008498757881171272,16.77811382617939,17.006910469351276,300.0,0.0,1.3862943611198906,1.0986122886681098,0.6931471805599453,0.0,0.0,0.0,0.0,0.0,4.248495242049359,3.784189633918261,2.0794415416798357,0.6931471805599453,2.302585092994046,2.1972245773362196,0.6931471805599453,0.6931471805599453,2026-03-31T17:38:09+00:00,test,0.14363636363636365,0.005064144539958312,0.0031743182979321327,0.04275090229590649,0.002769256883988163,0.002769256883988163,0.04576827105893053,0.0029418121454891795,0.0029418121454891795,0.03452756918284495,0.0026119533034279353,0.0026119533034279353
2026-04-01T13:30:00+00:00,2026-04-01T14:30:00+00:00,2026-04-01,2026-04-01T09:30:00-04:00,0.0011363462968305704,0.0011363462968305704,0,2026-03-31T20:00:00+00:00,0.0025873180358841896,0.0025873180358841896,0.00855583325166885,16.82651772407607,17.024125053004138,0.0,17.5,1.6094379124341003,1.0986122886681098,0.6931471805599453,0.0,0.0,0.0,0.0,0.6931471805599453,4.430816798843313,3.8066624897703196,2.6390573296152584,0.0,2.6390573296152584,2.0794415416798357,1.3862943611198906,0.6931471805599453,2026-04-01T13:09:12+00:00,test,0.14363636363636365,0.005064144539958312,0.0031743182979321327,0.31886235271382257,0.007686156137488463,0.007686156137488463,0.3494107421081763,0.00813111395883737,0.00813111395883737,0.2734590278421342,0.007935968217410338,0.007935968217410338
2026-04-01T14:30:00+00:00,2026-04-01T15:30:00+00:00,2026-04-01,2026-04-01T10:30:00-04:00,0.0016743184338363637,0.0016743184338363637,0,2026-04-01T14:30:00+00:00,0.0011363462968305704,0.0011363462968305704,0.008351231264289893,17.64569953893521,17.071321663295954,60.0,0.0,1.0986122886681098,1.0986122886681098,0.0,0.6931471805599453,0.0,0.0,0.6931471805599453,0.0,4.430816798843313,3.828641396489095,2.6390573296152584,0.6931471805599453,2.6390573296152584,2.0794415416798357,1.3862943611198906,0.6931471805599453,2026-04-01T14:29:02+00:00,test,0.14363636363636365,0.005064144539958312,0.0031743182979321327,0.23575685609670594,0.006163564696739134,0.006163564696739134,0.2645823016549573,0.006743656151838404,0.006743656151838404,0.27267024854119415,0.007543443993009597,0.007543443993009597
2026-04-01T15:30:00+00:00,2026-04-01T16:30:00+00:00,2026-04-01,2026-04-01T11:30:00-04:00,0.0035132048446655517,0.0035132048446655517,0,2026-04-01T15:30:00+00:00,0.0016743184338363637,0.0016743184338363637,0.008358531548802079,16.936777478985334,17.07915823104,120.0,0.0,1.0986122886681098,0.6931471805599453,0.0,0.0,0.6931471805599453,0.0,0.0,0.0,4.356708826689592,3.7612001156935624,2.6390573296152584,0.6931471805599453,2.6390573296152584,2.0794415416798357,1.3862943611198906,0.6931471805599453,2026-04-01T15:07:55+00:00,test,0.14363636363636365,0.005064144539958312,0.0031743182979321327,0.15914578831596896,0.0054302655706935455,0.0054302655706935455,0.1773874438670407,0.005902272177622234,0.005902272177622234,0.09852616292335671,0.005207602472974074,0.005207602472974074
2026-04-01T16:30:00+00:00,2026-04-01T17:30:00+00:00,2026-04-01,2026-04-01T12:30:00-04:00,-0.0024563117018107095,0.0024563117018107095,0,2026-04-01T16:30:00+00:00,0.0035132048446655517,0.0035132048446655517,0.007821152055685942,16.54465993110607,16.997822478514948,180.0,0.0,1.9459101490553132,1.6094379124341003,0.0,0.0,0.6931471805599453,0.0,0.6931471805599453,0.0,4.330733340286331,3.7376696182833684,2.4849066497880004,0.6931471805599453,2.5649493574615367,2.0794415416798357,1.6094379124341003,0.6931471805599453,2026-04-01T16:28:03+00:00,test,0.14363636363636365,0.005064144539958312,0.0031743182979321327,0.10270641543742534,0.004664351487472171,0.004664351487472171,0.10815022092594774,0.004747263177511087,0.004747263177511087,0.08227032667748584,0.004347838558189227,0.004347838558189227
2026-04-01T17:30:00+00:00,2026-04-01T18:30:00+00:00,2026-04-01,2026-04-01T13:30:00-04:00,-0.008971734725685132,0.008971734725685132,0,2026-04-01T17:30:00+00:00,-0.0024563117018107095,0.0024563117018107095,0.007532651661318041,16.23068370492277,16.963183146001207,240.0,0.0,1.0986122886681098,0.6931471805599453,0.6931471805599453,0.0,0.6931471805599453,0.0,0.0,0.0,4.330733340286331,3.713572066704308,2.5649493574615367,0.6931471805599453,2.6390573296152584,2.0794415416798357,1.6094379124341003,0.6931471805599453,2026-04-01T16:44:35+00:00,test,0.14363636363636365,0.005064144539958312,0.0031743182979321327,0.06339774525849531,0.0037278383015815174,0.0037278383015815174,0.07103119364034614,0.0041044467258420795,0.0041044467258420795,0.037535452253721145,0.0033665382343808373,0.0033665382343808373
2026-04-01T18:30:00+00:00,2026-04-01T19:30:00+00:00,2026-04-01,2026-04-01T14:30:00-04:00,0.005311815547492715,0.005311815547492715,0,2026-04-01T18:30:00+00:00,-0.008971734725685132,0.008971734725685132,0.0077517912268096935,16.601749503057082,16.960384216465737,300.0,0.0,1.0986122886681098,0.6931471805599453,0.0,0.0,0.0,0.6931471805599453,0.0,0.0,4.31748811353631,3.6888794541139363,2.4849066497880004,0.6931471805599453,2.6390573296152584,2.1972245773362196,1.6094379124341003,0.6931471805599453,2026-04-01T18:20:00+00:00,test,0.14363636363636365,0.005064144539958312,0.0031743182979321327,0.06486442310212441,0.004264210994382453,0.004264210994382453,0.07274291102944083,0.00461108442155889,0.00461108442155889,0.03412305355082218,0.002612546084790896,0.002612546084790896
2026-04-02T13:30:00+00:00,2026-04-02T14:30:00+00:00,2026-04-02,2026-04-02T09:30:00-04:00,0.010831720132988387,0.010831720132988387,1,2026-04-01T20:00:00+00:00,-0.0011647500091896967,0.0011647500091896967,0.0077053735220422,16.28683294131257,16.959797155201603,0.0,17.5,1.0986122886681098,0.6931471805599453,0.6931471805599453,0.0,0.0,0.0,0.0,0.0,3.784189633918261,3.258096538021482,2.1972245773362196,1.0986122886681098,2.0794415416798357,1.0986122886681098,1.0986122886681098,0.0,2026-04-02T13:26:44+00:00,test,0.14363636363636365,0.005064144539958312,0.0031743182979321327,0.27352927474139954,0.007250266052313495,0.007250266052313495,0.27756906570105666,0.007428147143647484,0.007428147143647484,0.23995128540750021,0.007485489527629976,0.007485489527629976
2026-04-02T14:30:00+00:00,2026-04-02T15:30:00+00:00,2026-04-02,2026-04-02T10:30:00-04:00,0.015227224703052933,0.015227224703052933,1,2026-04-02T14:30:00+00:00,0.010831720132988387,0.010831720132988387,0.00803371629994648,17.63193746471719,17.02320709277821,60.0,0.0,2.1972245773362196,1.6094379124341003,0.6931471805599453,0.0,0.6931471805599453,0.6931471805599453,0.0,0.0,3.912023005428146,3.332204510175204,2.302585092994046,0.6931471805599453,2.1972245773362196,1.3862943611198906,0.6931471805599453,0.0,2026-04-02T14:21:06+00:00,test,0.14363636363636365,0.005064144539958312,0.0031743182979321327,0.30896182631637653,0.00741806893155347,0.00741806893155347,0.2977437670388924,0.007192082817698939,0.007192082817698939,0.16966484706687834,0.0057080278538203565,0.0057080278538203565
2026-04-02T15:30:00+00:00,2026-04-02T16:30:00+00:00,2026-04-02,2026-04-02T11:30:00-04:00,-0.003254085784792693,0.003254085784792693,0,2026-04-02T15:30:00+00:00,0.015227224703052933,0.015227224703052933,0.008539100124577682,17.0093650642242,17.036730321660315,120.0,0.0,0.0,0.0,0.0,0.0,0.0,0.0,0.0,0.0,3.871201010907891,3.295836866004329,2.302585092994046,0.6931471805599453,2.0794415416798357,1.3862943611198906,0.6931471805599453,0.0,2026-04-02T14:21:06+00:00,test,0.14363636363636365,0.005064144539958312,0.0031743182979321327,0.25402420747586885,0.007356634501832623,0.007356634501832623,0.2737519604136656,0.007886179855858285,0.007886179855858285,0.22508712325240196,0.008008796331908201,0.008008796331908201
2026-04-02T16:30:00+00:00,2026-04-02T17:30:00+00:00,2026-04-02,2026-04-02T12:30:00-04:00,0.0037190483616642567,0.0037190483616642567,0,2026-04-02T16:30:00+00:00,-0.003254085784792693,0.003254085784792693,0.008092774329624915,16.463124177902632,16.974561464792718,180.0,0.0,1.0986122886681098,0.0,0.0,0.0,0.0,0.0,0.0,0.0,3.784189633918261,3.1354942159291497,2.302585092994046,0.6931471805599453,1.9459101490553132,1.3862943611198906,0.0,0.0,2026-04-02T16:00:48+00:00,test,0.14363636363636365,0.005064144539958312,0.0031743182979321327,0.10509618065784894,0.004820860223836277,0.004820860223836277,0.10414325017121784,0.004841539121641091,0.004841539121641091,0.057810974789445635,0.004039724368833236,0.004039724368833236
2026-04-02T17:30:00+00:00,2026-04-02T18:30:00+00:00,2026-04-02,2026-04-02T13:30:00-04:00,-0.0014141071864591792,0.0014141071864591792,0,2026-04-02T17:30:00+00:00,0.0037190483616642567,0.0037190483616642567,0.008084672917209613,16.039448577267784,16.940300135317354,240.0,0.0,1.0986122886681098,0.6931471805599453,0.6931471805599453,0.0,0.0,0.6931471805599453,0.0,0.0,3.784189633918261,3.1354942159291497,2.302585092994046,0.6931471805599453,1.791759469228055,1.6094379124341003,0.0,0.0,2026-04-02T17:24:10+00:00,test,0.14363636363636365,0.005064144539958312,0.0031743182979321327,0.06345077513181668,0.003866142468323866,0.003866142468323866,0.06249001209972526,0.0038309289848525814,0.0038309289848525814,0.03644864145261675,0.0025831151864651822,0.0025831151864651822
2026-04-02T18:30:00+00:00,2026-04-02T19:30:00+00:00,2026-04-02,2026-04-02T14:30:00-04:00,0.0020107375893672064,0.0020107375893672064,0,2026-04-02T18:30:00+00:00,-0.0014141071864591792,0.0014141071864591792,0.008028650264566095,16.09137336998392,16.91756921632427,300.0,0.0,0.6931471805599453,0.0,0.6931471805599453,0.0,0.0,0.0,0.0,0.0,3.7612001156935624,3.091042453358316,2.3978952727983707,0.6931471805599453,1.791759469228055,1.3862943611198906,0.0,0.0,2026-04-02T18:21:00+00:00,test,0.14363636363636365,0.005064144539958312,0.0031743182979321327,0.03837753240170921,0.00278017882562055,0.00278017882562055,0.03863477076105007,0.0028579379453358552,0.0028579379453358552,0.024038939331677063,0.0023670696634168534,0.0023670696634168534
2026-04-06T13:30:00+00:00,2026-04-06T14:30:00+00:00,2026-04-06,2026-04-06T09:30:00-04:00,-0.0016941667531945592,0.0016941667531945592,0,2026-04-02T20:00:00+00:00,0.0028264557221668873,0.0028264557221668873,0.007891471592545662,16.19332268958067,16.909455379465324,0.0,89.5,1.6094379124341003,1.6094379124341003,0.6931471805599453,0.0,0.0,0.6931471805599453,0.6931471805599453,0.0,3.258096538021482,2.772588722239781,1.0986122886681098,0.6931471805599453,0.6931471805599453,1.791759469228055,1.0986122886681098,0.0,2026-04-06T13:18:47+00:00,test,0.14363636363636365,0.005064144539958312,0.0031743182979321327,0.3222323199259126,0.009771340989988199,0.009771340989988199,0.31000850452579465,0.009588094338638452,0.009588094338638452,0.38553919873549786,0.009517772612829822,0.009517772612829822
2026-04-06T14:30:00+00:00,2026-04-06T15:30:00+00:00,2026-04-06,2026-04-06T10:30:00-04:00,-0.00166251577193266,0.00166251577193266,0,2026-04-06T14:30:00+00:00,-0.0016941667531945592,0.0016941667531945592,0.007910051638072815,17.278182615730596,16.94876968228391,60.0,0.0,1.0986122886681098,1.0986122886681098,0.0,0.6931471805599453,0.0,0.0,0.0,0.0,3.295836866004329,2.833213344056216,1.0986122886681098,1.0986122886681098,0.0,1.791759469228055,1.0986122886681098,0.0,2026-04-06T13:47:59+00:00,test,0.14363636363636365,0.005064144539958312,0.0031743182979321327,0.21311247539221115,0.00606173730276028,0.00606173730276028,0.1933053601957517,0.005824654903976432,0.005824654903976432,0.2693613594484699,0.007224234341101994,0.007224234341101994
2026-04-06T15:30:00+00:00,2026-04-06T16:30:00+00:00,2026-04-06,2026-04-06T11:30:00-04:00,0.0037678807039220885,0.0037678807039220885,0,2026-04-06T15:30:00+00:00,-0.00166251577193266,0.00166251577193266,0.007607718526431965,16.48434920320461,16.937200898142596,120.0,0.0,1.6094379124341003,1.0986122886681098,0.6931471805599453,0.0,0.0,0.6931471805599453,0.0,0.0,3.367295829986474,2.9444389791664403,1.3862943611198906,1.0986122886681098,0.0,1.9459101490553132,1.0986122886681098,0.0,2026-04-06T15:09:55+00:00,test,0.14363636363636365,0.005064144539958312,0.0031743182979321327,0.13396759938734326,0.0051490099465446824,0.0051490099465446824,0.11763956949208294,0.004712672090800953,0.004712672090800953,0.12042779203542425,0.004312589731908463,0.004312589731908463
2026-04-06T16:30:00+00:00,2026-04-06T17:30:00+00:00,2026-04-06,2026-04-06T12:30:00-04:00,-0.0012142423208023612,0.0012142423208023612,0,2026-04-06T16:30:00+00:00,0.0037678807039220885,0.0037678807039220885,0.005843258769813264,16.192922007869054,16.858879940699033,180.0,0.0,1.3862943611198906,1.0986122886681098,0.0,0.6931471805599453,0.6931471805599453,0.0,0.0,0.0,3.4657359027997265,3.044522437723423,1.3862943611198906,1.3862943611198906,0.6931471805599453,1.9459101490553132,1.0986122886681098,0.0,2026-04-06T15:53:00+00:00,test,0.14363636363636365,0.005064144539958312,0.0031743182979321327,0.08041851487900172,0.004074549718548306,0.004074549718548306,0.07307051584658883,0.0037649475507387288,0.0037649475507387288,0.07917884156520794,0.005080007036658088,0.005080007036658088
2026-04-06T17:30:00+00:00,2026-04-06T18:30:00+00:00,2026-04-06,2026-04-06T13:30:00-04:00,0.000299514911754839,0.000299514911754839,0,2026-04-06T17:30:00+00:00,-0.0012142423208023612,0.0012142423208023612,0.005721337448707442,16.122436714891037,16.820122931462745,240.0,0.0,1.3862943611198906,0.0,0.0,0.0,0.0,0.0,0.0,0.6931471805599453,3.5263605246161616,3.044522437723423,1.3862943611198906,1.3862943611198906,0.6931471805599453,1.9459101490553132,1.0986122886681098,0.6931471805599453,2026-04-06T17:17:59+00:00,test,0.14363636363636365,0.005064144539958312,0.0031743182979321327,0.046794210275092486,0.002902572707653106,0.002902572707653106,0.04287329722081775,0.0026062985626260837,0.0026062985626260837,0.045377977734707926,0.0033185302243554293,0.0033185302243554293
2026-04-06T18:30:00+00:00,2026-04-06T19:30:00+00:00,2026-04-06,2026-04-06T14:30:00-04:00,0.0013848660063247031,0.0013848660063247031,0,2026-04-06T18:30:00+00:00,0.000299514911754839,0.000299514911754839,0.0057188051938595235,16.154659857952314,16.79969934358904,300.0,0.0,1.3862943611198906,1.3862943611198906,0.0,0.0,0.0,0.6931471805599453,0.0,0.0,3.6109179126442243,3.1780538303479458,1.3862943611198906,1.3862943611198906,0.6931471805599453,2.0794415416798357,1.0986122886681098,0.6931471805599453,2026-04-06T18:20:35+00:00,test,0.14363636363636365,0.005064144539958312,0.0031743182979321327,0.028690574693613708,0.0018942827899406938,0.0018942827899406938,0.026677962839125956,0.001622091225003031,0.001622091225003031,0.027582807433413445,0.0010473035559238949,0.0010473035559238949
2026-04-07T13:30:00+00:00,2026-04-07T14:30:00+00:00,2026-04-07,2026-04-07T09:30:00-04:00,-0.0038122228673986847,0.0038122228673986847,0,2026-04-06T20:00:00+00:00,0.002369925324750888,0.002369925324750888,0.005120002085304137,15.935489013532743,16.734886571165365,0.0,17.5,1.791759469228055,1.6094379124341003,0.0,0.0,0.0,0.6931471805599453,0.0,0.0,4.007333185232471,3.6109179126442243,2.772588722239781,1.6094379124341003,2.302585092994046,2.1972245773362196,0.6931471805599453,0.6931471805599453,2026-04-07T13:27:00+00:00,test,0.14363636363636365,0.005064144539958312,0.0031743182979321327,0.2082661209499699,0.006494221632052332,0.006494221632052332,0.21358446360509462,0.006577288322734229,0.006577288322734229,0.1455463246130608,0.005050680498010595,0.005050680498010595
2026-04-07T14:30:00+00:00,2026-04-07T15:30:00+00:00,2026-04-07,2026-04-07T10:30:00-04:00,-0.0004563083054560657,0.0004563083054560657,0,2026-04-07T14:30:00+00:00,-0.0038122228673986847,0.0038122228673986847,0.005250737626559642,17.25379512843439,16.766192276411505,60.0,0.0,1.3862943611198906,0.6931471805599453,0.0,0.0,0.0,0.0,0.0,0.0,4.02535169073515,3.58351893845611,2.772588722239781,1.3862943611198906,2.302585092994046,2.1972245773362196,0.6931471805599453,0.6931471805599453,2026-04-07T14:01:00+00:00,test,0.14363636363636365,0.005064144539958312,0.0031743182979321327,0.1834106317371207,0.005656475203567423,0.005656475203567423,0.19083612710218592,0.0058616280470311895,0.0058616280470311895,0.12359638451414388,0.00489598427568722,0.00489598427568722
2026-04-07T15:30:00+00:00,2026-04-07T16:30:00+00:00,2026-04-07,2026-04-07T11:30:00-04:00,0.002228313222077727,0.002228313222077727,0,2026-04-07T15:30:00+00:00,-0.0004563083054560657,0.0004563083054560657,0.005232648334891156,16.73774784068387,16.758052169846238,120.0,0.0,1.9459101490553132,1.6094379124341003,0.6931471805599453,0.6931471805599453,0.6931471805599453,0.0,0.0,0.6931471805599453,4.060443010546419,3.6375861597263857,2.772588722239781,1.6094379124341003,2.3978952727983707,2.0794415416798357,0.6931471805599453,1.0986122886681098,2026-04-07T15:09:03+00:00,test,0.14363636363636365,0.005064144539958312,0.0031743182979321327,0.09935398639093114,0.004177178843732498,0.004177178843732498,0.09988617645634712,0.004138384380589631,0.004138384380589631,0.09062408660596621,0.005144956545164269,0.005144956545164269
2026-04-07T16:30:00+00:00,2026-04-07T17:30:00+00:00,2026-04-07,2026-04-07T12:30:00-04:00,-5.6981226817076625e-05,5.6981226817076625e-05,0,2026-04-07T16:30:00+00:00,0.002228313222077727,0.002228313222077727,0.005237676084689993,16.438237556308533,16.669050244518395,180.0,0.0,1.0986122886681098,1.0986122886681098,0.0,0.0,0.6931471805599453,0.0,0.0,0.0,4.04305126783455,3.6375861597263857,2.772588722239781,1.3862943611198906,2.3978952727983707,2.0794415416798357,0.6931471805599453,1.0986122886681098,2026-04-07T15:56:34+00:00,test,0.14363636363636365,0.005064144539958312,0.0031743182979321327,0.06393609000894529,0.0034918827071863208,0.0034918827071863208,0.06789156517011019,0.0037191250729296634,0.0037191250729296634,0.04427517067971233,0.0032121699456139855,0.0032121699456139855
2026-04-07T17:30:00+00:00,2026-04-07T18:30:00+00:00,2026-04-07,2026-04-07T13:30:00-04:00,0.0017652137017818426,0.0017652137017818426,0,2026-04-07T17:30:00+00:00,-5.6981226817076625e-05,5.6981226817076625e-05,0.005244625082826562,16.064943366561177,16.63028715848024,240.0,0.0,1.0986122886681098,0.6931471805599453,0.6931471805599453,0.0,0.0,0.0,0.0,0.0,4.02535169073515,3.6635616461296463,2.833213344056216,1.3862943611198906,2.3978952727983707,2.0794415416798357,0.6931471805599453,0.6931471805599453,2026-04-07T17:20:00+00:00,test,0.14363636363636365,0.005064144539958312,0.0031743182979321327,0.03577524388428279,0.0023300490004302043,0.0023300490004302043,0.037724104299292766,0.002501369112388368,0.002501369112388368,0.0261469650382819,0.002073412673540563,0.002073412673540563
2026-04-07T18:30:00+00:00,2026-04-07T19:30:00+00:00,2026-04-07,2026-04-07T14:30:00-04:00,0.0033864705148740626,0.0033864705148740626,0,2026-04-07T18:30:00+00:00,0.0017652137017818426,0.0017652137017818426,0.005217931925895719,16.15652865010021,16.615413149419492,300.0,0.0,1.9459101490553132,1.9459101490553132,0.0,0.0,0.6931471805599453,0.6931471805599453,0.0,0.0,4.07753744390572,3.7376696182833684,2.833213344056216,1.3862943611198906,2.4849066497880004,2.0794415416798357,0.6931471805599453,0.6931471805599453,2026-04-07T18:12:58+00:00,test,0.14363636363636365,0.005064144539958312,0.0031743182979321327,0.02523420276245694,0.001760401053806504,0.001760401053806504,0.02524684265288194,0.001606928690276147,0.001606928690276147,0.013618701196479835,0.00028066750053275333,0.00028066750053275333
2026-04-08T13:30:00+00:00,2026-04-08T14:30:00+00:00,2026-04-08,2026-04-08T09:30:00-04:00,-0.01436700428478721,0.01436700428478721,1,2026-04-07T20:00:00+00:00,0.010324818534882763,0.010324818534882763,0.005173026881144394,16.539456745761818,16.62334280093218,0.0,17.5,1.6094379124341003,1.3862943611198906,0.0,0.0,0.0,0.6931471805599453,0.0,0.0,4.007333185232471,3.6109179126442243,2.0794415416798357,1.0986122886681098,2.0794415416798357,1.3862943611198906,0.0,1.0986122886681098,2026-04-08T13:16:14+00:00,test,0.14363636363636365,0.005064144539958312,0.0031743182979321327,0.26822590713154765,0.007528453513382705,0.007528453513382705,0.27853291468527647,0.007684941507008552,0.007684941507008552,0.22853741665492078,0.00667636454941435,0.00667636454941435
2026-04-08T14:30:00+00:00,2026-04-08T15:30:00+00:00,2026-04-08,2026-04-08T10:30:00-04:00,-0.002723406269734996,0.002723406269734996,0,2026-04-08T14:30:00+00:00,-0.01436700428478721,0.01436700428478721,0.005838566851540857,17.75908914743664,16.724764189872687,60.0,0.0,1.0986122886681098,0.6931471805599453,0.0,0.0,0.0,0.6931471805599453,0.6931471805599453,0.0,3.9889840465642745,3.6109179126442243,2.0794415416798357,1.0986122886681098,2.0794415416798357,1.6094379124341003,0.6931471805599453,1.0986122886681098,2026-04-08T14:17:59+00:00,test,0.14363636363636365,0.005064144539958312,0.0031743182979321327,0.31266129373374996,0.007805750273784837,0.007805750273784837,0.32862358981566697,0.00811388934555942,0.00811388934555942,0.3185840850768566,0.007779078231816143,0.007779078231816143
2026-04-08T15:30:00+00:00,2026-04-08T16:30:00+00:00,2026-04-08,2026-04-08T11:30:00-04:00,0.0008273242910070699,0.0008273242910070699,0,2026-04-08T15:30:00+00:00,-0.002723406269734996,0.002723406269734996,0.0058098833278080455,16.8559826134771,16.7367658335906,120.0,0.0,1.0986122886681098,1.0986122886681098,0.0,0.0,1.0986122886681098,0.0,0.0,0.6931471805599453,3.912023005428146,3.5553480614894135,1.9459101490553132,0.6931471805599453,2.1972245773362196,1.6094379124341003,0.6931471805599453,1.0986122886681098,2026-04-08T15:27:56+00:00,test,0.14363636363636365,0.005064144539958312,0.0031743182979321327,0.11522610347742082,0.004722664654373478,0.004722664654373478,0.11891603501713814,0.004902992944839757,0.004902992944839757,0.10824449273276557,0.006254287198389899,0.006254287198389899
2026-04-08T16:30:00+00:00,2026-04-08T17:30:00+00:00,2026-04-08,2026-04-08T12:30:00-04:00,-2.7498617290455662e-05,2.7498617290455662e-05,0,2026-04-08T16:30:00+00:00,0.0008273242910070699,0.0008273242910070699,0.0052997822065181735,16.29148905346526,16.642064477191084,180.0,0.0,1.791759469228055,1.6094379124341003,0.0,0.0,0.0,0.0,0.0,0.0,3.970291913552122,3.6109179126442243,1.9459101490553132,0.6931471805599453,2.0794415416798357,1.6094379124341003,0.6931471805599453,1.0986122886681098,2026-04-08T16:15:43+00:00,test,0.14363636363636365,0.005064144539958312,0.0031743182979321327,0.0580579450466385,0.0032645840352958,0.0032645840352958,0.057601974160079894,0.003168552279701289,0.003168552279701289,0.04816888067963044,0.0027074163528194987,0.0027074163528194987
2026-04-08T17:30:00+00:00,2026-04-08T18:30:00+00:00,2026-04-08,2026-04-08T13:30:00-04:00,0.0014070092286888602,0.0014070092286888602,0,2026-04-08T17:30:00+00:00,-2.7498617290455662e-05,2.7498617290455662e-05,0.003948393623945916,16.03034865801506,16.595946584414378,240.0,0.0,1.6094379124341003,1.3862943611198906,0.6931471805599453,0.0,0.0,0.6931471805599453,0.0,0.0,4.007333185232471,3.6635616461296463,1.9459101490553132,0.6931471805599453,2.0794415416798357,1.791759469228055,0.6931471805599453,1.0986122886681098,2026-04-08T17:16:22+00:00,test,0.14363636363636365,0.005064144539958312,0.0031743182979321327,0.03220690478336464,0.0019944647612578424,0.0019944647612578424,0.032721902904621084,0.001969778997537249,0.001969778997537249,0.023906354965484364,0.0011038696678987159,0.0011038696678987159
2026-04-08T18:30:00+00:00,2026-04-08T19:30:00+00:00,2026-04-08,2026-04-08T14:30:00-04:00,-1.4275650551898167e-05,1.4275650551898167e-05,0,2026-04-08T18:30:00+00:00,0.0014070092286888602,0.0014070092286888602,0.003918744402824404,16.168693323457056,16.584717662725215,300.0,0.0,1.0986122886681098,0.6931471805599453,0.0,0.0,0.0,0.0,0.0,0.0,3.9318256327243257,3.5263605246161616,1.9459101490553132,0.6931471805599453,1.9459101490553132,1.6094379124341003,0.6931471805599453,1.0986122886681098,2026-04-08T18:22:58+00:00,test,0.14363636363636365,0.005064144539958312,0.0031743182979321327,0.022577473710057184,0.0013853857507065324,0.0013853857507065324,0.0233750617446378,0.0014706532247840097,0.0014706532247840097,0.018262340339135118,0.001194932732242014,0.001194932732242014
2026-04-09T13:30:00+00:00,2026-04-09T14:30:00+00:00,2026-04-09,2026-04-09T09:30:00-04:00,-0.001182338001652572,0.001182338001652572,0,2026-04-08T20:00:00+00:00,0.002201481353834911,0.002201481353834911,0.003802842602688366,16.239711863927905,16.59068090743495,0.0,17.5,2.1972245773362196,1.9459101490553132,1.3862943611198906,0.0,1.0986122886681098,1.3862943611198906,0.0,0.0,4.127134385045092,3.828641396489095,2.302585092994046,0.6931471805599453,2.833213344056216,2.5649493574615367,1.0986122886681098,0.6931471805599453,2026-04-09T13:25:00+00:00,test,0.14363636363636365,0.005064144539958312,0.0031743182979321327,0.1808791009452642,0.006011579643844158,0.006011579643844158,0.1864557337540479,0.006045433394519775,0.006045433394519775,0.08287632284267796,0.00440643715247443,0.00440643715247443
2026-04-09T14:30:00+00:00,2026-04-09T15:30:00+00:00,2026-04-09,2026-04-09T10:30:00-04:00,0.006745256865803961,0.006745256865803961,0,2026-04-09T14:30:00+00:00,-0.001182338001652572,0.001182338001652572,0.0038003213266693493,17.10249113739365,16.642388605754718,60.0,0.0,1.9459101490553132,1.6094379124341003,1.0986122886681098,0.0,0.0,0.6931471805599453,0.0,0.0,4.189654742026425,3.8918202981106265,2.4849066497880004,0.6931471805599453,2.833213344056216,2.5649493574615367,0.6931471805599453,0.6931471805599453,2026-04-09T14:28:35+00:00,test,0.14363636363636365,0.005064144539958312,0.0031743182979321327,0.13379776794269974,0.004663421979569108,0.004663421979569108,0.1396030996561907,0.004778180081391922,0.004778180081391922,0.08064221214467684,0.003511760746759621,0.003511760746759621
2026-04-09T15:30:00+00:00,2026-04-09T16:30:00+00:00,2026-04-09,2026-04-09T11:30:00-04:00,0.003856051107553604,0.003856051107553604,0,2026-04-09T15:30:00+00:00,0.006745256865803961,0.006745256865803961,0.004100955145716223,16.720062741140875,16.65848956818295,120.0,0.0,1.3862943611198906,0.6931471805599453,1.0986122886681098,0.0,0.0,0.0,0.0,0.0,4.204692619390966,3.871201010907891,2.6390573296152584,0.6931471805599453,2.70805020110221,2.5649493574615367,0.6931471805599453,0.0,2026-04-09T15:07:39+00:00,test,0.14363636363636365,0.005064144539958312,0.0031743182979321327,0.11044205304192767,0.004677131319526159,0.004677131319526159,0.11982903835253897,0.0049597805638070735,0.0049597805638070735,0.07356834266335982,0.004725241717236106,0.004725241717236106
2026-04-09T16:30:00+00:00,2026-04-09T17:30:00+00:00,2026-04-09,2026-04-09T12:30:00-04:00,-0.000381365803384881,0.000381365803384881,0,2026-04-09T16:30:00+00:00,0.003856051107553604,0.003856051107553604,0.004186407430439259,16.4535079689213,16.60489387687954,180.0,0.0,0.6931471805599453,0.0,0.0,0.0,0.0,0.0,0.0,0.0,4.143134726391533,3.784189633918261,2.6390573296152584,0.6931471805599453,2.70805020110221,2.5649493574615367,0.6931471805599453,0.0,2026-04-09T15:38:24+00:00,test,0.14363636363636365,0.005064144539958312,0.0031743182979321327,0.06147140527983325,0.003412965898465777,0.003412965898465777,0.06913023043132618,0.003878291486175236,0.003878291486175236,0.03772400529387053,0.003754593572100764,0.003754593572100764
2026-04-09T17:30:00+00:00,2026-04-09T18:30:00+00:00,2026-04-09,2026-04-09T13:30:00-04:00,-0.0019350561390852894,0.0019350561390852894,0,2026-04-09T17:30:00+00:00,-0.000381365803384881,0.000381365803384881,0.004169274776756335,16.0698029030569,16.589738539009875,240.0,0.0,1.0986122886681098,0.6931471805599453,0.6931471805599453,0.6931471805599453,0.0,0.0,0.0,0.0,4.110873864173311,3.7376696182833684,2.6390573296152584,1.0986122886681098,2.70805020110221,2.4849066497880004,0.6931471805599453,0.0,2026-04-09T16:45:25+00:00,test,0.14363636363636365,0.005064144539958312,0.0031743182979321327,0.03325188673468621,0.0021056235387423242,0.0021056235387423242,0.03595798190366767,0.002351035140548291,0.002351035140548291,0.02474964392522076,0.0030016273983697237,0.0030016273983697237
2026-04-09T18:30:00+00:00,2026-04-09T19:30:00+00:00,2026-04-09,2026-04-09T14:30:00-04:00,0.0030860958911702596,0.0030860958911702596,0,2026-04-09T18:30:00+00:00,-0.0019350561390852894,0.0019350561390852894,0.004097575285505461,16.068754765169572,16.585804740384834,300.0,0.0,1.3862943611198906,1.0986122886681098,1.0986122886681098,0.0,0.6931471805599453,0.6931471805599453,0.0,0.0,4.127134385045092,3.7612001156935624,2.772588722239781,1.0986122886681098,2.772588722239781,2.5649493574615367,0.6931471805599453,0.0,2026-04-09T18:15:59+00:00,test,0.14363636363636365,0.005064144539958312,0.0031743182979321327,0.023804374257450318,0.001596371675078569,0.001596371675078569,0.025283217269249827,0.0017097671574787107,0.0017097671574787107,0.01172663895180887,0.0009276035408766195,0.0009276035408766195
2026-04-10T13:30:00+00:00,2026-04-10T14:30:00+00:00,2026-04-10,2026-04-10T09:30:00-04:00,0.0184632838797536,0.0184632838797536,1,2026-04-09T20:00:00+00:00,0.001089094547664038,0.001089094547664038,0.004154729935296765,16.211104821834574,16.583085026695628,0.0,17.5,1.0986122886681098,0.0,0.0,0.0,0.0,0.0,0.0,0.0,3.9889840465642745,3.5263605246161616,2.70805020110221,1.0986122886681098,1.9459101490553132,2.1972245773362196,0.6931471805599453,0.6931471805599453,2026-04-10T13:13:16+00:00,test,0.14363636363636365,0.005064144539958312,0.0031743182979321327,0.1748500419083211,0.005919010538474101,0.005919010538474101,0.18765354516524077,0.006274238953556013,0.006274238953556013,0.11602590462381457,0.005461534730719313,0.005461534730719313
2026-04-10T14:30:00+00:00,2026-04-10T15:30:00+00:00,2026-04-10,2026-04-10T10:30:00-04:00,0.008757627464925699,0.008757627464925699,0,2026-04-10T14:30:00+00:00,0.0184632838797536,0.0184632838797536,0.0058589876169030134,17.549403697175787,16.677336319974007,60.0,0.0,1.0986122886681098,0.0,0.6931471805599453,0.0,0.0,0.0,0.0,0.0,3.912023005428146,3.4011973816621555,2.6390573296152584,1.0986122886681098,1.9459101490553132,2.0794415416798357,0.6931471805599453,0.6931471805599453,2026-04-10T13:45:00+00:00,test,0.14363636363636365,0.005064144539958312,0.0031743182979321327,0.28659412131639495,0.00758930855234545,0.00758930855234545,0.29607563723849406,0.007794634604551924,0.007794634604551924,0.19044824529819565,0.006589108255316958,0.006589108255316958
2026-04-10T15:30:00+00:00,2026-04-10T16:30:00+00:00,2026-04-10,2026-04-10T11:30:00-04:00,-0.005437390567904599,0.005437390567904599,0,2026-04-10T15:30:00+00:00,0.008757627464925699,0.008757627464925699,0.006116731610269417,17.29118887079372,16.743510107675938,120.0,0.0,1.3862943611198906,1.0986122886681098,0.0,0.0,0.6931471805599453,0.0,0.0,0.0,3.912023005428146,3.4339872044851463,2.4849066497880004,1.0986122886681098,2.0794415416798357,2.0794415416798357,0.6931471805599453,0.6931471805599453,2026-04-10T15:29:52+00:00,test,0.14363636363636365,0.005064144539958312,0.0031743182979321327,0.14984094041388804,0.005540745308630543,0.005540745308630543,0.15166599185975516,0.0056036395618863115,0.0056036395618863115,0.09566986882705764,0.004839674148859592,0.004839674148859592
2026-04-10T16:30:00+00:00,2026-04-10T17:30:00+00:00,2026-04-10,2026-04-10T12:30:00-04:00,-0.001607334712575681,0.001607334712575681,0,2026-04-10T16:30:00+00:00,-0.005437390567904599,0.005437390567904599,0.006198169318872426,16.69766850804468,16.707334974130212,180.0,0.0,0.0,0.0,0.0,0.0,0.0,0.0,0.0,0.0,3.8918202981106265,3.4339872044851463,2.4849066497880004,1.0986122886681098,2.0794415416798357,2.0794415416798357,0.6931471805599453,0.6931471805599453,2026-04-10T15:29:52+00:00,test,0.14363636363636365,0.005064144539958312,0.0031743182979321327,0.08873740976690861,0.004500587690570496,0.004500587690570496,0.09838375443759198,0.0050489748546137265,0.0050489748546137265,0.07461602398839998,0.0049417076898874875,0.0049417076898874875
2026-04-10T17:30:00+00:00,2026-04-10T18:30:00+00:00,2026-04-10,2026-04-10T13:30:00-04:00,0.0023652988501243755,0.0023652988501243755,0,2026-04-10T17:30:00+00:00,-0.001607334712575681,0.001607334712575681,0.006219635691205501,16.348248261328504,16.690566858475812,240.0,0.0,1.3862943611198906,1.3862943611198906,0.6931471805599453,0.6931471805599453,0.6931471805599453,0.6931471805599453,0.0,0.0,3.912023005428146,3.4965075614664802,2.4849066497880004,1.0986122886681098,2.1972245773362196,2.1972245773362196,0.6931471805599453,0.6931471805599453,2026-04-10T17:08:13+00:00,test,0.14363636363636365,0.005064144539958312,0.0031743182979321327,0.04503098330289074,0.0029343553480921008,0.0029343553480921008,0.045170723522828256,0.0029122145603396013,0.0029122145603396013,0.027603246355935206,0.002569721705811899,0.002569721705811899
2026-04-10T18:30:00+00:00,2026-04-10T19:30:00+00:00,2026-04-10,2026-04-10T14:30:00-04:00,0.004295246318426704,0.004295246318426704,0,2026-04-10T18:30:00+00:00,0.0023652988501243755,0.0023652988501243755,0.006220973121120015,16.185491180707288,16.6818525526341,300.0,0.0,1.3862943611198906,0.0,0.0,0.6931471805599453,0.0,0.0,0.0,0.0,3.912023005428146,3.4339872044851463,2.302585092994046,1.3862943611198906,2.0794415416798357,2.0794415416798357,0.6931471805599453,0.6931471805599453,2026-04-10T18:20:00+00:00,test,0.14363636363636365,0.005064144539958312,0.0031743182979321327,0.029108827029289682,0.0021520131314271295,0.0021520131314271295,0.029080387964919616,0.002085146638521883,0.002085146638521883,0.01708294565077684,0.0018267263854356832,0.0018267263854356832
2026-04-13T13:30:00+00:00,2026-04-13T14:30:00+00:00,2026-04-13,2026-04-13T09:30:00-04:00,0.012901313238520729,0.012901313238520729,1,2026-04-10T20:00:00+00:00,-0.003933760006316511,0.003933760006316511,0.006252705019387751,16.466103029847922,16.693786589958872,0.0,65.5,1.0986122886681098,0.6931471805599453,0.0,0.0,0.0,0.0,0.0,0.0,3.2188758248682006,2.6390573296152584,1.791759469228055,1.0986122886681098,1.791759469228055,1.3862943611198906,0.0,0.0,2026-04-13T13:20:00+00:00,test,0.14363636363636365,0.005064144539958312,0.0031743182979321327,0.27709695939007706,0.008720175364723772,0.008720175364723772,0.2680589066711271,0.008662451800492025,0.008662451800492025,0.20203002860406286,0.00789323156357985,0.00789323156357985
2026-04-13T14:30:00+00:00,2026-04-13T15:30:00+00:00,2026-04-13,2026-04-13T10:30:00-04:00,0.0010657098952853161,0.0010657098952853161,0,2026-04-13T14:30:00+00:00,0.012901313238520729,0.012901313238520729,0.006765154340321368,17.397465663159203,16.763164634215265,60.0,0.0,1.3862943611198906,1.0986122886681098,0.0,0.0,0.0,0.0,0.0,0.0,3.295836866004329,2.70805020110221,1.791759469228055,1.0986122886681098,1.6094379124341003,1.3862943611198906,0.0,0.0,2026-04-13T14:24:59+00:00,test,0.14363636363636365,0.005064144539958312,0.0031743182979321327,0.25896012358549325,0.007095377254455977,0.007095377254455977,0.23393291658453935,0.006741818025268963,0.006741818025268963,0.18437527372754992,0.005958320095540402,0.005958320095540402
2026-04-13T15:30:00+00:00,2026-04-13T16:30:00+00:00,2026-04-13,2026-04-13T11:30:00-04:00,-0.0009272412509909733,0.0009272412509909733,0,2026-04-13T15:30:00+00:00,0.0010657098952853161,0.0010657098952853161,0.0067585909601538185,16.755867638559174,16.776486978824465,120.0,0.0,1.0986122886681098,0.6931471805599453,0.6931471805599453,0.0,0.0,0.0,0.0,0.0,3.367295829986474,2.772588722239781,1.9459101490553132,1.0986122886681098,1.6094379124341003,1.3862943611198906,0.0,0.0,2026-04-13T15:21:35+00:00,test,0.14363636363636365,0.005064144539958312,0.0031743182979321327,0.11086395305819026,0.004600331517307261,0.004600331517307261,0.10091534745817086,0.0043722053927738504,0.0043722053927738504,0.07752825209686785,0.004005464927882895,0.004005464927882895
2026-04-13T16:30:00+00:00,2026-04-13T17:30:00+00:00,2026-04-13,2026-04-13T12:30:00-04:00,-0.0012470845219004767,0.0012470845219004767,0,2026-04-13T16:30:00+00:00,-0.0009272412509909733,0.0009272412509909733,0.005641947547457112,16.451970660560658,16.67398228566566,180.0,0.0,1.3862943611198906,0.6931471805599453,0.0,0.0,0.0,0.0,0.0,0.0,3.4657359027997265,2.833213344056216,1.9459101490553132,1.0986122886681098,1.6094379124341003,1.3862943611198906,0.0,0.0,2026-04-13T16:19:52+00:00,test,0.14363636363636365,0.005064144539958312,0.0031743182979321327,0.06307203199626474,0.003449170490095942,0.003449170490095942,0.0573362148105708,0.003151057919882184,0.003151057919882184,0.038673281168446975,0.002456303834909323,0.002456303834909323
2026-04-13T17:30:00+00:00,2026-04-13T18:30:00+00:00,2026-04-13,2026-04-13T13:30:00-04:00,-0.0010100911011533542,0.0010100911011533542,0,2026-04-13T17:30:00+00:00,-0.0012470845219004767,0.0012470845219004767,0.005579644934572433,16.229800876309916,16.64567202920228,240.0,0.0,1.6094379124341003,1.0986122886681098,0.0,0.0,0.0,0.0,0.0,0.0,3.5553480614894135,2.8903717578961645,1.791759469228055,1.0986122886681098,1.6094379124341003,1.3862943611198906,0.0,0.0,2026-04-13T17:27:15+00:00,test,0.14363636363636365,0.005064144539958312,0.0031743182979321327,0.040396291784116994,0.0026616327867587056,0.0026616327867587056,0.03670693355248669,0.0023009357108473498,0.0023009357108473498,0.026555358914662597,0.0016097695622975684,0.0016097695622975684
2026-04-13T18:30:00+00:00,2026-04-13T19:30:00+00:00,2026-04-13,2026-04-13T14:30:00-04:00,0.003696650946891644,0.003696650946891644,0,2026-04-13T18:30:00+00:00,-0.0010100911011533542,0.0010100911011533542,0.005624458336975643,16.0260695028142,16.63745898156115,300.0,0.0,0.6931471805599453,0.0,0.0,0.0,0.0,0.0,0.0,0.0,3.5553480614894135,2.8903717578961645,1.791759469228055,1.0986122886681098,1.6094379124341003,1.3862943611198906,0.0,0.0,2026-04-13T17:33:00+00:00,test,0.14363636363636365,0.005064144539958312,0.0031743182979321327,0.02546352806985128,0.0018157455003417096,0.0018157455003417096,0.024662756264605935,0.0017671524181208328,0.0017671524181208328,0.017159931892964168,0.0015565004805073125,0.0015565004805073125
2026-04-14T13:30:00+00:00,2026-04-14T14:30:00+00:00,2026-04-14,2026-04-14T09:30:00-04:00,0.010637733898331447,0.010637733898331447,1,2026-04-13T20:00:00+00:00,0.0027027544985329666,0.0027027544985329666,0.005599409115540324,16.34401981278943,16.64284923283391,0.0,17.5,1.6094379124341003,1.3862943611198906,0.0,0.0,0.6931471805599453,0.6931471805599453,0.0,0.0,3.8918202981106265,3.295836866004329,1.6094379124341003,0.6931471805599453,1.3862943611198906,1.3862943611198906,0.6931471805599453,1.0986122886681098,2026-04-14T13:20:00+00:00,test,0.14363636363636365,0.005064144539958312,0.0031743182979321327,0.20942069003094319,0.00654870311428723,0.00654870311428723,0.21238597857751065,0.006622172709480361,0.006622172709480361,0.15915249909243803,0.005653001060190977,0.005653001060190977
2026-04-14T14:30:00+00:00,2026-04-14T15:30:00+00:00,2026-04-14,2026-04-14T10:30:00-04:00,0.002981346096275317,0.002981346096275317,0,2026-04-14T14:30:00+00:00,0.010637733898331447,0.010637733898331447,0.005866082517652387,17.58874184519753,16.736007131025602,60.0,0.0,2.0794415416798357,1.791759469228055,0.0,0.6931471805599453,0.6931471805599453,0.6931471805599453,0.0,0.0,3.970291913552122,3.4011973816621555,1.6094379124341003,1.0986122886681098,1.6094379124341003,1.6094379124341003,0.6931471805599453,1.0986122886681098,2026-04-14T14:22:22+00:00,test,0.14363636363636365,0.005064144539958312,0.0031743182979321327,0.2308939971708571,0.006548365615193581,0.006548365615193581,0.22749670091602378,0.006429088059615852,0.006429088059615852,0.18132672708748185,0.005904915499583047,0.005904915499583047
2026-04-14T15:30:00+00:00,2026-04-14T16:30:00+00:00,2026-04-14,2026-04-14T11:30:00-04:00,0.007004000437937474,0.007004000437937474,0,2026-04-14T15:30:00+00:00,0.002981346096275317,0.002981346096275317,0.0058202724900580875,16.775952073963467,16.7577505210662,120.0,0.0,1.9459101490553132,1.791759469228055,1.0986122886681098,0.6931471805599453,0.6931471805599453,0.0,0.0,0.0,4.04305126783455,3.5263605246161616,1.791759469228055,1.3862943611198906,1.791759469228055,1.6094379124341003,0.6931471805599453,1.0986122886681098,2026-04-14T15:25:50+00:00,test,0.14363636363636365,0.005064144539958312,0.0031743182979321327,0.11282691132797426,0.004645125212330364,0.004645125212330364,0.11284557806876774,0.00458331804204059,0.00458331804204059,0.11379175271513531,0.005233532248135183,0.005233532248135183
2026-04-14T16:30:00+00:00,2026-04-14T17:30:00+00:00,2026-04-14,2026-04-14T12:30:00-04:00,-0.0004152176281618791,0.0004152176281618791,0,2026-04-14T16:30:00+00:00,0.007004000437937474,0.007004000437937474,0.005779413020944248,16.73933294181032,16.736022532111743,180.0,0.0,2.3978952727983707,1.6094379124341003,0.0,0.0,0.0,0.6931471805599453,0.0,0.0,4.1588830833596715,3.6109179126442243,1.791759469228055,1.3862943611198906,1.791759469228055,1.791759469228055,0.6931471805599453,1.0986122886681098,2026-04-14T16:13:06+00:00,test,0.14363636363636365,0.005064144539958312,0.0031743182979321327,0.08782246209539891,0.004391731329678411,0.004391731329678411,0.08722925084858522,0.004197092422680474,0.004197092422680474,0.06134357530333822,0.002509100112129741,0.002509100112129741
2026-04-14T17:30:00+00:00,2026-04-14T18:30:00+00:00,2026-04-14,2026-04-14T13:30:00-04:00,-0.0007702660081922996,0.0007702660081922996,0,2026-04-14T17:30:00+00:00,-0.0004152176281618791,0.0004152176281618791,0.005800337799132427,16.453903238177617,16.72445674642124,240.0,0.0,2.1972245773362196,1.6094379124341003,0.6931471805599453,0.0,0.6931471805599453,0.6931471805599453,0.0,0.0,4.219507705176107,3.6635616461296463,1.9459101490553132,1.3862943611198906,1.9459101490553132,1.9459101490553132,0.6931471805599453,1.0986122886681098,2026-04-14T17:23:37+00:00,test,0.14363636363636365,0.005064144539958312,0.0031743182979321327,0.04286077452376794,0.0026582785335064886,0.0026582785335064886,0.04354584765186322,0.0025507166962073016,0.0025507166962073016,0.027132125565570167,0.0013016246230583778,0.0013016246230583778
2026-04-14T18:30:00+00:00,2026-04-14T19:30:00+00:00,2026-04-14,2026-04-14T14:30:00-04:00,0.008402430835121377,0.008402430835121377,0,2026-04-14T18:30:00+00:00,-0.0007702660081922996,0.0007702660081922996,0.0058691494222668185,15.991610120702177,16.710250492027797,300.0,0.0,1.0986122886681098,1.0986122886681098,0.6931471805599453,0.0,0.0,0.0,0.0,0.0,4.23410650459726,3.713572066704308,2.0794415416798357,1.3862943611198906,1.9459101490553132,1.9459101490553132,0.6931471805599453,1.0986122886681098,2026-04-14T17:54:32+00:00,test,0.14363636363636365,0.005064144539958312,0.0031743182979321327,0.027039607075313787,0.0019135936363468436,0.0019135936363468436,0.029823951006346786,0.0021922766661196724,0.0021922766661196724,0.029305136288258392,0.002110889737372603,0.002110889737372603
2026-04-15T13:30:00+00:00,2026-04-15T14:30:00+00:00,2026-04-15,2026-04-15T09:30:00-04:00,0.013686097174457457,0.013686097174457457,1,2026-04-14T20:00:00+00:00,0.0014781271632660076,0.0014781271632660076,0.005925183781512981,16.618527243450668,16.73694331986818,0.0,17.5,2.6390573296152584,2.3978952727983707,1.0986122886681098,0.0,0.6931471805599453,0.6931471805599453,0.0,0.0,4.564348191467836,4.0943445622221,2.8903717578961645,1.791759469228055,2.3978952727983707,1.9459101490553132,0.0,1.0986122886681098,2026-04-15T13:13:36+00:00,test,0.14363636363636365,0.005064144539958312,0.0031743182979321327,0.22370555509506293,0.006576603389799344,0.006576603389799344,0.24190024705373592,0.006741571495863025,0.006741571495863025,0.17745620588395977,0.005502151551529387,0.005502151551529387
2026-04-15T14:30:00+00:00,2026-04-15T15:30:00+00:00,2026-04-15,2026-04-15T10:30:00-04:00,0.0027606889109992316,0.0027606889109992316,0,2026-04-15T14:30:00+00:00,0.013686097174457457,0.013686097174457457,0.006192458555674711,17.671445127510076,16.83376637386352,60.0,0.0,1.791759469228055,1.6094379124341003,0.0,0.6931471805599453,0.0,0.6931471805599453,0.0,0.0,4.543294782270004,4.07753744390572,2.8903717578961645,1.791759469228055,2.302585092994046,1.9459101490553132,0.0,1.0986122886681098,2026-04-15T14:09:51+00:00,test,0.14363636363636365,0.005064144539958312,0.0031743182979321327,0.2792893920719632,0.007183292581907221,0.007183292581907221,0.30905883404626244,0.00758216813665423,0.00758216813665423,0.26783267689658524,0.0069993587978982325,0.0069993587978982325
2026-04-15T15:30:00+00:00,2026-04-15T16:30:00+00:00,2026-04-15,2026-04-15T11:30:00-04:00,-0.0033534281392708642,0.0033534281392708642,0,2026-04-15T15:30:00+00:00,0.0027606889109992316,0.0027606889109992316,0.006196232306578116,16.954842314151183,16.86720650680336,120.0,0.0,1.3862943611198906,0.0,0.0,0.0,0.0,0.0,0.0,0.0,4.51085950651685,3.9889840465642745,2.772588722239781,1.6094379124341003,2.1972245773362196,1.9459101490553132,0.0,1.0986122886681098,2026-04-15T15:24:35+00:00,test,0.14363636363636365,0.005064144539958312,0.0031743182979321327,0.12697952053155923,0.0048427690856226715,0.0048427690856226715,0.14539004051192128,0.005335187852066735,0.005335187852066735,0.09606275244641868,0.004671850933655088,0.004671850933655088
2026-04-15T16:30:00+00:00,2026-04-15T17:30:00+00:00,2026-04-15,2026-04-15T12:30:00-04:00,-0.01079846409923535,0.01079846409923535,1,2026-04-15T16:30:00+00:00,-0.0033534281392708642,0.0033534281392708642,0.00544244503831092,16.96445332665323,16.822413768613597,180.0,0.0,1.0986122886681098,0.0,0.0,0.6931471805599453,0.0,0.0,0.0,0.0,4.418840607796598,3.912023005428146,2.772588722239781,1.791759469228055,2.1972245773362196,1.791759469228055,0.0,1.0986122886681098,2026-04-15T15:39:51+00:00,test,0.14363636363636365,0.005064144539958312,0.0031743182979321327,0.0863683478019045,0.004087337285201975,0.004087337285201975,0.09978599547004198,0.004605726717126642,0.004605726717126642,0.07698300612917482,0.004905995271838936,0.004905995271838936
2026-04-15T17:30:00+00:00,2026-04-15T18:30:00+00:00,2026-04-15,2026-04-15T13:30:00-04:00,7.56141148310352e-05,7.56141148310352e-05,0,2026-04-15T17:30:00+00:00,-0.01079846409923535,0.01079846409923535,0.006105706416540169,16.933540062844372,16.7980954851778,240.0,0.0,1.791759469228055,1.6094379124341003,0.6931471805599453,0.0,1.0986122886681098,0.0,0.0,0.0,4.382026634673881,3.912023005428146,2.772588722239781,1.791759469228055,2.302585092994046,1.6094379124341003,0.0,1.0986122886681098,2026-04-15T17:25:52+00:00,test,0.14363636363636365,0.005064144539958312,0.0031743182979321327,0.08923342778060074,0.004856766850141995,0.004856766850141995,0.09762346907399616,0.005045225382040184,0.005045225382040184,0.07103990870863694,0.004681265472580055,0.004681265472580055
2026-04-15T18:30:00+00:00,2026-04-15T19:30:00+00:00,2026-04-15,2026-04-15T14:30:00-04:00,0.006498232758657574,0.006498232758657574,0,2026-04-15T18:30:00+00:00,7.56141148310352e-05,7.56141148310352e-05,0.00586178609121657,16.613581459053716,16.794441674201067,300.0,0.0,1.9459101490553132,1.9459101490553132,1.6094379124341003,0.0,1.3862943611198906,0.0,0.0,0.0,4.430816798843313,3.9889840465642745,2.9444389791664403,1.791759469228055,2.5649493574615367,1.6094379124341003,0.0,1.0986122886681098,2026-04-15T18:17:16+00:00,test,0.14363636363636365,0.005064144539958312,0.0031743182979321327,0.030123227609988673,0.0019074098459842892,0.0019074098459842892,0.03268627773163966,0.002017629941610146,0.002017629941610146,0.023796055666369692,0.002066833275835111,0.002066833275835111
2026-04-16T13:30:00+00:00,2026-04-16T14:30:00+00:00,2026-04-16,2026-04-16T09:30:00-04:00,-0.00030389282692355746,0.00030389282692355746,0,2026-04-15T20:00:00+00:00,0.003166829807316862,0.003166829807316862,0.0058439764463267835,16.61984622070459,16.798308218922674,0.0,17.5,1.3862943611198906,1.0986122886681098,0.0,0.0,0.6931471805599453,0.0,0.0,0.0,4.189654742026425,3.6888794541139363,2.4849066497880004,1.9459101490553132,2.302585092994046,1.9459101490553132,1.0986122886681098,1.0986122886681098,2026-04-16T13:07:52+00:00,test,0.14363636363636365,0.005064144539958312,0.0031743182979321327,0.24675519418873318,0.006877916750770067,0.006877916750770067,0.267241576154494,0.0072581921704541474,0.0072581921704541474,0.2116776689329445,0.006871110734768199,0.006871110734768199
2026-04-16T14:30:00+00:00,2026-04-16T15:30:00+00:00,2026-04-16,2026-04-16T10:30:00-04:00,0.008309263972341219,0.008309263972341219,0,2026-04-16T14:30:00+00:00,-0.00030389282692355746,0.00030389282692355746,0.00588696834113052,17.367052270203178,16.85771917324492,60.0,0.0,1.9459101490553132,1.0986122886681098,0.6931471805599453,0.0,0.0,0.6931471805599453,0.0,0.0,4.204692619390966,3.6375861597263857,2.5649493574615367,1.791759469228055,2.302585092994046,1.9459101490553132,1.0986122886681098,1.0986122886681098,2026-04-16T14:28:02+00:00,test,0.14363636363636365,0.005064144539958312,0.0031743182979321327,0.17143756621455586,0.005235774316170398,0.005235774316170398,0.1776247002894781,0.005346510137143004,0.005346510137143004,0.11137484107472657,0.003535698765093182,0.003535698765093182
2026-04-16T15:30:00+00:00,2026-04-16T16:30:00+00:00,2026-04-16,2026-04-16T11:30:00-04:00,-0.0020098942150852395,0.0020098942150852395,0,2026-04-16T15:30:00+00:00,0.008309263972341219,0.008309263972341219,0.006009253997469428,16.795848900622673,16.871919376692542,120.0,0.0,1.791759469228055,1.6094379124341003,1.0986122886681098,0.6931471805599453,0.6931471805599453,0.0,0.0,0.0,4.23410650459726,3.7376696182833684,2.70805020110221,1.9459101490553132,2.3978952727983707,1.9459101490553132,1.0986122886681098,1.0986122886681098,2026-04-16T15:26:58+00:00,test,0.14363636363636365,0.005064144539958312,0.0031743182979321327,0.15383014580702137,0.005593689051330404,0.005593689051330404,0.16178328497263342,0.00572210594246419,0.00572210594246419,0.13609471566327472,0.0058122487637177565,0.0058122487637177565
2026-04-16T16:30:00+00:00,2026-04-16T17:30:00+00:00,2026-04-16,2026-04-16T12:30:00-04:00,-0.0010070347229538257,0.0010070347229538257,0,2026-04-16T16:30:00+00:00,-0.0020098942150852395,0.0020098942150852395,0.005623515600257968,16.467643175078667,16.81936619249766,180.0,0.0,1.6094379124341003,0.6931471805599453,0.0,0.0,0.0,0.6931471805599453,0.0,0.0,4.2626798770413155,3.7612001156935624,2.70805020110221,1.791759469228055,2.3978952727983707,2.0794415416798357,1.0986122886681098,1.0986122886681098,2026-04-16T16:20:00+00:00,test,0.14363636363636365,0.005064144539958312,0.0031743182979321327,0.07611565288858717,0.0038402448408245676,0.0038402448408245676,0.08175000065400036,0.004032181695997248,0.004032181695997248,0.04489855736895741,0.0022632402918167367,0.0022632402918167367
2026-04-16T17:30:00+00:00,2026-04-16T18:30:00+00:00,2026-04-16,2026-04-16T13:30:00-04:00,-0.004648831393865738,0.004648831393865738,0,2026-04-16T17:30:00+00:00,-0.0010070347229538257,0.0010070347229538257,0.005664742114283834,16.308969366899294,16.802310663211653,240.0,0.0,1.791759469228055,1.0986122886681098,0.0,0.0,1.0986122886681098,0.0,0.0,0.0,4.2626798770413155,3.713572066704308,2.6390573296152584,1.791759469228055,2.3978952727983707,2.0794415416798357,1.0986122886681098,1.0986122886681098,2026-04-16T17:03:18+00:00,test,0.14363636363636365,0.005064144539958312,0.0031743182979321327,0.04639334065086811,0.0028356091644593847,0.0028356091644593847,0.04906293421168902,0.0029156358773734527,0.0029156358773734527,0.026272145227969532,0.002022535629998783,0.002022535629998783
2026-04-16T18:30:00+00:00,2026-04-16T19:30:00+00:00,2026-04-16,2026-04-16T14:30:00-04:00,0.003189982310498385,0.003189982310498385,0,2026-04-16T18:30:00+00:00,-0.004648831393865738,0.004648831393865738,0.005828535664455704,16.233500750453103,16.79537417779095,300.0,0.0,1.0986122886681098,1.0986122886681098,0.0,0.0,0.6931471805599453,0.0,0.6931471805599453,0.0,4.204692619390966,3.6109179126442243,2.302585092994046,1.791759469228055,2.1972245773362196,2.0794415416798357,1.3862943611198906,1.0986122886681098,2026-04-16T18:05:48+00:00,test,0.14363636363636365,0.005064144539958312,0.0031743182979321327,0.037764205453572446,0.002776588200473651,0.002776588200473651,0.04150148191463497,0.0030475885228565948,0.0030475885228565948,0.042788008520413895,0.003270928834515928,0.003270928834515928
2026-04-17T13:30:00+00:00,2026-04-17T14:30:00+00:00,2026-04-17,2026-04-17T09:30:00-04:00,0.002476461402318497,0.002476461402318497,0,2026-04-16T20:00:00+00:00,0.0006057459061898918,0.0006057459061898918,0.005785752932020087,16.229148981751322,16.80123813351223,0.0,17.5,0.6931471805599453,0.6931471805599453,0.0,0.0,0.6931471805599453,0.0,0.0,0.0,4.204692619390966,3.7612001156935624,2.4849066497880004,1.0986122886681098,2.5649493574615367,2.0794415416798357,1.3862943611198906,0.0,2026-04-17T12:38:40+00:00,test,0.14363636363636365,0.005064144539958312,0.0031743182979321327,0.21753895045821492,0.006485417954656389,0.006485417954656389,0.24647005388984503,0.007137625297644733,0.007137625297644733,0.1850372850966503,0.00772598680930955,0.00772598680930955
2026-04-17T14:30:00+00:00,2026-04-17T15:30:00+00:00,2026-04-17,2026-04-17T10:30:00-04:00,0.001322517228438791,0.001322517228438791,0,2026-04-17T14:30:00+00:00,0.002476461402318497,0.002476461402318497,0.00573797405221652,17.82508053063059,16.911134366778196,60.0,0.0,0.6931471805599453,0.0,0.0,0.0,0.0,0.0,0.0,0.0,4.127134385045092,3.713572066704308,2.3978952727983707,1.0986122886681098,2.5649493574615367,1.9459101490553132,1.3862943611198906,0.0,2026-04-17T14:05:00+00:00,test,0.14363636363636365,0.005064144539958312,0.0031743182979321327,0.20025941831313254,0.005585969165786251,0.005585969165786251,0.2207194102454382,0.006136614230841503,0.006136614230841503,0.15920219331345628,0.006407290269653036,0.006407290269653036
2026-04-17T15:30:00+00:00,2026-04-17T16:30:00+00:00,2026-04-17,2026-04-17T11:30:00-04:00,0.00027416919319356303,0.00027416919319356303,0,2026-04-17T15:30:00+00:00,0.001322517228438791,0.001322517228438791,0.005732562946600922,16.668888747444786,16.925441067228142,120.0,0.0,1.6094379124341003,0.6931471805599453,1.0986122886681098,0.0,0.0,0.0,0.0,0.0,4.110873864173311,3.6375861597263857,2.3978952727983707,0.6931471805599453,2.4849066497880004,1.9459101490553132,1.3862943611198906,0.0,2026-04-17T15:19:00+00:00,test,0.14363636363636365,0.005064144539958312,0.0031743182979321327,0.11924614740749888,0.004596380296662144,0.004596380296662144,0.12362526776096604,0.004716992989090604,0.004716992989090604,0.07765366568993949,0.004293105898863996,0.004293105898863996
2026-04-17T16:30:00+00:00,2026-04-17T17:30:00+00:00,2026-04-17,2026-04-17T12:30:00-04:00,-0.004085660577469508,0.004085660577469508,0,2026-04-17T16:30:00+00:00,0.00027416919319356303,0.00027416919319356303,0.0053879264429912855,16.73578900795885,16.868132756262685,180.0,0.0,1.6094379124341003,1.3862943611198906,0.6931471805599453,0.0,0.0,0.0,0.0,0.0,4.110873864173311,3.6888794541139363,2.4849066497880004,0.6931471805599453,2.4849066497880004,1.791759469228055,1.3862943611198906,0.0,2026-04-17T16:26:14+00:00,test,0.14363636363636365,0.005064144539958312,0.0031743182979321327,0.07297371993438445,0.003510935141002848,0.003510935141002848,0.07569659267741222,0.0036025272141989133,0.0036025272141989133,0.05586299018024616,0.0033960509100788745,0.0033960509100788745
2026-04-17T17:30:00+00:00,2026-04-17T18:30:00+00:00,2026-04-17,2026-04-17T13:30:00-04:00,0.0039025306366748946,0.0039025306366748946,0,2026-04-17T17:30:00+00:00,-0.004085660577469508,0.004085660577469508,0.005528251003222396,16.38213712351028,16.853178706243565,240.0,0.0,1.791759469228055,1.6094379124341003,0.6931471805599453,0.0,0.6931471805599453,0.0,0.0,0.0,4.110873864173311,3.7376696182833684,2.5649493574615367,0.6931471805599453,2.3978952727983707,1.791759469228055,1.3862943611198906,0.0,2026-04-17T17:23:58+00:00,test,0.14363636363636365,0.005064144539958312,0.0031743182979321327,0.05813358075278622,0.0034712806698026628,0.0034712806698026628,0.05953149155606851,0.003450844134407169,0.003450844134407169,0.03891893258324422,0.0033332397026442193,0.0033332397026442193
2026-04-17T18:30:00+00:00,2026-04-17T19:30:00+00:00,2026-04-17,2026-04-17T14:30:00-04:00,0.0029900868821715054,0.0029900868821715054,0,2026-04-17T18:30:00+00:00,0.0039025306366748946,0.0039025306366748946,0.005402798497070043,16.20995698122136,16.834668483316072,300.0,0.0,1.3862943611198906,1.0986122886681098,1.0986122886681098,0.0,0.0,0.0,0.0,0.0,4.127134385045092,3.7376696182833684,2.70805020110221,0.6931471805599453,2.302585092994046,1.791759469228055,1.0986122886681098,0.0,2026-04-17T18:24:10+00:00,test,0.14363636363636365,0.005064144539958312,0.0031743182979321327,0.03427186571358226,0.002386592476963743,0.002386592476963743,0.03613355342720511,0.002485833305077532,0.002485833305077532,0.02677065270237508,0.002357969761581111,0.002357969761581111
2026-04-20T13:30:00+00:00,2026-04-20T14:30:00+00:00,2026-04-20,2026-04-20T09:30:00-04:00,-0.0042503793523658295,0.0042503793523658295,0,2026-04-17T20:00:00+00:00,0.00183821104645987,0.00183821104645987,0.00540369532088252,16.297954344058454,16.829652194554757,0.0,65.5,1.791759469228055,1.3862943611198906,0.0,0.0,0.0,0.0,0.0,0.0,3.6888794541139363,3.1354942159291497,2.1972245773362196,0.6931471805599453,1.791759469228055,1.3862943611198906,0.0,0.0,2026-04-20T13:20:00+00:00,test,0.14363636363636365,0.005064144539958312,0.0031743182979321327,0.2573054901291273,0.008196892473998447,0.008196892473998447,0.26012753107297937,0.008210135792542305,0.008210135792542305,0.2043132805409355,0.007438140402192641,0.007438140402192641
2026-04-20T14:30:00+00:00,2026-04-20T15:30:00+00:00,2026-04-20,2026-04-20T10:30:00-04:00,0.0007784384653128917,0.0007784384653128917,0,2026-04-20T14:30:00+00:00,-0.0042503793523658295,0.0042503793523658295,0.005529969019523177,17.27775333565008,16.884745329337964,60.0,0.0,1.0986122886681098,1.0986122886681098,0.6931471805599453,0.0,0.0,0.0,0.0,0.0,3.713572066704308,3.2188758248682006,2.302585092994046,0.6931471805599453,1.791759469228055,1.3862943611198906,0.0,0.0,2026-04-20T13:45:23+00:00,test,0.14363636363636365,0.005064144539958312,0.0031743182979321327,0.20774971141908874,0.005954155752794904,0.005954155752794904,0.20660929161139474,0.006047197281964348,0.006047197281964348,0.18047391232611623,0.006056081698651041,0.006056081698651041
2026-04-20T15:30:00+00:00,2026-04-20T16:30:00+00:00,2026-04-20,2026-04-20T11:30:00-04:00,-0.00037637734773487974,0.00037637734773487974,0,2026-04-20T15:30:00+00:00,0.0007784384653128917,0.0007784384653128917,0.005261542884944075,16.74193208808681,16.88323605344887,120.0,0.0,2.1972245773362196,1.9459101490553132,1.0986122886681098,0.0,1.0986122886681098,0.6931471805599453,0.0,0.0,3.871201010907891,3.4011973816621555,2.3978952727983707,0.6931471805599453,2.0794415416798357,1.6094379124341003,0.0,0.0,2026-04-20T15:29:00+00:00,test,0.14363636363636365,0.005064144539958312,0.0031743182979321327,0.11108948310539818,0.004364899550683768,0.004364899550683768,0.10519145863243286,0.004094317244303426,0.004094317244303426,0.057518791253164885,0.003302992767605122,0.003302992767605122
2026-04-20T16:30:00+00:00,2026-04-20T17:30:00+00:00,2026-04-20,2026-04-20T12:30:00-04:00,0.001656176121358266,0.001656176121358266,0,2026-04-20T16:30:00+00:00,-0.00037637734773487974,0.00037637734773487974,0.004299115140155239,16.3722416997485,16.79987862533928,180.0,0.0,1.3862943611198906,1.0986122886681098,0.6931471805599453,0.0,0.0,0.0,0.0,0.0,3.9318256327243257,3.4657359027997265,2.4849066497880004,0.6931471805599453,2.0794415416798357,1.6094379124341003,0.0,0.0,2026-04-20T16:26:20+00:00,test,0.14363636363636365,0.005064144539958312,0.0031743182979321327,0.06302685892772483,0.0032030179034825035,0.0032030179034825035,0.06402529340662846,0.0032552613994290785,0.0032552613994290785,0.04840661379088363,0.0031687549509329276,0.0031687549509329276
2026-04-20T17:30:00+00:00,2026-04-20T18:30:00+00:00,2026-04-20,2026-04-20T13:30:00-04:00,0.005312472134910706,0.005312472134910706,0,2026-04-20T17:30:00+00:00,0.001656176121358266,0.001656176121358266,0.004269959799068057,15.76101719704896,16.758339800093715,240.0,0.0,1.9459101490553132,1.6094379124341003,0.6931471805599453,0.0,0.0,0.6931471805599453,0.0,0.0,4.007333185232471,3.58351893845611,2.5649493574615367,0.6931471805599453,1.9459101490553132,1.6094379124341003,0.0,0.0,2026-04-20T17:07:00+00:00,test,0.14363636363636365,0.005064144539958312,0.0031743182979321327,0.03931343177769132,0.0024902339635766825,0.0024902339635766825,0.03885435804593673,0.00232570002803171,0.00232570002803171,0.02562271257212665,0.001390548539928808,0.001390548539928808
2026-04-20T18:30:00+00:00,2026-04-20T19:30:00+00:00,2026-04-20,2026-04-20T14:30:00-04:00,0.002642067613015886,0.002642067613015886,0,2026-04-20T18:30:00+00:00,0.005312472134910706,0.005312472134910706,0.004347330531207606,16.407675197067807,16.731755919153564,300.0,0.0,0.0,0.0,0.0,0.0,0.0,0.0,0.0,0.0,4.007333185232471,3.58351893845611,2.5649493574615367,0.6931471805599453,1.9459101490553132,1.6094379124341003,0.0,0.0,2026-04-20T17:07:00+00:00,test,0.14363636363636365,0.005064144539958312,0.0031743182979321327,0.0321840335644493,0.002234634278627353,0.002234634278627353,0.03679867285020257,0.002797514783362407,0.002797514783362407,0.03089470512226418,0.003525290528290277,0.003525290528290277
2026-04-21T13:30:00+00:00,2026-04-21T14:30:00+00:00,2026-04-21,2026-04-21T09:30:00-04:00,-0.0011873818204437558,0.0011873818204437558,0,2026-04-20T20:00:00+00:00,0.0048724491808671555,0.0048724491808671555,0.0034634991828076233,16.34721196973184,16.69840525719652,0.0,17.5,0.6931471805599453,0.6931471805599453,0.0,0.6931471805599453,0.6931471805599453,0.0,0.0,0.0,4.0943445622221,3.828641396489095,2.4849066497880004,1.0986122886681098,1.9459101490553132,1.6094379124341003,0.0,1.0986122886681098,2026-04-21T13:16:36+00:00,test,0.14363636363636365,0.005064144539958312,0.0031743182979321327,0.21481780203948006,0.00646000287332067,0.00646000287332067,0.24075453678596673,0.007056997291951852,0.007056997291951852,0.23830700556609097,0.008573505399651082,0.008573505399651082
2026-04-21T14:30:00+00:00,2026-04-21T15:30:00+00:00,2026-04-21,2026-04-21T10:30:00-04:00,-0.004160663432711376,0.004160663432711376,0,2026-04-21T14:30:00+00:00,-0.0011873818204437558,0.0011873818204437558,0.0034952442022402426,17.108812435821694,16.727418148893086,60.0,0.0,1.6094379124341003,1.3862943611198906,1.3862943611198906,0.0,0.6931471805599453,0.0,0.0,0.0,4.127134385045092,3.8501476017100584,2.6390573296152584,1.0986122886681098,2.0794415416798357,1.6094379124341003,0.0,1.0986122886681098,2026-04-21T14:22:00+00:00,test,0.14363636363636365,0.005064144539958312,0.0031743182979321327,0.14127893543707393,0.004705339948542461,0.004705339948542461,0.1487818297081465,0.004910921815343279,0.004910921815343279,0.12826973776031364,0.005220391494179813,0.005220391494179813
2026-04-21T15:30:00+00:00,2026-04-21T16:30:00+00:00,2026-04-21,2026-04-21T11:30:00-04:00,-0.0057942569396146615,0.0057942569396146615,0,2026-04-21T15:30:00+00:00,-0.004160663432711376,0.004160663432711376,0.003436796596500656,16.402304423481382,16.72517384579301,120.0,0.0,1.791759469228055,1.3862943611198906,0.6931471805599453,0.0,0.6931471805599453,0.0,0.0,0.0,4.07753744390572,3.784189633918261,2.5649493574615367,1.0986122886681098,1.9459101490553132,1.3862943611198906,0.0,1.0986122886681098,2026-04-21T15:08:07+00:00,test,0.14363636363636365,0.005064144539958312,0.0031743182979321327,0.10459409584283305,0.004445563811202573,0.004445563811202573,0.10767482016580919,0.004495068272687546,0.004495068272687546,0.08678506501672453,0.0045074667777997126,0.0045074667777997126
2026-04-21T16:30:00+00:00,2026-04-21T17:30:00+00:00,2026-04-21,2026-04-21T12:30:00-04:00,-0.00285152867662275,0.00285152867662275,0,2026-04-21T16:30:00+00:00,-0.0057942569396146615,0.0057942569396146615,0.0037158019713266345,16.22666409570518,16.658360129966677,180.0,0.0,1.6094379124341003,1.3862943611198906,0.6931471805599453,0.6931471805599453,0.6931471805599453,0.6931471805599453,0.0,0.0,4.0943445622221,3.8066624897703196,2.5649493574615367,1.3862943611198906,2.0794415416798357,1.6094379124341003,0.0,1.0986122886681098,2026-04-21T16:29:44+00:00,test,0.14363636363636365,0.005064144539958312,0.0031743182979321327,0.0726257905903456,0.003941503911608267,0.003941503911608267,0.07594498694512915,0.004030604645962308,0.004030604645962308,0.05797284389806074,0.0041965255607020035,0.0041965255607020035
2026-04-21T17:30:00+00:00,2026-04-21T18:30:00+00:00,2026-04-21,2026-04-21T13:30:00-04:00,0.0029642635732076705,0.0029642635732076705,0,2026-04-21T17:30:00+00:00,-0.00285152867662275,0.00285152867662275,0.0032537306639939534,16.16497923685717,16.631151810229365,240.0,0.0,1.0986122886681098,0.6931471805599453,0.0,0.0,0.0,0.0,0.0,0.0,4.02535169073515,3.7376696182833684,2.4849066497880004,1.3862943611198906,2.0794415416798357,1.3862943611198906,0.0,1.0986122886681098,2026-04-21T17:19:15+00:00,test,0.14363636363636365,0.005064144539958312,0.0031743182979321327,0.03849961937655565,0.0024409244348968244,0.0024409244348968244,0.04103492614031854,0.0026425851813491738,0.0026425851813491738,0.0360912639962529,0.0027320484215534236,0.0027320484215534236
2026-04-21T18:30:00+00:00,2026-04-21T19:30:00+00:00,2026-04-21,2026-04-21T14:30:00-04:00,0.005036278067262812,0.005036278067262812,0,2026-04-21T18:30:00+00:00,0.0029642635732076705,0.0029642635732076705,0.003305156001147269,16.119938951036403,16.618603839566603,300.0,0.0,1.0986122886681098,0.6931471805599453,0.0,0.6931471805599453,0.6931471805599453,0.0,0.0,0.0,4.060443010546419,3.7612001156935624,2.4849066497880004,1.6094379124341003,2.1972245773362196,1.3862943611198906,0.0,1.0986122886681098,2026-04-21T18:25:31+00:00,test,0.14363636363636365,0.005064144539958312,0.0031743182979321327,0.023976064940878325,0.0015139014942074148,0.0015139014942074148,0.025666796544480945,0.0016962436988743846,0.0016962436988743846,0.02191156072665582,0.002812120756477779,0.002812120756477779
2026-04-22T13:30:00+00:00,2026-04-22T14:30:00+00:00,2026-04-22,2026-04-22T09:30:00-04:00,-0.0031840765654150838,0.0031840765654150838,0,2026-04-21T20:00:00+00:00,-0.005224935393502772,0.005224935393502772,0.0034837700962761105,16.272998904673653,16.612085582440375,0.0,17.5,1.9459101490553132,1.0986122886681098,0.0,0.0,0.6931471805599453,0.0,0.6931471805599453,0.0,4.204692619390966,3.8066624897703196,2.6390573296152584,1.3862943611198906,2.8903717578961645,1.791759469228055,1.3862943611198906,0.0,2026-04-22T13:21:42+00:00,test,0.14363636363636365,0.005064144539958312,0.0031743182979321327,0.217309595328797,0.00667026890081735,0.00667026890081735,0.23153666202116335,0.0068709776830719795,0.0068709776830719795,0.18429357832692067,0.007316572336226721,0.007316572336226721
2026-04-22T14:30:00+00:00,2026-04-22T15:30:00+00:00,2026-04-22,2026-04-22T10:30:00-04:00,0.006243115079316741,0.006243115079316741,0,2026-04-22T14:30:00+00:00,-0.0031840765654150838,0.0031840765654150838,0.003389267902745545,17.06208784964346,16.65531200567085,60.0,0.0,1.791759469228055,1.0986122886681098,0.0,0.0,0.0,1.0986122886681098,0.0,0.6931471805599453,4.219507705176107,3.784189633918261,2.3978952727983707,1.3862943611198906,2.833213344056216,2.0794415416798357,1.3862943611198906,0.6931471805599453,2026-04-22T14:06:54+00:00,test,0.14363636363636365,0.005064144539958312,0.0031743182979321327,0.14675246681155327,0.004976488932033287,0.004976488932033287,0.15601124306886582,0.005178718514673088,0.005178718514673088,0.10408658853001435,0.004497533961560608,0.004497533961560608
2026-04-22T15:30:00+00:00,2026-04-22T16:30:00+00:00,2026-04-22,2026-04-22T11:30:00-04:00,-0.002504984461920934,0.002504984461920934,0,2026-04-22T15:30:00+00:00,0.006243115079316741,0.006243115079316741,0.0035876845121658708,16.594495654714322,16.662895801637234,120.0,0.0,1.9459101490553132,1.791759469228055,0.0,0.0,0.6931471805599453,0.6931471805599453,0.0,0.0,4.23410650459726,3.828641396489095,2.302585092994046,1.3862943611198906,2.833213344056216,2.1972245773362196,1.3862943611198906,0.6931471805599453,2026-04-22T15:15:20+00:00,test,0.14363636363636365,0.005064144539958312,0.0031743182979321327,0.10448002619165045,0.004492579854629057,0.004492579854629057,0.1099868703262652,0.004583857337997368,0.004583857337997368,0.06279500256046479,0.0034740145298541086,0.0034740145298541086
2026-04-22T16:30:00+00:00,2026-04-22T17:30:00+00:00,2026-04-22,2026-04-22T12:30:00-04:00,0.0032572419872953784,0.0032572419872953784,0,2026-04-22T16:30:00+00:00,-0.002504984461920934,0.002504984461920934,0.00361499495501332,16.010558991438288,16.519251574519323,180.0,0.0,1.791759469228055,1.791759469228055,0.6931471805599453,0.0,0.6931471805599453,0.6931471805599453,0.6931471805599453,0.0,4.248495242049359,3.871201010907891,2.302585092994046,1.0986122886681098,2.833213344056216,2.1972245773362196,1.6094379124341003,0.6931471805599453,2026-04-22T16:21:38+00:00,test,0.14363636363636365,0.005064144539958312,0.0031743182979321327,0.051641330178691255,0.003094668032972481,0.003094668032972481,0.05513317697098386,0.0032124249341495188,0.0032124249341495188,0.0446062732427462,0.0031036209489969948,0.0031036209489969948
2026-04-22T17:30:00+00:00,2026-04-22T18:30:00+00:00,2026-04-22,2026-04-22T13:30:00-04:00,-0.0004708625262174193,0.0004708625262174193,0,2026-04-22T17:30:00+00:00,0.0032572419872953784,0.0032572419872953784,0.003671042378106221,15.988850374088088,16.490180891979385,240.0,0.0,1.6094379124341003,1.3862943611198906,0.0,0.0,0.0,0.0,0.0,0.0,4.276666119016055,3.912023005428146,2.302585092994046,1.0986122886681098,2.833213344056216,2.1972245773362196,1.6094379124341003,0.6931471805599453,2026-04-22T17:18:00+00:00,test,0.14363636363636365,0.005064144539958312,0.0031743182979321327,0.03303237955034755,0.0022579593300407143,0.0022579593300407143,0.035880505730004696,0.0024220847919098542,0.0024220847919098542,0.025262273110625563,0.0019519618929109716,0.0019519618929109716
2026-04-22T18:30:00+00:00,2026-04-22T19:30:00+00:00,2026-04-22,2026-04-22T14:30:00-04:00,4.963561331039479e-05,4.963561331039479e-05,0,2026-04-22T18:30:00+00:00,-0.0004708625262174193,0.0004708625262174193,0.0036754490238557844,16.22564094824173,16.464307057525943,300.0,0.0,1.6094379124341003,1.0986122886681098,0.6931471805599453,0.0,0.6931471805599453,0.0,0.6931471805599453,0.6931471805599453,4.30406509320417,3.9318256327243257,2.3978952727983707,0.6931471805599453,2.833213344056216,2.1972245773362196,1.791759469228055,1.0986122886681098,2026-04-22T18:19:31+00:00,test,0.14363636363636365,0.005064144539958312,0.0031743182979321327,0.019460970673924768,0.001072294077253233,0.001072294077253233,0.02124295220917725,0.0012314418504803955,0.0012314418504803955,0.021098243175339277,0.002527645241941278,0.002527645241941278
2026-04-23T13:30:00+00:00,2026-04-23T14:30:00+00:00,2026-04-23,2026-04-23T09:30:00-04:00,-0.003161524690817541,0.003161524690817541,0,2026-04-22T20:00:00+00:00,0.0037194024895434996,0.0037194024895434996,0.003529408367768241,16.24818478831428,16.4523626542675,0.0,17.5,2.0794415416798357,1.3862943611198906,0.0,0.0,0.6931471805599453,0.0,0.0,0.0,4.2626798770413155,3.8918202981106265,2.70805020110221,1.6094379124341003,2.4849066497880004,2.302585092994046,1.0986122886681098,1.3862943611198906,2026-04-23T13:23:04+00:00,test,0.14363636363636365,0.005064144539958312,0.0031743182979321327,0.17020186248108898,0.005993652514151751,0.005993652514151751,0.18214877619732012,0.006168797520497461,0.006168797520497461,0.11401655517459122,0.005144175366148031,0.005144175366148031
2026-04-23T14:30:00+00:00,2026-04-23T15:30:00+00:00,2026-04-23,2026-04-23T10:30:00-04:00,0.0035665806717886106,0.0035665806717886106,0,2026-04-23T14:30:00+00:00,-0.003161524690817541,0.003161524690817541,0.003524716023334631,17.126128678026774,16.509540077062073,60.0,0.0,2.0794415416798357,1.6094379124341003,1.0986122886681098,0.0,0.0,0.6931471805599453,0.0,0.6931471805599453,4.290459441148391,3.9318256327243257,2.833213344056216,1.6094379124341003,2.4849066497880004,2.1972245773362196,1.0986122886681098,1.3862943611198906,2026-04-23T14:29:33+00:00,test,0.14363636363636365,0.005064144539958312,0.0031743182979321327,0.13225758654522435,0.004820087056905098,0.004820087056905098,0.14024859062097,0.004959037301089952,0.004959037301089952,0.11927837967824409,0.004409891737886362,0.004409891737886362
2026-04-23T15:30:00+00:00,2026-04-23T16:30:00+00:00,2026-04-23,2026-04-23T11:30:00-04:00,-0.006907049823349221,0.006907049823349221,0,2026-04-23T15:30:00+00:00,0.0035665806717886106,0.0035665806717886106,0.0035514256395314595,16.375331325121703,16.512886919110382,120.0,0.0,1.3862943611198906,0.0,0.6931471805599453,0.0,0.0,0.6931471805599453,0.0,0.0,4.248495242049359,3.828641396489095,2.8903717578961645,1.6094379124341003,2.3978952727983707,2.1972245773362196,1.0986122886681098,1.3862943611198906,2026-04-23T15:15:00+00:00,test,0.14363636363636365,0.005064144539958312,0.0031743182979321327,0.0804293098095605,0.003902315652555719,0.003902315652555719,0.08844122763728555,0.004214764661449665,0.004214764661449665,0.04333652582620521,0.002452695212809283,0.002452695212809283
2026-04-23T16:30:00+00:00,2026-04-23T17:30:00+00:00,2026-04-23,2026-04-23T12:30:00-04:00,-0.008304110809896681,0.008304110809896681,0,2026-04-23T16:30:00+00:00,-0.006907049823349221,0.006907049823349221,0.0037688157745363973,16.32569859007316,16.44463913885061,180.0,0.0,1.3862943611198906,1.0986122886681098,0.0,0.0,1.0986122886681098,0.0,0.0,0.0,4.219507705176107,3.7612001156935624,2.833213344056216,1.6094379124341003,2.4849066497880004,2.0794415416798357,0.6931471805599453,1.3862943611198906,2026-04-23T16:21:20+00:00,test,0.14363636363636365,0.005064144539958312,0.0031743182979321327,0.06530898922770864,0.0039030090626664847,0.0039030090626664847,0.07162544845821141,0.004166761314448747,0.004166761314448747,0.04001860974045936,0.0033467961916913147,0.0033467961916913147
2026-04-23T17:30:00+00:00,2026-04-23T18:30:00+00:00,2026-04-23,2026-04-23T13:30:00-04:00,-0.0015542620372874794,0.0015542620372874794,0,2026-04-23T17:30:00+00:00,-0.008304110809896681,0.008304110809896681,0.004198542528709704,16.28043726473659,16.419442404939822,240.0,0.0,0.6931471805599453,0.6931471805599453,0.0,0.0,0.0,0.6931471805599453,0.0,0.0,4.174387269895637,3.713572066704308,2.833213344056216,1.6094379124341003,2.4849066497880004,2.1972245773362196,0.6931471805599453,1.3862943611198906,2026-04-23T17:01:25+00:00,test,0.14363636363636365,0.005064144539958312,0.0031743182979321327,0.0468662818880289,0.0034446216419353796,0.0034446216419353796,0.053454125729208136,0.0039031142531504035,0.0039031142531504035,0.032228967342250996,0.0023349125439458434,0.0023349125439458434
2026-04-23T18:30:00+00:00,2026-04-23T19:30:00+00:00,2026-04-23,2026-04-23T14:30:00-04:00,-0.00015064165606515356,0.00015064165606515356,0,2026-04-23T18:30:00+00:00,-0.0015542620372874794,0.0015542620372874794,0.004206318610362274,16.62854544410883,16.433280025367825,300.0,0.0,0.0,0.0,0.0,0.0,0.0,0.0,0.0,0.0,4.110873864173311,3.6635616461296463,2.772588722239781,1.6094379124341003,2.3978952727983707,2.1972245773362196,0.0,1.0986122886681098,2026-04-23T17:01:25+00:00,test,0.14363636363636365,0.005064144539958312,0.0031743182979321327,0.021828330481290518,0.0013779711570326239,0.0013779711570326239,0.025694047023610157,0.0020250964162005875,0.0020250964162005875,0.019229186489846988,0.0019357513260002909,0.0019357513260002909
2026-04-24T13:30:00+00:00,2026-04-24T14:30:00+00:00,2026-04-24,2026-04-24T09:30:00-04:00,0.013227590142346202,0.013227590142346202,1,2026-04-23T20:00:00+00:00,0.0029630956767172645,0.0029630956767172645,0.004177608605032137,15.912208104695765,16.43819594937695,0.0,17.5,2.0794415416798357,1.6094379124341003,1.0986122886681098,1.3862943611198906,0.0,0.0,0.0,0.0,3.784189633918261,3.295836866004329,2.1972245773362196,1.791759469228055,1.9459101490553132,2.1972245773362196,1.3862943611198906,1.0986122886681098,2026-04-24T13:27:32+00:00,test,0.14363636363636365,0.005064144539958312,0.0031743182979321327,0.16277628914296804,0.005995124136597189,0.005995124136597189,0.15750750954064136,0.005810985926119938,0.005810985926119938,0.14882311191423245,0.006083643952844691,0.006083643952844691
2026-04-24T14:30:00+00:00,2026-04-24T15:30:00+00:00,2026-04-24,2026-04-24T10:30:00-04:00,0.031148776980974846,0.031148776980974846,1,2026-04-24T14:30:00+00:00,0.013227590142346202,0.013227590142346202,0.005047371441572952,17.421573650965197,16.519938637095766,60.0,0.0,1.791759469228055,1.3862943611198906,0.0,0.0,0.0,0.0,0.0,0.0,3.7376696182833684,3.258096538021482,1.9459101490553132,1.791759469228055,1.9459101490553132,2.0794415416798357,1.3862943611198906,0.6931471805599453,2026-04-24T14:22:14+00:00,test,0.14363636363636365,0.005064144539958312,0.0031743182979321327,0.2054342869871889,0.006457569482762622,0.006457569482762622,0.19757554245683093,0.006280181071018354,0.006280181071018354,0.16158878738818358,0.005267163980720562,0.005267163980720562
2026-04-24T15:30:00+00:00,2026-04-24T16:30:00+00:00,2026-04-24,2026-04-24T11:30:00-04:00,0.00313663085413185,0.00313663085413185,0,2026-04-24T15:30:00+00:00,0.031148776980974846,0.031148776980974846,0.008632638727163118,17.791571984500816,16.653822482142633,120.0,0.0,1.6094379124341003,1.6094379124341003,1.0986122886681098,0.6931471805599453,0.6931471805599453,0.6931471805599453,0.0,0.0,3.7612001156935624,3.4011973816621555,2.0794415416798357,1.9459101490553132,2.0794415416798357,2.0794415416798357,1.3862943611198906,0.6931471805599453,2026-04-24T15:09:44+00:00,test,0.14363636363636365,0.005064144539958312,0.0031743182979321327,0.35094590202234016,0.009202712691683674,0.009202712691683674,0.34222805164293957,0.009023259090104102,0.009023259090104102,0.28508440685629155,0.008521863065752696,0.008521863065752696
2026-04-24T16:30:00+00:00,2026-04-24T17:30:00+00:00,2026-04-24,2026-04-24T12:30:00-04:00,-0.001169009284289757,0.001169009284289757,0,2026-04-24T16:30:00+00:00,0.00313663085413185,0.00313663085413185,0.008622177399150067,17.254879031607267,16.666140672157507,180.0,0.0,1.6094379124341003,1.0986122886681098,0.0,0.6931471805599453,0.0,0.0,0.0,0.0,3.784189633918261,3.4011973816621555,2.0794415416798357,2.0794415416798357,1.791759469228055,2.0794415416798357,1.3862943611198906,0.6931471805599453,2026-04-24T16:25:26+00:00,test,0.14363636363636365,0.005064144539958312,0.0031743182979321327,0.0863705011007623,0.004397975386172588,0.004397975386172588,0.08254913203773233,0.0042219186050693296,0.0042219186050693296,0.07731400779810993,0.004435368255312428,0.004435368255312428
2026-04-24T17:30:00+00:00,2026-04-24T18:30:00+00:00,2026-04-24,2026-04-24T13:30:00-04:00,-0.00533798826886267,0.00533798826886267,0,2026-04-24T17:30:00+00:00,-0.001169009284289757,0.001169009284289757,0.008544785200968191,16.953057491712844,16.693960783159287,240.0,0.0,2.0794415416798357,1.791759469228055,0.0,0.0,0.0,0.6931471805599453,0.0,0.0,3.912023005428146,3.5263605246161616,2.0794415416798357,2.0794415416798357,1.791759469228055,2.0794415416798357,1.3862943611198906,0.6931471805599453,2026-04-24T17:01:08+00:00,test,0.14363636363636365,0.005064144539958312,0.0031743182979321327,0.053377686229939096,0.003391279590433185,0.003391279590433185,0.050509546700215,0.0030889936101595613,0.0030889936101595613,0.04022083990556542,0.0018234906996575507,0.0018234906996575507
2026-04-24T18:30:00+00:00,2026-04-24T19:30:00+00:00,2026-04-24,2026-04-24T14:30:00-04:00,0.001599576417154136,0.001599576417154136,0,2026-04-24T18:30:00+00:00,-0.00533798826886267,0.00533798826886267,0.008524508325081207,16.45512730250639,16.7019712079951,300.0,0.0,1.9459101490553132,1.6094379124341003,0.6931471805599453,0.0,0.0,0.0,0.0,0.0,4.02535169073515,3.6375861597263857,2.1972245773362196,2.0794415416798357,1.791759469228055,2.0794415416798357,1.3862943611198906,0.6931471805599453,2026-04-24T18:09:07+00:00,test,0.14363636363636365,0.005064144539958312,0.0031743182979321327,0.04282444860018955,0.003394388767871317,0.003394388767871317,0.04200984923952209,0.003181549322227562,0.003181549322227562,0.04004735374667389,0.002649916818176536,0.002649916818176536
2026-04-27T13:30:00+00:00,2026-04-27T14:30:00+00:00,2026-04-27,2026-04-27T09:30:00-04:00,-0.004531455216588709,0.004531455216588709,0,2026-04-24T20:00:00+00:00,-0.0015346605623701715,0.0015346605623701715,0.008458600730418165,16.59265656747747,16.723017428806624,0.0,65.5,2.302585092994046,1.791759469228055,1.3862943611198906,1.0986122886681098,1.0986122886681098,1.0986122886681098,0.0,0.0,3.7376696182833684,3.2188758248682006,2.0794415416798357,1.6094379124341003,1.791759469228055,1.0986122886681098,1.0986122886681098,0.6931471805599453,2026-04-27T13:19:00+00:00,test,0.14363636363636365,0.005064144539958312,0.0031743182979321327,0.28030722970371436,0.008781530472497315,0.008781530472497315,0.2758021316059067,0.008605034227420278,0.008605034227420278,0.204222226275025,0.008248444531867618,0.008248444531867618
2026-04-27T14:30:00+00:00,2026-04-27T15:30:00+00:00,2026-04-27,2026-04-27T10:30:00-04:00,0.005654086975683814,0.005654086975683814,0,2026-04-27T14:30:00+00:00,-0.004531455216588709,0.004531455216588709,0.008573049491558469,17.65922206685968,16.818471191365326,60.0,0.0,1.3862943611198906,0.6931471805599453,0.6931471805599453,0.0,0.6931471805599453,0.0,0.0,0.0,3.784189633918261,3.2188758248682006,2.1972245773362196,1.6094379124341003,1.791759469228055,1.0986122886681098,1.0986122886681098,0.6931471805599453,2026-04-27T14:20:50+00:00,test,0.14363636363636365,0.005064144539958312,0.0031743182979321327,0.2371118093892786,0.0066104184375642685,0.0066104184375642685,0.23315008111404648,0.006615027309845108,0.006615027309845108,0.17752509143113362,0.0062505564630598864,0.0062505564630598864
2026-04-27T15:30:00+00:00,2026-04-27T16:30:00+00:00,2026-04-27,2026-04-27T11:30:00-04:00,0.007456298279847617,0.007456298279847617,0,2026-04-27T15:30:00+00:00,0.005654086975683814,0.005654086975683814,0.008587564806745605,16.712601635032726,16.838526146315388,120.0,0.0,1.3862943611198906,1.0986122886681098,0.0,0.6931471805599453,0.0,0.0,0.0,0.0,3.8501476017100584,3.295836866004329,2.1972245773362196,1.791759469228055,1.791759469228055,1.0986122886681098,1.0986122886681098,0.6931471805599453,2026-04-27T15:19:25+00:00,test,0.14363636363636365,0.005064144539958312,0.0031743182979321327,0.15132630791700688,0.005734723761787746,0.005734723761787746,0.1494554710999318,0.0057134513141714706,0.0057134513141714706,0.1513706712267111,0.006010331128946612,0.006010331128946612
2026-04-27T16:30:00+00:00,2026-04-27T17:30:00+00:00,2026-04-27,2026-04-27T12:30:00-04:00,0.010167378361023216,0.010167378361023216,1,2026-04-27T16:30:00+00:00,0.007456298279847617,0.007456298279847617,0.008609691591125419,16.621377914990624,16.81598846317446,180.0,0.0,2.302585092994046,1.0986122886681098,0.0,0.6931471805599453,0.6931471805599453,0.0,0.0,0.0,4.007333185232471,3.332204510175204,2.1972245773362196,1.9459101490553132,1.9459101490553132,1.0986122886681098,1.0986122886681098,0.6931471805599453,2026-04-27T16:26:47+00:00,test,0.14363636363636365,0.005064144539958312,0.0031743182979321327,0.10849133167083344,0.005174338164176015,0.005174338164176015,0.10380814528132418,0.004871205543922446,0.004871205543922446,0.07035318633760745,0.00446806383747133,0.00446806383747133
2026-04-27T17:30:00+00:00,2026-04-27T18:30:00+00:00,2026-04-27,2026-04-27T13:30:00-04:00,0.009736924813211534,0.009736924813211534,0,2026-04-27T17:30:00+00:00,0.010167378361023216,0.010167378361023216,0.008753499870726917,17.070187177803266,16.840100727988563,240.0,0.0,0.0,0.0,0.0,0.0,0.0,0.0,0.0,0.0,3.9889840465642745,3.295836866004329,2.0794415416798357,1.9459101490553132,1.791759469228055,1.0986122886681098,1.0986122886681098,0.6931471805599453,2026-04-27T16:26:47+00:00,test,0.14363636363636365,0.005064144539958312,0.0031743182979321327,0.08864602566371585,0.004853657634300608,0.004853657634300608,0.09910474929603649,0.005398644182104696,0.005398644182104696,0.10271312840114002,0.005599150169281389,0.005599150169281389
2026-04-27T18:30:00+00:00,2026-04-27T19:30:00+00:00,2026-04-27,2026-04-27T14:30:00-04:00,-0.0008113870976573789,0.0008113870976573789,0,2026-04-27T18:30:00+00:00,0.009736924813211534,0.009736924813211534,0.008830544898631137,17.010500205985373,16.876892016109522,300.0,0.0,1.791759469228055,1.6094379124341003,0.6931471805599453,0.0,0.6931471805599453,0.0,0.0,0.0,4.060443010546419,3.4011973816621555,2.1972245773362196,1.9459101490553132,1.9459101490553132,1.0986122886681098,1.0986122886681098,0.6931471805599453,2026-04-27T18:27:00+00:00,test,0.14363636363636365,0.005064144539958312,0.0031743182979321327,0.06005468224407205,0.004062752852598878,0.004062752852598878,0.05994614540351085,0.003930737023964209,0.003930737023964209,0.05119813009207602,0.0033978115010163765,0.0033978115010163765
2026-04-28T13:30:00+00:00,2026-04-28T14:30:00+00:00,2026-04-28,2026-04-28T09:30:00-04:00,0.013698933439765915,0.013698933439765915,1,2026-04-27T20:00:00+00:00,0.005313614725933391,0.005313614725933391,0.008867956893810886,16.580656022764355,16.903971523056203,0.0,17.5,2.0794415416798357,1.9459101490553132,0.6931471805599453,0.0,1.0986122886681098,1.0986122886681098,0.0,0.6931471805599453,4.174387269895637,3.4965075614664802,2.3978952727983707,1.9459101490553132,2.1972245773362196,1.3862943611198906,0.0,1.6094379124341003,2026-04-28T13:18:53+00:00,test,0.14363636363636365,0.005064144539958312,0.0031743182979321327,0.31830935306045843,0.007981334312670165,0.007981334312670165,0.3265927493036589,0.008044476999666619,0.008044476999666619,0.2626295503238196,0.007139463313723997,0.007139463313723997
2026-04-28T14:30:00+00:00,2026-04-28T15:30:00+00:00,2026-04-28,2026-04-28T10:30:00-04:00,-0.015397603658028558,0.015397603658028558,1,2026-04-28T14:30:00+00:00,0.013698933439765915,0.013698933439765915,0.009165103718873692,17.873285425975137,17.005113380806158,60.0,0.0,1.3862943611198906,1.0986122886681098,0.0,0.0,0.6931471805599453,0.0,0.0,0.0,4.174387269895637,3.5263605246161616,2.302585092994046,1.9459101490553132,2.1972245773362196,1.3862943611198906,0.0,1.6094379124341003,2026-04-28T13:51:45+00:00,test,0.14363636363636365,0.005064144539958312,0.0031743182979321327,0.35407430683822066,0.0080643015691928,0.0080643015691928,0.370644243996211,0.008328074343242026,0.008328074343242026,0.3050400129599012,0.007449336926868683,0.007449336926868683
2026-04-28T15:30:00+00:00,2026-04-28T16:30:00+00:00,2026-04-28,2026-04-28T11:30:00-04:00,0.004782685282627375,0.004782685282627375,0,2026-04-28T15:30:00+00:00,-0.015397603658028558,0.015397603658028558,0.010066694128198326,17.178010249672667,17.043885421769755,120.0,0.0,2.3978952727983707,2.0794415416798357,1.3862943611198906,0.0,0.0,0.6931471805599453,0.0,0.0,4.276666119016055,3.6635616461296463,2.5649493574615367,1.791759469228055,2.1972245773362196,1.6094379124341003,0.0,1.6094379124341003,2026-04-28T15:19:01+00:00,test,0.14363636363636365,0.005064144539958312,0.0031743182979321327,0.3313048438929934,0.008523134449582016,0.008523134449582016,0.3358992900111373,0.008441210492053302,0.008441210492053302,0.2544937964610689,0.005961837724491076,0.005961837724491076
2026-04-28T16:30:00+00:00,2026-04-28T17:30:00+00:00,2026-04-28,2026-04-28T12:30:00-04:00,0.0032840893030592344,0.0032840893030592344,0,2026-04-28T16:30:00+00:00,0.004782685282627375,0.004782685282627375,0.009983638957525038,16.57989956675068,17.020773003842734,180.0,0.0,1.6094379124341003,0.6931471805599453,0.0,0.6931471805599453,0.6931471805599453,0.0,0.0,0.0,4.204692619390966,3.6375861597263857,2.5649493574615367,1.791759469228055,2.1972245773362196,1.6094379124341003,0.0,1.6094379124341003,2026-04-28T16:00:06+00:00,test,0.14363636363636365,0.005064144539958312,0.0031743182979321327,0.12274063515529436,0.005351613866306675,0.005351613866306675,0.12762618804708142,0.005447467732141069,0.005447467732141069,0.08503708710830625,0.005087416055936279,0.005087416055936279
2026-04-28T17:30:00+00:00,2026-04-28T18:30:00+00:00,2026-04-28,2026-04-28T13:30:00-04:00,0.009749077280821306,0.009749077280821306,0,2026-04-28T17:30:00+00:00,0.0032840893030592344,0.0032840893030592344,0.009982995886575688,16.35616383382202,17.020275064867047,240.0,0.0,1.0986122886681098,0.6931471805599453,0.0,0.0,0.6931471805599453,0.0,0.0,0.0,4.23410650459726,3.6635616461296463,2.5649493574615367,1.791759469228055,2.302585092994046,1.6094379124341003,0.0,1.6094379124341003,2026-04-28T17:28:33+00:00,test,0.14363636363636365,0.005064144539958312,0.0031743182979321327,0.0762707956061658,0.00433645083686489,0.00433645083686489,0.08263147505480965,0.00461132928908668,0.00461132928908668,0.0560735178154289,0.0039022748163768098,0.0039022748163768098
2026-04-28T18:30:00+00:00,2026-04-28T19:30:00+00:00,2026-04-28,2026-04-28T14:30:00-04:00,0.005708732554987828,0.005708732554987828,0,2026-04-28T18:30:00+00:00,0.009749077280821306,0.009749077280821306,0.009807418298251042,16.424085999425248,17.022852802060342,300.0,0.0,0.6931471805599453,0.6931471805599453,0.0,0.0,0.0,0.0,0.0,0.0,4.174387269895637,3.58351893845611,2.4849066497880004,1.791759469228055,2.1972245773362196,1.6094379124341003,0.0,1.6094379124341003,2026-04-28T17:40:04+00:00,test,0.14363636363636365,0.005064144539958312,0.0031743182979321327,0.06693283182482256,0.004437978471909858,0.004437978471909858,0.07374873654196508,0.004787110095813281,0.004787110095813281,0.06315253692057637,0.003970845545980688,0.003970845545980688
2026-04-29T13:30:00+00:00,2026-04-29T14:30:00+00:00,2026-04-29,2026-04-29T09:30:00-04:00,-0.007545287145573898,0.007545287145573898,0,2026-04-28T20:00:00+00:00,-0.004251161695263739,0.004251161695263739,0.009387278824922966,16.323041259581053,17.03973187022349,0.0,17.5,1.0986122886681098,1.0986122886681098,0.0,0.0,0.0,0.6931471805599453,0.0,0.0,4.060443010546419,3.58351893845611,2.4849066497880004,1.6094379124341003,2.0794415416798357,1.9459101490553132,1.0986122886681098,0.6931471805599453,2026-04-29T13:00:00+00:00,test,0.14363636363636365,0.005064144539958312,0.0031743182979321327,0.35054568242465944,0.00832218959390162,0.00832218959390162,0.3699913363266686,0.008683808177217325,0.008683808177217325,0.30286754407084243,0.007616164294388367,0.007616164294388367
2026-04-29T14:30:00+00:00,2026-04-29T15:30:00+00:00,2026-04-29,2026-04-29T10:30:00-04:00,-0.0014684172123419215,0.0014684172123419215,0,2026-04-29T14:30:00+00:00,-0.007545287145573898,0.007545287145573898,0.009682262697708378,17.19112254028721,17.06445315312378,60.0,0.0,1.0986122886681098,0.6931471805599453,0.6931471805599453,1.0986122886681098,0.0,0.0,0.0,0.0,4.04305126783455,3.5553480614894135,2.5649493574615367,1.9459101490553132,1.9459101490553132,1.9459101490553132,1.0986122886681098,0.6931471805599453,2026-04-29T14:11:00+00:00,test,0.14363636363636365,0.005064144539958312,0.0031743182979321327,0.32004875632847873,0.007730323548688779,0.007730323548688779,0.33314777419438923,0.008014096074802732,0.008014096074802732,0.32678732882329975,0.008741375964053862,0.008741375964053862
2026-04-29T15:30:00+00:00,2026-04-29T16:30:00+00:00,2026-04-29,2026-04-29T11:30:00-04:00,-0.005407710273947375,0.005407710273947375,0,2026-04-29T15:30:00+00:00,-0.0014684172123419215,0.0014684172123419215,0.009717991289983614,16.51070136365176,17.076913266882304,120.0,0.0,0.6931471805599453,0.6931471805599453,0.0,0.0,0.0,0.0,0.0,0.0,3.871201010907891,3.367295829986474,2.302585092994046,1.9459101490553132,1.9459101490553132,1.791759469228055,1.0986122886681098,0.6931471805599453,2026-04-29T14:58:33+00:00,test,0.14363636363636365,0.005064144539958312,0.0031743182979321327,0.16378363953805083,0.005753132161773207,0.005753132161773207,0.16885640994880194,0.006009412404987053,0.006009412404987053,0.15841826348210006,0.005876221210691659,0.005876221210691659
2026-04-29T16:30:00+00:00,2026-04-29T17:30:00+00:00,2026-04-29,2026-04-29T12:30:00-04:00,-0.0010636611573650034,0.0010636611573650034,0,2026-04-29T16:30:00+00:00,-0.005407710273947375,0.005407710273947375,0.009695626346477216,16.335259600031932,17.029025488884088,180.0,0.0,0.6931471805599453,0.6931471805599453,0.0,0.0,0.6931471805599453,0.0,0.0,0.0,3.8066624897703196,3.367295829986474,2.302585092994046,1.791759469228055,1.9459101490553132,1.791759469228055,1.0986122886681098,0.6931471805599453,2026-04-29T16:06:59+00:00,test,0.14363636363636365,0.005064144539958312,0.0031743182979321327,0.13154136130605362,0.00565468634188064,0.00565468634188064,0.1340629991848514,0.005828659477281311,0.005828659477281311,0.1074352389904266,0.005833027606404191,0.005833027606404191
2026-04-29T17:30:00+00:00,2026-04-29T18:30:00+00:00,2026-04-29,2026-04-29T13:30:00-04:00,-0.006708039149048384,0.006708039149048384,0,2026-04-29T17:30:00+00:00,-0.0010636611573650034,0.0010636611573650034,0.007155139350362882,16.328975752621613,16.943077128640514,240.0,0.0,1.3862943611198906,1.0986122886681098,0.6931471805599453,0.6931471805599453,0.0,0.0,0.0,0.0,3.828641396489095,3.4011973816621555,2.3978952727983707,1.9459101490553132,1.791759469228055,1.791759469228055,1.0986122886681098,0.6931471805599453,2026-04-29T17:10:00+00:00,test,0.14363636363636365,0.005064144539958312,0.0031743182979321327,0.057032656261882676,0.0033532766816122585,0.0033532766816122585,0.05578783231986173,0.0032641547399281717,0.0032641547399281717,0.055894358010207576,0.0036537798969532597,0.0036537798969532597
2026-04-29T18:30:00+00:00,2026-04-29T19:30:00+00:00,2026-04-29,2026-04-29T14:30:00-04:00,0.00612830510830209,0.00612830510830209,0,2026-04-29T18:30:00+00:00,-0.006708039149048384,0.006708039149048384,0.007379840620123879,16.25929351842116,16.899063571718443,300.0,0.0,1.791759469228055,0.0,0.0,0.0,0.6931471805599453,0.0,0.0,0.0,3.912023005428146,3.367295829986474,2.3978952727983707,1.9459101490553132,1.9459101490553132,1.791759469228055,1.0986122886681098,0.6931471805599453,2026-04-29T18:13:00+00:00,test,0.14363636363636365,0.005064144539958312,0.0031743182979321327,0.050817623018955135,0.003649915384177393,0.003649915384177393,0.0493015980371181,0.003429870860476281,0.003429870860476281,0.022827939060453026,0.0021677330372854853,0.0021677330372854853
2026-04-30T13:30:00+00:00,2026-04-30T14:30:00+00:00,2026-04-30,2026-04-30T09:30:00-04:00,-0.04441285361071878,0.04441285361071878,1,2026-04-29T20:00:00+00:00,-4.774978239219241e-05,4.774978239219241e-05,0.007440861389839617,16.202953761332452,16.874695246649935,0.0,17.5,1.3862943611198906,1.3862943611198906,0.6931471805599453,0.6931471805599453,0.0,0.6931471805599453,0.6931471805599453,0.6931471805599453,3.9889840465642745,3.4011973816621555,2.4849066497880004,2.4849066497880004,1.9459101490553132,2.3978952727983707,1.9459101490553132,1.0986122886681098,2026-04-30T13:11:00+00:00,test,0.14363636363636365,0.005064144539958312,0.0031743182979321327,0.24065101481305898,0.006863669541105156,0.006863669541105156,0.24962032463760625,0.0070750981439624714,0.0070750981439624714,0.3497544684621931,0.00811784161806231,0.00811784161806231
2026-04-30T14:30:00+00:00,2026-04-30T15:30:00+00:00,2026-04-30,2026-04-30T10:30:00-04:00,0.0035441829070985698,0.0035441829070985698,0,2026-04-30T14:30:00+00:00,-0.04441285361071878,0.04441285361071878,0.012640074425394918,0.0,16.84127647246238,60.0,0.0,1.3862943611198906,1.0986122886681098,0.0,0.0,0.0,0.0,0.0,0.0,4.007333185232471,3.4339872044851463,2.3978952727983707,2.302585092994046,1.9459101490553132,2.3978952727983707,1.9459101490553132,1.0986122886681098,2026-04-30T14:27:00+00:00,test,0.14363636363636365,0.005064144539958312,0.0031743182979321327,0.33669338199940935,0.01449558528851114,0.01449558528851114,0.337592116132066,0.014180066102353468,0.014180066102353468,0.24046521847593083,0.01183277743879271,0.01183277743879271
2026-04-30T15:30:00+00:00,2026-04-30T16:30:00+00:00,2026-04-30,2026-04-30T11:30:00-04:00,-0.0057625615723966295,0.0057625615723966295,0,2026-04-30T15:30:00+00:00,0.0035441829070985698,0.0035441829070985698,0.012664279989869435,18.371263005399317,17.012686600354904,120.0,0.0,1.6094379124341003,1.6094379124341003,0.0,1.0986122886681098,0.0,0.0,0.0,0.0,4.060443010546419,3.5263605246161616,2.3978952727983707,2.4849066497880004,1.9459101490553132,2.3978952727983707,1.9459101490553132,1.0986122886681098,2026-04-30T15:24:31+00:00,test,0.14363636363636365,0.005064144539958312,0.0031743182979321327,0.22657179047221676,0.006623151223911256,0.006623151223911256,0.22774616145758989,0.006667899906019561,0.006667899906019561,0.23611017134482262,0.006734492063082534,0.006734492063082534
2026-04-30T16:30:00+00:00,2026-04-30T17:30:00+00:00,2026-04-30,2026-04-30T12:30:00-04:00,0.0016737437753981954,0.0016737437753981954,0,2026-04-30T16:30:00+00:00,-0.0057625615723966295,0.0057625615723966295,0.01268853107852964,16.82799876352465,16.957303264085176,180.0,0.0,1.0986122886681098,1.0986122886681098,0.0,0.0,1.0986122886681098,0.6931471805599453,0.0,0.0,4.07753744390572,3.5553480614894135,2.3978952727983707,2.4849066497880004,2.0794415416798357,2.4849066497880004,1.9459101490553132,1.0986122886681098,2026-04-30T15:52:00+00:00,test,0.14363636363636365,0.005064144539958312,0.0031743182979321327,0.1535801535597765,0.006312292796027016,0.006312292796027016,0.159870893850016,0.0064994793055597605,0.0064994793055597605,0.10078050434537962,0.005253523880619216,0.005253523880619216
2026-04-30T17:30:00+00:00,2026-04-30T18:30:00+00:00,2026-04-30,2026-04-30T13:30:00-04:00,0.0014714593736637749,0.0014714593736637749,0,2026-04-30T17:30:00+00:00,0.0016737437753981954,0.0016737437753981954,0.0126190508971702,16.588820145318355,16.952735084737476,240.0,0.0,1.9459101490553132,1.0986122886681098,1.0986122886681098,1.0986122886681098,0.0,0.6931471805599453,0.0,0.0,4.127134385045092,3.5553480614894135,2.4849066497880004,2.5649493574615367,2.0794415416798357,2.5649493574615367,1.9459101490553132,1.0986122886681098,2026-04-30T17:24:25+00:00,test,0.14363636363636365,0.005064144539958312,0.0031743182979321327,0.07902670385707841,0.0046102933336596,0.0046102933336596,0.07795242581786582,0.004456056704082372,0.004456056704082372,0.055109243834963004,0.003477754837188489,0.003477754837188489
2026-04-30T18:30:00+00:00,2026-04-30T19:30:00+00:00,2026-04-30,2026-04-30T14:30:00-04:00,0.0002490563863808415,0.0002490563863808415,0,2026-04-30T18:30:00+00:00,0.0014714593736637749,0.0014714593736637749,0.01248741942033089,16.577783757676524,16.951202613017625,300.0,0.0,1.6094379124341003,1.0986122886681098,0.0,0.6931471805599453,0.0,0.0,0.0,0.0,4.110873864173311,3.6109179126442243,2.4849066497880004,2.6390573296152584,1.9459101490553132,2.5649493574615367,1.9459101490553132,1.0986122886681098,2026-04-30T18:29:00+00:00,test,0.14363636363636365,0.005064144539958312,0.0031743182979321327,0.05183364258212907,0.0037597694465451243,0.0037597694465451243,0.05205914547982332,0.003690156323872611,0.003690156323872611,0.04492807532010746,0.0032189093010666393,0.0032189093010666393
2026-05-01T13:30:00+00:00,2026-05-01T14:30:00+00:00,2026-05-01,2026-05-01T09:30:00-04:00,-0.009837021758481446,0.009837021758481446,0,2026-04-30T20:00:00+00:00,-0.0052843989129359725,0.0052843989129359725,0.012217470658434055,16.80605248494367,16.9325583074214,0.0,17.5,1.9459101490553132,1.9459101490553132,0.6931471805599453,1.0986122886681098,0.6931471805599453,0.6931471805599453,0.0,0.0,4.060443010546419,3.58351893845611,2.3978952727983707,2.5649493574615367,2.1972245773362196,1.9459101490553132,1.0986122886681098,0.6931471805599453,2026-05-01T13:11:00+00:00,test,0.14363636363636365,0.005064144539958312,0.0031743182979321327,0.39239843681440056,0.009030478546815313,0.009030478546815313,0.3950077273168327,0.009042334924733829,0.009042334924733829,0.3598685717568622,0.009175510097742937,0.009175510097742937
2026-05-01T14:30:00+00:00,2026-05-01T15:30:00+00:00,2026-05-01,2026-05-01T10:30:00-04:00,-0.0018815384148958003,0.0018815384148958003,0,2026-05-01T14:30:00+00:00,-0.009837021758481446,0.009837021758481446,0.012059028622102803,17.36451310059436,16.95525896848351,60.0,0.0,1.0986122886681098,1.0986122886681098,0.0,0.0,0.6931471805599453,0.0,0.0,0.0,4.04305126783455,3.58351893845611,2.3978952727983707,2.5649493574615367,2.302585092994046,1.9459101490553132,1.0986122886681098,0.6931471805599453,2026-05-01T14:20:00+00:00,test,0.14363636363636365,0.005064144539958312,0.0031743182979321327,0.36306213764437884,0.008567124397811748,0.008567124397811748,0.37561180111656717,0.008826891211137201,0.008826891211137201,0.3289598688898276,0.008680103054962588,0.008680103054962588
2026-05-01T15:30:00+00:00,2026-05-01T16:30:00+00:00,2026-05-01,2026-05-01T11:30:00-04:00,-0.0013823651867949094,0.0013823651867949094,0,2026-05-01T15:30:00+00:00,-0.0018815384148958003,0.0018815384148958003,0.012053952847164002,16.95491589807484,16.960823475334788,120.0,0.0,1.6094379124341003,1.3862943611198906,0.0,0.6931471805599453,0.0,0.0,0.0,0.0,4.04305126783455,3.5553480614894135,2.3978952727983707,2.4849066497880004,2.302585092994046,1.9459101490553132,1.0986122886681098,0.6931471805599453,2026-05-01T14:58:52+00:00,test,0.14363636363636365,0.005064144539958312,0.0031743182979321327,0.17811468979871845,0.006219355579923444,0.006219355579923444,0.17830125789643075,0.006226480728337115,0.006226480728337115,0.16967385991048725,0.006347322397619004,0.006347322397619004
2026-05-01T16:30:00+00:00,2026-05-01T17:30:00+00:00,2026-05-01,2026-05-01T12:30:00-04:00,0.006079322009108878,0.006079322009108878,0,2026-05-01T16:30:00+00:00,-0.0013823651867949094,0.0013823651867949094,0.011446314268983203,16.317755772326073,16.857418323266163,180.0,0.0,1.6094379124341003,1.3862943611198906,0.6931471805599453,0.0,0.6931471805599453,0.0,0.0,0.0,4.07753744390572,3.58351893845611,2.4849066497880004,2.4849066497880004,2.1972245773362196,1.791759469228055,1.0986122886681098,0.6931471805599453,2026-05-01T16:29:41+00:00,test,0.14363636363636365,0.005064144539958312,0.0031743182979321327,0.09974477395389615,0.005039370576063499,0.005039370576063499,0.10040186028502686,0.005023443971368788,0.005023443971368788,0.08306189086607556,0.004784333483233637,0.004784333483233637
2026-05-01T17:30:00+00:00,2026-05-01T18:30:00+00:00,2026-05-01,2026-05-01T13:30:00-04:00,-0.003602249917349698,0.003602249917349698,0,2026-05-01T17:30:00+00:00,0.006079322009108878,0.006079322009108878,0.011248854067659715,16.04095020882137,16.809490244133798,240.0,0.0,1.3862943611198906,1.0986122886681098,0.0,0.0,0.0,0.6931471805599453,0.6931471805599453,0.0,4.02535169073515,3.58351893845611,2.302585092994046,2.302585092994046,2.1972245773362196,1.791759469228055,1.3862943611198906,0.6931471805599453,2026-05-01T17:10:19+00:00,test,0.14363636363636365,0.005064144539958312,0.0031743182979321327,0.0735126694447172,0.004733184386551693,0.004733184386551693,0.07419612913471808,0.004715260092313768,0.004715260092313768,0.07850019864512839,0.004386333017033494,0.004386333017033494
2026-05-01T18:30:00+00:00,2026-05-01T19:30:00+00:00,2026-05-01,2026-05-01T14:30:00-04:00,0.0029377363568208192,0.0029377363568208192,0,2026-05-01T18:30:00+00:00,-0.003602249917349698,0.003602249917349698,0.011132923884615172,15.958477803367739,16.790925150754816,300.0,0.0,1.3862943611198906,0.6931471805599453,0.6931471805599453,0.0,0.0,0.0,0.0,0.0,4.007333185232471,3.5553480614894135,2.3978952727983707,2.1972245773362196,2.1972245773362196,1.791759469228055,1.3862943611198906,0.6931471805599453,2026-05-01T18:21:58+00:00,test,0.14363636363636365,0.005064144539958312,0.0031743182979321327,0.04518852695702028,0.0037210199962689847,0.0037210199962689847,0.0453732408534462,0.00366587952142173,0.00366587952142173,0.03527032993957277,0.0030716519733776553,0.0030716519733776553
