term,type,up_support_days,down_support_days,total_support_days,up_total_days,down_total_days,up_prevalence_pct,down_prevalence_pct,up_minus_down_pp
bullish,word,37,15,52,51,41,72.54901960784314,36.58536585365854,35.9636537541846
scale ai,phrase,24,7,31,51,41,47.05882352941177,17.073170731707318,29.985652797704443
known,word,25,9,34,51,41,49.01960784313726,21.951219512195124,27.068388330942128
expands ai,phrase,13,1,14,51,41,25.49019607843137,2.4390243902439024,23.05117168818747
large scale,phrase,24,10,34,51,41,47.05882352941177,24.390243902439025,22.66857962697274
is nvidia,phrase,31,16,47,51,41,60.78431372549019,39.02439024390244,21.75992348158775
bad,word,16,4,20,51,41,31.372549019607842,9.75609756097561,21.616451458632234
ultra,word,12,1,13,51,41,23.529411764705884,2.4390243902439024,21.09038737446198
investors should,phrase,18,6,24,51,41,35.294117647058826,14.634146341463415,20.659971305595413
better,word,34,19,53,51,41,66.66666666666667,46.34146341463415,20.325203252032516
said in,phrase,24,11,35,51,41,47.05882352941177,26.829268292682926,20.229555236728835
buy or,phrase,19,7,26,51,41,37.254901960784316,17.073170731707318,20.181731229076995
year and,phrase,19,7,26,51,41,37.254901960784316,17.073170731707318,20.181731229076995
although,word,14,3,17,51,41,27.45098039215686,7.317073170731708,20.133907221425158
mining,word,15,4,19,51,41,29.41176470588235,9.75609756097561,19.655667144906744
and tesla,phrase,26,13,39,51,41,50.98039215686274,31.70731707317073,19.27307508369201
company has,phrase,21,9,30,51,41,41.1764705882353,21.951219512195124,19.22525107604017
year to,phrase,21,9,30,51,41,41.1764705882353,21.951219512195124,19.22525107604017
sell now,phrase,16,5,21,51,41,31.372549019607842,12.195121951219512,19.17742706838833
powered ai,phrase,11,1,12,51,41,21.568627450980394,2.4390243902439024,19.129603060736493
change,word,22,10,32,51,41,43.13725490196079,24.390243902439025,18.747010999521763
chief executive,phrase,17,6,23,51,41,33.333333333333336,14.634146341463415,18.69918699186992
and broadcom,phrase,33,19,52,51,41,64.70588235294117,46.34146341463415,18.364418938307033
launches,word,28,15,43,51,41,54.90196078431372,36.58536585365854,18.316594930655196
seven,word,28,15,43,51,41,54.90196078431372,36.58536585365854,18.316594930655196
fast,word,23,11,34,51,41,45.09803921568628,26.829268292682926,18.26877092300335
efforts,word,18,7,25,51,41,35.294117647058826,17.073170731707318,18.220946915351508
is working,phrase,13,3,16,51,41,25.49019607843137,7.317073170731708,18.173122907699664
three,word,39,24,63,51,41,76.47058823529412,58.53658536585366,17.93400286944046
drops,word,19,8,27,51,41,37.254901960784316,19.51219512195122,17.742706838833094
the magnificent,phrase,19,8,27,51,41,37.254901960784316,19.51219512195122,17.742706838833094
though,word,19,8,27,51,41,37.254901960784316,19.51219512195122,17.742706838833094
analysts say,phrase,14,4,18,51,41,27.45098039215686,9.75609756097561,17.694882831181253
nvidia powered,phrase,14,4,18,51,41,27.45098039215686,9.75609756097561,17.694882831181253
afternoon session,phrase,15,5,20,51,41,29.41176470588235,12.195121951219512,17.216642754662843
has raised,phrase,15,5,20,51,41,29.41176470588235,12.195121951219512,17.216642754662843
huang's,word,15,5,20,51,41,29.41176470588235,12.195121951219512,17.216642754662843
slides,word,15,5,20,51,41,29.41176470588235,12.195121951219512,17.216642754662843
the afternoon,phrase,15,5,20,51,41,29.41176470588235,12.195121951219512,17.216642754662843
deploying,word,10,1,11,51,41,19.607843137254903,2.4390243902439024,17.168818747011
gene,word,10,1,11,51,41,19.607843137254903,2.4390243902439024,17.168818747011
google amazon,phrase,10,1,11,51,41,19.607843137254903,2.4390243902439024,17.168818747011
gains,word,46,30,76,51,41,90.19607843137256,73.17073170731707,17.025346724055478
going,word,31,18,49,51,41,60.78431372549019,43.90243902439025,16.881874701099946
sparked,word,16,6,22,51,41,31.372549019607842,14.634146341463415,16.73840267814443
the firm's,phrase,16,6,22,51,41,31.372549019607842,14.634146341463415,16.73840267814443
known for,phrase,11,2,13,51,41,21.568627450980394,4.878048780487805,16.690578670492588
not miss,phrase,11,2,13,51,41,21.568627450980394,4.878048780487805,16.690578670492588
chipmaker,word,42,27,69,51,41,82.3529411764706,65.85365853658537,16.499282639885216
ai market,phrase,17,7,24,51,41,33.333333333333336,17.073170731707318,16.260162601626014
final,word,17,7,24,51,41,33.333333333333336,17.073170731707318,16.260162601626014
or sell,phrase,17,7,24,51,41,33.333333333333336,17.073170731707318,16.260162601626014
stock market,phrase,43,28,71,51,41,84.31372549019608,68.29268292682927,16.021042563366805
scale,word,38,24,62,51,41,74.50980392156863,58.53658536585366,15.973218555714974
days,word,23,12,35,51,41,45.09803921568628,29.26829268292683,15.829746532759447
weeks,word,18,8,26,51,41,35.294117647058826,19.51219512195122,15.781922525107605
partners with,phrase,13,4,17,51,41,25.49019607843137,9.75609756097561,15.734098517455761
smci,word,13,4,17,51,41,25.49019607843137,9.75609756097561,15.734098517455761
weighs,word,13,4,17,51,41,25.49019607843137,9.75609756097561,15.734098517455761
wider,word,8,0,8,51,41,15.686274509803921,0.0,15.686274509803921
support,word,39,25,64,51,41,76.47058823529412,60.97560975609756,15.494978479196552
beyond,word,29,17,46,51,41,56.86274509803921,41.46341463414634,15.399330463892873
magnificent seven,phrase,24,13,37,51,41,47.05882352941177,31.70731707317073,15.351506456241031
investing in,phrase,19,9,28,51,41,37.254901960784316,21.951219512195124,15.303682448589193
buys,word,14,5,19,51,41,27.45098039215686,12.195121951219512,15.255858440937352
compared,word,14,5,19,51,41,27.45098039215686,12.195121951219512,15.255858440937352
export controls,phrase,14,5,19,51,41,27.45098039215686,12.195121951219512,15.255858440937352
focuses,word,14,5,19,51,41,27.45098039215686,12.195121951219512,15.255858440937352
focuses on,phrase,14,5,19,51,41,27.45098039215686,12.195121951219512,15.255858440937352
mega,word,14,5,19,51,41,27.45098039215686,12.195121951219512,15.255858440937352
military,word,14,5,19,51,41,27.45098039215686,12.195121951219512,15.255858440937352
price of,phrase,14,5,19,51,41,27.45098039215686,12.195121951219512,15.255858440937352
bitcoin mining,phrase,9,1,10,51,41,17.647058823529413,2.4390243902439024,15.208034433285512
stock gains,phrase,9,1,10,51,41,17.647058823529413,2.4390243902439024,15.208034433285512
published,word,25,14,39,51,41,49.01960784313726,34.146341463414636,14.873266379722615
double,word,20,10,30,51,41,39.21568627450981,24.390243902439025,14.82544237207078
nvidia gpus,phrase,20,10,30,51,41,39.21568627450981,24.390243902439025,14.82544237207078
share price,phrase,20,10,30,51,41,39.21568627450981,24.390243902439025,14.82544237207078
shifting,word,20,10,30,51,41,39.21568627450981,24.390243902439025,14.82544237207078
businesses,word,15,6,21,51,41,29.41176470588235,14.634146341463415,14.77761836441894
case for,phrase,15,6,21,51,41,29.41176470588235,14.634146341463415,14.77761836441894
joining,word,15,6,21,51,41,29.41176470588235,14.634146341463415,14.77761836441894
view,word,15,6,21,51,41,29.41176470588235,14.634146341463415,14.77761836441894
back on,phrase,10,2,12,51,41,19.607843137254903,4.878048780487805,14.729794356767096
bottom,word,10,2,12,51,41,19.607843137254903,4.878048780487805,14.729794356767096
five year,phrase,10,2,12,51,41,19.607843137254903,4.878048780487805,14.729794356767096
hottest,word,10,2,12,51,41,19.607843137254903,4.878048780487805,14.729794356767096
invested in,phrase,10,2,12,51,41,19.607843137254903,4.878048780487805,14.729794356767096
is designed,phrase,10,2,12,51,41,19.607843137254903,4.878048780487805,14.729794356767096
lately,word,10,2,12,51,41,19.607843137254903,4.878048780487805,14.729794356767096
microsoft amazon,phrase,10,2,12,51,41,19.607843137254903,4.878048780487805,14.729794356767096
racks,word,10,2,12,51,41,19.607843137254903,4.878048780487805,14.729794356767096
weight,word,10,2,12,51,41,19.607843137254903,4.878048780487805,14.729794356767096
expected,word,36,23,59,51,41,70.58823529411765,56.09756097560975,14.49067431850789
inference,word,26,15,41,51,41,50.98039215686274,36.58536585365854,14.395026303204206
really,word,21,11,32,51,41,41.1764705882353,26.829268292682926,14.347202295552364
stocks that,phrase,21,11,32,51,41,41.1764705882353,26.829268292682926,14.347202295552364
ai powered,phrase,16,7,23,51,41,31.372549019607842,17.073170731707318,14.299378287900524
billion valuation,phrase,16,7,23,51,41,31.372549019607842,17.073170731707318,14.299378287900524
of dollars,phrase,16,7,23,51,41,31.372549019607842,17.073170731707318,14.299378287900524
as nvidia's,phrase,11,3,14,51,41,21.568627450980394,7.317073170731708,14.251554280248685
discovery,word,11,3,14,51,41,21.568627450980394,7.317073170731708,14.251554280248685
just made,phrase,11,3,14,51,41,21.568627450980394,7.317073170731708,14.251554280248685
majority,word,11,3,14,51,41,21.568627450980394,7.317073170731708,14.251554280248685
security and,phrase,11,3,14,51,41,21.568627450980394,7.317073170731708,14.251554280248685
gap,word,17,8,25,51,41,33.333333333333336,19.51219512195122,13.821138211382111
great,word,17,8,25,51,41,33.333333333333336,19.51219512195122,13.821138211382111
rapid,word,17,8,25,51,41,33.333333333333336,19.51219512195122,13.821138211382111
reason,word,17,8,25,51,41,33.333333333333336,19.51219512195122,13.821138211382111
corporation is,phrase,12,4,16,51,41,23.529411764705884,9.75609756097561,13.773314203730273
dominate,word,12,4,16,51,41,23.529411764705884,9.75609756097561,13.773314203730273
employees,word,12,4,16,51,41,23.529411764705884,9.75609756097561,13.773314203730273
of new,phrase,12,4,16,51,41,23.529411764705884,9.75609756097561,13.773314203730273
q2,word,12,4,16,51,41,23.529411764705884,9.75609756097561,13.773314203730273
rollout,word,12,4,16,51,41,23.529411764705884,9.75609756097561,13.773314203730273
to provide,phrase,12,4,16,51,41,23.529411764705884,9.75609756097561,13.773314203730273
year ai,phrase,12,4,16,51,41,23.529411764705884,9.75609756097561,13.773314203730273
humans,word,7,0,7,51,41,13.72549019607843,0.0,13.725490196078432
in japan,phrase,7,0,7,51,41,13.72549019607843,0.0,13.725490196078432
timing,word,7,0,7,51,41,13.72549019607843,0.0,13.725490196078432
key,word,48,33,81,51,41,94.11764705882354,80.48780487804878,13.629842180774743
magnificent,word,28,17,45,51,41,54.90196078431372,41.46341463414634,13.43854615016739
reach,word,23,13,36,51,41,45.09803921568628,31.70731707317073,13.390722142515543
rivals,word,23,13,36,51,41,45.09803921568628,31.70731707317073,13.390722142515543
stock was,phrase,23,13,36,51,41,45.09803921568628,31.70731707317073,13.390722142515543
developed,word,18,9,27,51,41,35.294117647058826,21.951219512195124,13.342898134863704
firm's,word,18,9,27,51,41,35.294117647058826,21.951219512195124,13.342898134863704
retail,word,18,9,27,51,41,35.294117647058826,21.951219512195124,13.342898134863704
we recently,phrase,18,9,27,51,41,35.294117647058826,21.951219512195124,13.342898134863704
little,word,13,5,18,51,41,25.49019607843137,12.195121951219512,13.295074127211858
miss,word,13,5,18,51,41,25.49019607843137,12.195121951219512,13.295074127211858
missed,word,13,5,18,51,41,25.49019607843137,12.195121951219512,13.295074127211858
position in,phrase,13,5,18,51,41,25.49019607843137,12.195121951219512,13.295074127211858
putting,word,13,5,18,51,41,25.49019607843137,12.195121951219512,13.295074127211858
amd to,phrase,8,1,9,51,41,15.686274509803921,2.4390243902439024,13.24725011956002
dollars in,phrase,8,1,9,51,41,15.686274509803921,2.4390243902439024,13.24725011956002
gene munster,phrase,8,1,9,51,41,15.686274509803921,2.4390243902439024,13.24725011956002
increases,word,8,1,9,51,41,15.686274509803921,2.4390243902439024,13.24725011956002
laboratory,word,8,1,9,51,41,15.686274509803921,2.4390243902439024,13.24725011956002
munster,word,8,1,9,51,41,15.686274509803921,2.4390243902439024,13.24725011956002
nvidia had,phrase,8,1,9,51,41,15.686274509803921,2.4390243902439024,13.24725011956002
proprietary,word,8,1,9,51,41,15.686274509803921,2.4390243902439024,13.24725011956002
reshapes,word,8,1,9,51,41,15.686274509803921,2.4390243902439024,13.24725011956002
rising demand,phrase,8,1,9,51,41,15.686274509803921,2.4390243902439024,13.24725011956002
world's first,phrase,8,1,9,51,41,15.686274509803921,2.4390243902439024,13.24725011956002
shares of,phrase,39,26,65,51,41,76.47058823529412,63.41463414634146,13.055954088952648
meta platforms,phrase,34,22,56,51,41,66.66666666666667,53.65853658536585,13.008130081300806
partnership with,phrase,34,22,56,51,41,66.66666666666667,53.65853658536585,13.008130081300806
starting,word,19,10,29,51,41,37.254901960784316,24.390243902439025,12.864658058345292
valuable,word,19,10,29,51,41,37.254901960784316,24.390243902439025,12.864658058345292
broadcom avgo,phrase,14,6,20,51,41,27.45098039215686,14.634146341463415,12.816834050693451
cloud and,phrase,14,6,20,51,41,27.45098039215686,14.634146341463415,12.816834050693451
roadmap,word,14,6,20,51,41,27.45098039215686,14.634146341463415,12.816834050693451
stakes,word,14,6,20,51,41,27.45098039215686,14.634146341463415,12.816834050693451
super micro,phrase,14,6,20,51,41,27.45098039215686,14.634146341463415,12.816834050693451
the chips,phrase,14,6,20,51,41,27.45098039215686,14.634146341463415,12.816834050693451
announcements,word,9,2,11,51,41,17.647058823529413,4.878048780487805,12.769010043041607
cpus and,phrase,9,2,11,51,41,17.647058823529413,4.878048780487805,12.769010043041607
essential,word,9,2,11,51,41,17.647058823529413,4.878048780487805,12.769010043041607
good news,phrase,9,2,11,51,41,17.647058823529413,4.878048780487805,12.769010043041607
leaving,word,9,2,11,51,41,17.647058823529413,4.878048780487805,12.769010043041607
remarkable,word,9,2,11,51,41,17.647058823529413,4.878048780487805,12.769010043041607
valuation in,phrase,9,2,11,51,41,17.647058823529413,4.878048780487805,12.769010043041607
portfolio,word,30,19,49,51,41,58.8235294117647,46.34146341463415,12.48206599713056
and palantir,phrase,20,11,31,51,41,39.21568627450981,26.829268292682926,12.386417981826876
jobs,word,20,11,31,51,41,39.21568627450981,26.829268292682926,12.386417981826876
movers,word,20,11,31,51,41,39.21568627450981,26.829268292682926,12.386417981826876
are not,phrase,15,7,22,51,41,29.41176470588235,17.073170731707318,12.338593974175035
shareholder,word,15,7,22,51,41,29.41176470588235,17.073170731707318,12.338593974175035
while nvidia,phrase,15,7,22,51,41,29.41176470588235,17.073170731707318,12.338593974175035
chip partnership,phrase,10,3,13,51,41,19.607843137254903,7.317073170731708,12.290769966523195
dives,word,10,3,13,51,41,19.607843137254903,7.317073170731708,12.290769966523195
is moving,phrase,10,3,13,51,41,19.607843137254903,7.317073170731708,12.290769966523195
mid,word,10,3,13,51,41,19.607843137254903,7.317073170731708,12.290769966523195
powerhouse,word,10,3,13,51,41,19.607843137254903,7.317073170731708,12.290769966523195
setting,word,10,3,13,51,41,19.607843137254903,7.317073170731708,12.290769966523195
stock at,phrase,10,3,13,51,41,19.607843137254903,7.317073170731708,12.290769966523195
with nvidia,phrase,46,32,78,51,41,90.19607843137256,78.04878048780488,12.14729794356767
agreement,word,31,20,51,51,41,60.78431372549019,48.78048780487805,12.003825920612144
already,word,31,20,51,51,41,60.78431372549019,48.78048780487805,12.003825920612144
edge,word,31,20,51,51,41,60.78431372549019,48.78048780487805,12.003825920612144
take,word,31,20,51,51,41,60.78431372549019,48.78048780487805,12.003825920612144
jumped,word,26,16,42,51,41,50.98039215686274,39.02439024390244,11.956001912960302
returns,word,26,16,42,51,41,50.98039215686274,39.02439024390244,11.956001912960302
total,word,26,16,42,51,41,50.98039215686274,39.02439024390244,11.956001912960302
accelerated,word,21,12,33,51,41,41.1764705882353,29.26829268292683,11.908177905308465
raising,word,21,12,33,51,41,41.1764705882353,29.26829268292683,11.908177905308465
catalysts,word,16,8,24,51,41,31.372549019607842,19.51219512195122,11.860353897656623
trillion dollar,phrase,16,8,24,51,41,31.372549019607842,19.51219512195122,11.860353897656623
accelerated computing,phrase,11,4,15,51,41,21.568627450980394,9.75609756097561,11.812529890004782
alphabet nasdaq,phrase,11,4,15,51,41,21.568627450980394,9.75609756097561,11.812529890004782
cloud growth,phrase,11,4,15,51,41,21.568627450980394,9.75609756097561,11.812529890004782
dominance in,phrase,11,4,15,51,41,21.568627450980394,9.75609756097561,11.812529890004782
earth,word,11,4,15,51,41,21.568627450980394,9.75609756097561,11.812529890004782
hundreds,word,11,4,15,51,41,21.568627450980394,9.75609756097561,11.812529890004782
hundreds of,phrase,11,4,15,51,41,21.568627450980394,9.75609756097561,11.812529890004782
left,word,11,4,15,51,41,21.568627450980394,9.75609756097561,11.812529890004782
nvidia the,phrase,11,4,15,51,41,21.568627450980394,9.75609756097561,11.812529890004782
pipeline,word,11,4,15,51,41,21.568627450980394,9.75609756097561,11.812529890004782
starting to,phrase,11,4,15,51,41,21.568627450980394,9.75609756097561,11.812529890004782
stock just,phrase,11,4,15,51,41,21.568627450980394,9.75609756097561,11.812529890004782
ai strategy,phrase,6,0,6,51,41,11.764705882352942,0.0,11.76470588235294
amazon has,phrase,6,0,6,51,41,11.764705882352942,0.0,11.76470588235294
and bullish,phrase,6,0,6,51,41,11.764705882352942,0.0,11.76470588235294
and hbm,phrase,6,0,6,51,41,11.764705882352942,0.0,11.76470588235294
announcement of,phrase,6,0,6,51,41,11.764705882352942,0.0,11.76470588235294
companies will,phrase,6,0,6,51,41,11.764705882352942,0.0,11.76470588235294
continuing to,phrase,6,0,6,51,41,11.764705882352942,0.0,11.76470588235294
deal in,phrase,6,0,6,51,41,11.764705882352942,0.0,11.76470588235294
essentially,word,6,0,6,51,41,11.764705882352942,0.0,11.76470588235294
fold,word,6,0,6,51,41,11.764705882352942,0.0,11.76470588235294
from bitcoin,phrase,6,0,6,51,41,11.764705882352942,0.0,11.76470588235294
join the,phrase,6,0,6,51,41,11.764705882352942,0.0,11.76470588235294
million at,phrase,6,0,6,51,41,11.764705882352942,0.0,11.76470588235294
not get,phrase,6,0,6,51,41,11.764705882352942,0.0,11.76470588235294
of intel,phrase,6,0,6,51,41,11.764705882352942,0.0,11.76470588235294
platforms nasdaq,phrase,6,0,6,51,41,11.764705882352942,0.0,11.76470588235294
read here,phrase,6,0,6,51,41,11.764705882352942,0.0,11.76470588235294
site,word,6,0,6,51,41,11.764705882352942,0.0,11.76470588235294
sold nvidia,phrase,6,0,6,51,41,11.764705882352942,0.0,11.76470588235294
the total,phrase,6,0,6,51,41,11.764705882352942,0.0,11.76470588235294
threaten,word,6,0,6,51,41,11.764705882352942,0.0,11.76470588235294
two weeks,phrase,6,0,6,51,41,11.764705882352942,0.0,11.76470588235294
gpus,word,42,29,71,51,41,82.3529411764706,70.73170731707317,11.621233859397417
upside,word,37,25,62,51,41,72.54901960784314,60.97560975609756,11.573409851745575
the past,phrase,32,21,53,51,41,62.745098039215684,51.21951219512195,11.525585844093733
world,word,32,21,53,51,41,62.745098039215684,51.21951219512195,11.525585844093733
designed,word,27,17,44,51,41,52.94117647058823,41.46341463414634,11.477761836441896
arm,word,22,13,35,51,41,43.13725490196079,31.70731707317073,11.429937828790054
bets,word,22,13,35,51,41,43.13725490196079,31.70731707317073,11.429937828790054
dollars,word,22,13,35,51,41,43.13725490196079,31.70731707317073,11.429937828790054
the world,phrase,22,13,35,51,41,43.13725490196079,31.70731707317073,11.429937828790054
accelerator,word,17,9,26,51,41,33.333333333333336,21.951219512195124,11.38211382113821
agreement with,phrase,17,9,26,51,41,33.333333333333336,21.951219512195124,11.38211382113821
huang said,phrase,17,9,26,51,41,33.333333333333336,21.951219512195124,11.38211382113821
sale,word,17,9,26,51,41,33.333333333333336,21.951219512195124,11.38211382113821
ai accelerator,phrase,12,5,17,51,41,23.529411764705884,12.195121951219512,11.33428981348637
be worth,phrase,12,5,17,51,41,23.529411764705884,12.195121951219512,11.33428981348637
cheap,word,12,5,17,51,41,23.529411764705884,12.195121951219512,11.33428981348637
cutting edge,phrase,12,5,17,51,41,23.529411764705884,12.195121951219512,11.33428981348637
drug,word,12,5,17,51,41,23.529411764705884,12.195121951219512,11.33428981348637
jensen huang's,phrase,12,5,17,51,41,23.529411764705884,12.195121951219512,11.33428981348637
strategic partnership,phrase,12,5,17,51,41,23.529411764705884,12.195121951219512,11.33428981348637
tight,word,12,5,17,51,41,23.529411764705884,12.195121951219512,11.33428981348637
across its,phrase,7,1,8,51,41,13.72549019607843,2.4390243902439024,11.286465805834531
after ai,phrase,7,1,8,51,41,13.72549019607843,2.4390243902439024,11.286465805834531
alliances,word,7,1,8,51,41,13.72549019607843,2.4390243902439024,11.286465805834531
are falling,phrase,7,1,8,51,41,13.72549019607843,2.4390243902439024,11.286465805834531
bad news,phrase,7,1,8,51,41,13.72549019607843,2.4390243902439024,11.286465805834531
breakthrough,word,7,1,8,51,41,13.72549019607843,2.4390243902439024,11.286465805834531
fab,word,7,1,8,51,41,13.72549019607843,2.4390243902439024,11.286465805834531
google nvidia,phrase,7,1,8,51,41,13.72549019607843,2.4390243902439024,11.286465805834531
group of,phrase,7,1,8,51,41,13.72549019607843,2.4390243902439024,11.286465805834531
has taken,phrase,7,1,8,51,41,13.72549019607843,2.4390243902439024,11.286465805834531
joint,word,7,1,8,51,41,13.72549019607843,2.4390243902439024,11.286465805834531
missed nvidia,phrase,7,1,8,51,41,13.72549019607843,2.4390243902439024,11.286465805834531
nvidia expands,phrase,7,1,8,51,41,13.72549019607843,2.4390243902439024,11.286465805834531
on top,phrase,7,1,8,51,41,13.72549019607843,2.4390243902439024,11.286465805834531
parent alphabet,phrase,7,1,8,51,41,13.72549019607843,2.4390243902439024,11.286465805834531
rides on,phrase,7,1,8,51,41,13.72549019607843,2.4390243902439024,11.286465805834531
stakes in,phrase,7,1,8,51,41,13.72549019607843,2.4390243902439024,11.286465805834531
suite,word,7,1,8,51,41,13.72549019607843,2.4390243902439024,11.286465805834531
technology company,phrase,7,1,8,51,41,13.72549019607843,2.4390243902439024,11.286465805834531
technology nasdaq,phrase,7,1,8,51,41,13.72549019607843,2.4390243902439024,11.286465805834531
the hottest,phrase,7,1,8,51,41,13.72549019607843,2.4390243902439024,11.286465805834531
thursday as,phrase,7,1,8,51,41,13.72549019607843,2.4390243902439024,11.286465805834531
data centers,phrase,43,30,73,51,41,84.31372549019608,73.17073170731707,11.142993782879007
as nvidia,phrase,38,26,64,51,41,74.50980392156863,63.41463414634146,11.095169775227165
ai workloads,phrase,23,14,37,51,41,45.09803921568628,34.146341463414636,10.951697752271638
nvidia chips,phrase,23,14,37,51,41,45.09803921568628,34.146341463414636,10.951697752271638
after nvidia,phrase,18,10,28,51,41,35.294117647058826,24.390243902439025,10.903873744619801
parent,word,18,10,28,51,41,35.294117647058826,24.390243902439025,10.903873744619801
street's,word,18,10,28,51,41,35.294117647058826,24.390243902439025,10.903873744619801
to use,phrase,18,10,28,51,41,35.294117647058826,24.390243902439025,10.903873744619801
wall street's,phrase,18,10,28,51,41,35.294117647058826,24.390243902439025,10.903873744619801
ai inference,phrase,13,6,19,51,41,25.49019607843137,14.634146341463415,10.856049736967957
behind the,phrase,13,6,19,51,41,25.49019607843137,14.634146341463415,10.856049736967957
nvidia blackwell,phrase,13,6,19,51,41,25.49019607843137,14.634146341463415,10.856049736967957
shared,word,13,6,19,51,41,25.49019607843137,14.634146341463415,10.856049736967957
talk,word,13,6,19,51,41,25.49019607843137,14.634146341463415,10.856049736967957
with meta,phrase,13,6,19,51,41,25.49019607843137,14.634146341463415,10.856049736967957
alone,word,8,2,10,51,41,15.686274509803921,4.878048780487805,10.808225729316117
amazon nasdaq,phrase,8,2,10,51,41,15.686274509803921,4.878048780487805,10.808225729316117
are today's,phrase,8,2,10,51,41,15.686274509803921,4.878048780487805,10.808225729316117
blackwell gpus,phrase,8,2,10,51,41,15.686274509803921,4.878048780487805,10.808225729316117
enabled,word,8,2,10,51,41,15.686274509803921,4.878048780487805,10.808225729316117
entering,word,8,2,10,51,41,15.686274509803921,4.878048780487805,10.808225729316117
google parent,phrase,8,2,10,51,41,15.686274509803921,4.878048780487805,10.808225729316117
huang is,phrase,8,2,10,51,41,15.686274509803921,4.878048780487805,10.808225729316117
jinping,word,8,2,10,51,41,15.686274509803921,4.878048780487805,10.808225729316117
keep up,phrase,8,2,10,51,41,15.686274509803921,4.878048780487805,10.808225729316117
modest,word,8,2,10,51,41,15.686274509803921,4.878048780487805,10.808225729316117
reliance on,phrase,8,2,10,51,41,15.686274509803921,4.878048780487805,10.808225729316117
santa,word,8,2,10,51,41,15.686274509803921,4.878048780487805,10.808225729316117
size,word,8,2,10,51,41,15.686274509803921,4.878048780487805,10.808225729316117
supply constraints,phrase,8,2,10,51,41,15.686274509803921,4.878048780487805,10.808225729316117
today's movers,phrase,8,2,10,51,41,15.686274509803921,4.878048780487805,10.808225729316117
xi,word,8,2,10,51,41,15.686274509803921,4.878048780487805,10.808225729316117
xi jinping,phrase,8,2,10,51,41,15.686274509803921,4.878048780487805,10.808225729316117
share,word,44,31,75,51,41,86.27450980392157,75.60975609756098,10.664753706360596
ai data,phrase,39,27,66,51,41,76.47058823529412,65.85365853658537,10.616929698708743
rally,word,39,27,66,51,41,76.47058823529412,65.85365853658537,10.616929698708743
stocks are,phrase,29,19,48,51,41,56.86274509803921,46.34146341463415,10.521281683405064
why nvidia,phrase,29,19,48,51,41,56.86274509803921,46.34146341463415,10.521281683405064
near,word,24,15,39,51,41,47.05882352941177,36.58536585365854,10.473457675753227
added,word,19,11,30,51,41,37.254901960784316,26.829268292682926,10.425633668101387
applications,word,19,11,30,51,41,37.254901960784316,26.829268292682926,10.425633668101387
control,word,19,11,30,51,41,37.254901960784316,26.829268292682926,10.425633668101387
stack,word,19,11,30,51,41,37.254901960784316,26.829268292682926,10.425633668101387
tools,word,19,11,30,51,41,37.254901960784316,26.829268292682926,10.425633668101387
worries,word,19,11,30,51,41,37.254901960784316,26.829268292682926,10.425633668101387
as demand,phrase,14,7,21,51,41,27.45098039215686,17.073170731707318,10.377809660449547
breakout,word,14,7,21,51,41,27.45098039215686,17.073170731707318,10.377809660449547
chips are,phrase,14,7,21,51,41,27.45098039215686,17.073170731707318,10.377809660449547
discover why,phrase,14,7,21,51,41,27.45098039215686,17.073170731707318,10.377809660449547
gigawatt,word,14,7,21,51,41,27.45098039215686,17.073170731707318,10.377809660449547
goldman,word,14,7,21,51,41,27.45098039215686,17.073170731707318,10.377809660449547
goldman sachs,phrase,14,7,21,51,41,27.45098039215686,17.073170731707318,10.377809660449547
hbm4,word,14,7,21,51,41,27.45098039215686,17.073170731707318,10.377809660449547
sachs,word,14,7,21,51,41,27.45098039215686,17.073170731707318,10.377809660449547
ai expansion,phrase,9,3,12,51,41,17.647058823529413,7.317073170731708,10.329985652797706
and networking,phrase,9,3,12,51,41,17.647058823529413,7.317073170731708,10.329985652797706
bets on,phrase,9,3,12,51,41,17.647058823529413,7.317073170731708,10.329985652797706
capacity for,phrase,9,3,12,51,41,17.647058823529413,7.317073170731708,10.329985652797706
custom chip,phrase,9,3,12,51,41,17.647058823529413,7.317073170731708,10.329985652797706
microsoft nasdaq,phrase,9,3,12,51,41,17.647058823529413,7.317073170731708,10.329985652797706
nvidia google,phrase,9,3,12,51,41,17.647058823529413,7.317073170731708,10.329985652797706
of stocks,phrase,9,3,12,51,41,17.647058823529413,7.317073170731708,10.329985652797706
overblown,word,9,3,12,51,41,17.647058823529413,7.317073170731708,10.329985652797706
pop,word,9,3,12,51,41,17.647058823529413,7.317073170731708,10.329985652797706
talked,word,9,3,12,51,41,17.647058823529413,7.317073170731708,10.329985652797706
talking,word,9,3,12,51,41,17.647058823529413,7.317073170731708,10.329985652797706
the financial,phrase,9,3,12,51,41,17.647058823529413,7.317073170731708,10.329985652797706
to record,phrase,9,3,12,51,41,17.647058823529413,7.317073170731708,10.329985652797706
trading higher,phrase,9,3,12,51,41,17.647058823529413,7.317073170731708,10.329985652797706
wall street,phrase,45,32,77,51,41,88.23529411764706,78.04878048780488,10.186513629842175
based,word,40,28,68,51,41,78.43137254901961,68.29268292682927,10.138689622190334
giant,word,40,28,68,51,41,78.43137254901961,68.29268292682927,10.138689622190334
provider,word,25,16,41,51,41,49.01960784313726,39.02439024390244,9.995217599234813
stake,word,25,16,41,51,41,49.01960784313726,39.02439024390244,9.995217599234813
competitive,word,20,12,32,51,41,39.21568627450981,29.26829268292683,9.947393591582976
level,word,20,12,32,51,41,39.21568627450981,29.26829268292683,9.947393591582976
quantum,word,20,12,32,51,41,39.21568627450981,29.26829268292683,9.947393591582976
and others,phrase,15,8,23,51,41,29.41176470588235,19.51219512195122,9.899569583931134
create,word,15,8,23,51,41,29.41176470588235,19.51219512195122,9.899569583931134
cycle,word,15,8,23,51,41,29.41176470588235,19.51219512195122,9.899569583931134
inside,word,15,8,23,51,41,29.41176470588235,19.51219512195122,9.899569583931134
not be,phrase,15,8,23,51,41,29.41176470588235,19.51219512195122,9.899569583931134
bear,word,10,4,14,51,41,19.607843137254903,9.75609756097561,9.851745576279292
centers in,phrase,10,4,14,51,41,19.607843137254903,9.75609756097561,9.851745576279292
chips the,phrase,10,4,14,51,41,19.607843137254903,9.75609756097561,9.851745576279292
corporate,word,10,4,14,51,41,19.607843137254903,9.75609756097561,9.851745576279292
direct,word,10,4,14,51,41,19.607843137254903,9.75609756097561,9.851745576279292
fast growing,phrase,10,4,14,51,41,19.607843137254903,9.75609756097561,9.851745576279292
general,word,10,4,14,51,41,19.607843137254903,9.75609756097561,9.851745576279292
growth stocks,phrase,10,4,14,51,41,19.607843137254903,9.75609756097561,9.851745576279292
has not,phrase,10,4,14,51,41,19.607843137254903,9.75609756097561,9.851745576279292
just got,phrase,10,4,14,51,41,19.607843137254903,9.75609756097561,9.851745576279292
liquid,word,10,4,14,51,41,19.607843137254903,9.75609756097561,9.851745576279292
managing,word,10,4,14,51,41,19.607843137254903,9.75609756097561,9.851745576279292
pricing power,phrase,10,4,14,51,41,19.607843137254903,9.75609756097561,9.851745576279292
report from,phrase,10,4,14,51,41,19.607843137254903,9.75609756097561,9.851745576279292
safety,word,10,4,14,51,41,19.607843137254903,9.75609756097561,9.851745576279292
stated,word,10,4,14,51,41,19.607843137254903,9.75609756097561,9.851745576279292
taiwan's,word,10,4,14,51,41,19.607843137254903,9.75609756097561,9.851745576279292
the case,phrase,10,4,14,51,41,19.607843137254903,9.75609756097561,9.851745576279292
the final,phrase,10,4,14,51,41,19.607843137254903,9.75609756097561,9.851745576279292
told reuters,phrase,10,4,14,51,41,19.607843137254903,9.75609756097561,9.851745576279292
turns,word,10,4,14,51,41,19.607843137254903,9.75609756097561,9.851745576279292
accelerator market,phrase,5,0,5,51,41,9.803921568627452,0.0,9.803921568627452
alphaton,word,5,0,5,51,41,9.803921568627452,0.0,9.803921568627452
alphaton capital,phrase,5,0,5,51,41,9.803921568627452,0.0,9.803921568627452
alto networks,phrase,5,0,5,51,41,9.803921568627452,0.0,9.803921568627452
and arm,phrase,5,0,5,51,41,9.803921568627452,0.0,9.803921568627452
and defense,phrase,5,0,5,51,41,9.803921568627452,0.0,9.803921568627452
anyone,word,5,0,5,51,41,9.803921568627452,0.0,9.803921568627452
back of,phrase,5,0,5,51,41,9.803921568627452,0.0,9.803921568627452
bear market,phrase,5,0,5,51,41,9.803921568627452,0.0,9.803921568627452
capable of,phrase,5,0,5,51,41,9.803921568627452,0.0,9.803921568627452
center boom,phrase,5,0,5,51,41,9.803921568627452,0.0,9.803921568627452
company lost,phrase,5,0,5,51,41,9.803921568627452,0.0,9.803921568627452
compare,word,5,0,5,51,41,9.803921568627452,0.0,9.803921568627452
components for,phrase,5,0,5,51,41,9.803921568627452,0.0,9.803921568627452
computing chips,phrase,5,0,5,51,41,9.803921568627452,0.0,9.803921568627452
david tepper,phrase,5,0,5,51,41,9.803921568627452,0.0,9.803921568627452
deepwater,word,5,0,5,51,41,9.803921568627452,0.0,9.803921568627452
deepwater asset,phrase,5,0,5,51,41,9.803921568627452,0.0,9.803921568627452
defend,word,5,0,5,51,41,9.803921568627452,0.0,9.803921568627452
detection,word,5,0,5,51,41,9.803921568627452,0.0,9.803921568627452
digital twin,phrase,5,0,5,51,41,9.803921568627452,0.0,9.803921568627452
drive the,phrase,5,0,5,51,41,9.803921568627452,0.0,9.803921568627452
faster and,phrase,5,0,5,51,41,9.803921568627452,0.0,9.803921568627452
feeling,word,5,0,5,51,41,9.803921568627452,0.0,9.803921568627452
for leading,phrase,5,0,5,51,41,9.803921568627452,0.0,9.803921568627452
for meta's,phrase,5,0,5,51,41,9.803921568627452,0.0,9.803921568627452
higher and,phrase,5,0,5,51,41,9.803921568627452,0.0,9.803921568627452
industrial automation,phrase,5,0,5,51,41,9.803921568627452,0.0,9.803921568627452
inflation data,phrase,5,0,5,51,41,9.803921568627452,0.0,9.803921568627452
infleqtion,word,5,0,5,51,41,9.803921568627452,0.0,9.803921568627452
its shift,phrase,5,0,5,51,41,9.803921568627452,0.0,9.803921568627452
jumped after,phrase,5,0,5,51,41,9.803921568627452,0.0,9.803921568627452
like google,phrase,5,0,5,51,41,9.803921568627452,0.0,9.803921568627452
loads,word,5,0,5,51,41,9.803921568627452,0.0,9.803921568627452
malaysia,word,5,0,5,51,41,9.803921568627452,0.0,9.803921568627452
managing partner,phrase,5,0,5,51,41,9.803921568627452,0.0,9.803921568627452
map,word,5,0,5,51,41,9.803921568627452,0.0,9.803921568627452
namely,word,5,0,5,51,41,9.803921568627452,0.0,9.803921568627452
nvidia softbank,phrase,5,0,5,51,41,9.803921568627452,0.0,9.803921568627452
of quantum,phrase,5,0,5,51,41,9.803921568627452,0.0,9.803921568627452
outperformance,word,5,0,5,51,41,9.803921568627452,0.0,9.803921568627452
point to,phrase,5,0,5,51,41,9.803921568627452,0.0,9.803921568627452
popped,word,5,0,5,51,41,9.803921568627452,0.0,9.803921568627452
sectors and,phrase,5,0,5,51,41,9.803921568627452,0.0,9.803921568627452
shares trade,phrase,5,0,5,51,41,9.803921568627452,0.0,9.803921568627452
shocking,word,5,0,5,51,41,9.803921568627452,0.0,9.803921568627452
should nvidia,phrase,5,0,5,51,41,9.803921568627452,0.0,9.803921568627452
slumps,word,5,0,5,51,41,9.803921568627452,0.0,9.803921568627452
smci shares,phrase,5,0,5,51,41,9.803921568627452,0.0,9.803921568627452
staff,word,5,0,5,51,41,9.803921568627452,0.0,9.803921568627452
strength and,phrase,5,0,5,51,41,9.803921568627452,0.0,9.803921568627452
striking,word,5,0,5,51,41,9.803921568627452,0.0,9.803921568627452
suite of,phrase,5,0,5,51,41,9.803921568627452,0.0,9.803921568627452
taiwan's tsmc,phrase,5,0,5,51,41,9.803921568627452,0.0,9.803921568627452
tepper,word,5,0,5,51,41,9.803921568627452,0.0,9.803921568627452
tsmc is,phrase,5,0,5,51,41,9.803921568627452,0.0,9.803921568627452
viral,word,5,0,5,51,41,9.803921568627452,0.0,9.803921568627452
with tsmc,phrase,5,0,5,51,41,9.803921568627452,0.0,9.803921568627452
you follow,phrase,5,0,5,51,41,9.803921568627452,0.0,9.803921568627452
inc,word,46,33,79,51,41,90.19607843137256,80.48780487804878,9.708273553323766
wall,word,46,33,79,51,41,90.19607843137256,80.48780487804878,9.708273553323766
platforms,word,41,29,70,51,41,80.3921568627451,70.73170731707317,9.660449545671934
moving,word,36,25,61,51,41,70.58823529411765,60.97560975609756,9.612625538020092
micron technology,phrase,31,21,52,51,41,60.78431372549019,51.21951219512195,9.56480153036824
chips and,phrase,26,17,43,51,41,50.98039215686274,41.46341463414634,9.516977522716402
round,word,26,17,43,51,41,50.98039215686274,41.46341463414634,9.516977522716402
session,word,26,17,43,51,41,50.98039215686274,41.46341463414634,9.516977522716402
to support,phrase,26,17,43,51,41,50.98039215686274,41.46341463414634,9.516977522716402
challenge,word,21,13,34,51,41,41.1764705882353,31.70731707317073,9.46915351506456
closed,word,21,13,34,51,41,41.1764705882353,31.70731707317073,9.46915351506456
servers,word,21,13,34,51,41,41.1764705882353,31.70731707317073,9.46915351506456
working,word,21,13,34,51,41,41.1764705882353,31.70731707317073,9.46915351506456
cpus,word,16,9,25,51,41,31.372549019607842,21.951219512195124,9.42132950741272
devices amd,phrase,16,9,25,51,41,31.372549019607842,21.951219512195124,9.42132950741272
memory chips,phrase,16,9,25,51,41,31.372549019607842,21.951219512195124,9.42132950741272
quantum computing,phrase,16,9,25,51,41,31.372549019607842,21.951219512195124,9.42132950741272
service,word,16,9,25,51,41,31.372549019607842,21.951219512195124,9.42132950741272
there's,word,16,9,25,51,41,31.372549019607842,21.951219512195124,9.42132950741272
times,word,16,9,25,51,41,31.372549019607842,21.951219512195124,9.42132950741272
turned,word,16,9,25,51,41,31.372549019607842,21.951219512195124,9.42132950741272
ai investments,phrase,11,5,16,51,41,21.568627450980394,12.195121951219512,9.373505499760881
and rising,phrase,11,5,16,51,41,21.568627450980394,12.195121951219512,9.373505499760881
are trading,phrase,11,5,16,51,41,21.568627450980394,12.195121951219512,9.373505499760881
beginning,word,11,5,16,51,41,21.568627450980394,12.195121951219512,9.373505499760881
better than,phrase,11,5,16,51,41,21.568627450980394,12.195121951219512,9.373505499760881
chips that,phrase,11,5,16,51,41,21.568627450980394,12.195121951219512,9.373505499760881
compared to,phrase,11,5,16,51,41,21.568627450980394,12.195121951219512,9.373505499760881
gpus to,phrase,11,5,16,51,41,21.568627450980394,12.195121951219512,9.373505499760881
groq,word,11,5,16,51,41,21.568627450980394,12.195121951219512,9.373505499760881
international,word,11,5,16,51,41,21.568627450980394,12.195121951219512,9.373505499760881
jim cramer's,phrase,11,5,16,51,41,21.568627450980394,12.195121951219512,9.373505499760881
problem,word,11,5,16,51,41,21.568627450980394,12.195121951219512,9.373505499760881
so called,phrase,11,5,16,51,41,21.568627450980394,12.195121951219512,9.373505499760881
stands,word,11,5,16,51,41,21.568627450980394,12.195121951219512,9.373505499760881
systems and,phrase,11,5,16,51,41,21.568627450980394,12.195121951219512,9.373505499760881
the shares,phrase,11,5,16,51,41,21.568627450980394,12.195121951219512,9.373505499760881
the week,phrase,11,5,16,51,41,21.568627450980394,12.195121951219512,9.373505499760881
tie,word,11,5,16,51,41,21.568627450980394,12.195121951219512,9.373505499760881
after ceo,phrase,6,1,7,51,41,11.764705882352942,2.4390243902439024,9.32568149210904
agrees,word,6,1,7,51,41,11.764705882352942,2.4390243902439024,9.32568149210904
ai powerhouse,phrase,6,1,7,51,41,11.764705882352942,2.4390243902439024,9.32568149210904
amd in,phrase,6,1,7,51,41,11.764705882352942,2.4390243902439024,9.32568149210904
and server,phrase,6,1,7,51,41,11.764705882352942,2.4390243902439024,9.32568149210904
are getting,phrase,6,1,7,51,41,11.764705882352942,2.4390243902439024,9.32568149210904
are leading,phrase,6,1,7,51,41,11.764705882352942,2.4390243902439024,9.32568149210904
arrives,word,6,1,7,51,41,11.764705882352942,2.4390243902439024,9.32568149210904
as china,phrase,6,1,7,51,41,11.764705882352942,2.4390243902439024,9.32568149210904
b200,word,6,1,7,51,41,11.764705882352942,2.4390243902439024,9.32568149210904
building ai,phrase,6,1,7,51,41,11.764705882352942,2.4390243902439024,9.32568149210904
bull market,phrase,6,1,7,51,41,11.764705882352942,2.4390243902439024,9.32568149210904
celestica,word,6,1,7,51,41,11.764705882352942,2.4390243902439024,9.32568149210904
coding,word,6,1,7,51,41,11.764705882352942,2.4390243902439024,9.32568149210904
com's,word,6,1,7,51,41,11.764705882352942,2.4390243902439024,9.32568149210904
commits,word,6,1,7,51,41,11.764705882352942,2.4390243902439024,9.32568149210904
connect,word,6,1,7,51,41,11.764705882352942,2.4390243902439024,9.32568149210904
coreweave's,word,6,1,7,51,41,11.764705882352942,2.4390243902439024,9.32568149210904
day of,phrase,6,1,7,51,41,11.764705882352942,2.4390243902439024,9.32568149210904
dram and,phrase,6,1,7,51,41,11.764705882352942,2.4390243902439024,9.32568149210904
else,word,6,1,7,51,41,11.764705882352942,2.4390243902439024,9.32568149210904
emerging as,phrase,6,1,7,51,41,11.764705882352942,2.4390243902439024,9.32568149210904
family of,phrase,6,1,7,51,41,11.764705882352942,2.4390243902439024,9.32568149210904
final trades,phrase,6,1,7,51,41,11.764705882352942,2.4390243902439024,9.32568149210904
finished,word,6,1,7,51,41,11.764705882352942,2.4390243902439024,9.32568149210904
firm is,phrase,6,1,7,51,41,11.764705882352942,2.4390243902439024,9.32568149210904
flows,word,6,1,7,51,41,11.764705882352942,2.4390243902439024,9.32568149210904
happened,word,6,1,7,51,41,11.764705882352942,2.4390243902439024,9.32568149210904
initially,word,6,1,7,51,41,11.764705882352942,2.4390243902439024,9.32568149210904
investor focus,phrase,6,1,7,51,41,11.764705882352942,2.4390243902439024,9.32568149210904
involving,word,6,1,7,51,41,11.764705882352942,2.4390243902439024,9.32568149210904
is bullish,phrase,6,1,7,51,41,11.764705882352942,2.4390243902439024,9.32568149210904
is really,phrase,6,1,7,51,41,11.764705882352942,2.4390243902439024,9.32568149210904
logistics,word,6,1,7,51,41,11.764705882352942,2.4390243902439024,9.32568149210904
lower valuation,phrase,6,1,7,51,41,11.764705882352942,2.4390243902439024,9.32568149210904
memory demand,phrase,6,1,7,51,41,11.764705882352942,2.4390243902439024,9.32568149210904
million to,phrase,6,1,7,51,41,11.764705882352942,2.4390243902439024,9.32568149210904
names like,phrase,6,1,7,51,41,11.764705882352942,2.4390243902439024,9.32568149210904
nancy,word,6,1,7,51,41,11.764705882352942,2.4390243902439024,9.32568149210904
neutral,word,6,1,7,51,41,11.764705882352942,2.4390243902439024,9.32568149210904
optical components,phrase,6,1,7,51,41,11.764705882352942,2.4390243902439024,9.32568149210904
outpace,word,6,1,7,51,41,11.764705882352942,2.4390243902439024,9.32568149210904
partners and,phrase,6,1,7,51,41,11.764705882352942,2.4390243902439024,9.32568149210904
planet,word,6,1,7,51,41,11.764705882352942,2.4390243902439024,9.32568149210904
pouring,word,6,1,7,51,41,11.764705882352942,2.4390243902439024,9.32568149210904
predict,word,6,1,7,51,41,11.764705882352942,2.4390243902439024,9.32568149210904
rad,word,6,1,7,51,41,11.764705882352942,2.4390243902439024,9.32568149210904
rad intel,phrase,6,1,7,51,41,11.764705882352942,2.4390243902439024,9.32568149210904
rare earth,phrase,6,1,7,51,41,11.764705882352942,2.4390243902439024,9.32568149210904
round was,phrase,6,1,7,51,41,11.764705882352942,2.4390243902439024,9.32568149210904
seven stock,phrase,6,1,7,51,41,11.764705882352942,2.4390243902439024,9.32568149210904
shares jump,phrase,6,1,7,51,41,11.764705882352942,2.4390243902439024,9.32568149210904
shortage of,phrase,6,1,7,51,41,11.764705882352942,2.4390243902439024,9.32568149210904
smarter,word,6,1,7,51,41,11.764705882352942,2.4390243902439024,9.32568149210904
softbank and,phrase,6,1,7,51,41,11.764705882352942,2.4390243902439024,9.32568149210904
spike,word,6,1,7,51,41,11.764705882352942,2.4390243902439024,9.32568149210904
style,word,6,1,7,51,41,11.764705882352942,2.4390243902439024,9.32568149210904
technology companies,phrase,6,1,7,51,41,11.764705882352942,2.4390243902439024,9.32568149210904
that power,phrase,6,1,7,51,41,11.764705882352942,2.4390243902439024,9.32568149210904
the reason,phrase,6,1,7,51,41,11.764705882352942,2.4390243902439024,9.32568149210904
this development,phrase,6,1,7,51,41,11.764705882352942,2.4390243902439024,9.32568149210904
tom,word,6,1,7,51,41,11.764705882352942,2.4390243902439024,9.32568149210904
which includes,phrase,6,1,7,51,41,11.764705882352942,2.4390243902439024,9.32568149210904
live,word,32,22,54,51,41,62.745098039215684,53.65853658536585,9.086561453849828
set to,phrase,32,22,54,51,41,62.745098039215684,53.65853658536585,9.086561453849828
shift,word,32,22,54,51,41,62.745098039215684,53.65853658536585,9.086561453849828
raises,word,27,18,45,51,41,52.94117647058823,43.90243902439025,9.038737446197992
amazon and,phrase,22,14,36,51,41,43.13725490196079,34.146341463414636,8.99091343854615
as well,phrase,17,10,27,51,41,33.333333333333336,24.390243902439025,8.943089430894307
controls,word,17,10,27,51,41,33.333333333333336,24.390243902439025,8.943089430894307
entered,word,17,10,27,51,41,33.333333333333336,24.390243902439025,8.943089430894307
join,word,17,10,27,51,41,33.333333333333336,24.390243902439025,8.943089430894307
keeps,word,17,10,27,51,41,33.333333333333336,24.390243902439025,8.943089430894307
micron's,word,17,10,27,51,41,33.333333333333336,24.390243902439025,8.943089430894307
nvidia broadcom,phrase,17,10,27,51,41,33.333333333333336,24.390243902439025,8.943089430894307
recently published,phrase,17,10,27,51,41,33.333333333333336,24.390243902439025,8.943089430894307
sovereign,word,17,10,27,51,41,33.333333333333336,24.390243902439025,8.943089430894307
amid the,phrase,12,6,18,51,41,23.529411764705884,14.634146341463415,8.895265423242469
an nvidia,phrase,12,6,18,51,41,23.529411764705884,14.634146341463415,8.895265423242469
bit,word,12,6,18,51,41,23.529411764705884,14.634146341463415,8.895265423242469
cooling,word,12,6,18,51,41,23.529411764705884,14.634146341463415,8.895265423242469
cpu,word,12,6,18,51,41,23.529411764705884,14.634146341463415,8.895265423242469
deepseek,word,12,6,18,51,41,23.529411764705884,14.634146341463415,8.895265423242469
massive ai,phrase,12,6,18,51,41,23.529411764705884,14.634146341463415,8.895265423242469
micro computer,phrase,12,6,18,51,41,23.529411764705884,14.634146341463415,8.895265423242469
real world,phrase,12,6,18,51,41,23.529411764705884,14.634146341463415,8.895265423242469
report that,phrase,12,6,18,51,41,23.529411764705884,14.634146341463415,8.895265423242469
restrictions,word,12,6,18,51,41,23.529411764705884,14.634146341463415,8.895265423242469
review,word,12,6,18,51,41,23.529411764705884,14.634146341463415,8.895265423242469
take on,phrase,12,6,18,51,41,23.529411764705884,14.634146341463415,8.895265423242469
the full,phrase,12,6,18,51,41,23.529411764705884,14.634146341463415,8.895265423242469
worried,word,12,6,18,51,41,23.529411764705884,14.634146341463415,8.895265423242469
after reports,phrase,7,2,9,51,41,13.72549019607843,4.878048780487805,8.847441415590627
ai native,phrase,7,2,9,51,41,13.72549019607843,4.878048780487805,8.847441415590627
alto,word,7,2,9,51,41,13.72549019607843,4.878048780487805,8.847441415590627
appearance,word,7,2,9,51,41,13.72549019607843,4.878048780487805,8.847441415590627
approximately,word,7,2,9,51,41,13.72549019607843,4.878048780487805,8.847441415590627
beaten,word,7,2,9,51,41,13.72549019607843,4.878048780487805,8.847441415590627
cadence,word,7,2,9,51,41,13.72549019607843,4.878048780487805,8.847441415590627
centric,word,7,2,9,51,41,13.72549019607843,4.878048780487805,8.847441415590627
challenge to,phrase,7,2,9,51,41,13.72549019607843,4.878048780487805,8.847441415590627
chip export,phrase,7,2,9,51,41,13.72549019607843,4.878048780487805,8.847441415590627
citi,word,7,2,9,51,41,13.72549019607843,4.878048780487805,8.847441415590627
close at,phrase,7,2,9,51,41,13.72549019607843,4.878048780487805,8.847441415590627
coatue,word,7,2,9,51,41,13.72549019607843,4.878048780487805,8.847441415590627
code,word,7,2,9,51,41,13.72549019607843,4.878048780487805,8.847441415590627
comes to,phrase,7,2,9,51,41,13.72549019607843,4.878048780487805,8.847441415590627
coreweave inc,phrase,7,2,9,51,41,13.72549019607843,4.878048780487805,8.847441415590627
crushed,word,7,2,9,51,41,13.72549019607843,4.878048780487805,8.847441415590627
forecasting,word,7,2,9,51,41,13.72549019607843,4.878048780487805,8.847441415590627
halftime,word,7,2,9,51,41,13.72549019607843,4.878048780487805,8.847441415590627
halftime report,phrase,7,2,9,51,41,13.72549019607843,4.878048780487805,8.847441415590627
happening,word,7,2,9,51,41,13.72549019607843,4.878048780487805,8.847441415590627
infrastructure is,phrase,7,2,9,51,41,13.72549019607843,4.878048780487805,8.847441415590627
intel stock,phrase,7,2,9,51,41,13.72549019607843,4.878048780487805,8.847441415590627
iren's,word,7,2,9,51,41,13.72549019607843,4.878048780487805,8.847441415590627
is looking,phrase,7,2,9,51,41,13.72549019607843,4.878048780487805,8.847441415590627
laid out,phrase,7,2,9,51,41,13.72549019607843,4.878048780487805,8.847441415590627
managed,word,7,2,9,51,41,13.72549019607843,4.878048780487805,8.847441415590627
market as,phrase,7,2,9,51,41,13.72549019607843,4.878048780487805,8.847441415590627
not to,phrase,7,2,9,51,41,13.72549019607843,4.878048780487805,8.847441415590627
nvda will,phrase,7,2,9,51,41,13.72549019607843,4.878048780487805,8.847441415590627
nvidia collaboration,phrase,7,2,9,51,41,13.72549019607843,4.878048780487805,8.847441415590627
optimization,word,7,2,9,51,41,13.72549019607843,4.878048780487805,8.847441415590627
overlooked,word,7,2,9,51,41,13.72549019607843,4.878048780487805,8.847441415590627
palo,word,7,2,9,51,41,13.72549019607843,4.878048780487805,8.847441415590627
palo alto,phrase,7,2,9,51,41,13.72549019607843,4.878048780487805,8.847441415590627
piece,word,7,2,9,51,41,13.72549019607843,4.878048780487805,8.847441415590627
prime,word,7,2,9,51,41,13.72549019607843,4.878048780487805,8.847441415590627
produce,word,7,2,9,51,41,13.72549019607843,4.878048780487805,8.847441415590627
pulled,word,7,2,9,51,41,13.72549019607843,4.878048780487805,8.847441415590627
report earnings,phrase,7,2,9,51,41,13.72549019607843,4.878048780487805,8.847441415590627
reports from,phrase,7,2,9,51,41,13.72549019607843,4.878048780487805,8.847441415590627
retail investors,phrase,7,2,9,51,41,13.72549019607843,4.878048780487805,8.847441415590627
software stocks,phrase,7,2,9,51,41,13.72549019607843,4.878048780487805,8.847441415590627
spectrum,word,7,2,9,51,41,13.72549019607843,4.878048780487805,8.847441415590627
standout,word,7,2,9,51,41,13.72549019607843,4.878048780487805,8.847441415590627
stock slides,phrase,7,2,9,51,41,13.72549019607843,4.878048780487805,8.847441415590627
suggesting,word,7,2,9,51,41,13.72549019607843,4.878048780487805,8.847441415590627
tech giant's,phrase,7,2,9,51,41,13.72549019607843,4.878048780487805,8.847441415590627
the rapid,phrase,7,2,9,51,41,13.72549019607843,4.878048780487805,8.847441415590627
the state,phrase,7,2,9,51,41,13.72549019607843,4.878048780487805,8.847441415590627
this new,phrase,7,2,9,51,41,13.72549019607843,4.878048780487805,8.847441415590627
to increase,phrase,7,2,9,51,41,13.72549019607843,4.878048780487805,8.847441415590627
was falling,phrase,7,2,9,51,41,13.72549019607843,4.878048780487805,8.847441415590627
won,word,7,2,9,51,41,13.72549019607843,4.878048780487805,8.847441415590627
trillion,word,43,31,74,51,41,84.31372549019608,75.60975609756098,8.703969392635102
ai driven,phrase,33,23,56,51,41,64.70588235294117,56.09756097560975,8.608321377331418
value,word,33,23,56,51,41,64.70588235294117,56.09756097560975,8.608321377331418
export,word,28,19,47,51,41,54.90196078431372,46.34146341463415,8.560497369679581
cnbc,word,23,15,38,51,41,45.09803921568628,36.58536585365854,8.512673362027739
interest,word,23,15,38,51,41,45.09803921568628,36.58536585365854,8.512673362027739
launched,word,23,15,38,51,41,45.09803921568628,36.58536585365854,8.512673362027739
ai bubble,phrase,18,11,29,51,41,35.294117647058826,26.829268292682926,8.464849354375897
alphabet and,phrase,18,11,29,51,41,35.294117647058826,26.829268292682926,8.464849354375897
costs,word,18,11,29,51,41,35.294117647058826,26.829268292682926,8.464849354375897
funds,word,18,11,29,51,41,35.294117647058826,26.829268292682926,8.464849354375897
single,word,18,11,29,51,41,35.294117647058826,26.829268292682926,8.464849354375897
ai's,word,13,7,20,51,41,25.49019607843137,17.073170731707318,8.417025346724053
aiming,word,13,7,20,51,41,25.49019607843137,17.073170731707318,8.417025346724053
especially,word,13,7,20,51,41,25.49019607843137,17.073170731707318,8.417025346724053
gigawatts of,phrase,13,7,20,51,41,25.49019607843137,17.073170731707318,8.417025346724053
intel's,word,13,7,20,51,41,25.49019607843137,17.073170731707318,8.417025346724053
invests,word,13,7,20,51,41,25.49019607843137,17.073170731707318,8.417025346724053
multiyear,word,13,7,20,51,41,25.49019607843137,17.073170731707318,8.417025346724053
network,word,13,7,20,51,41,25.49019607843137,17.073170731707318,8.417025346724053
rides,word,13,7,20,51,41,25.49019607843137,17.073170731707318,8.417025346724053
solution,word,13,7,20,51,41,25.49019607843137,17.073170731707318,8.417025346724053
street analysts,phrase,13,7,20,51,41,25.49019607843137,17.073170731707318,8.417025346724053
the trump,phrase,13,7,20,51,41,25.49019607843137,17.073170731707318,8.417025346724053
this move,phrase,13,7,20,51,41,25.49019607843137,17.073170731707318,8.417025346724053
4b,word,8,3,11,51,41,15.686274509803921,7.317073170731708,8.369201339072214
ai supply,phrase,8,3,11,51,41,15.686274509803921,7.317073170731708,8.369201339072214
applied digital,phrase,8,3,11,51,41,15.686274509803921,7.317073170731708,8.369201339072214
capital expenditure,phrase,8,3,11,51,41,15.686274509803921,7.317073170731708,8.369201339072214
course,word,8,3,11,51,41,15.686274509803921,7.317073170731708,8.369201339072214
efforts to,phrase,8,3,11,51,41,15.686274509803921,7.317073170731708,8.369201339072214
expenditure,word,8,3,11,51,41,15.686274509803921,7.317073170731708,8.369201339072214
exploring,word,8,3,11,51,41,15.686274509803921,7.317073170731708,8.369201339072214
fresh attention,phrase,8,3,11,51,41,15.686274509803921,7.317073170731708,8.369201339072214
innovative,word,8,3,11,51,41,15.686274509803921,7.317073170731708,8.369201339072214
local,word,8,3,11,51,41,15.686274509803921,7.317073170731708,8.369201339072214
meta has,phrase,8,3,11,51,41,15.686274509803921,7.317073170731708,8.369201339072214
missing,word,8,3,11,51,41,15.686274509803921,7.317073170731708,8.369201339072214
mrvl,word,8,3,11,51,41,15.686274509803921,7.317073170731708,8.369201339072214
nvidia gtc,phrase,8,3,11,51,41,15.686274509803921,7.317073170731708,8.369201339072214
owning,word,8,3,11,51,41,15.686274509803921,7.317073170731708,8.369201339072214
problems,word,8,3,11,51,41,15.686274509803921,7.317073170731708,8.369201339072214
ready to,phrase,8,3,11,51,41,15.686274509803921,7.317073170731708,8.369201339072214
seek,word,8,3,11,51,41,15.686274509803921,7.317073170731708,8.369201339072214
spark,word,8,3,11,51,41,15.686274509803921,7.317073170731708,8.369201339072214
stands out,phrase,8,3,11,51,41,15.686274509803921,7.317073170731708,8.369201339072214
stock slips,phrase,8,3,11,51,41,15.686274509803921,7.317073170731708,8.369201339072214
stuck,word,8,3,11,51,41,15.686274509803921,7.317073170731708,8.369201339072214
supports,word,8,3,11,51,41,15.686274509803921,7.317073170731708,8.369201339072214
sustainability,word,8,3,11,51,41,15.686274509803921,7.317073170731708,8.369201339072214
talking about,phrase,8,3,11,51,41,15.686274509803921,7.317073170731708,8.369201339072214
the way,phrase,8,3,11,51,41,15.686274509803921,7.317073170731708,8.369201339072214
to dominate,phrase,8,3,11,51,41,15.686274509803921,7.317073170731708,8.369201339072214
to high,phrase,8,3,11,51,41,15.686274509803921,7.317073170731708,8.369201339072214
tumbled,word,8,3,11,51,41,15.686274509803921,7.317073170731708,8.369201339072214
was led,phrase,8,3,11,51,41,15.686274509803921,7.317073170731708,8.369201339072214
week with,phrase,8,3,11,51,41,15.686274509803921,7.317073170731708,8.369201339072214
with shares,phrase,8,3,11,51,41,15.686274509803921,7.317073170731708,8.369201339072214
avgo,word,29,20,49,51,41,56.86274509803921,48.78048780487805,8.082257293161167
live coverage,phrase,29,20,49,51,41,56.86274509803921,48.78048780487805,8.082257293161167
remains,word,29,20,49,51,41,56.86274509803921,48.78048780487805,8.082257293161167
and amd,phrase,24,16,40,51,41,47.05882352941177,39.02439024390244,8.034433285509323
samsung,word,24,16,40,51,41,47.05882352941177,39.02439024390244,8.034433285509323
aimed,word,19,12,31,51,41,37.254901960784316,29.26829268292683,7.986609277857487
aimed at,phrase,19,12,31,51,41,37.254901960784316,29.26829268292683,7.986609277857487
booming,word,19,12,31,51,41,37.254901960784316,29.26829268292683,7.986609277857487
designed to,phrase,19,12,31,51,41,37.254901960784316,29.26829268292683,7.986609277857487
google and,phrase,19,12,31,51,41,37.254901960784316,29.26829268292683,7.986609277857487
win,word,19,12,31,51,41,37.254901960784316,29.26829268292683,7.986609277857487
buy the,phrase,14,8,22,51,41,27.45098039215686,19.51219512195122,7.938785270205645
exchange,word,14,8,22,51,41,27.45098039215686,19.51219512195122,7.938785270205645
in talks,phrase,14,8,22,51,41,27.45098039215686,19.51219512195122,7.938785270205645
losing,word,14,8,22,51,41,27.45098039215686,19.51219512195122,7.938785270205645
marks,word,14,8,22,51,41,27.45098039215686,19.51219512195122,7.938785270205645
not nvidia,phrase,14,8,22,51,41,27.45098039215686,19.51219512195122,7.938785270205645
of advanced,phrase,14,8,22,51,41,27.45098039215686,19.51219512195122,7.938785270205645
session after,phrase,14,8,22,51,41,27.45098039215686,19.51219512195122,7.938785270205645
strong demand,phrase,14,8,22,51,41,27.45098039215686,19.51219512195122,7.938785270205645
talks to,phrase,14,8,22,51,41,27.45098039215686,19.51219512195122,7.938785270205645
texas,word,14,8,22,51,41,27.45098039215686,19.51219512195122,7.938785270205645
the technology,phrase,14,8,22,51,41,27.45098039215686,19.51219512195122,7.938785270205645
to take,phrase,14,8,22,51,41,27.45098039215686,19.51219512195122,7.938785270205645
acquire,word,9,4,13,51,41,17.647058823529413,9.75609756097561,7.890961262553803
booming ai,phrase,9,4,13,51,41,17.647058823529413,9.75609756097561,7.890961262553803
bullish on,phrase,9,4,13,51,41,17.647058823529413,9.75609756097561,7.890961262553803
chains,word,9,4,13,51,41,17.647058823529413,9.75609756097561,7.890961262553803
challenging,word,9,4,13,51,41,17.647058823529413,9.75609756097561,7.890961262553803
companies such,phrase,9,4,13,51,41,17.647058823529413,9.75609756097561,7.890961262553803
company in,phrase,9,4,13,51,41,17.647058823529413,9.75609756097561,7.890961262553803
completed,word,9,4,13,51,41,17.647058823529413,9.75609756097561,7.890961262553803
contracts,word,9,4,13,51,41,17.647058823529413,9.75609756097561,7.890961262553803
darling,word,9,4,13,51,41,17.647058823529413,9.75609756097561,7.890961262553803
david,word,9,4,13,51,41,17.647058823529413,9.75609756097561,7.890961262553803
growth story,phrase,9,4,13,51,41,17.647058823529413,9.75609756097561,7.890961262553803
hands,word,9,4,13,51,41,17.647058823529413,9.75609756097561,7.890961262553803
higher on,phrase,9,4,13,51,41,17.647058823529413,9.75609756097561,7.890961262553803
is considering,phrase,9,4,13,51,41,17.647058823529413,9.75609756097561,7.890961262553803
less than,phrase,9,4,13,51,41,17.647058823529413,9.75609756097561,7.890961262553803
leverage,word,9,4,13,51,41,17.647058823529413,9.75609756097561,7.890961262553803
nvidia supplier,phrase,9,4,13,51,41,17.647058823529413,9.75609756097561,7.890961262553803
on report,phrase,9,4,13,51,41,17.647058823529413,9.75609756097561,7.890961262553803
optimistic,word,9,4,13,51,41,17.647058823529413,9.75609756097561,7.890961262553803
other tech,phrase,9,4,13,51,41,17.647058823529413,9.75609756097561,7.890961262553803
rare,word,9,4,13,51,41,17.647058823529413,9.75609756097561,7.890961262553803
scaling,word,9,4,13,51,41,17.647058823529413,9.75609756097561,7.890961262553803
see the,phrase,9,4,13,51,41,17.647058823529413,9.75609756097561,7.890961262553803
supply chains,phrase,9,4,13,51,41,17.647058823529413,9.75609756097561,7.890961262553803
the race,phrase,9,4,13,51,41,17.647058823529413,9.75609756097561,7.890961262553803
to acquire,phrase,9,4,13,51,41,17.647058823529413,9.75609756097561,7.890961262553803
to close,phrase,9,4,13,51,41,17.647058823529413,9.75609756097561,7.890961262553803
to enable,phrase,9,4,13,51,41,17.647058823529413,9.75609756097561,7.890961262553803
what investors,phrase,9,4,13,51,41,17.647058823529413,9.75609756097561,7.890961262553803
the company,phrase,50,37,87,51,41,98.03921568627452,90.2439024390244,7.795313247250113
tesla,word,40,29,69,51,41,78.43137254901961,70.73170731707317,7.69966523194644
market today,phrase,35,25,60,51,41,68.62745098039215,60.97560975609756,7.651841224294598
past,word,35,25,60,51,41,68.62745098039215,60.97560975609756,7.651841224294598
buying,word,30,21,51,51,41,58.8235294117647,51.21951219512195,7.604017216642756
ai cloud,phrase,25,17,42,51,41,49.01960784313726,41.46341463414634,7.556193208990914
and meta,phrase,25,17,42,51,41,49.01960784313726,41.46341463414634,7.556193208990914
building,word,25,17,42,51,41,49.01960784313726,41.46341463414634,7.556193208990914
do not,phrase,25,17,42,51,41,49.01960784313726,41.46341463414634,7.556193208990914
expected to,phrase,25,17,42,51,41,49.01960784313726,41.46341463414634,7.556193208990914
fourth,word,25,17,42,51,41,49.01960784313726,41.46341463414634,7.556193208990914
server,word,25,17,42,51,41,49.01960784313726,41.46341463414634,7.556193208990914
chipmakers,word,20,13,33,51,41,39.21568627450981,31.70731707317073,7.508369201339072
more market,phrase,20,13,33,51,41,39.21568627450981,31.70731707317073,7.508369201339072
administration,word,15,9,24,51,41,29.41176470588235,21.951219512195124,7.460545193687232
gtc,word,15,9,24,51,41,29.41176470588235,21.951219512195124,7.460545193687232
lift,word,15,9,24,51,41,29.41176470588235,21.951219512195124,7.460545193687232
streak,word,15,9,24,51,41,29.41176470588235,21.951219512195124,7.460545193687232
the investment,phrase,15,9,24,51,41,29.41176470588235,21.951219512195124,7.460545193687232
about nvidia,phrase,10,5,15,51,41,19.607843137254903,12.195121951219512,7.41272118603539
an investor,phrase,10,5,15,51,41,19.607843137254903,12.195121951219512,7.41272118603539
different,word,10,5,15,51,41,19.607843137254903,12.195121951219512,7.41272118603539
director,word,10,5,15,51,41,19.607843137254903,12.195121951219512,7.41272118603539
form,word,10,5,15,51,41,19.607843137254903,12.195121951219512,7.41272118603539
has already,phrase,10,5,15,51,41,19.607843137254903,12.195121951219512,7.41272118603539
in market,phrase,10,5,15,51,41,19.607843137254903,12.195121951219512,7.41272118603539
is shifting,phrase,10,5,15,51,41,19.607843137254903,12.195121951219512,7.41272118603539
king,word,10,5,15,51,41,19.607843137254903,12.195121951219512,7.41272118603539
leveraging,word,10,5,15,51,41,19.607843137254903,12.195121951219512,7.41272118603539
marvell technology,phrase,10,5,15,51,41,19.607843137254903,12.195121951219512,7.41272118603539
nvidia's dominance,phrase,10,5,15,51,41,19.607843137254903,12.195121951219512,7.41272118603539
platforms inc,phrase,10,5,15,51,41,19.607843137254903,12.195121951219512,7.41272118603539
reliance,word,10,5,15,51,41,19.607843137254903,12.195121951219512,7.41272118603539
sale of,phrase,10,5,15,51,41,19.607843137254903,12.195121951219512,7.41272118603539
tech sector,phrase,10,5,15,51,41,19.607843137254903,12.195121951219512,7.41272118603539
technologies inc,phrase,10,5,15,51,41,19.607843137254903,12.195121951219512,7.41272118603539
thesis,word,10,5,15,51,41,19.607843137254903,12.195121951219512,7.41272118603539
to become,phrase,10,5,15,51,41,19.607843137254903,12.195121951219512,7.41272118603539
with google,phrase,10,5,15,51,41,19.607843137254903,12.195121951219512,7.41272118603539
work with,phrase,10,5,15,51,41,19.607843137254903,12.195121951219512,7.41272118603539
worry,word,10,5,15,51,41,19.607843137254903,12.195121951219512,7.41272118603539
2nm,word,5,1,6,51,41,9.803921568627452,2.4390243902439024,7.364897178383548
agents and,phrase,5,1,6,51,41,9.803921568627452,2.4390243902439024,7.364897178383548
ai could,phrase,5,1,6,51,41,9.803921568627452,2.4390243902439024,7.364897178383548
ai investors,phrase,5,1,6,51,41,9.803921568627452,2.4390243902439024,7.364897178383548
ai system,phrase,5,1,6,51,41,9.803921568627452,2.4390243902439024,7.364897178383548
an agreement,phrase,5,1,6,51,41,9.803921568627452,2.4390243902439024,7.364897178383548
analyst calls,phrase,5,1,6,51,41,9.803921568627452,2.4390243902439024,7.364897178383548
and analysts,phrase,5,1,6,51,41,9.803921568627452,2.4390243902439024,7.364897178383548
apiece,word,5,1,6,51,41,9.803921568627452,2.4390243902439024,7.364897178383548
as key,phrase,5,1,6,51,41,9.803921568627452,2.4390243902439024,7.364897178383548
attention to,phrase,5,1,6,51,41,9.803921568627452,2.4390243902439024,7.364897178383548
availability,word,5,1,6,51,41,9.803921568627452,2.4390243902439024,7.364897178383548
beaten down,phrase,5,1,6,51,41,9.803921568627452,2.4390243902439024,7.364897178383548
bezos,word,5,1,6,51,41,9.803921568627452,2.4390243902439024,7.364897178383548
billion according,phrase,5,1,6,51,41,9.803921568627452,2.4390243902439024,7.364897178383548
blackwell ultra,phrase,5,1,6,51,41,9.803921568627452,2.4390243902439024,7.364897178383548
but one,phrase,5,1,6,51,41,9.803921568627452,2.4390243902439024,7.364897178383548
buy zone,phrase,5,1,6,51,41,9.803921568627452,2.4390243902439024,7.364897178383548
chip companies,phrase,5,1,6,51,41,9.803921568627452,2.4390243902439024,7.364897178383548
chip makers,phrase,5,1,6,51,41,9.803921568627452,2.4390243902439024,7.364897178383548
collaboration focuses,phrase,5,1,6,51,41,9.803921568627452,2.4390243902439024,7.364897178383548
company today,phrase,5,1,6,51,41,9.803921568627452,2.4390243902439024,7.364897178383548
concerns as,phrase,5,1,6,51,41,9.803921568627452,2.4390243902439024,7.364897178383548
costs and,phrase,5,1,6,51,41,9.803921568627452,2.4390243902439024,7.364897178383548
could outperform,phrase,5,1,6,51,41,9.803921568627452,2.4390243902439024,7.364897178383548
deepening its,phrase,5,1,6,51,41,9.803921568627452,2.4390243902439024,7.364897178383548
dived,word,5,1,6,51,41,9.803921568627452,2.4390243902439024,7.364897178383548
drag,word,5,1,6,51,41,9.803921568627452,2.4390243902439024,7.364897178383548
driving the,phrase,5,1,6,51,41,9.803921568627452,2.4390243902439024,7.364897178383548
even though,phrase,5,1,6,51,41,9.803921568627452,2.4390243902439024,7.364897178383548
everything from,phrase,5,1,6,51,41,9.803921568627452,2.4390243902439024,7.364897178383548
exxon,word,5,1,6,51,41,9.803921568627452,2.4390243902439024,7.364897178383548
fabric,word,5,1,6,51,41,9.803921568627452,2.4390243902439024,7.364897178383548
fears that,phrase,5,1,6,51,41,9.803921568627452,2.4390243902439024,7.364897178383548
fell in,phrase,5,1,6,51,41,9.803921568627452,2.4390243902439024,7.364897178383548
following reports,phrase,5,1,6,51,41,9.803921568627452,2.4390243902439024,7.364897178383548
formed,word,5,1,6,51,41,9.803921568627452,2.4390243902439024,7.364897178383548
founded in,phrase,5,1,6,51,41,9.803921568627452,2.4390243902439024,7.364897178383548
goog nasdaq,phrase,5,1,6,51,41,9.803921568627452,2.4390243902439024,7.364897178383548
hints,word,5,1,6,51,41,9.803921568627452,2.4390243902439024,7.364897178383548
in large,phrase,5,1,6,51,41,9.803921568627452,2.4390243902439024,7.364897178383548
in real,phrase,5,1,6,51,41,9.803921568627452,2.4390243902439024,7.364897178383548
index dropped,phrase,5,1,6,51,41,9.803921568627452,2.4390243902439024,7.364897178383548
inference and,phrase,5,1,6,51,41,9.803921568627452,2.4390243902439024,7.364897178383548
infrastructure play,phrase,5,1,6,51,41,9.803921568627452,2.4390243902439024,7.364897178383548
input,word,5,1,6,51,41,9.803921568627452,2.4390243902439024,7.364897178383548
intel could,phrase,5,1,6,51,41,9.803921568627452,2.4390243902439024,7.364897178383548
intelligence services,phrase,5,1,6,51,41,9.803921568627452,2.4390243902439024,7.364897178383548
intensifying,word,5,1,6,51,41,9.803921568627452,2.4390243902439024,7.364897178383548
investor sentiment,phrase,5,1,6,51,41,9.803921568627452,2.4390243902439024,7.364897178383548
investors on,phrase,5,1,6,51,41,9.803921568627452,2.4390243902439024,7.364897178383548
investors who,phrase,5,1,6,51,41,9.803921568627452,2.4390243902439024,7.364897178383548
iren iren,phrase,5,1,6,51,41,9.803921568627452,2.4390243902439024,7.364897178383548
is known,phrase,5,1,6,51,41,9.803921568627452,2.4390243902439024,7.364897178383548
is priced,phrase,5,1,6,51,41,9.803921568627452,2.4390243902439024,7.364897178383548
issue,word,5,1,6,51,41,9.803921568627452,2.4390243902439024,7.364897178383548
its largest,phrase,5,1,6,51,41,9.803921568627452,2.4390243902439024,7.364897178383548
its portfolio,phrase,5,1,6,51,41,9.803921568627452,2.4390243902439024,7.364897178383548
jump in,phrase,5,1,6,51,41,9.803921568627452,2.4390243902439024,7.364897178383548
jumps after,phrase,5,1,6,51,41,9.803921568627452,2.4390243902439024,7.364897178383548
looms,word,5,1,6,51,41,9.803921568627452,2.4390243902439024,7.364897178383548
managers,word,5,1,6,51,41,9.803921568627452,2.4390243902439024,7.364897178383548
micron are,phrase,5,1,6,51,41,9.803921568627452,2.4390243902439024,7.364897178383548
military and,phrase,5,1,6,51,41,9.803921568627452,2.4390243902439024,7.364897178383548
miner,word,5,1,6,51,41,9.803921568627452,2.4390243902439024,7.364897178383548
multi gigawatt,phrase,5,1,6,51,41,9.803921568627452,2.4390243902439024,7.364897178383548
narrow,word,5,1,6,51,41,9.803921568627452,2.4390243902439024,7.364897178383548
needed to,phrase,5,1,6,51,41,9.803921568627452,2.4390243902439024,7.364897178383548
nvda ranks,phrase,5,1,6,51,41,9.803921568627452,2.4390243902439024,7.364897178383548
nvidia after,phrase,5,1,6,51,41,9.803921568627452,2.4390243902439024,7.364897178383548
nvidia quantum,phrase,5,1,6,51,41,9.803921568627452,2.4390243902439024,7.364897178383548
nvidia's business,phrase,5,1,6,51,41,9.803921568627452,2.4390243902439024,7.364897178383548
nvidia's gtc,phrase,5,1,6,51,41,9.803921568627452,2.4390243902439024,7.364897178383548
of funding,phrase,5,1,6,51,41,9.803921568627452,2.4390243902439024,7.364897178383548
of intel's,phrase,5,1,6,51,41,9.803921568627452,2.4390243902439024,7.364897178383548
opportunity to,phrase,5,1,6,51,41,9.803921568627452,2.4390243902439024,7.364897178383548
optimize,word,5,1,6,51,41,9.803921568627452,2.4390243902439024,7.364897178383548
panel,word,5,1,6,51,41,9.803921568627452,2.4390243902439024,7.364897178383548
partnered,word,5,1,6,51,41,9.803921568627452,2.4390243902439024,7.364897178383548
partnered with,phrase,5,1,6,51,41,9.803921568627452,2.4390243902439024,7.364897178383548
partnerships including,phrase,5,1,6,51,41,9.803921568627452,2.4390243902439024,7.364897178383548
pcs,word,5,1,6,51,41,9.803921568627452,2.4390243902439024,7.364897178383548
performance of,phrase,5,1,6,51,41,9.803921568627452,2.4390243902439024,7.364897178383548
person familiar,phrase,5,1,6,51,41,9.803921568627452,2.4390243902439024,7.364897178383548
pivot to,phrase,5,1,6,51,41,9.803921568627452,2.4390243902439024,7.364897178383548
points on,phrase,5,1,6,51,41,9.803921568627452,2.4390243902439024,7.364897178383548
positioned for,phrase,5,1,6,51,41,9.803921568627452,2.4390243902439024,7.364897178383548
produced,word,5,1,6,51,41,9.803921568627452,2.4390243902439024,7.364897178383548
recent weeks,phrase,5,1,6,51,41,9.803921568627452,2.4390243902439024,7.364897178383548
rise after,phrase,5,1,6,51,41,9.803921568627452,2.4390243902439024,7.364897178383548
risk off,phrase,5,1,6,51,41,9.803921568627452,2.4390243902439024,7.364897178383548
scheduled,word,5,1,6,51,41,9.803921568627452,2.4390243902439024,7.364897178383548
sets up,phrase,5,1,6,51,41,9.803921568627452,2.4390243902439024,7.364897178383548
software company,phrase,5,1,6,51,41,9.803921568627452,2.4390243902439024,7.364897178383548
starting in,phrase,5,1,6,51,41,9.803921568627452,2.4390243902439024,7.364897178383548
stepping up,phrase,5,1,6,51,41,9.803921568627452,2.4390243902439024,7.364897178383548
stick,word,5,1,6,51,41,9.803921568627452,2.4390243902439024,7.364897178383548
strict,word,5,1,6,51,41,9.803921568627452,2.4390243902439024,7.364897178383548
supplies,word,5,1,6,51,41,9.803921568627452,2.4390243902439024,7.364897178383548
sustain,word,5,1,6,51,41,9.803921568627452,2.4390243902439024,7.364897178383548
sustainability of,phrase,5,1,6,51,41,9.803921568627452,2.4390243902439024,7.364897178383548
target from,phrase,5,1,6,51,41,9.803921568627452,2.4390243902439024,7.364897178383548
tech industry,phrase,5,1,6,51,41,9.803921568627452,2.4390243902439024,7.364897178383548
tech is,phrase,5,1,6,51,41,9.803921568627452,2.4390243902439024,7.364897178383548
tensions and,phrase,5,1,6,51,41,9.803921568627452,2.4390243902439024,7.364897178383548
the back,phrase,5,1,6,51,41,9.803921568627452,2.4390243902439024,7.364897178383548
the industry's,phrase,5,1,6,51,41,9.803921568627452,2.4390243902439024,7.364897178383548
the initiative,phrase,5,1,6,51,41,9.803921568627452,2.4390243902439024,7.364897178383548
the majority,phrase,5,1,6,51,41,9.803921568627452,2.4390243902439024,7.364897178383548
tightens,word,5,1,6,51,41,9.803921568627452,2.4390243902439024,7.364897178383548
to begin,phrase,5,1,6,51,41,9.803921568627452,2.4390243902439024,7.364897178383548
to enter,phrase,5,1,6,51,41,9.803921568627452,2.4390243902439024,7.364897178383548
to showcase,phrase,5,1,6,51,41,9.803921568627452,2.4390243902439024,7.364897178383548
top funds,phrase,5,1,6,51,41,9.803921568627452,2.4390243902439024,7.364897178383548
trade that,phrase,5,1,6,51,41,9.803921568627452,2.4390243902439024,7.364897178383548
trainium ai,phrase,5,1,6,51,41,9.803921568627452,2.4390243902439024,7.364897178383548
urges,word,5,1,6,51,41,9.803921568627452,2.4390243902439024,7.364897178383548
usa,word,5,1,6,51,41,9.803921568627452,2.4390243902439024,7.364897178383548
vanguard etf,phrase,5,1,6,51,41,9.803921568627452,2.4390243902439024,7.364897178383548
watch tuesday,phrase,5,1,6,51,41,9.803921568627452,2.4390243902439024,7.364897178383548
will join,phrase,5,1,6,51,41,9.803921568627452,2.4390243902439024,7.364897178383548
wobbles,word,5,1,6,51,41,9.803921568627452,2.4390243902439024,7.364897178383548
year earlier,phrase,5,1,6,51,41,9.803921568627452,2.4390243902439024,7.364897178383548
year partnership,phrase,5,1,6,51,41,9.803921568627452,2.4390243902439024,7.364897178383548
year the,phrase,5,1,6,51,41,9.803921568627452,2.4390243902439024,7.364897178383548
latest,word,46,34,80,51,41,90.19607843137256,82.92682926829268,7.269249163079872
street,word,46,34,80,51,41,90.19607843137256,82.92682926829268,7.269249163079872
com,word,41,30,71,51,41,80.3921568627451,73.17073170731707,7.2214251554280295
supply,word,41,30,71,51,41,80.3921568627451,73.17073170731707,7.2214251554280295
rise,word,36,26,62,51,41,70.58823529411765,63.41463414634146,7.173601147776187
mu,word,31,22,53,51,41,60.78431372549019,53.65853658536585,7.125777140124335
bubble,word,26,18,44,51,41,50.98039215686274,43.90243902439025,7.077953132472498
hold,word,26,18,44,51,41,50.98039215686274,43.90243902439025,7.077953132472498
semiconductors,word,26,18,44,51,41,50.98039215686274,43.90243902439025,7.077953132472498
looking,word,21,14,35,51,41,41.1764705882353,34.146341463414636,7.030129124820656
dell,word,16,10,26,51,41,31.372549019607842,24.390243902439025,6.982305117168819
earnings and,phrase,16,10,26,51,41,31.372549019607842,24.390243902439025,6.982305117168819
headlines,word,16,10,26,51,41,31.372549019607842,24.390243902439025,6.982305117168819
market is,phrase,16,10,26,51,41,31.372549019607842,24.390243902439025,6.982305117168819
most valuable,phrase,16,10,26,51,41,31.372549019607842,24.390243902439025,6.982305117168819
stock could,phrase,16,10,26,51,41,31.372549019607842,24.390243902439025,6.982305117168819
as wall,phrase,11,6,17,51,41,21.568627450980394,14.634146341463415,6.934481109516979
billion and,phrase,11,6,17,51,41,21.568627450980394,14.634146341463415,6.934481109516979
built on,phrase,11,6,17,51,41,21.568627450980394,14.634146341463415,6.934481109516979
ceo says,phrase,11,6,17,51,41,21.568627450980394,14.634146341463415,6.934481109516979
compete,word,11,6,17,51,41,21.568627450980394,14.634146341463415,6.934481109516979
components,word,11,6,17,51,41,21.568627450980394,14.634146341463415,6.934481109516979
cybersecurity,word,11,6,17,51,41,21.568627450980394,14.634146341463415,6.934481109516979
founded,word,11,6,17,51,41,21.568627450980394,14.634146341463415,6.934481109516979
immediately,word,11,6,17,51,41,21.568627450980394,14.634146341463415,6.934481109516979
is investing,phrase,11,6,17,51,41,21.568627450980394,14.634146341463415,6.934481109516979
nuclear,word,11,6,17,51,41,21.568627450980394,14.634146341463415,6.934481109516979
on nvda,phrase,11,6,17,51,41,21.568627450980394,14.634146341463415,6.934481109516979
player,word,11,6,17,51,41,21.568627450980394,14.634146341463415,6.934481109516979
projected,word,11,6,17,51,41,21.568627450980394,14.634146341463415,6.934481109516979
street is,phrase,11,6,17,51,41,21.568627450980394,14.634146341463415,6.934481109516979
thing,word,11,6,17,51,41,21.568627450980394,14.634146341463415,6.934481109516979
you need,phrase,11,6,17,51,41,21.568627450980394,14.634146341463415,6.934481109516979
1t,word,6,2,8,51,41,11.764705882352942,4.878048780487805,6.886657101865136
amazon meta,phrase,6,2,8,51,41,11.764705882352942,4.878048780487805,6.886657101865136
and rubin,phrase,6,2,8,51,41,11.764705882352942,4.878048780487805,6.886657101865136
and said,phrase,6,2,8,51,41,11.764705882352942,4.878048780487805,6.886657101865136
asics,word,6,2,8,51,41,11.764705882352942,4.878048780487805,6.886657101865136
authorities,word,6,2,8,51,41,11.764705882352942,4.878048780487805,6.886657101865136
capable,word,6,2,8,51,41,11.764705882352942,4.878048780487805,6.886657101865136
capex spending,phrase,6,2,8,51,41,11.764705882352942,4.878048780487805,6.886657101865136
cause,word,6,2,8,51,41,11.764705882352942,4.878048780487805,6.886657101865136
chip is,phrase,6,2,8,51,41,11.764705882352942,4.878048780487805,6.886657101865136
city,word,6,2,8,51,41,11.764705882352942,4.878048780487805,6.886657101865136
collaborate,word,6,2,8,51,41,11.764705882352942,4.878048780487805,6.886657101865136
compute infrastructure,phrase,6,2,8,51,41,11.764705882352942,4.878048780487805,6.886657101865136
could help,phrase,6,2,8,51,41,11.764705882352942,4.878048780487805,6.886657101865136
detailed,word,6,2,8,51,41,11.764705882352942,4.878048780487805,6.886657101865136
digit,word,6,2,8,51,41,11.764705882352942,4.878048780487805,6.886657101865136
double in,phrase,6,2,8,51,41,11.764705882352942,4.878048780487805,6.886657101865136
drug discovery,phrase,6,2,8,51,41,11.764705882352942,4.878048780487805,6.886657101865136
excitement,word,6,2,8,51,41,11.764705882352942,4.878048780487805,6.886657101865136
expanded ai,phrase,6,2,8,51,41,11.764705882352942,4.878048780487805,6.886657101865136
extended trading,phrase,6,2,8,51,41,11.764705882352942,4.878048780487805,6.886657101865136
factors,word,6,2,8,51,41,11.764705882352942,4.878048780487805,6.886657101865136
family,word,6,2,8,51,41,11.764705882352942,4.878048780487805,6.886657101865136
fantastic,word,6,2,8,51,41,11.764705882352942,4.878048780487805,6.886657101865136
forces,word,6,2,8,51,41,11.764705882352942,4.878048780487805,6.886657101865136
framework,word,6,2,8,51,41,11.764705882352942,4.878048780487805,6.886657101865136
goal,word,6,2,8,51,41,11.764705882352942,4.878048780487805,6.886657101865136
google's ai,phrase,6,2,8,51,41,11.764705882352942,4.878048780487805,6.886657101865136
has room,phrase,6,2,8,51,41,11.764705882352942,4.878048780487805,6.886657101865136
has seen,phrase,6,2,8,51,41,11.764705882352942,4.878048780487805,6.886657101865136
in extended,phrase,6,2,8,51,41,11.764705882352942,4.878048780487805,6.886657101865136
in february,phrase,6,2,8,51,41,11.764705882352942,4.878048780487805,6.886657101865136
in revenue,phrase,6,2,8,51,41,11.764705882352942,4.878048780487805,6.886657101865136
in space,phrase,6,2,8,51,41,11.764705882352942,4.878048780487805,6.886657101865136
in texas,phrase,6,2,8,51,41,11.764705882352942,4.878048780487805,6.886657101865136
infrastructure expansion,phrase,6,2,8,51,41,11.764705882352942,4.878048780487805,6.886657101865136
infrastructure partnership,phrase,6,2,8,51,41,11.764705882352942,4.878048780487805,6.886657101865136
intelligence stocks,phrase,6,2,8,51,41,11.764705882352942,4.878048780487805,6.886657101865136
ip,word,6,2,8,51,41,11.764705882352942,4.878048780487805,6.886657101865136
is starting,phrase,6,2,8,51,41,11.764705882352942,4.878048780487805,6.886657101865136
it looks,phrase,6,2,8,51,41,11.764705882352942,4.878048780487805,6.886657101865136
layer,word,6,2,8,51,41,11.764705882352942,4.878048780487805,6.886657101865136
legendary,word,6,2,8,51,41,11.764705882352942,4.878048780487805,6.886657101865136
let's,word,6,2,8,51,41,11.764705882352942,4.878048780487805,6.886657101865136
monday following,phrase,6,2,8,51,41,11.764705882352942,4.878048780487805,6.886657101865136
moving average,phrase,6,2,8,51,41,11.764705882352942,4.878048780487805,6.886657101865136
not only,phrase,6,2,8,51,41,11.764705882352942,4.878048780487805,6.886657101865136
of large,phrase,6,2,8,51,41,11.764705882352942,4.878048780487805,6.886657101865136
optimized for,phrase,6,2,8,51,41,11.764705882352942,4.878048780487805,6.886657101865136
orbit,word,6,2,8,51,41,11.764705882352942,4.878048780487805,6.886657101865136
person,word,6,2,8,51,41,11.764705882352942,4.878048780487805,6.886657101865136
ramping up,phrase,6,2,8,51,41,11.764705882352942,4.878048780487805,6.886657101865136
recently discussed,phrase,6,2,8,51,41,11.764705882352942,4.878048780487805,6.886657101865136
releases,word,6,2,8,51,41,11.764705882352942,4.878048780487805,6.886657101865136
resilient,word,6,2,8,51,41,11.764705882352942,4.878048780487805,6.886657101865136
shine,word,6,2,8,51,41,11.764705882352942,4.878048780487805,6.886657101865136
speculation,word,6,2,8,51,41,11.764705882352942,4.878048780487805,6.886657101865136
spotlight after,phrase,6,2,8,51,41,11.764705882352942,4.878048780487805,6.886657101865136
stock after,phrase,6,2,8,51,41,11.764705882352942,4.878048780487805,6.886657101865136
stuck in,phrase,6,2,8,51,41,11.764705882352942,4.878048780487805,6.886657101865136
technology mu,phrase,6,2,8,51,41,11.764705882352942,4.878048780487805,6.886657101865136
term ai,phrase,6,2,8,51,41,11.764705882352942,4.878048780487805,6.886657101865136
the acquisition,phrase,6,2,8,51,41,11.764705882352942,4.878048780487805,6.886657101865136
the open,phrase,6,2,8,51,41,11.764705882352942,4.878048780487805,6.886657101865136
to catch,phrase,6,2,8,51,41,11.764705882352942,4.878048780487805,6.886657101865136
trillions,word,6,2,8,51,41,11.764705882352942,4.878048780487805,6.886657101865136
triple,word,6,2,8,51,41,11.764705882352942,4.878048780487805,6.886657101865136
undoubtedly,word,6,2,8,51,41,11.764705882352942,4.878048780487805,6.886657101865136
we'll now,phrase,6,2,8,51,41,11.764705882352942,4.878048780487805,6.886657101865136
weather,word,6,2,8,51,41,11.764705882352942,4.878048780487805,6.886657101865136
why micron,phrase,6,2,8,51,41,11.764705882352942,4.878048780487805,6.886657101865136
working on,phrase,6,2,8,51,41,11.764705882352942,4.878048780487805,6.886657101865136
year for,phrase,6,2,8,51,41,11.764705882352942,4.878048780487805,6.886657101865136
powered,word,37,27,64,51,41,72.54901960784314,65.85365853658537,6.695361071257766
billions,word,27,19,46,51,41,52.94117647058823,46.34146341463415,6.599713055954087
nvidia shares,phrase,27,19,46,51,41,52.94117647058823,46.34146341463415,6.599713055954087
tsmc,word,27,19,46,51,41,52.94117647058823,46.34146341463415,6.599713055954087
exclusive,word,22,15,37,51,41,43.13725490196079,36.58536585365854,6.55188904830225
multiple,word,22,15,37,51,41,43.13725490196079,36.58536585365854,6.55188904830225
said it,phrase,22,15,37,51,41,43.13725490196079,36.58536585365854,6.55188904830225
ai memory,phrase,17,11,28,51,41,33.333333333333336,26.829268292682926,6.504065040650403
generation ai,phrase,17,11,28,51,41,33.333333333333336,26.829268292682926,6.504065040650403
stocks and,phrase,17,11,28,51,41,33.333333333333336,26.829268292682926,6.504065040650403
the companies,phrase,17,11,28,51,41,33.333333333333336,26.829268292682926,6.504065040650403
trainium,word,17,11,28,51,41,33.333333333333336,26.829268292682926,6.504065040650403
we're,word,17,11,28,51,41,33.333333333333336,26.829268292682926,6.504065040650403
ai deal,phrase,12,7,19,51,41,23.529411764705884,17.073170731707318,6.456241032998563
ai systems,phrase,12,7,19,51,41,23.529411764705884,17.073170731707318,6.456241032998563
aiming to,phrase,12,7,19,51,41,23.529411764705884,17.073170731707318,6.456241032998563
balance,word,12,7,19,51,41,23.529411764705884,17.073170731707318,6.456241032998563
chip exports,phrase,12,7,19,51,41,23.529411764705884,17.073170731707318,6.456241032998563
considering,word,12,7,19,51,41,23.529411764705884,17.073170731707318,6.456241032998563
debate,word,12,7,19,51,41,23.529411764705884,17.073170731707318,6.456241032998563
everything,word,12,7,19,51,41,23.529411764705884,17.073170731707318,6.456241032998563
existing,word,12,7,19,51,41,23.529411764705884,17.073170731707318,6.456241032998563
going on,phrase,12,7,19,51,41,23.529411764705884,17.073170731707318,6.456241032998563
lost,word,12,7,19,51,41,23.529411764705884,17.073170731707318,6.456241032998563
quietly,word,12,7,19,51,41,23.529411764705884,17.073170731707318,6.456241032998563
sectors,word,12,7,19,51,41,23.529411764705884,17.073170731707318,6.456241032998563
shift in,phrase,12,7,19,51,41,23.529411764705884,17.073170731707318,6.456241032998563
visibility,word,12,7,19,51,41,23.529411764705884,17.073170731707318,6.456241032998563
5b,word,7,3,10,51,41,13.72549019607843,7.317073170731708,6.408417025346726
amazon stock,phrase,7,3,10,51,41,13.72549019607843,7.317073170731708,6.408417025346726
an outperform,phrase,7,3,10,51,41,13.72549019607843,7.317073170731708,6.408417025346726
at around,phrase,7,3,10,51,41,13.72549019607843,7.317073170731708,6.408417025346726
automation and,phrase,7,3,10,51,41,13.72549019607843,7.317073170731708,6.408417025346726
avgo stock,phrase,7,3,10,51,41,13.72549019607843,7.317073170731708,6.408417025346726
caterpillar,word,7,3,10,51,41,13.72549019607843,7.317073170731708,6.408417025346726
cheaper,word,7,3,10,51,41,13.72549019607843,7.317073170731708,6.408417025346726
coinbase,word,7,3,10,51,41,13.72549019607843,7.317073170731708,6.408417025346726
company at,phrase,7,3,10,51,41,13.72549019607843,7.317073170731708,6.408417025346726
company was,phrase,7,3,10,51,41,13.72549019607843,7.317073170731708,6.408417025346726
compute and,phrase,7,3,10,51,41,13.72549019607843,7.317073170731708,6.408417025346726
coreweave crwv,phrase,7,3,10,51,41,13.72549019607843,7.317073170731708,6.408417025346726
decline and,phrase,7,3,10,51,41,13.72549019607843,7.317073170731708,6.408417025346726
doubts,word,7,3,10,51,41,13.72549019607843,7.317073170731708,6.408417025346726
enough to,phrase,7,3,10,51,41,13.72549019607843,7.317073170731708,6.408417025346726
enter,word,7,3,10,51,41,13.72549019607843,7.317073170731708,6.408417025346726
exactly,word,7,3,10,51,41,13.72549019607843,7.317073170731708,6.408417025346726
exceed,word,7,3,10,51,41,13.72549019607843,7.317073170731708,6.408417025346726
falls after,phrase,7,3,10,51,41,13.72549019607843,7.317073170731708,6.408417025346726
friday after,phrase,7,3,10,51,41,13.72549019607843,7.317073170731708,6.408417025346726
in november,phrase,7,3,10,51,41,13.72549019607843,7.317073170731708,6.408417025346726
inside the,phrase,7,3,10,51,41,13.72549019607843,7.317073170731708,6.408417025346726
investment to,phrase,7,3,10,51,41,13.72549019607843,7.317073170731708,6.408417025346726
it plans,phrase,7,3,10,51,41,13.72549019607843,7.317073170731708,6.408417025346726
key supplier,phrase,7,3,10,51,41,13.72549019607843,7.317073170731708,6.408417025346726
majority of,phrase,7,3,10,51,41,13.72549019607843,7.317073170731708,6.408417025346726
nemotron,word,7,3,10,51,41,13.72549019607843,7.317073170731708,6.408417025346726
nscale,word,7,3,10,51,41,13.72549019607843,7.317073170731708,6.408417025346726
nvidia announced,phrase,7,3,10,51,41,13.72549019607843,7.317073170731708,6.408417025346726
nvidia leads,phrase,7,3,10,51,41,13.72549019607843,7.317073170731708,6.408417025346726
nvidia's huang,phrase,7,3,10,51,41,13.72549019607843,7.317073170731708,6.408417025346726
nvl72,word,7,3,10,51,41,13.72549019607843,7.317073170731708,6.408417025346726
other chip,phrase,7,3,10,51,41,13.72549019607843,7.317073170731708,6.408417025346726
push with,phrase,7,3,10,51,41,13.72549019607843,7.317073170731708,6.408417025346726
requirements,word,7,3,10,51,41,13.72549019607843,7.317073170731708,6.408417025346726
research and,phrase,7,3,10,51,41,13.72549019607843,7.317073170731708,6.408417025346726
result,word,7,3,10,51,41,13.72549019607843,7.317073170731708,6.408417025346726
showcase,word,7,3,10,51,41,13.72549019607843,7.317073170731708,6.408417025346726
sideways,word,7,3,10,51,41,13.72549019607843,7.317073170731708,6.408417025346726
six months,phrase,7,3,10,51,41,13.72549019607843,7.317073170731708,6.408417025346726
speaks,word,7,3,10,51,41,13.72549019607843,7.317073170731708,6.408417025346726
stock drops,phrase,7,3,10,51,41,13.72549019607843,7.317073170731708,6.408417025346726
stock investors,phrase,7,3,10,51,41,13.72549019607843,7.317073170731708,6.408417025346726
stocks fall,phrase,7,3,10,51,41,13.72549019607843,7.317073170731708,6.408417025346726
stretch,word,7,3,10,51,41,13.72549019607843,7.317073170731708,6.408417025346726
strong momentum,phrase,7,3,10,51,41,13.72549019607843,7.317073170731708,6.408417025346726
talked about,phrase,7,3,10,51,41,13.72549019607843,7.317073170731708,6.408417025346726
tesla are,phrase,7,3,10,51,41,13.72549019607843,7.317073170731708,6.408417025346726
the ceo,phrase,7,3,10,51,41,13.72549019607843,7.317073170731708,6.408417025346726
theme,word,7,3,10,51,41,13.72549019607843,7.317073170731708,6.408417025346726
this time,phrase,7,3,10,51,41,13.72549019607843,7.317073170731708,6.408417025346726
tiktok,word,7,3,10,51,41,13.72549019607843,7.317073170731708,6.408417025346726
to join,phrase,7,3,10,51,41,13.72549019607843,7.317073170731708,6.408417025346726
to offer,phrase,7,3,10,51,41,13.72549019607843,7.317073170731708,6.408417025346726
to stay,phrase,7,3,10,51,41,13.72549019607843,7.317073170731708,6.408417025346726
trading session,phrase,7,3,10,51,41,13.72549019607843,7.317073170731708,6.408417025346726
two new,phrase,7,3,10,51,41,13.72549019607843,7.317073170731708,6.408417025346726
upside potential,phrase,7,3,10,51,41,13.72549019607843,7.317073170731708,6.408417025346726
worried about,phrase,7,3,10,51,41,13.72549019607843,7.317073170731708,6.408417025346726
alphabet,word,43,32,75,51,41,84.31372549019608,78.04878048780488,6.2649450023911974
centers,word,43,32,75,51,41,84.31372549019608,78.04878048780488,6.2649450023911974
for ai,phrase,43,32,75,51,41,84.31372549019608,78.04878048780488,6.2649450023911974
report,word,43,32,75,51,41,84.31372549019608,78.04878048780488,6.2649450023911974
of nvidia,phrase,38,28,66,51,41,74.50980392156863,68.29268292682927,6.217120994739355
amzn,word,28,20,48,51,41,54.90196078431372,48.78048780487805,6.121472979435683
close,word,28,20,48,51,41,54.90196078431372,48.78048780487805,6.121472979435683
help,word,28,20,48,51,41,54.90196078431372,48.78048780487805,6.121472979435683
nyse,word,28,20,48,51,41,54.90196078431372,48.78048780487805,6.121472979435683
solutions,word,28,20,48,51,41,54.90196078431372,48.78048780487805,6.121472979435683
equipment,word,23,16,39,51,41,45.09803921568628,39.02439024390244,6.073648971783835
raise,word,23,16,39,51,41,45.09803921568628,39.02439024390244,6.073648971783835
said on,phrase,23,16,39,51,41,45.09803921568628,39.02439024390244,6.073648971783835
super,word,23,16,39,51,41,45.09803921568628,39.02439024390244,6.073648971783835
april,word,18,12,30,51,41,35.294117647058826,29.26829268292683,6.025824964131998
got,word,18,12,30,51,41,35.294117647058826,29.26829268292683,6.025824964131998
head,word,18,12,30,51,41,35.294117647058826,29.26829268292683,6.025824964131998
huang says,phrase,18,12,30,51,41,35.294117647058826,29.26829268292683,6.025824964131998
post,word,18,12,30,51,41,35.294117647058826,29.26829268292683,6.025824964131998
pricing,word,18,12,30,51,41,35.294117647058826,29.26829268292683,6.025824964131998
the largest,phrase,18,12,30,51,41,35.294117647058826,29.26829268292683,6.025824964131998
will not,phrase,18,12,30,51,41,35.294117647058826,29.26829268292683,6.025824964131998
almost,word,13,8,21,51,41,25.49019607843137,19.51219512195122,5.978000956480151
com inc,phrase,13,8,21,51,41,25.49019607843137,19.51219512195122,5.978000956480151
daily,word,13,8,21,51,41,25.49019607843137,19.51219512195122,5.978000956480151
defense,word,13,8,21,51,41,25.49019607843137,19.51219512195122,5.978000956480151
finance senior,phrase,13,8,21,51,41,25.49019607843137,19.51219512195122,5.978000956480151
for nvidia's,phrase,13,8,21,51,41,25.49019607843137,19.51219512195122,5.978000956480151
gigawatts,word,13,8,21,51,41,25.49019607843137,19.51219512195122,5.978000956480151
gpus and,phrase,13,8,21,51,41,25.49019607843137,19.51219512195122,5.978000956480151
hedge,word,13,8,21,51,41,25.49019607843137,19.51219512195122,5.978000956480151
hyperscale,word,13,8,21,51,41,25.49019607843137,19.51219512195122,5.978000956480151
loss,word,13,8,21,51,41,25.49019607843137,19.51219512195122,5.978000956480151
nvidia was,phrase,13,8,21,51,41,25.49019607843137,19.51219512195122,5.978000956480151
party,word,13,8,21,51,41,25.49019607843137,19.51219512195122,5.978000956480151
process,word,13,8,21,51,41,25.49019607843137,19.51219512195122,5.978000956480151
pushing,word,13,8,21,51,41,25.49019607843137,19.51219512195122,5.978000956480151
rated,word,13,8,21,51,41,25.49019607843137,19.51219512195122,5.978000956480151
seeing,word,13,8,21,51,41,25.49019607843137,19.51219512195122,5.978000956480151
slide,word,13,8,21,51,41,25.49019607843137,19.51219512195122,5.978000956480151
stage,word,13,8,21,51,41,25.49019607843137,19.51219512195122,5.978000956480151
technology inc,phrase,13,8,21,51,41,25.49019607843137,19.51219512195122,5.978000956480151
thanks,word,13,8,21,51,41,25.49019607843137,19.51219512195122,5.978000956480151
trump administration,phrase,13,8,21,51,41,25.49019607843137,19.51219512195122,5.978000956480151
want,word,13,8,21,51,41,25.49019607843137,19.51219512195122,5.978000956480151
added to,phrase,8,4,12,51,41,15.686274509803921,9.75609756097561,5.930176948828311
after hours,phrase,8,4,12,51,41,15.686274509803921,9.75609756097561,5.930176948828311
ai capabilities,phrase,8,4,12,51,41,15.686274509803921,9.75609756097561,5.930176948828311
ai computing,phrase,8,4,12,51,41,15.686274509803921,9.75609756097561,5.930176948828311
alphabet amazon,phrase,8,4,12,51,41,15.686274509803921,9.75609756097561,5.930176948828311
avgo is,phrase,8,4,12,51,41,15.686274509803921,9.75609756097561,5.930176948828311
balance sheet,phrase,8,4,12,51,41,15.686274509803921,9.75609756097561,5.930176948828311
better buy,phrase,8,4,12,51,41,15.686274509803921,9.75609756097561,5.930176948828311
bill,word,8,4,12,51,41,15.686274509803921,9.75609756097561,5.930176948828311
catch up,phrase,8,4,12,51,41,15.686274509803921,9.75609756097561,5.930176948828311
chips used,phrase,8,4,12,51,41,15.686274509803921,9.75609756097561,5.930176948828311
claude,word,8,4,12,51,41,15.686274509803921,9.75609756097561,5.930176948828311
cramer recently,phrase,8,4,12,51,41,15.686274509803921,9.75609756097561,5.930176948828311
cuda,word,8,4,12,51,41,15.686274509803921,9.75609756097561,5.930176948828311
dips,word,8,4,12,51,41,15.686274509803921,9.75609756097561,5.930176948828311
dynamics,word,8,4,12,51,41,15.686274509803921,9.75609756097561,5.930176948828311
expensive,word,8,4,12,51,41,15.686274509803921,9.75609756097561,5.930176948828311
experts,word,8,4,12,51,41,15.686274509803921,9.75609756097561,5.930176948828311
industry and,phrase,8,4,12,51,41,15.686274509803921,9.75609756097561,5.930176948828311
institutional,word,8,4,12,51,41,15.686274509803921,9.75609756097561,5.930176948828311
jitters,word,8,4,12,51,41,15.686274509803921,9.75609756097561,5.930176948828311
learn why,phrase,8,4,12,51,41,15.686274509803921,9.75609756097561,5.930176948828311
lines,word,8,4,12,51,41,15.686274509803921,9.75609756097561,5.930176948828311
micron mu,phrase,8,4,12,51,41,15.686274509803921,9.75609756097561,5.930176948828311
orders for,phrase,8,4,12,51,41,15.686274509803921,9.75609756097561,5.930176948828311
outperform rating,phrase,8,4,12,51,41,15.686274509803921,9.75609756097561,5.930176948828311
premium,word,8,4,12,51,41,15.686274509803921,9.75609756097561,5.930176948828311
production of,phrase,8,4,12,51,41,15.686274509803921,9.75609756097561,5.930176948828311
relationship,word,8,4,12,51,41,15.686274509803921,9.75609756097561,5.930176948828311
robot,word,8,4,12,51,41,15.686274509803921,9.75609756097561,5.930176948828311
shift from,phrase,8,4,12,51,41,15.686274509803921,9.75609756097561,5.930176948828311
staggering,word,8,4,12,51,41,15.686274509803921,9.75609756097561,5.930176948828311
story is,phrase,8,4,12,51,41,15.686274509803921,9.75609756097561,5.930176948828311
strikes,word,8,4,12,51,41,15.686274509803921,9.75609756097561,5.930176948828311
supported,word,8,4,12,51,41,15.686274509803921,9.75609756097561,5.930176948828311
surging demand,phrase,8,4,12,51,41,15.686274509803921,9.75609756097561,5.930176948828311
the middle,phrase,8,4,12,51,41,15.686274509803921,9.75609756097561,5.930176948828311
underscoring,word,8,4,12,51,41,15.686274509803921,9.75609756097561,5.930176948828311
vehicles,word,8,4,12,51,41,15.686274509803921,9.75609756097561,5.930176948828311
volume,word,8,4,12,51,41,15.686274509803921,9.75609756097561,5.930176948828311
what's going,phrase,8,4,12,51,41,15.686274509803921,9.75609756097561,5.930176948828311
the stock,phrase,49,37,86,51,41,96.07843137254902,90.2439024390244,5.83452893352463
partnership,word,44,33,77,51,41,86.27450980392157,80.48780487804878,5.786704925872788
risks,word,34,25,59,51,41,66.66666666666667,60.97560975609756,5.691056910569103
digital,word,29,21,50,51,41,56.86274509803921,51.21951219512195,5.643232902917261
hbm,word,29,21,50,51,41,56.86274509803921,51.21951219512195,5.643232902917261
nvda and,phrase,29,21,50,51,41,56.86274509803921,51.21951219512195,5.643232902917261
earlier,word,24,17,41,51,41,47.05882352941177,41.46341463414634,5.595408895265424
expanded,word,24,17,41,51,41,47.05882352941177,41.46341463414634,5.595408895265424
looks,word,24,17,41,51,41,47.05882352941177,41.46341463414634,5.595408895265424
play,word,24,17,41,51,41,47.05882352941177,41.46341463414634,5.595408895265424
the firm,phrase,24,17,41,51,41,47.05882352941177,41.46341463414634,5.595408895265424
to ai,phrase,24,17,41,51,41,47.05882352941177,41.46341463414634,5.595408895265424
across the,phrase,19,13,32,51,41,37.254901960784316,31.70731707317073,5.547584887613582
aims to,phrase,19,13,32,51,41,37.254901960784316,31.70731707317073,5.547584887613582
announcement,word,19,13,32,51,41,37.254901960784316,31.70731707317073,5.547584887613582
go,word,19,13,32,51,41,37.254901960784316,31.70731707317073,5.547584887613582
and micron,phrase,14,9,23,51,41,27.45098039215686,21.951219512195124,5.499760879961743
bet on,phrase,14,9,23,51,41,27.45098039215686,21.951219512195124,5.499760879961743
billions of,phrase,14,9,23,51,41,27.45098039215686,21.951219512195124,5.499760879961743
catch,word,14,9,23,51,41,27.45098039215686,21.951219512195124,5.499760879961743
directly,word,14,9,23,51,41,27.45098039215686,21.951219512195124,5.499760879961743
former,word,14,9,23,51,41,27.45098039215686,21.951219512195124,5.499760879961743
name,word,14,9,23,51,41,27.45098039215686,21.951219512195124,5.499760879961743
orders,word,14,9,23,51,41,27.45098039215686,21.951219512195124,5.499760879961743
project,word,14,9,23,51,41,27.45098039215686,21.951219512195124,5.499760879961743
sovereign ai,phrase,14,9,23,51,41,27.45098039215686,21.951219512195124,5.499760879961743
together,word,14,9,23,51,41,27.45098039215686,21.951219512195124,5.499760879961743
took,word,14,9,23,51,41,27.45098039215686,21.951219512195124,5.499760879961743
we'll,word,14,9,23,51,41,27.45098039215686,21.951219512195124,5.499760879961743
winners,word,14,9,23,51,41,27.45098039215686,21.951219512195124,5.499760879961743
acquisition of,phrase,9,5,14,51,41,17.647058823529413,12.195121951219512,5.451936872309901
ai software,phrase,9,5,14,51,41,17.647058823529413,12.195121951219512,5.451936872309901
bringing,word,9,5,14,51,41,17.647058823529413,12.195121951219512,5.451936872309901
broader ai,phrase,9,5,14,51,41,17.647058823529413,12.195121951219512,5.451936872309901
chinese customers,phrase,9,5,14,51,41,17.647058823529413,12.195121951219512,5.451936872309901
chip designer,phrase,9,5,14,51,41,17.647058823529413,12.195121951219512,5.451936872309901
climbing,word,9,5,14,51,41,17.647058823529413,12.195121951219512,5.451936872309901
conflict,word,9,5,14,51,41,17.647058823529413,12.195121951219512,5.451936872309901
constraints,word,9,5,14,51,41,17.647058823529413,12.195121951219512,5.451936872309901
continued to,phrase,9,5,14,51,41,17.647058823529413,12.195121951219512,5.451936872309901
continuing,word,9,5,14,51,41,17.647058823529413,12.195121951219512,5.451936872309901
doubling,word,9,5,14,51,41,17.647058823529413,12.195121951219512,5.451936872309901
edge ai,phrase,9,5,14,51,41,17.647058823529413,12.195121951219512,5.451936872309901
expanded its,phrase,9,5,14,51,41,17.647058823529413,12.195121951219512,5.451936872309901
facilities,word,9,5,14,51,41,17.647058823529413,12.195121951219512,5.451936872309901
fire,word,9,5,14,51,41,17.647058823529413,12.195121951219512,5.451936872309901
followed,word,9,5,14,51,41,17.647058823529413,12.195121951219512,5.451936872309901
for high,phrase,9,5,14,51,41,17.647058823529413,12.195121951219512,5.451936872309901
hard to,phrase,9,5,14,51,41,17.647058823529413,12.195121951219512,5.451936872309901
here's the,phrase,9,5,14,51,41,17.647058823529413,12.195121951219512,5.451936872309901
impressive,word,9,5,14,51,41,17.647058823529413,12.195121951219512,5.451936872309901
integration of,phrase,9,5,14,51,41,17.647058823529413,12.195121951219512,5.451936872309901
interest in,phrase,9,5,14,51,41,17.647058823529413,12.195121951219512,5.451936872309901
major us,phrase,9,5,14,51,41,17.647058823529413,12.195121951219512,5.451936872309901
meta microsoft,phrase,9,5,14,51,41,17.647058823529413,12.195121951219512,5.451936872309901
microsoft nvidia,phrase,9,5,14,51,41,17.647058823529413,12.195121951219512,5.451936872309901
more upside,phrase,9,5,14,51,41,17.647058823529413,12.195121951219512,5.451936872309901
named,word,9,5,14,51,41,17.647058823529413,12.195121951219512,5.451936872309901
nand,word,9,5,14,51,41,17.647058823529413,12.195121951219512,5.451936872309901
native,word,9,5,14,51,41,17.647058823529413,12.195121951219512,5.451936872309901
nvidia's blackwell,phrase,9,5,14,51,41,17.647058823529413,12.195121951219512,5.451936872309901
owned,word,9,5,14,51,41,17.647058823529413,12.195121951219512,5.451936872309901
range of,phrase,9,5,14,51,41,17.647058823529413,12.195121951219512,5.451936872309901
reshaping,word,9,5,14,51,41,17.647058823529413,12.195121951219512,5.451936872309901
seven stocks,phrase,9,5,14,51,41,17.647058823529413,12.195121951219512,5.451936872309901
stock indexes,phrase,9,5,14,51,41,17.647058823529413,12.195121951219512,5.451936872309901
structural,word,9,5,14,51,41,17.647058823529413,12.195121951219512,5.451936872309901
summary,word,9,5,14,51,41,17.647058823529413,12.195121951219512,5.451936872309901
tech earnings,phrase,9,5,14,51,41,17.647058823529413,12.195121951219512,5.451936872309901
the collaboration,phrase,9,5,14,51,41,17.647058823529413,12.195121951219512,5.451936872309901
the news,phrase,9,5,14,51,41,17.647058823529413,12.195121951219512,5.451936872309901
to end,phrase,9,5,14,51,41,17.647058823529413,12.195121951219512,5.451936872309901
to find,phrase,9,5,14,51,41,17.647058823529413,12.195121951219512,5.451936872309901
200b,word,4,1,5,51,41,7.8431372549019605,2.4390243902439024,5.4041128646580585
accelerator chips,phrase,4,1,5,51,41,7.8431372549019605,2.4390243902439024,5.4041128646580585
across europe,phrase,4,1,5,51,41,7.8431372549019605,2.4390243902439024,5.4041128646580585
addressable market,phrase,4,1,5,51,41,7.8431372549019605,2.4390243902439024,5.4041128646580585
admin,word,4,1,5,51,41,7.8431372549019605,2.4390243902439024,5.4041128646580585
administration is,phrase,4,1,5,51,41,7.8431372549019605,2.4390243902439024,5.4041128646580585
advancement,word,4,1,5,51,41,7.8431372549019605,2.4390243902439024,5.4041128646580585
ai continues,phrase,4,1,5,51,41,7.8431372549019605,2.4390243902439024,5.4041128646580585
ai players,phrase,4,1,5,51,41,7.8431372549019605,2.4390243902439024,5.4041128646580585
ai valuation,phrase,4,1,5,51,41,7.8431372549019605,2.4390243902439024,5.4041128646580585
aligned,word,4,1,5,51,41,7.8431372549019605,2.4390243902439024,5.4041128646580585
an edge,phrase,4,1,5,51,41,7.8431372549019605,2.4390243902439024,5.4041128646580585
and cost,phrase,4,1,5,51,41,7.8431372549019605,2.4390243902439024,5.4041128646580585
and cybersecurity,phrase,4,1,5,51,41,7.8431372549019605,2.4390243902439024,5.4041128646580585
and debt,phrase,4,1,5,51,41,7.8431372549019605,2.4390243902439024,5.4041128646580585
and hardware,phrase,4,1,5,51,41,7.8431372549019605,2.4390243902439024,5.4041128646580585
and tpu,phrase,4,1,5,51,41,7.8431372549019605,2.4390243902439024,5.4041128646580585
apiece as,phrase,4,1,5,51,41,7.8431372549019605,2.4390243902439024,5.4041128646580585
apps,word,4,1,5,51,41,7.8431372549019605,2.4390243902439024,5.4041128646580585
are going,phrase,4,1,5,51,41,7.8431372549019605,2.4390243902439024,5.4041128646580585
are growing,phrase,4,1,5,51,41,7.8431372549019605,2.4390243902439024,5.4041128646580585
arizona,word,4,1,5,51,41,7.8431372549019605,2.4390243902439024,5.4041128646580585
as advanced,phrase,4,1,5,51,41,7.8431372549019605,2.4390243902439024,5.4041128646580585
as cloud,phrase,4,1,5,51,41,7.8431372549019605,2.4390243902439024,5.4041128646580585
asia's,word,4,1,5,51,41,7.8431372549019605,2.4390243902439024,5.4041128646580585
australia,word,4,1,5,51,41,7.8431372549019605,2.4390243902439024,5.4041128646580585
autonomous vehicles,phrase,4,1,5,51,41,7.8431372549019605,2.4390243902439024,5.4041128646580585
availability of,phrase,4,1,5,51,41,7.8431372549019605,2.4390243902439024,5.4041128646580585
be looking,phrase,4,1,5,51,41,7.8431372549019605,2.4390243902439024,5.4041128646580585
be next,phrase,4,1,5,51,41,7.8431372549019605,2.4390243902439024,5.4041128646580585
beginning of,phrase,4,1,5,51,41,7.8431372549019605,2.4390243902439024,5.4041128646580585
benzinga market,phrase,4,1,5,51,41,7.8431372549019605,2.4390243902439024,5.4041128646580585
best known,phrase,4,1,5,51,41,7.8431372549019605,2.4390243902439024,5.4041128646580585
billion funding,phrase,4,1,5,51,41,7.8431372549019605,2.4390243902439024,5.4041128646580585
billion this,phrase,4,1,5,51,41,7.8431372549019605,2.4390243902439024,5.4041128646580585
bitcoin btc,phrase,4,1,5,51,41,7.8431372549019605,2.4390243902439024,5.4041128646580585
blackwell ai,phrase,4,1,5,51,41,7.8431372549019605,2.4390243902439024,5.4041128646580585
bookings,word,4,1,5,51,41,7.8431372549019605,2.4390243902439024,5.4041128646580585
boosted by,phrase,4,1,5,51,41,7.8431372549019605,2.4390243902439024,5.4041128646580585
bottom line,phrase,4,1,5,51,41,7.8431372549019605,2.4390243902439024,5.4041128646580585
bowl,word,4,1,5,51,41,7.8431372549019605,2.4390243902439024,5.4041128646580585
bros,word,4,1,5,51,41,7.8431372549019605,2.4390243902439024,5.4041128646580585
but analysts,phrase,4,1,5,51,41,7.8431372549019605,2.4390243902439024,5.4041128646580585
but investors,phrase,4,1,5,51,41,7.8431372549019605,2.4390243902439024,5.4041128646580585
by amazon,phrase,4,1,5,51,41,7.8431372549019605,2.4390243902439024,5.4041128646580585
by google,phrase,4,1,5,51,41,7.8431372549019605,2.4390243902439024,5.4041128646580585
by surging,phrase,4,1,5,51,41,7.8431372549019605,2.4390243902439024,5.4041128646580585
by year,phrase,4,1,5,51,41,7.8431372549019605,2.4390243902439024,5.4041128646580585
center sales,phrase,4,1,5,51,41,7.8431372549019605,2.4390243902439024,5.4041128646580585
chip boom,phrase,4,1,5,51,41,7.8431372549019605,2.4390243902439024,5.4041128646580585
chip that,phrase,4,1,5,51,41,7.8431372549019605,2.4390243902439024,5.4041128646580585
cited,word,4,1,5,51,41,7.8431372549019605,2.4390243902439024,5.4041128646580585
climate,word,4,1,5,51,41,7.8431372549019605,2.4390243902439024,5.4041128646580585
closed up,phrase,4,1,5,51,41,7.8431372549019605,2.4390243902439024,5.4041128646580585
cnbc's halftime,phrase,4,1,5,51,41,7.8431372549019605,2.4390243902439024,5.4041128646580585
collaborate on,phrase,4,1,5,51,41,7.8431372549019605,2.4390243902439024,5.4041128646580585
company could,phrase,4,1,5,51,41,7.8431372549019605,2.4390243902439024,5.4041128646580585
company's annual,phrase,4,1,5,51,41,7.8431372549019605,2.4390243902439024,5.4041128646580585
computer inc,phrase,4,1,5,51,41,7.8431372549019605,2.4390243902439024,5.4041128646580585
computer smci,phrase,4,1,5,51,41,7.8431372549019605,2.4390243902439024,5.4041128646580585
computing companies,phrase,4,1,5,51,41,7.8431372549019605,2.4390243902439024,5.4041128646580585
connects,word,4,1,5,51,41,7.8431372549019605,2.4390243902439024,5.4041128646580585
control of,phrase,4,1,5,51,41,7.8431372549019605,2.4390243902439024,5.4041128646580585
conversation with,phrase,4,1,5,51,41,7.8431372549019605,2.4390243902439024,5.4041128646580585
convertible,word,4,1,5,51,41,7.8431372549019605,2.4390243902439024,5.4041128646580585
costly,word,4,1,5,51,41,7.8431372549019605,2.4390243902439024,5.4041128646580585
cramer explains,phrase,4,1,5,51,41,7.8431372549019605,2.4390243902439024,5.4041128646580585
cramer talked,phrase,4,1,5,51,41,7.8431372549019605,2.4390243902439024,5.4041128646580585
crushing nvidia,phrase,4,1,5,51,41,7.8431372549019605,2.4390243902439024,5.4041128646580585
customs,word,4,1,5,51,41,7.8431372549019605,2.4390243902439024,5.4041128646580585
cyclical,word,4,1,5,51,41,7.8431372549019605,2.4390243902439024,5.4041128646580585
date and,phrase,4,1,5,51,41,7.8431372549019605,2.4390243902439024,5.4041128646580585
deepening ai,phrase,4,1,5,51,41,7.8431372549019605,2.4390243902439024,5.4041128646580585
deeply,word,4,1,5,51,41,7.8431372549019605,2.4390243902439024,5.4041128646580585
developing ai,phrase,4,1,5,51,41,7.8431372549019605,2.4390243902439024,5.4041128646580585
digital and,phrase,4,1,5,51,41,7.8431372549019605,2.4390243902439024,5.4041128646580585
discounted,word,4,1,5,51,41,7.8431372549019605,2.4390243902439024,5.4041128646580585
downgrading,word,4,1,5,51,41,7.8431372549019605,2.4390243902439024,5.4041128646580585
drove,word,4,1,5,51,41,7.8431372549019605,2.4390243902439024,5.4041128646580585
earned,word,4,1,5,51,41,7.8431372549019605,2.4390243902439024,5.4041128646580585
easily,word,4,1,5,51,41,7.8431372549019605,2.4390243902439024,5.4041128646580585
edge and,phrase,4,1,5,51,41,7.8431372549019605,2.4390243902439024,5.4041128646580585
edged higher,phrase,4,1,5,51,41,7.8431372549019605,2.4390243902439024,5.4041128646580585
effects,word,4,1,5,51,41,7.8431372549019605,2.4390243902439024,5.4041128646580585
embedding,word,4,1,5,51,41,7.8431372549019605,2.4390243902439024,5.4041128646580585
employee,word,4,1,5,51,41,7.8431372549019605,2.4390243902439024,5.4041128646580585
era of,phrase,4,1,5,51,41,7.8431372549019605,2.4390243902439024,5.4041128646580585
especially as,phrase,4,1,5,51,41,7.8431372549019605,2.4390243902439024,5.4041128646580585
etfs are,phrase,4,1,5,51,41,7.8431372549019605,2.4390243902439024,5.4041128646580585
ev maker,phrase,4,1,5,51,41,7.8431372549019605,2.4390243902439024,5.4041128646580585
exceeding,word,4,1,5,51,41,7.8431372549019605,2.4390243902439024,5.4041128646580585
fail,word,4,1,5,51,41,7.8431372549019605,2.4390243902439024,5.4041128646580585
fall in,phrase,4,1,5,51,41,7.8431372549019605,2.4390243902439024,5.4041128646580585
firefly,word,4,1,5,51,41,7.8431372549019605,2.4390243902439024,5.4041128646580585
follow suit,phrase,4,1,5,51,41,7.8431372549019605,2.4390243902439024,5.4041128646580585
for inference,phrase,4,1,5,51,41,7.8431372549019605,2.4390243902439024,5.4041128646580585
for optical,phrase,4,1,5,51,41,7.8431372549019605,2.4390243902439024,5.4041128646580585
for semiconductor,phrase,4,1,5,51,41,7.8431372549019605,2.4390243902439024,5.4041128646580585
forever,word,4,1,5,51,41,7.8431372549019605,2.4390243902439024,5.4041128646580585
from hyperscalers,phrase,4,1,5,51,41,7.8431372549019605,2.4390243902439024,5.4041128646580585
generation data,phrase,4,1,5,51,41,7.8431372549019605,2.4390243902439024,5.4041128646580585
going into,phrase,4,1,5,51,41,7.8431372549019605,2.4390243902439024,5.4041128646580585
googl goog,phrase,4,1,5,51,41,7.8431372549019605,2.4390243902439024,5.4041128646580585
growth momentum,phrase,4,1,5,51,41,7.8431372549019605,2.4390243902439024,5.4041128646580585
has invested,phrase,4,1,5,51,41,7.8431372549019605,2.4390243902439024,5.4041128646580585
has partnered,phrase,4,1,5,51,41,7.8431372549019605,2.4390243902439024,5.4041128646580585
has soared,phrase,4,1,5,51,41,7.8431372549019605,2.4390243902439024,5.4041128646580585
has turned,phrase,4,1,5,51,41,7.8431372549019605,2.4390243902439024,5.4041128646580585
hbm4 chips,phrase,4,1,5,51,41,7.8431372549019605,2.4390243902439024,5.4041128646580585
heavily on,phrase,4,1,5,51,41,7.8431372549019605,2.4390243902439024,5.4041128646580585
hill,word,4,1,5,51,41,7.8431372549019605,2.4390243902439024,5.4041128646580585
hold rating,phrase,4,1,5,51,41,7.8431372549019605,2.4390243902439024,5.4041128646580585
hopes to,phrase,4,1,5,51,41,7.8431372549019605,2.4390243902439024,5.4041128646580585
hormuz,word,4,1,5,51,41,7.8431372549019605,2.4390243902439024,5.4041128646580585
in amd,phrase,4,1,5,51,41,7.8431372549019605,2.4390243902439024,5.4041128646580585
in first,phrase,4,1,5,51,41,7.8431372549019605,2.4390243902439024,5.4041128646580585
in general,phrase,4,1,5,51,41,7.8431372549019605,2.4390243902439024,5.4041128646580585
in quantum,phrase,4,1,5,51,41,7.8431372549019605,2.4390243902439024,5.4041128646580585
inference in,phrase,4,1,5,51,41,7.8431372549019605,2.4390243902439024,5.4041128646580585
is booming,phrase,4,1,5,51,41,7.8431372549019605,2.4390243902439024,5.4041128646580585
is deepening,phrase,4,1,5,51,41,7.8431372549019605,2.4390243902439024,5.4041128646580585
is projected,phrase,4,1,5,51,41,7.8431372549019605,2.4390243902439024,5.4041128646580585
israeli,word,4,1,5,51,41,7.8431372549019605,2.4390243902439024,5.4041128646580585
jeff,word,4,1,5,51,41,7.8431372549019605,2.4390243902439024,5.4041128646580585
jeff bezos,phrase,4,1,5,51,41,7.8431372549019605,2.4390243902439024,5.4041128646580585
joe,word,4,1,5,51,41,7.8431372549019605,2.4390243902439024,5.4041128646580585
joint venture,phrase,4,1,5,51,41,7.8431372549019605,2.4390243902439024,5.4041128646580585
just covered,phrase,4,1,5,51,41,7.8431372549019605,2.4390243902439024,5.4041128646580585
lam,word,4,1,5,51,41,7.8431372549019605,2.4390243902439024,5.4041128646580585
land,word,4,1,5,51,41,7.8431372549019605,2.4390243902439024,5.4041128646580585
launches ai,phrase,4,1,5,51,41,7.8431372549019605,2.4390243902439024,5.4041128646580585
leaders to,phrase,4,1,5,51,41,7.8431372549019605,2.4390243902439024,5.4041128646580585
learned,word,4,1,5,51,41,7.8431372549019605,2.4390243902439024,5.4041128646580585
like amd,phrase,4,1,5,51,41,7.8431372549019605,2.4390243902439024,5.4041128646580585
live on,phrase,4,1,5,51,41,7.8431372549019605,2.4390243902439024,5.4041128646580585
losers,word,4,1,5,51,41,7.8431372549019605,2.4390243902439024,5.4041128646580585
made it,phrase,4,1,5,51,41,7.8431372549019605,2.4390243902439024,5.4041128646580585
making its,phrase,4,1,5,51,41,7.8431372549019605,2.4390243902439024,5.4041128646580585
market forecast,phrase,4,1,5,51,41,7.8431372549019605,2.4390243902439024,5.4041128646580585
market sell,phrase,4,1,5,51,41,7.8431372549019605,2.4390243902439024,5.4041128646580585
market summary,phrase,4,1,5,51,41,7.8431372549019605,2.4390243902439024,5.4041128646580585
match,word,4,1,5,51,41,7.8431372549019605,2.4390243902439024,5.4041128646580585
medical,word,4,1,5,51,41,7.8431372549019605,2.4390243902439024,5.4041128646580585
memory growth,phrase,4,1,5,51,41,7.8431372549019605,2.4390243902439024,5.4041128646580585
meta amazon,phrase,4,1,5,51,41,7.8431372549019605,2.4390243902439024,5.4041128646580585
meta as,phrase,4,1,5,51,41,7.8431372549019605,2.4390243902439024,5.4041128646580585
microsoft ai,phrase,4,1,5,51,41,7.8431372549019605,2.4390243902439024,5.4041128646580585
microsoft are,phrase,4,1,5,51,41,7.8431372549019605,2.4390243902439024,5.4041128646580585
mike,word,4,1,5,51,41,7.8431372549019605,2.4390243902439024,5.4041128646580585
mizuho,word,4,1,5,51,41,7.8431372549019605,2.4390243902439024,5.4041128646580585
module,word,4,1,5,51,41,7.8431372549019605,2.4390243902439024,5.4041128646580585
money to,phrase,4,1,5,51,41,7.8431372549019605,2.4390243902439024,5.4041128646580585
more bullish,phrase,4,1,5,51,41,7.8431372549019605,2.4390243902439024,5.4041128646580585
mu shares,phrase,4,1,5,51,41,7.8431372549019605,2.4390243902439024,5.4041128646580585
negotiating,word,4,1,5,51,41,7.8431372549019605,2.4390243902439024,5.4041128646580585
next era,phrase,4,1,5,51,41,7.8431372549019605,2.4390243902439024,5.4041128646580585
nobody,word,4,1,5,51,41,7.8431372549019605,2.4390243902439024,5.4041128646580585
not as,phrase,4,1,5,51,41,7.8431372549019605,2.4390243902439024,5.4041128646580585
not been,phrase,4,1,5,51,41,7.8431372549019605,2.4390243902439024,5.4041128646580585
notch,word,4,1,5,51,41,7.8431372549019605,2.4390243902439024,5.4041128646580585
noting,word,4,1,5,51,41,7.8431372549019605,2.4390243902439024,5.4041128646580585
nvda after,phrase,4,1,5,51,41,7.8431372549019605,2.4390243902439024,5.4041128646580585
nvda chips,phrase,4,1,5,51,41,7.8431372549019605,2.4390243902439024,5.4041128646580585
nvda was,phrase,4,1,5,51,41,7.8431372549019605,2.4390243902439024,5.4041128646580585
nvidia currently,phrase,4,1,5,51,41,7.8431372549019605,2.4390243902439024,5.4041128646580585
nvidia launches,phrase,4,1,5,51,41,7.8431372549019605,2.4390243902439024,5.4041128646580585
nvidia of,phrase,4,1,5,51,41,7.8431372549019605,2.4390243902439024,5.4041128646580585
nvidia partnerships,phrase,4,1,5,51,41,7.8431372549019605,2.4390243902439024,5.4041128646580585
nvidia's big,phrase,4,1,5,51,41,7.8431372549019605,2.4390243902439024,5.4041128646580585
nvidia's current,phrase,4,1,5,51,41,7.8431372549019605,2.4390243902439024,5.4041128646580585
of amazon,phrase,4,1,5,51,41,7.8431372549019605,2.4390243902439024,5.4041128646580585
officially,word,4,1,5,51,41,7.8431372549019605,2.4390243902439024,5.4041128646580585
on custom,phrase,4,1,5,51,41,7.8431372549019605,2.4390243902439024,5.4041128646580585
on google's,phrase,4,1,5,51,41,7.8431372549019605,2.4390243902439024,5.4041128646580585
on record,phrase,4,1,5,51,41,7.8431372549019605,2.4390243902439024,5.4041128646580585
one thing,phrase,4,1,5,51,41,7.8431372549019605,2.4390243902439024,5.4041128646580585
or palantir,phrase,4,1,5,51,41,7.8431372549019605,2.4390243902439024,5.4041128646580585
oracle nyse,phrase,4,1,5,51,41,7.8431372549019605,2.4390243902439024,5.4041128646580585
outage,word,4,1,5,51,41,7.8431372549019605,2.4390243902439024,5.4041128646580585
outpacing nvidia,phrase,4,1,5,51,41,7.8431372549019605,2.4390243902439024,5.4041128646580585
outshine,word,4,1,5,51,41,7.8431372549019605,2.4390243902439024,5.4041128646580585
own chips,phrase,4,1,5,51,41,7.8431372549019605,2.4390243902439024,5.4041128646580585
participated,word,4,1,5,51,41,7.8431372549019605,2.4390243902439024,5.4041128646580585
past six,phrase,4,1,5,51,41,7.8431372549019605,2.4390243902439024,5.4041128646580585
percent to,phrase,4,1,5,51,41,7.8431372549019605,2.4390243902439024,5.4041128646580585
performance per,phrase,4,1,5,51,41,7.8431372549019605,2.4390243902439024,5.4041128646580585
planet labs,phrase,4,1,5,51,41,7.8431372549019605,2.4390243902439024,5.4041128646580585
plunged,word,4,1,5,51,41,7.8431372549019605,2.4390243902439024,5.4041128646580585
plunging,word,4,1,5,51,41,7.8431372549019605,2.4390243902439024,5.4041128646580585
political,word,4,1,5,51,41,7.8431372549019605,2.4390243902439024,5.4041128646580585
portfolio invested,phrase,4,1,5,51,41,7.8431372549019605,2.4390243902439024,5.4041128646580585
prestigious,word,4,1,5,51,41,7.8431372549019605,2.4390243902439024,5.4041128646580585
price to,phrase,4,1,5,51,41,7.8431372549019605,2.4390243902439024,5.4041128646580585
profit margins,phrase,4,1,5,51,41,7.8431372549019605,2.4390243902439024,5.4041128646580585
profit of,phrase,4,1,5,51,41,7.8431372549019605,2.4390243902439024,5.4041128646580585
quantum ai,phrase,4,1,5,51,41,7.8431372549019605,2.4390243902439024,5.4041128646580585
quarterly profit,phrase,4,1,5,51,41,7.8431372549019605,2.4390243902439024,5.4041128646580585
raises questions,phrase,4,1,5,51,41,7.8431372549019605,2.4390243902439024,5.4041128646580585
rbc,word,4,1,5,51,41,7.8431372549019605,2.4390243902439024,5.4041128646580585
reacted,word,4,1,5,51,41,7.8431372549019605,2.4390243902439024,5.4041128646580585
regarding the,phrase,4,1,5,51,41,7.8431372549019605,2.4390243902439024,5.4041128646580585
regions,word,4,1,5,51,41,7.8431372549019605,2.4390243902439024,5.4041128646580585
report final,phrase,4,1,5,51,41,7.8431372549019605,2.4390243902439024,5.4041128646580585
researchandmarkets,word,4,1,5,51,41,7.8431372549019605,2.4390243902439024,5.4041128646580585
reuters the,phrase,4,1,5,51,41,7.8431372549019605,2.4390243902439024,5.4041128646580585
rivian,word,4,1,5,51,41,7.8431372549019605,2.4390243902439024,5.4041128646580585
rose as,phrase,4,1,5,51,41,7.8431372549019605,2.4390243902439024,5.4041128646580585
rose slightly,phrase,4,1,5,51,41,7.8431372549019605,2.4390243902439024,5.4041128646580585
round which,phrase,4,1,5,51,41,7.8431372549019605,2.4390243902439024,5.4041128646580585
sale to,phrase,4,1,5,51,41,7.8431372549019605,2.4390243902439024,5.4041128646580585
santa clara,phrase,4,1,5,51,41,7.8431372549019605,2.4390243902439024,5.4041128646580585
say about,phrase,4,1,5,51,41,7.8431372549019605,2.4390243902439024,5.4041128646580585
say nvidia,phrase,4,1,5,51,41,7.8431372549019605,2.4390243902439024,5.4041128646580585
selloff in,phrase,4,1,5,51,41,7.8431372549019605,2.4390243902439024,5.4041128646580585
semiconductor design,phrase,4,1,5,51,41,7.8431372549019605,2.4390243902439024,5.4041128646580585
serve robotics,phrase,4,1,5,51,41,7.8431372549019605,2.4390243902439024,5.4041128646580585
share from,phrase,4,1,5,51,41,7.8431372549019605,2.4390243902439024,5.4041128646580585
shares slide,phrase,4,1,5,51,41,7.8431372549019605,2.4390243902439024,5.4041128646580585
sharonai,word,4,1,5,51,41,7.8431372549019605,2.4390243902439024,5.4041128646580585
skeptics,word,4,1,5,51,41,7.8431372549019605,2.4390243902439024,5.4041128646580585
skilled,word,4,1,5,51,41,7.8431372549019605,2.4390243902439024,5.4041128646580585
skip,word,4,1,5,51,41,7.8431372549019605,2.4390243902439024,5.4041128646580585
slams,word,4,1,5,51,41,7.8431372549019605,2.4390243902439024,5.4041128646580585
smci is,phrase,4,1,5,51,41,7.8431372549019605,2.4390243902439024,5.4041128646580585
speak,word,4,1,5,51,41,7.8431372549019605,2.4390243902439024,5.4041128646580585
spotlights,word,4,1,5,51,41,7.8431372549019605,2.4390243902439024,5.4041128646580585
stage at,phrase,4,1,5,51,41,7.8431372549019605,2.4390243902439024,5.4041128646580585
stargate,word,4,1,5,51,41,7.8431372549019605,2.4390243902439024,5.4041128646580585
startups and,phrase,4,1,5,51,41,7.8431372549019605,2.4390243902439024,5.4041128646580585
stock dips,phrase,4,1,5,51,41,7.8431372549019605,2.4390243902439024,5.4041128646580585
stock trading,phrase,4,1,5,51,41,7.8431372549019605,2.4390243902439024,5.4041128646580585
straight session,phrase,4,1,5,51,41,7.8431372549019605,2.4390243902439024,5.4041128646580585
strategy with,phrase,4,1,5,51,41,7.8431372549019605,2.4390243902439024,5.4041128646580585
stumbles,word,4,1,5,51,41,7.8431372549019605,2.4390243902439024,5.4041128646580585
super bowl,phrase,4,1,5,51,41,7.8431372549019605,2.4390243902439024,5.4041128646580585
supply deal,phrase,4,1,5,51,41,7.8431372549019605,2.4390243902439024,5.4041128646580585
surge on,phrase,4,1,5,51,41,7.8431372549019605,2.4390243902439024,5.4041128646580585
sympathy,word,4,1,5,51,41,7.8431372549019605,2.4390243902439024,5.4041128646580585
talks about,phrase,4,1,5,51,41,7.8431372549019605,2.4390243902439024,5.4041128646580585
taps nvidia,phrase,4,1,5,51,41,7.8431372549019605,2.4390243902439024,5.4041128646580585
technology mrvl,phrase,4,1,5,51,41,7.8431372549019605,2.4390243902439024,5.4041128646580585
tesla rallied,phrase,4,1,5,51,41,7.8431372549019605,2.4390243902439024,5.4041128646580585
than two,phrase,4,1,5,51,41,7.8431372549019605,2.4390243902439024,5.4041128646580585
that spending,phrase,4,1,5,51,41,7.8431372549019605,2.4390243902439024,5.4041128646580585
the deals,phrase,4,1,5,51,41,7.8431372549019605,2.4390243902439024,5.4041128646580585
the search,phrase,4,1,5,51,41,7.8431372549019605,2.4390243902439024,5.4041128646580585
the series,phrase,4,1,5,51,41,7.8431372549019605,2.4390243902439024,5.4041128646580585
the shift,phrase,4,1,5,51,41,7.8431372549019605,2.4390243902439024,5.4041128646580585
the social,phrase,4,1,5,51,41,7.8431372549019605,2.4390243902439024,5.4041128646580585
this year's,phrase,4,1,5,51,41,7.8431372549019605,2.4390243902439024,5.4041128646580585
though the,phrase,4,1,5,51,41,7.8431372549019605,2.4390243902439024,5.4041128646580585
thursday following,phrase,4,1,5,51,41,7.8431372549019605,2.4390243902439024,5.4041128646580585
to ease,phrase,4,1,5,51,41,7.8431372549019605,2.4390243902439024,5.4041128646580585
to researchandmarkets,phrase,4,1,5,51,41,7.8431372549019605,2.4390243902439024,5.4041128646580585
to set,phrase,4,1,5,51,41,7.8431372549019605,2.4390243902439024,5.4041128646580585
told investors,phrase,4,1,5,51,41,7.8431372549019605,2.4390243902439024,5.4041128646580585
top picks,phrase,4,1,5,51,41,7.8431372549019605,2.4390243902439024,5.4041128646580585
total of,phrase,4,1,5,51,41,7.8431372549019605,2.4390243902439024,5.4041128646580585
trading tuesday,phrase,4,1,5,51,41,7.8431372549019605,2.4390243902439024,5.4041128646580585
transport,word,4,1,5,51,41,7.8431372549019605,2.4390243902439024,5.4041128646580585
treasury,word,4,1,5,51,41,7.8431372549019605,2.4390243902439024,5.4041128646580585
trump admin,phrase,4,1,5,51,41,7.8431372549019605,2.4390243902439024,5.4041128646580585
tuesday but,phrase,4,1,5,51,41,7.8431372549019605,2.4390243902439024,5.4041128646580585
upward,word,4,1,5,51,41,7.8431372549019605,2.4390243902439024,5.4041128646580585
vertically,word,4,1,5,51,41,7.8431372549019605,2.4390243902439024,5.4041128646580585
vertically integrated,phrase,4,1,5,51,41,7.8431372549019605,2.4390243902439024,5.4041128646580585
very large,phrase,4,1,5,51,41,7.8431372549019605,2.4390243902439024,5.4041128646580585
view of,phrase,4,1,5,51,41,7.8431372549019605,2.4390243902439024,5.4041128646580585
viewed,word,4,1,5,51,41,7.8431372549019605,2.4390243902439024,5.4041128646580585
warner bros,phrase,4,1,5,51,41,7.8431372549019605,2.4390243902439024,5.4041128646580585
way for,phrase,4,1,5,51,41,7.8431372549019605,2.4390243902439024,5.4041128646580585
weekly review,phrase,4,1,5,51,41,7.8431372549019605,2.4390243902439024,5.4041128646580585
weeks of,phrase,4,1,5,51,41,7.8431372549019605,2.4390243902439024,5.4041128646580585
why ai,phrase,4,1,5,51,41,7.8431372549019605,2.4390243902439024,5.4041128646580585
will close,phrase,4,1,5,51,41,7.8431372549019605,2.4390243902439024,5.4041128646580585
will support,phrase,4,1,5,51,41,7.8431372549019605,2.4390243902439024,5.4041128646580585
year multi,phrase,4,1,5,51,41,7.8431372549019605,2.4390243902439024,5.4041128646580585
it's,word,45,34,79,51,41,88.23529411764706,82.92682926829268,5.308464849354378
rises,word,35,26,61,51,41,68.62745098039215,63.41463414634146,5.2128168340506935
as investors,phrase,30,22,52,51,41,58.8235294117647,53.65853658536585,5.164992826398851
coverage,word,30,22,52,51,41,58.8235294117647,53.65853658536585,5.164992826398851
expand,word,30,22,52,51,41,58.8235294117647,53.65853658536585,5.164992826398851
position,word,30,22,52,51,41,58.8235294117647,53.65853658536585,5.164992826398851
price target,phrase,30,22,52,51,41,58.8235294117647,53.65853658536585,5.164992826398851
workloads,word,30,22,52,51,41,58.8235294117647,53.65853658536585,5.164992826398851
buy now,phrase,25,18,43,51,41,49.01960784313726,43.90243902439025,5.117168818747009
expands,word,25,18,43,51,41,49.01960784313726,43.90243902439025,5.117168818747009
surges,word,25,18,43,51,41,49.01960784313726,43.90243902439025,5.117168818747009
discover,word,20,14,34,51,41,39.21568627450981,34.146341463414636,5.069344811095167
jump,word,20,14,34,51,41,39.21568627450981,34.146341463414636,5.069344811095167
training,word,20,14,34,51,41,39.21568627450981,34.146341463414636,5.069344811095167
accelerators,word,15,10,25,51,41,29.41176470588235,24.390243902439025,5.02152080344333
cutting,word,15,10,25,51,41,29.41176470588235,24.390243902439025,5.02152080344333
designer,word,15,10,25,51,41,29.41176470588235,24.390243902439025,5.02152080344333
gen,word,15,10,25,51,41,29.41176470588235,24.390243902439025,5.02152080344333
nvda ceo,phrase,15,10,25,51,41,29.41176470588235,24.390243902439025,5.02152080344333
previous,word,15,10,25,51,41,29.41176470588235,24.390243902439025,5.02152080344333
shares in,phrase,15,10,25,51,41,29.41176470588235,24.390243902439025,5.02152080344333
stake in,phrase,15,10,25,51,41,29.41176470588235,24.390243902439025,5.02152080344333
advanced packaging,phrase,10,6,16,51,41,19.607843137254903,14.634146341463415,4.973696795791488
ban,word,10,6,16,51,41,19.607843137254903,14.634146341463415,4.973696795791488
battle,word,10,6,16,51,41,19.607843137254903,14.634146341463415,4.973696795791488
bloomberg's,word,10,6,16,51,41,19.607843137254903,14.634146341463415,4.973696795791488
calling,word,10,6,16,51,41,19.607843137254903,14.634146341463415,4.973696795791488
companies in,phrase,10,6,16,51,41,19.607843137254903,14.634146341463415,4.973696795791488
downgrade,word,10,6,16,51,41,19.607843137254903,14.634146341463415,4.973696795791488
eps,word,10,6,16,51,41,19.607843137254903,14.634146341463415,4.973696795791488
exports to,phrase,10,6,16,51,41,19.607843137254903,14.634146341463415,4.973696795791488
follow,word,10,6,16,51,41,19.607843137254903,14.634146341463415,4.973696795791488
gains in,phrase,10,6,16,51,41,19.607843137254903,14.634146341463415,4.973696795791488
infrastructure with,phrase,10,6,16,51,41,19.607843137254903,14.634146341463415,4.973696795791488
its price,phrase,10,6,16,51,41,19.607843137254903,14.634146341463415,4.973696795791488
major ai,phrase,10,6,16,51,41,19.607843137254903,14.634146341463415,4.973696795791488
may not,phrase,10,6,16,51,41,19.607843137254903,14.634146341463415,4.973696795791488
next week,phrase,10,6,16,51,41,19.607843137254903,14.634146341463415,4.973696795791488
priced,word,10,6,16,51,41,19.607843137254903,14.634146341463415,4.973696795791488
purpose,word,10,6,16,51,41,19.607843137254903,14.634146341463415,4.973696795791488
pushes,word,10,6,16,51,41,19.607843137254903,14.634146341463415,4.973696795791488
quarter of,phrase,10,6,16,51,41,19.607843137254903,14.634146341463415,4.973696795791488
talks with,phrase,10,6,16,51,41,19.607843137254903,14.634146341463415,4.973696795791488
the price,phrase,10,6,16,51,41,19.607843137254903,14.634146341463415,4.973696795791488
traditional,word,10,6,16,51,41,19.607843137254903,14.634146341463415,4.973696795791488
valuable company,phrase,10,6,16,51,41,19.607843137254903,14.634146341463415,4.973696795791488
with amd,phrase,10,6,16,51,41,19.607843137254903,14.634146341463415,4.973696795791488
you're,word,10,6,16,51,41,19.607843137254903,14.634146341463415,4.973696795791488
5g,word,5,2,7,51,41,9.803921568627452,4.878048780487805,4.925872788139646
accelerators and,phrase,5,2,7,51,41,9.803921568627452,4.878048780487805,4.925872788139646
advance ai,phrase,5,2,7,51,41,9.803921568627452,4.878048780487805,4.925872788139646
affect,word,5,2,7,51,41,9.803921568627452,4.878048780487805,4.925872788139646
ai centric,phrase,5,2,7,51,41,9.803921568627452,4.878048780487805,4.925872788139646
ai darling,phrase,5,2,7,51,41,9.803921568627452,4.878048780487805,4.925872788139646
ai leaders,phrase,5,2,7,51,41,9.803921568627452,4.878048780487805,4.925872788139646
ai names,phrase,5,2,7,51,41,9.803921568627452,4.878048780487805,4.925872788139646
ai space,phrase,5,2,7,51,41,9.803921568627452,4.878048780487805,4.925872788139646
ai tech,phrase,5,2,7,51,41,9.803921568627452,4.878048780487805,4.925872788139646
allegedly,word,5,2,7,51,41,9.803921568627452,4.878048780487805,4.925872788139646
alongside the,phrase,5,2,7,51,41,9.803921568627452,4.878048780487805,4.925872788139646
an exclusive,phrase,5,2,7,51,41,9.803921568627452,4.878048780487805,4.925872788139646
an impressive,phrase,5,2,7,51,41,9.803921568627452,4.878048780487805,4.925872788139646
and beijing,phrase,5,2,7,51,41,9.803921568627452,4.878048780487805,4.925872788139646
and deployment,phrase,5,2,7,51,41,9.803921568627452,4.878048780487805,4.925872788139646
and edge,phrase,5,2,7,51,41,9.803921568627452,4.878048780487805,4.925872788139646
and energy,phrase,5,2,7,51,41,9.803921568627452,4.878048780487805,4.925872788139646
are surging,phrase,5,2,7,51,41,9.803921568627452,4.878048780487805,4.925872788139646
ark invest,phrase,5,2,7,51,41,9.803921568627452,4.878048780487805,4.925872788139646
as analysts,phrase,5,2,7,51,41,9.803921568627452,4.878048780487805,4.925872788139646
as early,phrase,5,2,7,51,41,9.803921568627452,4.878048780487805,4.925872788139646
as investor,phrase,5,2,7,51,41,9.803921568627452,4.878048780487805,4.925872788139646
as meta,phrase,5,2,7,51,41,9.803921568627452,4.878048780487805,4.925872788139646
attractive valuation,phrase,5,2,7,51,41,9.803921568627452,4.878048780487805,4.925872788139646
barely,word,5,2,7,51,41,9.803921568627452,4.878048780487805,4.925872788139646
bit of,phrase,5,2,7,51,41,9.803921568627452,4.878048780487805,4.925872788139646
book,word,5,2,7,51,41,9.803921568627452,4.878048780487805,4.925872788139646
booming data,phrase,5,2,7,51,41,9.803921568627452,4.878048780487805,4.925872788139646
boss,word,5,2,7,51,41,9.803921568627452,4.878048780487805,4.925872788139646
bounce,word,5,2,7,51,41,9.803921568627452,4.878048780487805,4.925872788139646
broadcom nasdaqgs,phrase,5,2,7,51,41,9.803921568627452,4.878048780487805,4.925872788139646
ca,word,5,2,7,51,41,9.803921568627452,4.878048780487805,4.925872788139646
cadence design,phrase,5,2,7,51,41,9.803921568627452,4.878048780487805,4.925872788139646
cannot,word,5,2,7,51,41,9.803921568627452,4.878048780487805,4.925872788139646
center stage,phrase,5,2,7,51,41,9.803921568627452,4.878048780487805,4.925872788139646
chairman of,phrase,5,2,7,51,41,9.803921568627452,4.878048780487805,4.925872788139646
chinese president,phrase,5,2,7,51,41,9.803921568627452,4.878048780487805,4.925872788139646
cloud partner,phrase,5,2,7,51,41,9.803921568627452,4.878048780487805,4.925872788139646
combines,word,5,2,7,51,41,9.803921568627452,4.878048780487805,4.925872788139646
competition in,phrase,5,2,7,51,41,9.803921568627452,4.878048780487805,4.925872788139646
concerns that,phrase,5,2,7,51,41,9.803921568627452,4.878048780487805,4.925872788139646
consensus,word,5,2,7,51,41,9.803921568627452,4.878048780487805,4.925872788139646
contract chipmaker,phrase,5,2,7,51,41,9.803921568627452,4.878048780487805,4.925872788139646
country's,word,5,2,7,51,41,9.803921568627452,4.878048780487805,4.925872788139646
cramer's radar,phrase,5,2,7,51,41,9.803921568627452,4.878048780487805,4.925872788139646
delay,word,5,2,7,51,41,9.803921568627452,4.878048780487805,4.925872788139646
depot,word,5,2,7,51,41,9.803921568627452,4.878048780487805,4.925872788139646
design systems,phrase,5,2,7,51,41,9.803921568627452,4.878048780487805,4.925872788139646
digital twins,phrase,5,2,7,51,41,9.803921568627452,4.878048780487805,4.925872788139646
dominates,word,5,2,7,51,41,9.803921568627452,4.878048780487805,4.925872788139646
double digit,phrase,5,2,7,51,41,9.803921568627452,4.878048780487805,4.925872788139646
dragged,word,5,2,7,51,41,9.803921568627452,4.878048780487805,4.925872788139646
draw,word,5,2,7,51,41,9.803921568627452,4.878048780487805,4.925872788139646
early as,phrase,5,2,7,51,41,9.803921568627452,4.878048780487805,4.925872788139646
early tuesday,phrase,5,2,7,51,41,9.803921568627452,4.878048780487805,4.925872788139646
enhancing,word,5,2,7,51,41,9.803921568627452,4.878048780487805,4.925872788139646
ensure,word,5,2,7,51,41,9.803921568627452,4.878048780487805,4.925872788139646
exemplifies,word,5,2,7,51,41,9.803921568627452,4.878048780487805,4.925872788139646
exits,word,5,2,7,51,41,9.803921568627452,4.878048780487805,4.925872788139646
expanded partnership,phrase,5,2,7,51,41,9.803921568627452,4.878048780487805,4.925872788139646
extended its,phrase,5,2,7,51,41,9.803921568627452,4.878048780487805,4.925872788139646
ferr,word,5,2,7,51,41,9.803921568627452,4.878048780487805,4.925872788139646
flex,word,5,2,7,51,41,9.803921568627452,4.878048780487805,4.925872788139646
for amd,phrase,5,2,7,51,41,9.803921568627452,4.878048780487805,4.925872788139646
for one,phrase,5,2,7,51,41,9.803921568627452,4.878048780487805,4.925872788139646
forecast to,phrase,5,2,7,51,41,9.803921568627452,4.878048780487805,4.925872788139646
foundation model,phrase,5,2,7,51,41,9.803921568627452,4.878048780487805,4.925872788139646
gb300 nvl72,phrase,5,2,7,51,41,9.803921568627452,4.878048780487805,4.925872788139646
gigawatt scale,phrase,5,2,7,51,41,9.803921568627452,4.878048780487805,4.925872788139646
grace,word,5,2,7,51,41,9.803921568627452,4.878048780487805,4.925872788139646
has shifted,phrase,5,2,7,51,41,9.803921568627452,4.878048780487805,4.925872788139646
hbm supply,phrase,5,2,7,51,41,9.803921568627452,4.878048780487805,4.925872788139646
hbm4 memory,phrase,5,2,7,51,41,9.803921568627452,4.878048780487805,4.925872788139646
headed,word,5,2,7,51,41,9.803921568627452,4.878048780487805,4.925872788139646
hedge funds,phrase,5,2,7,51,41,9.803921568627452,4.878048780487805,4.925872788139646
hidden,word,5,2,7,51,41,9.803921568627452,4.878048780487805,4.925872788139646
highlights the,phrase,5,2,7,51,41,9.803921568627452,4.878048780487805,4.925872788139646
home depot,phrase,5,2,7,51,41,9.803921568627452,4.878048780487805,4.925872788139646
hurdles,word,5,2,7,51,41,9.803921568627452,4.878048780487805,4.925872788139646
hybrid,word,5,2,7,51,41,9.803921568627452,4.878048780487805,4.925872788139646
i've,word,5,2,7,51,41,9.803921568627452,4.878048780487805,4.925872788139646
in one,phrase,5,2,7,51,41,9.803921568627452,4.878048780487805,4.925872788139646
ines,word,5,2,7,51,41,9.803921568627452,4.878048780487805,4.925872788139646
ines ferr,phrase,5,2,7,51,41,9.803921568627452,4.878048780487805,4.925872788139646
infrastructure demand,phrase,5,2,7,51,41,9.803921568627452,4.878048780487805,4.925872788139646
infrastructure today,phrase,5,2,7,51,41,9.803921568627452,4.878048780487805,4.925872788139646
intel has,phrase,5,2,7,51,41,9.803921568627452,4.878048780487805,4.925872788139646
intelligence hardware,phrase,5,2,7,51,41,9.803921568627452,4.878048780487805,4.925872788139646
investment story,phrase,5,2,7,51,41,9.803921568627452,4.878048780487805,4.925872788139646
investor interest,phrase,5,2,7,51,41,9.803921568627452,4.878048780487805,4.925872788139646
investor this,phrase,5,2,7,51,41,9.803921568627452,4.878048780487805,4.925872788139646
investors and,phrase,5,2,7,51,41,9.803921568627452,4.878048780487805,4.925872788139646
investors may,phrase,5,2,7,51,41,9.803921568627452,4.878048780487805,4.925872788139646
its custom,phrase,5,2,7,51,41,9.803921568627452,4.878048780487805,4.925872788139646
james,word,5,2,7,51,41,9.803921568627452,4.878048780487805,4.925872788139646
latest news,phrase,5,2,7,51,41,9.803921568627452,4.878048780487805,4.925872788139646
lip,word,5,2,7,51,41,9.803921568627452,4.878048780487805,4.925872788139646
liquid cooling,phrase,5,2,7,51,41,9.803921568627452,4.878048780487805,4.925872788139646
lite,word,5,2,7,51,41,9.803921568627452,4.878048780487805,4.925872788139646
lows,word,5,2,7,51,41,9.803921568627452,4.878048780487805,4.925872788139646
made the,phrase,5,2,7,51,41,9.803921568627452,4.878048780487805,4.925872788139646
management and,phrase,5,2,7,51,41,9.803921568627452,4.878048780487805,4.925872788139646
metals,word,5,2,7,51,41,9.803921568627452,4.878048780487805,4.925872788139646
metric,word,5,2,7,51,41,9.803921568627452,4.878048780487805,4.925872788139646
microsoft google,phrase,5,2,7,51,41,9.803921568627452,4.878048780487805,4.925872788139646
might not,phrase,5,2,7,51,41,9.803921568627452,4.878048780487805,4.925872788139646
new funding,phrase,5,2,7,51,41,9.803921568627452,4.878048780487805,4.925872788139646
news from,phrase,5,2,7,51,41,9.803921568627452,4.878048780487805,4.925872788139646
nvda stands,phrase,5,2,7,51,41,9.803921568627452,4.878048780487805,4.925872788139646
nvidia exemplifies,phrase,5,2,7,51,41,9.803921568627452,4.878048780487805,4.925872788139646
nvidia graphics,phrase,5,2,7,51,41,9.803921568627452,4.878048780487805,4.925872788139646
nvidia nemotron,phrase,5,2,7,51,41,9.803921568627452,4.878048780487805,4.925872788139646
nvidia shareholders,phrase,5,2,7,51,41,9.803921568627452,4.878048780487805,4.925872788139646
nvlink,word,5,2,7,51,41,9.803921568627452,4.878048780487805,4.925872788139646
obvious,word,5,2,7,51,41,9.803921568627452,4.878048780487805,4.925872788139646
of industrial,phrase,5,2,7,51,41,9.803921568627452,4.878048780487805,4.925872788139646
on high,phrase,5,2,7,51,41,9.803921568627452,4.878048780487805,4.925872788139646
operates,word,5,2,7,51,41,9.803921568627452,4.878048780487805,4.925872788139646
outlooks,word,5,2,7,51,41,9.803921568627452,4.878048780487805,4.925872788139646
placed,word,5,2,7,51,41,9.803921568627452,4.878048780487805,4.925872788139646
prediction markets,phrase,5,2,7,51,41,9.803921568627452,4.878048780487805,4.925872788139646
preferred,word,5,2,7,51,41,9.803921568627452,4.878048780487805,4.925872788139646
presented,word,5,2,7,51,41,9.803921568627452,4.878048780487805,4.925872788139646
president xi,phrase,5,2,7,51,41,9.803921568627452,4.878048780487805,4.925872788139646
profit from,phrase,5,2,7,51,41,9.803921568627452,4.878048780487805,4.925872788139646
projected to,phrase,5,2,7,51,41,9.803921568627452,4.878048780487805,4.925872788139646
rallying,word,5,2,7,51,41,9.803921568627452,4.878048780487805,4.925872788139646
regain,word,5,2,7,51,41,9.803921568627452,4.878048780487805,4.925872788139646
rigetti,word,5,2,7,51,41,9.803921568627452,4.878048780487805,4.925872788139646
round that,phrase,5,2,7,51,41,9.803921568627452,4.878048780487805,4.925872788139646
said it's,phrase,5,2,7,51,41,9.803921568627452,4.878048780487805,4.925872788139646
samsung and,phrase,5,2,7,51,41,9.803921568627452,4.878048780487805,4.925872788139646
shares surge,phrase,5,2,7,51,41,9.803921568627452,4.878048780487805,4.925872788139646
shines,word,5,2,7,51,41,9.803921568627452,4.878048780487805,4.925872788139646
side,word,5,2,7,51,41,9.803921568627452,4.878048780487805,4.925872788139646
stellantis,word,5,2,7,51,41,9.803921568627452,4.878048780487805,4.925872788139646
stocks including,phrase,5,2,7,51,41,9.803921568627452,4.878048780487805,4.925872788139646
suggested,word,5,2,7,51,41,9.803921568627452,4.878048780487805,4.925872788139646
teams with,phrase,5,2,7,51,41,9.803921568627452,4.878048780487805,4.925872788139646
technology for,phrase,5,2,7,51,41,9.803921568627452,4.878048780487805,4.925872788139646
term revenue,phrase,5,2,7,51,41,9.803921568627452,4.878048780487805,4.925872788139646
tesla were,phrase,5,2,7,51,41,9.803921568627452,4.878048780487805,4.925872788139646
that alphabet,phrase,5,2,7,51,41,9.803921568627452,4.878048780487805,4.925872788139646
the people,phrase,5,2,7,51,41,9.803921568627452,4.878048780487805,4.925872788139646
the sustainability,phrase,5,2,7,51,41,9.803921568627452,4.878048780487805,4.925872788139646
thursday it,phrase,5,2,7,51,41,9.803921568627452,4.878048780487805,4.925872788139646
to announce,phrase,5,2,7,51,41,9.803921568627452,4.878048780487805,4.925872788139646
to fast,phrase,5,2,7,51,41,9.803921568627452,4.878048780487805,4.925872788139646
to produce,phrase,5,2,7,51,41,9.803921568627452,4.878048780487805,4.925872788139646
to purchase,phrase,5,2,7,51,41,9.803921568627452,4.878048780487805,4.925872788139646
trading monday,phrase,5,2,7,51,41,9.803921568627452,4.878048780487805,4.925872788139646
transaction,word,5,2,7,51,41,9.803921568627452,4.878048780487805,4.925872788139646
tripled,word,5,2,7,51,41,9.803921568627452,4.878048780487805,4.925872788139646
tsmc and,phrase,5,2,7,51,41,9.803921568627452,4.878048780487805,4.925872788139646
two years,phrase,5,2,7,51,41,9.803921568627452,4.878048780487805,4.925872788139646
upside in,phrase,5,2,7,51,41,9.803921568627452,4.878048780487805,4.925872788139646
vc,word,5,2,7,51,41,9.803921568627452,4.878048780487805,4.925872788139646
vote of,phrase,5,2,7,51,41,9.803921568627452,4.878048780487805,4.925872788139646
war in,phrase,5,2,7,51,41,9.803921568627452,4.878048780487805,4.925872788139646
was gaining,phrase,5,2,7,51,41,9.803921568627452,4.878048780487805,4.925872788139646
washington and,phrase,5,2,7,51,41,9.803921568627452,4.878048780487805,4.925872788139646
were not,phrase,5,2,7,51,41,9.803921568627452,4.878048780487805,4.925872788139646
winning streak,phrase,5,2,7,51,41,9.803921568627452,4.878048780487805,4.925872788139646
worth more,phrase,5,2,7,51,41,9.803921568627452,4.878048780487805,4.925872788139646
shares,word,51,39,90,51,41,100.0,95.1219512195122,4.878048780487809
meta,word,46,35,81,51,41,90.19607843137256,85.36585365853658,4.830224772835967
capacity,word,36,27,63,51,41,70.58823529411765,65.85365853658537,4.734576757532283
fell,word,31,23,54,51,41,60.78431372549019,56.09756097560975,4.68675274988043
production,word,31,23,54,51,41,60.78431372549019,56.09756097560975,4.68675274988043
deal with,phrase,26,19,45,51,41,50.98039215686274,46.34146341463415,4.638928742228593
opportunity,word,26,19,45,51,41,50.98039215686274,46.34146341463415,4.638928742228593
say,word,26,19,45,51,41,50.98039215686274,46.34146341463415,4.638928742228593
thursday,word,26,19,45,51,41,50.98039215686274,46.34146341463415,4.638928742228593
accelerating,word,21,15,36,51,41,41.1764705882353,36.58536585365854,4.591104734576756
good,word,21,15,36,51,41,41.1764705882353,36.58536585365854,4.591104734576756
others,word,21,15,36,51,41,41.1764705882353,36.58536585365854,4.591104734576756
the year,phrase,21,15,36,51,41,41.1764705882353,36.58536585365854,4.591104734576756
to expand,phrase,21,15,36,51,41,41.1764705882353,36.58536585365854,4.591104734576756
work,word,21,15,36,51,41,41.1764705882353,36.58536585365854,4.591104734576756
billion to,phrase,16,11,27,51,41,31.372549019607842,26.829268292682926,4.543280726924914
board,word,16,11,27,51,41,31.372549019607842,26.829268292682926,4.543280726924914
forward,word,16,11,27,51,41,31.372549019607842,26.829268292682926,4.543280726924914
history,word,16,11,27,51,41,31.372549019607842,26.829268292682926,4.543280726924914
labs,word,16,11,27,51,41,31.372549019607842,26.829268292682926,4.543280726924914
news for,phrase,16,11,27,51,41,31.372549019607842,26.829268292682926,4.543280726924914
oil,word,16,11,27,51,41,31.372549019607842,26.829268292682926,4.543280726924914
pay,word,16,11,27,51,41,31.372549019607842,26.829268292682926,4.543280726924914
spend,word,16,11,27,51,41,31.372549019607842,26.829268292682926,4.543280726924914
today's,word,16,11,27,51,41,31.372549019607842,26.829268292682926,4.543280726924914
ai accelerators,phrase,11,7,18,51,41,21.568627450980394,17.073170731707318,4.495456719273075
ai servers,phrase,11,7,18,51,41,21.568627450980394,17.073170731707318,4.495456719273075
and investors,phrase,11,7,18,51,41,21.568627450980394,17.073170731707318,4.495456719273075
applied,word,11,7,18,51,41,21.568627450980394,17.073170731707318,4.495456719273075
billion for,phrase,11,7,18,51,41,21.568627450980394,17.073170731707318,4.495456719273075
capacity and,phrase,11,7,18,51,41,21.568627450980394,17.073170731707318,4.495456719273075
claims,word,11,7,18,51,41,21.568627450980394,17.073170731707318,4.495456719273075
cramer's,word,11,7,18,51,41,21.568627450980394,17.073170731707318,4.495456719273075
delivering,word,11,7,18,51,41,21.568627450980394,17.073170731707318,4.495456719273075
enough,word,11,7,18,51,41,21.568627450980394,17.073170731707318,4.495456719273075
follows,word,11,7,18,51,41,21.568627450980394,17.073170731707318,4.495456719273075
highly,word,11,7,18,51,41,21.568627450980394,17.073170731707318,4.495456719273075
iran war,phrase,11,7,18,51,41,21.568627450980394,17.073170731707318,4.495456719273075
it comes,phrase,11,7,18,51,41,21.568627450980394,17.073170731707318,4.495456719273075
makers,word,11,7,18,51,41,21.568627450980394,17.073170731707318,4.495456719273075
market catalysts,phrase,11,7,18,51,41,21.568627450980394,17.073170731707318,4.495456719273075
nvidia alphabet,phrase,11,7,18,51,41,21.568627450980394,17.073170731707318,4.495456719273075
nvidia faces,phrase,11,7,18,51,41,21.568627450980394,17.073170731707318,4.495456719273075
past year,phrase,11,7,18,51,41,21.568627450980394,17.073170731707318,4.495456719273075
read more,phrase,11,7,18,51,41,21.568627450980394,17.073170731707318,4.495456719273075
received,word,11,7,18,51,41,21.568627450980394,17.073170731707318,4.495456719273075
reporter,word,11,7,18,51,41,21.568627450980394,17.073170731707318,4.495456719273075
surprise,word,11,7,18,51,41,21.568627450980394,17.073170731707318,4.495456719273075
ubs,word,11,7,18,51,41,21.568627450980394,17.073170731707318,4.495456719273075
updates,word,11,7,18,51,41,21.568627450980394,17.073170731707318,4.495456719273075
with new,phrase,11,7,18,51,41,21.568627450980394,17.073170731707318,4.495456719273075
active,word,6,3,9,51,41,11.764705882352942,7.317073170731708,4.447632711621234
adjusted,word,6,3,9,51,41,11.764705882352942,7.317073170731708,4.447632711621234
ai competition,phrase,6,3,9,51,41,11.764705882352942,7.317073170731708,4.447632711621234
ai industry,phrase,6,3,9,51,41,11.764705882352942,7.317073170731708,4.447632711621234
and margins,phrase,6,3,9,51,41,11.764705882352942,7.317073170731708,4.447632711621234
and market,phrase,6,3,9,51,41,11.764705882352942,7.317073170731708,4.447632711621234
as companies,phrase,6,3,9,51,41,11.764705882352942,7.317073170731708,4.447632711621234
avgo and,phrase,6,3,9,51,41,11.764705882352942,7.317073170731708,4.447632711621234
bridge,word,6,3,9,51,41,11.764705882352942,7.317073170731708,4.447632711621234
business and,phrase,6,3,9,51,41,11.764705882352942,7.317073170731708,4.447632711621234
buy according,phrase,6,3,9,51,41,11.764705882352942,7.317073170731708,4.447632711621234
buying the,phrase,6,3,9,51,41,11.764705882352942,7.317073170731708,4.447632711621234
cagr,word,6,3,9,51,41,11.764705882352942,7.317073170731708,4.447632711621234
centers for,phrase,6,3,9,51,41,11.764705882352942,7.317073170731708,4.447632711621234
combination,word,6,3,9,51,41,11.764705882352942,7.317073170731708,4.447632711621234
comeback,word,6,3,9,51,41,11.764705882352942,7.317073170731708,4.447632711621234
committing,word,6,3,9,51,41,11.764705882352942,7.317073170731708,4.447632711621234
computers,word,6,3,9,51,41,11.764705882352942,7.317073170731708,4.447632711621234
cooled,word,6,3,9,51,41,11.764705882352942,7.317073170731708,4.447632711621234
could not,phrase,6,3,9,51,41,11.764705882352942,7.317073170731708,4.447632711621234
data processing,phrase,6,3,9,51,41,11.764705882352942,7.317073170731708,4.447632711621234
day moving,phrase,6,3,9,51,41,11.764705882352942,7.317073170731708,4.447632711621234
decades,word,6,3,9,51,41,11.764705882352942,7.317073170731708,4.447632711621234
decisions,word,6,3,9,51,41,11.764705882352942,7.317073170731708,4.447632711621234
deployed,word,6,3,9,51,41,11.764705882352942,7.317073170731708,4.447632711621234
drawing,word,6,3,9,51,41,11.764705882352942,7.317073170731708,4.447632711621234
effective,word,6,3,9,51,41,11.764705882352942,7.317073170731708,4.447632711621234
emerged,word,6,3,9,51,41,11.764705882352942,7.317073170731708,4.447632711621234
far in,phrase,6,3,9,51,41,11.764705882352942,7.317073170731708,4.447632711621234
fastest growing,phrase,6,3,9,51,41,11.764705882352942,7.317073170731708,4.447632711621234
fell on,phrase,6,3,9,51,41,11.764705882352942,7.317073170731708,4.447632711621234
force,word,6,3,9,51,41,11.764705882352942,7.317073170731708,4.447632711621234
future ai,phrase,6,3,9,51,41,11.764705882352942,7.317073170731708,4.447632711621234
generations,word,6,3,9,51,41,11.764705882352942,7.317073170731708,4.447632711621234
giants like,phrase,6,3,9,51,41,11.764705882352942,7.317073170731708,4.447632711621234
gtc conference,phrase,6,3,9,51,41,11.764705882352942,7.317073170731708,4.447632711621234
immediately respond,phrase,6,3,9,51,41,11.764705882352942,7.317073170731708,4.447632711621234
impact of,phrase,6,3,9,51,41,11.764705882352942,7.317073170731708,4.447632711621234
in april,phrase,6,3,9,51,41,11.764705882352942,7.317073170731708,4.447632711621234
in partnership,phrase,6,3,9,51,41,11.764705882352942,7.317073170731708,4.447632711621234
jan,word,6,3,9,51,41,11.764705882352942,7.317073170731708,4.447632711621234
japanese,word,6,3,9,51,41,11.764705882352942,7.317073170731708,4.447632711621234
join nvidia,phrase,6,3,9,51,41,11.764705882352942,7.317073170731708,4.447632711621234
key level,phrase,6,3,9,51,41,11.764705882352942,7.317073170731708,4.447632711621234
las,word,6,3,9,51,41,11.764705882352942,7.317073170731708,4.447632711621234
leadership in,phrase,6,3,9,51,41,11.764705882352942,7.317073170731708,4.447632711621234
lease,word,6,3,9,51,41,11.764705882352942,7.317073170731708,4.447632711621234
losing streak,phrase,6,3,9,51,41,11.764705882352942,7.317073170731708,4.447632711621234
manufacturers,word,6,3,9,51,41,11.764705882352942,7.317073170731708,4.447632711621234
market rally,phrase,6,3,9,51,41,11.764705882352942,7.317073170731708,4.447632711621234
member,word,6,3,9,51,41,11.764705882352942,7.317073170731708,4.447632711621234
mentioned,word,6,3,9,51,41,11.764705882352942,7.317073170731708,4.447632711621234
models to,phrase,6,3,9,51,41,11.764705882352942,7.317073170731708,4.447632711621234
networks and,phrase,6,3,9,51,41,11.764705882352942,7.317073170731708,4.447632711621234
notes,word,6,3,9,51,41,11.764705882352942,7.317073170731708,4.447632711621234
on december,phrase,6,3,9,51,41,11.764705882352942,7.317073170731708,4.447632711621234
or hold,phrase,6,3,9,51,41,11.764705882352942,7.317073170731708,4.447632711621234
pharma,word,6,3,9,51,41,11.764705882352942,7.317073170731708,4.447632711621234
player in,phrase,6,3,9,51,41,11.764705882352942,7.317073170731708,4.447632711621234
precision,word,6,3,9,51,41,11.764705882352942,7.317073170731708,4.447632711621234
production capacity,phrase,6,3,9,51,41,11.764705882352942,7.317073170731708,4.447632711621234
raised the,phrase,6,3,9,51,41,11.764705882352942,7.317073170731708,4.447632711621234
retailer,word,6,3,9,51,41,11.764705882352942,7.317073170731708,4.447632711621234
round of,phrase,6,3,9,51,41,11.764705882352942,7.317073170731708,4.447632711621234
seagate,word,6,3,9,51,41,11.764705882352942,7.317073170731708,4.447632711621234
shanghai,word,6,3,9,51,41,11.764705882352942,7.317073170731708,4.447632711621234
should investors,phrase,6,3,9,51,41,11.764705882352942,7.317073170731708,4.447632711621234
sign of,phrase,6,3,9,51,41,11.764705882352942,7.317073170731708,4.447632711621234
silicon and,phrase,6,3,9,51,41,11.764705882352942,7.317073170731708,4.447632711621234
smuggling,word,6,3,9,51,41,11.764705882352942,7.317073170731708,4.447632711621234
stocks as,phrase,6,3,9,51,41,11.764705882352942,7.317073170731708,4.447632711621234
stocks for,phrase,6,3,9,51,41,11.764705882352942,7.317073170731708,4.447632711621234
struck,word,6,3,9,51,41,11.764705882352942,7.317073170731708,4.447632711621234
subsidiary,word,6,3,9,51,41,11.764705882352942,7.317073170731708,4.447632711621234
tan,word,6,3,9,51,41,11.764705882352942,7.317073170731708,4.447632711621234
tested,word,6,3,9,51,41,11.764705882352942,7.317073170731708,4.447632711621234
the government,phrase,6,3,9,51,41,11.764705882352942,7.317073170731708,4.447632711621234
the mag,phrase,6,3,9,51,41,11.764705882352942,7.317073170731708,4.447632711621234
the red,phrase,6,3,9,51,41,11.764705882352942,7.317073170731708,4.447632711621234
tie up,phrase,6,3,9,51,41,11.764705882352942,7.317073170731708,4.447632711621234
tight supply,phrase,6,3,9,51,41,11.764705882352942,7.317073170731708,4.447632711621234
to break,phrase,6,3,9,51,41,11.764705882352942,7.317073170731708,4.447632711621234
to earnings,phrase,6,3,9,51,41,11.764705882352942,7.317073170731708,4.447632711621234
towards,word,6,3,9,51,41,11.764705882352942,7.317073170731708,4.447632711621234
use the,phrase,6,3,9,51,41,11.764705882352942,7.317073170731708,4.447632711621234
using nvidia,phrase,6,3,9,51,41,11.764705882352942,7.317073170731708,4.447632711621234
valuation as,phrase,6,3,9,51,41,11.764705882352942,7.317073170731708,4.447632711621234
what history,phrase,6,3,9,51,41,11.764705882352942,7.317073170731708,4.447632711621234
with advanced,phrase,6,3,9,51,41,11.764705882352942,7.317073170731708,4.447632711621234
years of,phrase,6,3,9,51,41,11.764705882352942,7.317073170731708,4.447632711621234
amazon,word,47,36,83,51,41,92.15686274509804,87.8048780487805,4.351984696317546
intel,word,37,28,65,51,41,72.54901960784314,68.29268292682927,4.256336681013861
investing,word,37,28,65,51,41,72.54901960784314,68.29268292682927,4.256336681013861
rising,word,37,28,65,51,41,72.54901960784314,68.29268292682927,4.256336681013861
this year,phrase,37,28,65,51,41,72.54901960784314,68.29268292682927,4.256336681013861
amd and,phrase,32,24,56,51,41,62.745098039215684,58.53658536585366,4.20851267336203
chief,word,27,20,47,51,41,52.94117647058823,48.78048780487805,4.160688665710188
china's,word,22,16,38,51,41,43.13725490196079,39.02439024390244,4.112864658058346
chip stocks,phrase,22,16,38,51,41,43.13725490196079,39.02439024390244,4.112864658058346
guidance,word,22,16,38,51,41,43.13725490196079,39.02439024390244,4.112864658058346
jones index,phrase,22,16,38,51,41,43.13725490196079,39.02439024390244,4.112864658058346
jumps,word,22,16,38,51,41,43.13725490196079,39.02439024390244,4.112864658058346
on thursday,phrase,22,16,38,51,41,43.13725490196079,39.02439024390244,4.112864658058346
the new,phrase,22,16,38,51,41,43.13725490196079,39.02439024390244,4.112864658058346
afternoon,word,17,12,29,51,41,33.333333333333336,29.26829268292683,4.0650406504065035
decade,word,17,12,29,51,41,33.333333333333336,29.26829268292683,4.0650406504065035
economic,word,17,12,29,51,41,33.333333333333336,29.26829268292683,4.0650406504065035
gaining,word,17,12,29,51,41,33.333333333333336,29.26829268292683,4.0650406504065035
goog,word,17,12,29,51,41,33.333333333333336,29.26829268292683,4.0650406504065035
is expected,phrase,17,12,29,51,41,33.333333333333336,29.26829268292683,4.0650406504065035
meta and,phrase,17,12,29,51,41,33.333333333333336,29.26829268292683,4.0650406504065035
meta's,word,17,12,29,51,41,33.333333333333336,29.26829268292683,4.0650406504065035
multi year,phrase,17,12,29,51,41,33.333333333333336,29.26829268292683,4.0650406504065035
players,word,17,12,29,51,41,33.333333333333336,29.26829268292683,4.0650406504065035
ready,word,17,12,29,51,41,33.333333333333336,29.26829268292683,4.0650406504065035
alibaba,word,12,8,20,51,41,23.529411764705884,19.51219512195122,4.017216642754661
at nvidia,phrase,12,8,20,51,41,23.529411764705884,19.51219512195122,4.017216642754661
based on,phrase,12,8,20,51,41,23.529411764705884,19.51219512195122,4.017216642754661
brings,word,12,8,20,51,41,23.529411764705884,19.51219512195122,4.017216642754661
center growth,phrase,12,8,20,51,41,23.529411764705884,19.51219512195122,4.017216642754661
centers and,phrase,12,8,20,51,41,23.529411764705884,19.51219512195122,4.017216642754661
deepening,word,12,8,20,51,41,23.529411764705884,19.51219512195122,4.017216642754661
elon musk,phrase,12,8,20,51,41,23.529411764705884,19.51219512195122,4.017216642754661
largely,word,12,8,20,51,41,23.529411764705884,19.51219512195122,4.017216642754661
looks to,phrase,12,8,20,51,41,23.529411764705884,19.51219512195122,4.017216642754661
mu is,phrase,12,8,20,51,41,23.529411764705884,19.51219512195122,4.017216642754661
phase,word,12,8,20,51,41,23.529411764705884,19.51219512195122,4.017216642754661
something,word,12,8,20,51,41,23.529411764705884,19.51219512195122,4.017216642754661
stock falls,phrase,12,8,20,51,41,23.529411764705884,19.51219512195122,4.017216642754661
suppliers,word,12,8,20,51,41,23.529411764705884,19.51219512195122,4.017216642754661
taken,word,12,8,20,51,41,23.529411764705884,19.51219512195122,4.017216642754661
thanks to,phrase,12,8,20,51,41,23.529411764705884,19.51219512195122,4.017216642754661
vision,word,12,8,20,51,41,23.529411764705884,19.51219512195122,4.017216642754661
13f,word,7,4,11,51,41,13.72549019607843,9.75609756097561,3.9693926351028224
all three,phrase,7,4,11,51,41,13.72549019607843,9.75609756097561,3.9693926351028224
allowing,word,7,4,11,51,41,13.72549019607843,9.75609756097561,3.9693926351028224
amzn and,phrase,7,4,11,51,41,13.72549019607843,9.75609756097561,3.9693926351028224
and digital,phrase,7,4,11,51,41,13.72549019607843,9.75609756097561,3.9693926351028224
apple's,word,7,4,11,51,41,13.72549019607843,9.75609756097561,3.9693926351028224
approval for,phrase,7,4,11,51,41,13.72549019607843,9.75609756097561,3.9693926351028224
arm holdings,phrase,7,4,11,51,41,13.72549019607843,9.75609756097561,3.9693926351028224
average and,phrase,7,4,11,51,41,13.72549019607843,9.75609756097561,3.9693926351028224
beyond nvidia,phrase,7,4,11,51,41,13.72549019607843,9.75609756097561,3.9693926351028224
buy in,phrase,7,4,11,51,41,13.72549019607843,9.75609756097561,3.9693926351028224
chip and,phrase,7,4,11,51,41,13.72549019607843,9.75609756097561,3.9693926351028224
chip startup,phrase,7,4,11,51,41,13.72549019607843,9.75609756097561,3.9693926351028224
chips will,phrase,7,4,11,51,41,13.72549019607843,9.75609756097561,3.9693926351028224
concern,word,7,4,11,51,41,13.72549019607843,9.75609756097561,3.9693926351028224
crushing,word,7,4,11,51,41,13.72549019607843,9.75609756097561,3.9693926351028224
driver,word,7,4,11,51,41,13.72549019607843,9.75609756097561,3.9693926351028224
drop in,phrase,7,4,11,51,41,13.72549019607843,9.75609756097561,3.9693926351028224
favor,word,7,4,11,51,41,13.72549019607843,9.75609756097561,3.9693926351028224
financial times,phrase,7,4,11,51,41,13.72549019607843,9.75609756097561,3.9693926351028224
fundamental,word,7,4,11,51,41,13.72549019607843,9.75609756097561,3.9693926351028224
in cloud,phrase,7,4,11,51,41,13.72549019607843,9.75609756097561,3.9693926351028224
in tech,phrase,7,4,11,51,41,13.72549019607843,9.75609756097561,3.9693926351028224
industry's,word,7,4,11,51,41,13.72549019607843,9.75609756097561,3.9693926351028224
is partnering,phrase,7,4,11,51,41,13.72549019607843,9.75609756097561,3.9693926351028224
it said,phrase,7,4,11,51,41,13.72549019607843,9.75609756097561,3.9693926351028224
laid,word,7,4,11,51,41,13.72549019607843,9.75609756097561,3.9693926351028224
lands,word,7,4,11,51,41,13.72549019607843,9.75609756097561,3.9693926351028224
ltd,word,7,4,11,51,41,13.72549019607843,9.75609756097561,3.9693926351028224
maintain,word,7,4,11,51,41,13.72549019607843,9.75609756097561,3.9693926351028224
microsoft to,phrase,7,4,11,51,41,13.72549019607843,9.75609756097561,3.9693926351028224
musk's,word,7,4,11,51,41,13.72549019607843,9.75609756097561,3.9693926351028224
next big,phrase,7,4,11,51,41,13.72549019607843,9.75609756097561,3.9693926351028224
not immediately,phrase,7,4,11,51,41,13.72549019607843,9.75609756097561,3.9693926351028224
nvidia invests,phrase,7,4,11,51,41,13.72549019607843,9.75609756097561,3.9693926351028224
on amd,phrase,7,4,11,51,41,13.72549019607843,9.75609756097561,3.9693926351028224
on february,phrase,7,4,11,51,41,13.72549019607843,9.75609756097561,3.9693926351028224
outlook for,phrase,7,4,11,51,41,13.72549019607843,9.75609756097561,3.9693926351028224
outperformed,word,7,4,11,51,41,13.72549019607843,9.75609756097561,3.9693926351028224
outside,word,7,4,11,51,41,13.72549019607843,9.75609756097561,3.9693926351028224
parent company,phrase,7,4,11,51,41,13.72549019607843,9.75609756097561,3.9693926351028224
predicted,word,7,4,11,51,41,13.72549019607843,9.75609756097561,3.9693926351028224
rack scale,phrase,7,4,11,51,41,13.72549019607843,9.75609756097561,3.9693926351028224
ramping,word,7,4,11,51,41,13.72549019607843,9.75609756097561,3.9693926351028224
rating downgrade,phrase,7,4,11,51,41,13.72549019607843,9.75609756097561,3.9693926351028224
recent days,phrase,7,4,11,51,41,13.72549019607843,9.75609756097561,3.9693926351028224
recent months,phrase,7,4,11,51,41,13.72549019607843,9.75609756097561,3.9693926351028224
regarding,word,7,4,11,51,41,13.72549019607843,9.75609756097561,3.9693926351028224
remains the,phrase,7,4,11,51,41,13.72549019607843,9.75609756097561,3.9693926351028224
rest,word,7,4,11,51,41,13.72549019607843,9.75609756097561,3.9693926351028224
seeks to,phrase,7,4,11,51,41,13.72549019607843,9.75609756097561,3.9693926351028224
small,word,7,4,11,51,41,13.72549019607843,9.75609756097561,3.9693926351028224
soars on,phrase,7,4,11,51,41,13.72549019607843,9.75609756097561,3.9693926351028224
speed up,phrase,7,4,11,51,41,13.72549019607843,9.75609756097561,3.9693926351028224
st,word,7,4,11,51,41,13.72549019607843,9.75609756097561,3.9693926351028224
start of,phrase,7,4,11,51,41,13.72549019607843,9.75609756097561,3.9693926351028224
stock for,phrase,7,4,11,51,41,13.72549019607843,9.75609756097561,3.9693926351028224
support ai,phrase,7,4,11,51,41,13.72549019607843,9.75609756097561,3.9693926351028224
tap,word,7,4,11,51,41,13.72549019607843,9.75609756097561,3.9693926351028224
tasks,word,7,4,11,51,41,13.72549019607843,9.75609756097561,3.9693926351028224
the heart,phrase,7,4,11,51,41,13.72549019607843,9.75609756097561,3.9693926351028224
the high,phrase,7,4,11,51,41,13.72549019607843,9.75609756097561,3.9693926351028224
to co,phrase,7,4,11,51,41,13.72549019607843,9.75609756097561,3.9693926351028224
to create,phrase,7,4,11,51,41,13.72549019607843,9.75609756097561,3.9693926351028224
to outperform,phrase,7,4,11,51,41,13.72549019607843,9.75609756097561,3.9693926351028224
to win,phrase,7,4,11,51,41,13.72549019607843,9.75609756097561,3.9693926351028224
top analyst,phrase,7,4,11,51,41,13.72549019607843,9.75609756097561,3.9693926351028224
top of,phrase,7,4,11,51,41,13.72549019607843,9.75609756097561,3.9693926351028224
values,word,7,4,11,51,41,13.72549019607843,9.75609756097561,3.9693926351028224
vote,word,7,4,11,51,41,13.72549019607843,9.75609756097561,3.9693926351028224
widely,word,7,4,11,51,41,13.72549019607843,9.75609756097561,3.9693926351028224
will help,phrase,7,4,11,51,41,13.72549019607843,9.75609756097561,3.9693926351028224
world's biggest,phrase,7,4,11,51,41,13.72549019607843,9.75609756097561,3.9693926351028224
year's,word,7,4,11,51,41,13.72549019607843,9.75609756097561,3.9693926351028224
stock is,phrase,48,37,85,51,41,94.11764705882354,90.2439024390244,3.8737446197991354
computing,word,43,33,76,51,41,84.31372549019608,80.48780487804878,3.8259206121472933
advanced micro,phrase,38,29,67,51,41,74.50980392156863,70.73170731707317,3.7780966044954623
leading,word,38,29,67,51,41,74.50980392156863,70.73170731707317,3.7780966044954623
micro devices,phrase,38,29,67,51,41,74.50980392156863,70.73170731707317,3.7780966044954623
dominance,word,28,21,49,51,41,54.90196078431372,51.21951219512195,3.682448589191778
giants,word,28,21,49,51,41,54.90196078431372,51.21951219512195,3.682448589191778
googl,word,28,21,49,51,41,54.90196078431372,51.21951219512195,3.682448589191778
partnerships,word,28,21,49,51,41,54.90196078431372,51.21951219512195,3.682448589191778
using,word,28,21,49,51,41,54.90196078431372,51.21951219512195,3.682448589191778
here's why,phrase,23,17,40,51,41,45.09803921568628,41.46341463414634,3.634624581539936
led by,phrase,23,17,40,51,41,45.09803921568628,41.46341463414634,3.634624581539936
think,word,23,17,40,51,41,45.09803921568628,41.46341463414634,3.634624581539936
tied,word,23,17,40,51,41,45.09803921568628,41.46341463414634,3.634624581539936
falling,word,18,13,31,51,41,35.294117647058826,31.70731707317073,3.5868005738880937
falls,word,18,13,31,51,41,35.294117647058826,31.70731707317073,3.5868005738880937
funding round,phrase,18,13,31,51,41,35.294117647058826,31.70731707317073,3.5868005738880937
shares are,phrase,18,13,31,51,41,35.294117647058826,31.70731707317073,3.5868005738880937
the chipmaker,phrase,18,13,31,51,41,35.294117647058826,31.70731707317073,3.5868005738880937
this ai,phrase,18,13,31,51,41,35.294117647058826,31.70731707317073,3.5868005738880937
analysis for,phrase,13,9,22,51,41,25.49019607843137,21.951219512195124,3.538976566236249
complex,word,13,9,22,51,41,25.49019607843137,21.951219512195124,3.538976566236249
hard,word,13,9,22,51,41,25.49019607843137,21.951219512195124,3.538976566236249
initial,word,13,9,22,51,41,25.49019607843137,21.951219512195124,3.538976566236249
its first,phrase,13,9,22,51,41,25.49019607843137,21.951219512195124,3.538976566236249
its latest,phrase,13,9,22,51,41,25.49019607843137,21.951219512195124,3.538976566236249
materials,word,13,9,22,51,41,25.49019607843137,21.951219512195124,3.538976566236249
next gen,phrase,13,9,22,51,41,25.49019607843137,21.951219512195124,3.538976566236249
provide,word,13,9,22,51,41,25.49019607843137,21.951219512195124,3.538976566236249
september,word,13,9,22,51,41,25.49019607843137,21.951219512195124,3.538976566236249
the data,phrase,13,9,22,51,41,25.49019607843137,21.951219512195124,3.538976566236249
to see,phrase,13,9,22,51,41,25.49019607843137,21.951219512195124,3.538976566236249
with nvidia's,phrase,13,9,22,51,41,25.49019607843137,21.951219512195124,3.538976566236249
and scale,phrase,8,5,13,51,41,15.686274509803921,12.195121951219512,3.4911525585844094
apple nvidia,phrase,8,5,13,51,41,15.686274509803921,12.195121951219512,3.4911525585844094
back to,phrase,8,5,13,51,41,15.686274509803921,12.195121951219512,3.4911525585844094
benzinga,word,8,5,13,51,41,15.686274509803921,12.195121951219512,3.4911525585844094
blue,word,8,5,13,51,41,15.686274509803921,12.195121951219512,3.4911525585844094
broadcom is,phrase,8,5,13,51,41,15.686274509803921,12.195121951219512,3.4911525585844094
but it's,phrase,8,5,13,51,41,15.686274509803921,12.195121951219512,3.4911525585844094
chairman,word,8,5,13,51,41,15.686274509803921,12.195121951219512,3.4911525585844094
com nvidia,phrase,8,5,13,51,41,15.686274509803921,12.195121951219512,3.4911525585844094
deals with,phrase,8,5,13,51,41,15.686274509803921,12.195121951219512,3.4911525585844094
enables,word,8,5,13,51,41,15.686274509803921,12.195121951219512,3.4911525585844094
extending,word,8,5,13,51,41,15.686274509803921,12.195121951219512,3.4911525585844094
falls as,phrase,8,5,13,51,41,15.686274509803921,12.195121951219512,3.4911525585844094
far this,phrase,8,5,13,51,41,15.686274509803921,12.195121951219512,3.4911525585844094
for years,phrase,8,5,13,51,41,15.686274509803921,12.195121951219512,3.4911525585844094
google is,phrase,8,5,13,51,41,15.686274509803921,12.195121951219512,3.4911525585844094
high end,phrase,8,5,13,51,41,15.686274509803921,12.195121951219512,3.4911525585844094
nvidia gpu,phrase,8,5,13,51,41,15.686274509803921,12.195121951219512,3.4911525585844094
rack,word,8,5,13,51,41,15.686274509803921,12.195121951219512,3.4911525585844094
rally in,phrase,8,5,13,51,41,15.686274509803921,12.195121951219512,3.4911525585844094
ranks,word,8,5,13,51,41,15.686274509803921,12.195121951219512,3.4911525585844094
shares fell,phrase,8,5,13,51,41,15.686274509803921,12.195121951219512,3.4911525585844094
spy,word,8,5,13,51,41,15.686274509803921,12.195121951219512,3.4911525585844094
state of,phrase,8,5,13,51,41,15.686274509803921,12.195121951219512,3.4911525585844094
stock as,phrase,8,5,13,51,41,15.686274509803921,12.195121951219512,3.4911525585844094
stock with,phrase,8,5,13,51,41,15.686274509803921,12.195121951219512,3.4911525585844094
suggest,word,8,5,13,51,41,15.686274509803921,12.195121951219512,3.4911525585844094
supply and,phrase,8,5,13,51,41,15.686274509803921,12.195121951219512,3.4911525585844094
tell,word,8,5,13,51,41,15.686274509803921,12.195121951219512,3.4911525585844094
the gap,phrase,8,5,13,51,41,15.686274509803921,12.195121951219512,3.4911525585844094
the previous,phrase,8,5,13,51,41,15.686274509803921,12.195121951219512,3.4911525585844094
to gain,phrase,8,5,13,51,41,15.686274509803921,12.195121951219512,3.4911525585844094
tool,word,8,5,13,51,41,15.686274509803921,12.195121951219512,3.4911525585844094
tumble,word,8,5,13,51,41,15.686274509803921,12.195121951219512,3.4911525585844094
tumbles,word,8,5,13,51,41,15.686274509803921,12.195121951219512,3.4911525585844094
turning,word,8,5,13,51,41,15.686274509803921,12.195121951219512,3.4911525585844094
two companies,phrase,8,5,13,51,41,15.686274509803921,12.195121951219512,3.4911525585844094
two of,phrase,8,5,13,51,41,15.686274509803921,12.195121951219512,3.4911525585844094
upbeat,word,8,5,13,51,41,15.686274509803921,12.195121951219512,3.4911525585844094
volatile,word,8,5,13,51,41,15.686274509803921,12.195121951219512,3.4911525585844094
western,word,8,5,13,51,41,15.686274509803921,12.195121951219512,3.4911525585844094
valuation,word,44,34,78,51,41,86.27450980392157,82.92682926829268,3.347680535628894
push,word,39,30,69,51,41,76.47058823529412,73.17073170731707,3.299856527977041
blackwell,word,34,26,60,51,41,66.66666666666667,63.41463414634146,3.2520325203251987
silicon,word,29,22,51,51,41,56.86274509803921,53.65853658536585,3.2042085126733566
strategic,word,29,22,51,51,41,56.86274509803921,53.65853658536585,3.2042085126733566
citing,word,24,18,42,51,41,47.05882352941177,43.90243902439025,3.15638450502152
deployment,word,24,18,42,51,41,47.05882352941177,43.90243902439025,3.15638450502152
founder,word,24,18,42,51,41,47.05882352941177,43.90243902439025,3.15638450502152
investors are,phrase,24,18,42,51,41,47.05882352941177,43.90243902439025,3.15638450502152
aims,word,19,14,33,51,41,37.254901960784316,34.146341463414636,3.1085604973696777
bandwidth memory,phrase,19,14,33,51,41,37.254901960784316,34.146341463414636,3.1085604973696777
corp nasdaq,phrase,19,14,33,51,41,37.254901960784316,34.146341463414636,3.1085604973696777
getting,word,19,14,33,51,41,37.254901960784316,34.146341463414636,3.1085604973696777
learn,word,19,14,33,51,41,37.254901960784316,34.146341463414636,3.1085604973696777
nvidia as,phrase,19,14,33,51,41,37.254901960784316,34.146341463414636,3.1085604973696777
watching,word,19,14,33,51,41,37.254901960784316,34.146341463414636,3.1085604973696777
acquisition,word,14,10,24,51,41,27.45098039215686,24.390243902439025,3.0607364897178413
deeper,word,14,10,24,51,41,27.45098039215686,24.390243902439025,3.0607364897178413
earnings report,phrase,14,10,24,51,41,27.45098039215686,24.390243902439025,3.0607364897178413
efficiency,word,14,10,24,51,41,27.45098039215686,24.390243902439025,3.0607364897178413
elon,word,14,10,24,51,41,27.45098039215686,24.390243902439025,3.0607364897178413
increase,word,14,10,24,51,41,27.45098039215686,24.390243902439025,3.0607364897178413
into ai,phrase,14,10,24,51,41,27.45098039215686,24.390243902439025,3.0607364897178413
less,word,14,10,24,51,41,27.45098039215686,24.390243902439025,3.0607364897178413
marvell,word,14,10,24,51,41,27.45098039215686,24.390243902439025,3.0607364897178413
million in,phrase,14,10,24,51,41,27.45098039215686,24.390243902439025,3.0607364897178413
picks,word,14,10,24,51,41,27.45098039215686,24.390243902439025,3.0607364897178413
revealed,word,14,10,24,51,41,27.45098039215686,24.390243902439025,3.0607364897178413
shares were,phrase,14,10,24,51,41,27.45098039215686,24.390243902439025,3.0607364897178413
strong ai,phrase,14,10,24,51,41,27.45098039215686,24.390243902439025,3.0607364897178413
to supply,phrase,14,10,24,51,41,27.45098039215686,24.390243902439025,3.0607364897178413
ai with,phrase,9,6,15,51,41,17.647058823529413,14.634146341463415,3.012912482065999
arms,word,9,6,15,51,41,17.647058823529413,14.634146341463415,3.012912482065999
buy as,phrase,9,6,15,51,41,17.647058823529413,14.634146341463415,3.012912482065999
close to,phrase,9,6,15,51,41,17.647058823529413,14.634146341463415,3.012912482065999
combined,word,9,6,15,51,41,17.647058823529413,14.634146341463415,3.012912482065999
compete with,phrase,9,6,15,51,41,17.647058823529413,14.634146341463415,3.012912482065999
day share,phrase,9,6,15,51,41,17.647058823529413,14.634146341463415,3.012912482065999
demand is,phrase,9,6,15,51,41,17.647058823529413,14.634146341463415,3.012912482065999
development of,phrase,9,6,15,51,41,17.647058823529413,14.634146341463415,3.012912482065999
examine,word,9,6,15,51,41,17.647058823529413,14.634146341463415,3.012912482065999
in advanced,phrase,9,6,15,51,41,17.647058823529413,14.634146341463415,3.012912482065999
in new,phrase,9,6,15,51,41,17.647058823529413,14.634146341463415,3.012912482065999
japan,word,9,6,15,51,41,17.647058823529413,14.634146341463415,3.012912482065999
micron stock,phrase,9,6,15,51,41,17.647058823529413,14.634146341463415,3.012912482065999
models and,phrase,9,6,15,51,41,17.647058823529413,14.634146341463415,3.012912482065999
nvidia's ceo,phrase,9,6,15,51,41,17.647058823529413,14.634146341463415,3.012912482065999
other ai,phrase,9,6,15,51,41,17.647058823529413,14.634146341463415,3.012912482065999
partnering with,phrase,9,6,15,51,41,17.647058823529413,14.634146341463415,3.012912482065999
provider of,phrase,9,6,15,51,41,17.647058823529413,14.634146341463415,3.012912482065999
sets,word,9,6,15,51,41,17.647058823529413,14.634146341463415,3.012912482065999
stock in,phrase,9,6,15,51,41,17.647058823529413,14.634146341463415,3.012912482065999
stock rose,phrase,9,6,15,51,41,17.647058823529413,14.634146341463415,3.012912482065999
strengthens,word,9,6,15,51,41,17.647058823529413,14.634146341463415,3.012912482065999
the dip,phrase,9,6,15,51,41,17.647058823529413,14.634146341463415,3.012912482065999
thinks,word,9,6,15,51,41,17.647058823529413,14.634146341463415,3.012912482065999
tpus,word,9,6,15,51,41,17.647058823529413,14.634146341463415,3.012912482065999
usd,word,9,6,15,51,41,17.647058823529413,14.634146341463415,3.012912482065999
venture capital,phrase,9,6,15,51,41,17.647058823529413,14.634146341463415,3.012912482065999
worst,word,9,6,15,51,41,17.647058823529413,14.634146341463415,3.012912482065999
2b nvidia,phrase,4,2,6,51,41,7.8431372549019605,4.878048780487805,2.9650884744141557
accelerate its,phrase,4,2,6,51,41,7.8431372549019605,4.878048780487805,2.9650884744141557
actions,word,4,2,6,51,41,7.8431372549019605,4.878048780487805,2.9650884744141557
addressable,word,4,2,6,51,41,7.8431372549019605,4.878048780487805,2.9650884744141557
after closing,phrase,4,2,6,51,41,7.8431372549019605,4.878048780487805,2.9650884744141557
after report,phrase,4,2,6,51,41,7.8431372549019605,4.878048780487805,2.9650884744141557
after unveiling,phrase,4,2,6,51,41,7.8431372549019605,4.878048780487805,2.9650884744141557
ai capital,phrase,4,2,6,51,41,7.8431372549019605,4.878048780487805,2.9650884744141557
ai enabled,phrase,4,2,6,51,41,7.8431372549019605,4.878048780487805,2.9650884744141557
ai optimized,phrase,4,2,6,51,41,7.8431372549019605,4.878048780487805,2.9650884744141557
ai roadmap,phrase,4,2,6,51,41,7.8431372549019605,4.878048780487805,2.9650884744141557
ai services,phrase,4,2,6,51,41,7.8431372549019605,4.878048780487805,2.9650884744141557
aligns,word,4,2,6,51,41,7.8431372549019605,4.878048780487805,2.9650884744141557
allegations,word,4,2,6,51,41,7.8431372549019605,4.878048780487805,2.9650884744141557
ambitions and,phrase,4,2,6,51,41,7.8431372549019605,4.878048780487805,2.9650884744141557
an end,phrase,4,2,6,51,41,7.8431372549019605,4.878048780487805,2.9650884744141557
analog,word,4,2,6,51,41,7.8431372549019605,4.878048780487805,2.9650884744141557
analysts and,phrase,4,2,6,51,41,7.8431372549019605,4.878048780487805,2.9650884744141557
and avgo,phrase,4,2,6,51,41,7.8431372549019605,4.878048780487805,2.9650884744141557
and co,phrase,4,2,6,51,41,7.8431372549019605,4.878048780487805,2.9650884744141557
and efficiency,phrase,4,2,6,51,41,7.8431372549019605,4.878048780487805,2.9650884744141557
and enterprises,phrase,4,2,6,51,41,7.8431372549019605,4.878048780487805,2.9650884744141557
and government,phrase,4,2,6,51,41,7.8431372549019605,4.878048780487805,2.9650884744141557
and industry,phrase,4,2,6,51,41,7.8431372549019605,4.878048780487805,2.9650884744141557
and raised,phrase,4,2,6,51,41,7.8431372549019605,4.878048780487805,2.9650884744141557
and tsla,phrase,4,2,6,51,41,7.8431372549019605,4.878048780487805,2.9650884744141557
anyway,word,4,2,6,51,41,7.8431372549019605,4.878048780487805,2.9650884744141557
apple nasdaq,phrase,4,2,6,51,41,7.8431372549019605,4.878048780487805,2.9650884744141557
applovin,word,4,2,6,51,41,7.8431372549019605,4.878048780487805,2.9650884744141557
are already,phrase,4,2,6,51,41,7.8431372549019605,4.878048780487805,2.9650884744141557
are among,phrase,4,2,6,51,41,7.8431372549019605,4.878048780487805,2.9650884744141557
as next,phrase,4,2,6,51,41,7.8431372549019605,4.878048780487805,2.9650884744141557
austin texas,phrase,4,2,6,51,41,7.8431372549019605,4.878048780487805,2.9650884744141557
baba,word,4,2,6,51,41,7.8431372549019605,4.878048780487805,2.9650884744141557
bans,word,4,2,6,51,41,7.8431372549019605,4.878048780487805,2.9650884744141557
bar,word,4,2,6,51,41,7.8431372549019605,4.878048780487805,2.9650884744141557
bears,word,4,2,6,51,41,7.8431372549019605,4.878048780487805,2.9650884744141557
been added,phrase,4,2,6,51,41,7.8431372549019605,4.878048780487805,2.9650884744141557
belief,word,4,2,6,51,41,7.8431372549019605,4.878048780487805,2.9650884744141557
bets big,phrase,4,2,6,51,41,7.8431372549019605,4.878048780487805,2.9650884744141557
bnp,word,4,2,6,51,41,7.8431372549019605,4.878048780487805,2.9650884744141557
boom and,phrase,4,2,6,51,41,7.8431372549019605,4.878048780487805,2.9650884744141557
booming demand,phrase,4,2,6,51,41,7.8431372549019605,4.878048780487805,2.9650884744141557
break out,phrase,4,2,6,51,41,7.8431372549019605,4.878048780487805,2.9650884744141557
bu,word,4,2,6,51,41,7.8431372549019605,4.878048780487805,2.9650884744141557
bu tan,phrase,4,2,6,51,41,7.8431372549019605,4.878048780487805,2.9650884744141557
bubble concerns,phrase,4,2,6,51,41,7.8431372549019605,4.878048780487805,2.9650884744141557
candidate,word,4,2,6,51,41,7.8431372549019605,4.878048780487805,2.9650884744141557
cap of,phrase,4,2,6,51,41,7.8431372549019605,4.878048780487805,2.9650884744141557
capability,word,4,2,6,51,41,7.8431372549019605,4.878048780487805,2.9650884744141557
carries,word,4,2,6,51,41,7.8431372549019605,4.878048780487805,2.9650884744141557
ceo lip,phrase,4,2,6,51,41,7.8431372549019605,4.878048780487805,2.9650884744141557
china to,phrase,4,2,6,51,41,7.8431372549019605,4.878048780487805,2.9650884744141557
chinese companies,phrase,4,2,6,51,41,7.8431372549019605,4.878048780487805,2.9650884744141557
chip designers,phrase,4,2,6,51,41,7.8431372549019605,4.878048780487805,2.9650884744141557
chip firm,phrase,4,2,6,51,41,7.8431372549019605,4.878048780487805,2.9650884744141557
chip smuggling,phrase,4,2,6,51,41,7.8431372549019605,4.878048780487805,2.9650884744141557
chipmakers like,phrase,4,2,6,51,41,7.8431372549019605,4.878048780487805,2.9650884744141557
chips designed,phrase,4,2,6,51,41,7.8431372549019605,4.878048780487805,2.9650884744141557
clean,word,4,2,6,51,41,7.8431372549019605,4.878048780487805,2.9650884744141557
closes,word,4,2,6,51,41,7.8431372549019605,4.878048780487805,2.9650884744141557
company plans,phrase,4,2,6,51,41,7.8431372549019605,4.878048780487805,2.9650884744141557
complete,word,4,2,6,51,41,7.8431372549019605,4.878048780487805,2.9650884744141557
concept,word,4,2,6,51,41,7.8431372549019605,4.878048780487805,2.9650884744141557
congressional,word,4,2,6,51,41,7.8431372549019605,4.878048780487805,2.9650884744141557
crwv stock,phrase,4,2,6,51,41,7.8431372549019605,4.878048780487805,2.9650884744141557
customers are,phrase,4,2,6,51,41,7.8431372549019605,4.878048780487805,2.9650884744141557
darling nvidia,phrase,4,2,6,51,41,7.8431372549019605,4.878048780487805,2.9650884744141557
day losing,phrase,4,2,6,51,41,7.8431372549019605,4.878048780487805,2.9650884744141557
deal would,phrase,4,2,6,51,41,7.8431372549019605,4.878048780487805,2.9650884744141557
deepened,word,4,2,6,51,41,7.8431372549019605,4.878048780487805,2.9650884744141557
defense and,phrase,4,2,6,51,41,7.8431372549019605,4.878048780487805,2.9650884744141557
defensive,word,4,2,6,51,41,7.8431372549019605,4.878048780487805,2.9650884744141557
dependence,word,4,2,6,51,41,7.8431372549019605,4.878048780487805,2.9650884744141557
designers,word,4,2,6,51,41,7.8431372549019605,4.878048780487805,2.9650884744141557
deutsche bank,phrase,4,2,6,51,41,7.8431372549019605,4.878048780487805,2.9650884744141557
developed by,phrase,4,2,6,51,41,7.8431372549019605,4.878048780487805,2.9650884744141557
development and,phrase,4,2,6,51,41,7.8431372549019605,4.878048780487805,2.9650884744141557
director of,phrase,4,2,6,51,41,7.8431372549019605,4.878048780487805,2.9650884744141557
disclosure,word,4,2,6,51,41,7.8431372549019605,4.878048780487805,2.9650884744141557
dow's,word,4,2,6,51,41,7.8431372549019605,4.878048780487805,2.9650884744141557
dramatically,word,4,2,6,51,41,7.8431372549019605,4.878048780487805,2.9650884744141557
draws,word,4,2,6,51,41,7.8431372549019605,4.878048780487805,2.9650884744141557
driven memory,phrase,4,2,6,51,41,7.8431372549019605,4.878048780487805,2.9650884744141557
dump,word,4,2,6,51,41,7.8431372549019605,4.878048780487805,2.9650884744141557
ecosystem and,phrase,4,2,6,51,41,7.8431372549019605,4.878048780487805,2.9650884744141557
emerges,word,4,2,6,51,41,7.8431372549019605,4.878048780487805,2.9650884744141557
equal,word,4,2,6,51,41,7.8431372549019605,4.878048780487805,2.9650884744141557
establish,word,4,2,6,51,41,7.8431372549019605,4.878048780487805,2.9650884744141557
estimates on,phrase,4,2,6,51,41,7.8431372549019605,4.878048780487805,2.9650884744141557
excited,word,4,2,6,51,41,7.8431372549019605,4.878048780487805,2.9650884744141557
exemplifies the,phrase,4,2,6,51,41,7.8431372549019605,4.878048780487805,2.9650884744141557
exited,word,4,2,6,51,41,7.8431372549019605,4.878048780487805,2.9650884744141557
expansion in,phrase,4,2,6,51,41,7.8431372549019605,4.878048780487805,2.9650884744141557
expansion with,phrase,4,2,6,51,41,7.8431372549019605,4.878048780487805,2.9650884744141557
experiences,word,4,2,6,51,41,7.8431372549019605,4.878048780487805,2.9650884744141557
export rules,phrase,4,2,6,51,41,7.8431372549019605,4.878048780487805,2.9650884744141557
factory and,phrase,4,2,6,51,41,7.8431372549019605,4.878048780487805,2.9650884744141557
fantastic news,phrase,4,2,6,51,41,7.8431372549019605,4.878048780487805,2.9650884744141557
far from,phrase,4,2,6,51,41,7.8431372549019605,4.878048780487805,2.9650884744141557
filings,word,4,2,6,51,41,7.8431372549019605,4.878048780487805,2.9650884744141557
finance anchor,phrase,4,2,6,51,41,7.8431372549019605,4.878048780487805,2.9650884744141557
finance's john,phrase,4,2,6,51,41,7.8431372549019605,4.878048780487805,2.9650884744141557
fisher,word,4,2,6,51,41,7.8431372549019605,4.878048780487805,2.9650884744141557
for tesla,phrase,4,2,6,51,41,7.8431372549019605,4.878048780487805,2.9650884744141557
forum,word,4,2,6,51,41,7.8431372549019605,4.878048780487805,2.9650884744141557
frank,word,4,2,6,51,41,7.8431372549019605,4.878048780487805,2.9650884744141557
from big,phrase,4,2,6,51,41,7.8431372549019605,4.878048780487805,2.9650884744141557
from data,phrase,4,2,6,51,41,7.8431372549019605,4.878048780487805,2.9650884744141557
fundamentals and,phrase,4,2,6,51,41,7.8431372549019605,4.878048780487805,2.9650884744141557
generating,word,4,2,6,51,41,7.8431372549019605,4.878048780487805,2.9650884744141557
generational,word,4,2,6,51,41,7.8431372549019605,4.878048780487805,2.9650884744141557
gpus the,phrase,4,2,6,51,41,7.8431372549019605,4.878048780487805,2.9650884744141557
happens,word,4,2,6,51,41,7.8431372549019605,4.878048780487805,2.9650884744141557
health care,phrase,4,2,6,51,41,7.8431372549019605,4.878048780487805,2.9650884744141557
hefty,word,4,2,6,51,41,7.8431372549019605,4.878048780487805,2.9650884744141557
high for,phrase,4,2,6,51,41,7.8431372549019605,4.878048780487805,2.9650884744141557
high margin,phrase,4,2,6,51,41,7.8431372549019605,4.878048780487805,2.9650884744141557
history of,phrase,4,2,6,51,41,7.8431372549019605,4.878048780487805,2.9650884744141557
history says,phrase,4,2,6,51,41,7.8431372549019605,4.878048780487805,2.9650884744141557
hold the,phrase,4,2,6,51,41,7.8431372549019605,4.878048780487805,2.9650884744141557
holdings in,phrase,4,2,6,51,41,7.8431372549019605,4.878048780487805,2.9650884744141557
identified,word,4,2,6,51,41,7.8431372549019605,4.878048780487805,2.9650884744141557
ignite,word,4,2,6,51,41,7.8431372549019605,4.878048780487805,2.9650884744141557
image,word,4,2,6,51,41,7.8431372549019605,4.878048780487805,2.9650884744141557
improved,word,4,2,6,51,41,7.8431372549019605,4.878048780487805,2.9650884744141557
in addition,phrase,4,2,6,51,41,7.8431372549019605,4.878048780487805,2.9650884744141557
in fresh,phrase,4,2,6,51,41,7.8431372549019605,4.878048780487805,2.9650884744141557
in intel,phrase,4,2,6,51,41,7.8431372549019605,4.878048780487805,2.9650884744141557
in singapore,phrase,4,2,6,51,41,7.8431372549019605,4.878048780487805,2.9650884744141557
in value,phrase,4,2,6,51,41,7.8431372549019605,4.878048780487805,2.9650884744141557
indictment,word,4,2,6,51,41,7.8431372549019605,4.878048780487805,2.9650884744141557
infrastructure across,phrase,4,2,6,51,41,7.8431372549019605,4.878048780487805,2.9650884744141557
intc and,phrase,4,2,6,51,41,7.8431372549019605,4.878048780487805,2.9650884744141557
intc is,phrase,4,2,6,51,41,7.8431372549019605,4.878048780487805,2.9650884744141557
into real,phrase,4,2,6,51,41,7.8431372549019605,4.878048780487805,2.9650884744141557
inventory,word,4,2,6,51,41,7.8431372549019605,4.878048780487805,2.9650884744141557
investigation,word,4,2,6,51,41,7.8431372549019605,4.878048780487805,2.9650884744141557
iran conflict,phrase,4,2,6,51,41,7.8431372549019605,4.878048780487805,2.9650884744141557
iren is,phrase,4,2,6,51,41,7.8431372549019605,4.878048780487805,2.9650884744141557
is falling,phrase,4,2,6,51,41,7.8431372549019605,4.878048780487805,2.9650884744141557
is positioning,phrase,4,2,6,51,41,7.8431372549019605,4.878048780487805,2.9650884744141557
is quietly,phrase,4,2,6,51,41,7.8431372549019605,4.878048780487805,2.9650884744141557
is raising,phrase,4,2,6,51,41,7.8431372549019605,4.878048780487805,2.9650884744141557
is turning,phrase,4,2,6,51,41,7.8431372549019605,4.878048780487805,2.9650884744141557
it still,phrase,4,2,6,51,41,7.8431372549019605,4.878048780487805,2.9650884744141557
it's still,phrase,4,2,6,51,41,7.8431372549019605,4.878048780487805,2.9650884744141557
its fourth,phrase,4,2,6,51,41,7.8431372549019605,4.878048780487805,2.9650884744141557
its push,phrase,4,2,6,51,41,7.8431372549019605,4.878048780487805,2.9650884744141557
its recent,phrase,4,2,6,51,41,7.8431372549019605,4.878048780487805,2.9650884744141557
jetson,word,4,2,6,51,41,7.8431372549019605,4.878048780487805,2.9650884744141557
just days,phrase,4,2,6,51,41,7.8431372549019605,4.878048780487805,2.9650884744141557
language model,phrase,4,2,6,51,41,7.8431372549019605,4.878048780487805,2.9650884744141557
largest ai,phrase,4,2,6,51,41,7.8431372549019605,4.878048780487805,2.9650884744141557
largest contract,phrase,4,2,6,51,41,7.8431372549019605,4.878048780487805,2.9650884744141557
lead the,phrase,4,2,6,51,41,7.8431372549019605,4.878048780487805,2.9650884744141557
lenovo,word,4,2,6,51,41,7.8431372549019605,4.878048780487805,2.9650884744141557
lip bu,phrase,4,2,6,51,41,7.8431372549019605,4.878048780487805,2.9650884744141557
lose,word,4,2,6,51,41,7.8431372549019605,4.878048780487805,2.9650884744141557
loss of,phrase,4,2,6,51,41,7.8431372549019605,4.878048780487805,2.9650884744141557
maintains,word,4,2,6,51,41,7.8431372549019605,4.878048780487805,2.9650884744141557
manufacture,word,4,2,6,51,41,7.8431372549019605,4.878048780487805,2.9650884744141557
market volatility,phrase,4,2,6,51,41,7.8431372549019605,4.878048780487805,2.9650884744141557
maybe,word,4,2,6,51,41,7.8431372549019605,4.878048780487805,2.9650884744141557
measures,word,4,2,6,51,41,7.8431372549019605,4.878048780487805,2.9650884744141557
media report,phrase,4,2,6,51,41,7.8431372549019605,4.878048780487805,2.9650884744141557
merger,word,4,2,6,51,41,7.8431372549019605,4.878048780487805,2.9650884744141557
met with,phrase,4,2,6,51,41,7.8431372549019605,4.878048780487805,2.9650884744141557
meta's ai,phrase,4,2,6,51,41,7.8431372549019605,4.878048780487805,2.9650884744141557
mi350,word,4,2,6,51,41,7.8431372549019605,4.878048780487805,2.9650884744141557
minimal,word,4,2,6,51,41,7.8431372549019605,4.878048780487805,2.9650884744141557
models in,phrase,4,2,6,51,41,7.8431372549019605,4.878048780487805,2.9650884744141557
most profitable,phrase,4,2,6,51,41,7.8431372549019605,4.878048780487805,2.9650884744141557
mrvl is,phrase,4,2,6,51,41,7.8431372549019605,4.878048780487805,2.9650884744141557
musk has,phrase,4,2,6,51,41,7.8431372549019605,4.878048780487805,2.9650884744141557
natural,word,4,2,6,51,41,7.8431372549019605,4.878048780487805,2.9650884744141557
necessary,word,4,2,6,51,41,7.8431372549019605,4.878048780487805,2.9650884744141557
nervous,word,4,2,6,51,41,7.8431372549019605,4.878048780487805,2.9650884744141557
none,word,4,2,6,51,41,7.8431372549019605,4.878048780487805,2.9650884744141557
not have,phrase,4,2,6,51,41,7.8431372549019605,4.878048780487805,2.9650884744141557
nvda price,phrase,4,2,6,51,41,7.8431372549019605,4.878048780487805,2.9650884744141557
nvidia dell,phrase,4,2,6,51,41,7.8431372549019605,4.878048780487805,2.9650884744141557
nvidia fell,phrase,4,2,6,51,41,7.8431372549019605,4.878048780487805,2.9650884744141557
nvidia led,phrase,4,2,6,51,41,7.8431372549019605,4.878048780487805,2.9650884744141557
nvidia should,phrase,4,2,6,51,41,7.8431372549019605,4.878048780487805,2.9650884744141557
nvidia's gpus,phrase,4,2,6,51,41,7.8431372549019605,4.878048780487805,2.9650884744141557
of agentic,phrase,4,2,6,51,41,7.8431372549019605,4.878048780487805,2.9650884744141557
of open,phrase,4,2,6,51,41,7.8431372549019605,4.878048780487805,2.9650884744141557
of wall,phrase,4,2,6,51,41,7.8431372549019605,4.878048780487805,2.9650884744141557
on amazon,phrase,4,2,6,51,41,7.8431372549019605,4.878048780487805,2.9650884744141557
on building,phrase,4,2,6,51,41,7.8431372549019605,4.878048780487805,2.9650884744141557
on cnbc,phrase,4,2,6,51,41,7.8431372549019605,4.878048780487805,2.9650884744141557
on cnbc's,phrase,4,2,6,51,41,7.8431372549019605,4.878048780487805,2.9650884744141557
ones,word,4,2,6,51,41,7.8431372549019605,4.878048780487805,2.9650884744141557
other companies,phrase,4,2,6,51,41,7.8431372549019605,4.878048780487805,2.9650884744141557
outlook on,phrase,4,2,6,51,41,7.8431372549019605,4.878048780487805,2.9650884744141557
patient,word,4,2,6,51,41,7.8431372549019605,4.878048780487805,2.9650884744141557
pay off,phrase,4,2,6,51,41,7.8431372549019605,4.878048780487805,2.9650884744141557
people who,phrase,4,2,6,51,41,7.8431372549019605,4.878048780487805,2.9650884744141557
performance for,phrase,4,2,6,51,41,7.8431372549019605,4.878048780487805,2.9650884744141557
performer,word,4,2,6,51,41,7.8431372549019605,4.878048780487805,2.9650884744141557
perhaps,word,4,2,6,51,41,7.8431372549019605,4.878048780487805,2.9650884744141557
persistent,word,4,2,6,51,41,7.8431372549019605,4.878048780487805,2.9650884744141557
piece of,phrase,4,2,6,51,41,7.8431372549019605,4.878048780487805,2.9650884744141557
pivoting,word,4,2,6,51,41,7.8431372549019605,4.878048780487805,2.9650884744141557
platform with,phrase,4,2,6,51,41,7.8431372549019605,4.878048780487805,2.9650884744141557
platforms nasdaqgs,phrase,4,2,6,51,41,7.8431372549019605,4.878048780487805,2.9650884744141557
posts on,phrase,4,2,6,51,41,7.8431372549019605,4.878048780487805,2.9650884744141557
presence,word,4,2,6,51,41,7.8431372549019605,4.878048780487805,2.9650884744141557
presence in,phrase,4,2,6,51,41,7.8431372549019605,4.878048780487805,2.9650884744141557
pressure as,phrase,4,2,6,51,41,7.8431372549019605,4.878048780487805,2.9650884744141557
priced in,phrase,4,2,6,51,41,7.8431372549019605,4.878048780487805,2.9650884744141557
proof,word,4,2,6,51,41,7.8431372549019605,4.878048780487805,2.9650884744141557
pulled back,phrase,4,2,6,51,41,7.8431372549019605,4.878048780487805,2.9650884744141557
purchased,word,4,2,6,51,41,7.8431372549019605,4.878048780487805,2.9650884744141557
pvt and,phrase,4,2,6,51,41,7.8431372549019605,4.878048780487805,2.9650884744141557
q3 revenue,phrase,4,2,6,51,41,7.8431372549019605,4.878048780487805,2.9650884744141557
quarter as,phrase,4,2,6,51,41,7.8431372549019605,4.878048780487805,2.9650884744141557
quiet,word,4,2,6,51,41,7.8431372549019605,4.878048780487805,2.9650884744141557
ranging,word,4,2,6,51,41,7.8431372549019605,4.878048780487805,2.9650884744141557
rasgon,word,4,2,6,51,41,7.8431372549019605,4.878048780487805,2.9650884744141557
reaffirmed,word,4,2,6,51,41,7.8431372549019605,4.878048780487805,2.9650884744141557
relatively,word,4,2,6,51,41,7.8431372549019605,4.878048780487805,2.9650884744141557
revenue visibility,phrase,4,2,6,51,41,7.8431372549019605,4.878048780487805,2.9650884744141557
rivals in,phrase,4,2,6,51,41,7.8431372549019605,4.878048780487805,2.9650884744141557
robots in,phrase,4,2,6,51,41,7.8431372549019605,4.878048780487805,2.9650884744141557
run rate,phrase,4,2,6,51,41,7.8431372549019605,4.878048780487805,2.9650884744141557
running ai,phrase,4,2,6,51,41,7.8431372549019605,4.878048780487805,2.9650884744141557
said at,phrase,4,2,6,51,41,7.8431372549019605,4.878048780487805,2.9650884744141557
sank,word,4,2,6,51,41,7.8431372549019605,4.878048780487805,2.9650884744141557
save,word,4,2,6,51,41,7.8431372549019605,4.878048780487805,2.9650884744141557
sciences,word,4,2,6,51,41,7.8431372549019605,4.878048780487805,2.9650884744141557
selling the,phrase,4,2,6,51,41,7.8431372549019605,4.878048780487805,2.9650884744141557
service providers,phrase,4,2,6,51,41,7.8431372549019605,4.878048780487805,2.9650884744141557
shares on,phrase,4,2,6,51,41,7.8431372549019605,4.878048780487805,2.9650884744141557
shockwaves,word,4,2,6,51,41,7.8431372549019605,4.878048780487805,2.9650884744141557
sounds,word,4,2,6,51,41,7.8431372549019605,4.878048780487805,2.9650884744141557
sources said,phrase,4,2,6,51,41,7.8431372549019605,4.878048780487805,2.9650884744141557
southeast,word,4,2,6,51,41,7.8431372549019605,4.878048780487805,2.9650884744141557
speaking at,phrase,4,2,6,51,41,7.8431372549019605,4.878048780487805,2.9650884744141557
sports,word,4,2,6,51,41,7.8431372549019605,4.878048780487805,2.9650884744141557
stacy,word,4,2,6,51,41,7.8431372549019605,4.878048780487805,2.9650884744141557
stacy rasgon,phrase,4,2,6,51,41,7.8431372549019605,4.878048780487805,2.9650884744141557
standards,word,4,2,6,51,41,7.8431372549019605,4.878048780487805,2.9650884744141557
steps,word,4,2,6,51,41,7.8431372549019605,4.878048780487805,2.9650884744141557
stock picks,phrase,4,2,6,51,41,7.8431372549019605,4.878048780487805,2.9650884744141557
stocks rally,phrase,4,2,6,51,41,7.8431372549019605,4.878048780487805,2.9650884744141557
strengthen its,phrase,4,2,6,51,41,7.8431372549019605,4.878048780487805,2.9650884744141557
suggest the,phrase,4,2,6,51,41,7.8431372549019605,4.878048780487805,2.9650884744141557
suit,word,4,2,6,51,41,7.8431372549019605,4.878048780487805,2.9650884744141557
surge as,phrase,4,2,6,51,41,7.8431372549019605,4.878048780487805,2.9650884744141557
surges as,phrase,4,2,6,51,41,7.8431372549019605,4.878048780487805,2.9650884744141557
tax,word,4,2,6,51,41,7.8431372549019605,4.878048780487805,2.9650884744141557
technology that,phrase,4,2,6,51,41,7.8431372549019605,4.878048780487805,2.9650884744141557
that includes,phrase,4,2,6,51,41,7.8431372549019605,4.878048780487805,2.9650884744141557
that make,phrase,4,2,6,51,41,7.8431372549019605,4.878048780487805,2.9650884744141557
the country's,phrase,4,2,6,51,41,7.8431372549019605,4.878048780487805,2.9650884744141557
the donald,phrase,4,2,6,51,41,7.8431372549019605,4.878048780487805,2.9650884744141557
the enterprise,phrase,4,2,6,51,41,7.8431372549019605,4.878048780487805,2.9650884744141557
the gains,phrase,4,2,6,51,41,7.8431372549019605,4.878048780487805,2.9650884744141557
the outlook,phrase,4,2,6,51,41,7.8431372549019605,4.878048780487805,2.9650884744141557
the primary,phrase,4,2,6,51,41,7.8431372549019605,4.878048780487805,2.9650884744141557
the right,phrase,4,2,6,51,41,7.8431372549019605,4.878048780487805,2.9650884744141557
the sector's,phrase,4,2,6,51,41,7.8431372549019605,4.878048780487805,2.9650884744141557
the value,phrase,4,2,6,51,41,7.8431372549019605,4.878048780487805,2.9650884744141557
their partnership,phrase,4,2,6,51,41,7.8431372549019605,4.878048780487805,2.9650884744141557
three day,phrase,4,2,6,51,41,7.8431372549019605,4.878048780487805,2.9650884744141557
three people,phrase,4,2,6,51,41,7.8431372549019605,4.878048780487805,2.9650884744141557
thursday after,phrase,4,2,6,51,41,7.8431372549019605,4.878048780487805,2.9650884744141557
thursday that,phrase,4,2,6,51,41,7.8431372549019605,4.878048780487805,2.9650884744141557
ticket,word,4,2,6,51,41,7.8431372549019605,4.878048780487805,2.9650884744141557
times reported,phrase,4,2,6,51,41,7.8431372549019605,4.878048780487805,2.9650884744141557
to ensure,phrase,4,2,6,51,41,7.8431372549019605,4.878048780487805,2.9650884744141557
to question,phrase,4,2,6,51,41,7.8431372549019605,4.878048780487805,2.9650884744141557
to ramp,phrase,4,2,6,51,41,7.8431372549019605,4.878048780487805,2.9650884744141557
to top,phrase,4,2,6,51,41,7.8431372549019605,4.878048780487805,2.9650884744141557
top stock,phrase,4,2,6,51,41,7.8431372549019605,4.878048780487805,2.9650884744141557
track to,phrase,4,2,6,51,41,7.8431372549019605,4.878048780487805,2.9650884744141557
trade has,phrase,4,2,6,51,41,7.8431372549019605,4.878048780487805,2.9650884744141557
trailing,word,4,2,6,51,41,7.8431372549019605,4.878048780487805,2.9650884744141557
trajectory,word,4,2,6,51,41,7.8431372549019605,4.878048780487805,2.9650884744141557
unique,word,4,2,6,51,41,7.8431372549019605,4.878048780487805,2.9650884744141557
university,word,4,2,6,51,41,7.8431372549019605,4.878048780487805,2.9650884744141557
upside to,phrase,4,2,6,51,41,7.8431372549019605,4.878048780487805,2.9650884744141557
us china,phrase,4,2,6,51,41,7.8431372549019605,4.878048780487805,2.9650884744141557
used to,phrase,4,2,6,51,41,7.8431372549019605,4.878048780487805,2.9650884744141557
utility,word,4,2,6,51,41,7.8431372549019605,4.878048780487805,2.9650884744141557
value the,phrase,4,2,6,51,41,7.8431372549019605,4.878048780487805,2.9650884744141557
warn,word,4,2,6,51,41,7.8431372549019605,4.878048780487805,2.9650884744141557
warner,word,4,2,6,51,41,7.8431372549019605,4.878048780487805,2.9650884744141557
weeks after,phrase,4,2,6,51,41,7.8431372549019605,4.878048780487805,2.9650884744141557
where nvidia,phrase,4,2,6,51,41,7.8431372549019605,4.878048780487805,2.9650884744141557
with alphabet,phrase,4,2,6,51,41,7.8431372549019605,4.878048780487805,2.9650884744141557
with artificial,phrase,4,2,6,51,41,7.8431372549019605,4.878048780487805,2.9650884744141557
year ago,phrase,4,2,6,51,41,7.8431372549019605,4.878048780487805,2.9650884744141557
yes,word,4,2,6,51,41,7.8431372549019605,4.878048780487805,2.9650884744141557
yields,word,4,2,6,51,41,7.8431372549019605,4.878048780487805,2.9650884744141557
trading,word,45,35,80,51,41,88.23529411764706,85.36585365853658,2.8694404591104727
group,word,35,27,62,51,41,68.62745098039215,65.85365853658537,2.7737924438067885
lower,word,30,23,53,51,41,58.8235294117647,56.09756097560975,2.7259684361549463
announces,word,20,15,35,51,41,39.21568627450981,36.58536585365854,2.630320420851268
focused on,phrase,20,15,35,51,41,39.21568627450981,36.58536585365854,2.630320420851268
per,word,20,15,35,51,41,39.21568627450981,36.58536585365854,2.630320420851268
soars,word,20,15,35,51,41,39.21568627450981,36.58536585365854,2.630320420851268
adding,word,15,11,26,51,41,29.41176470588235,26.829268292682926,2.5824964131994257
along,word,15,11,26,51,41,29.41176470588235,26.829268292682926,2.5824964131994257
factories,word,15,11,26,51,41,29.41176470588235,26.829268292682926,2.5824964131994257
factory,word,15,11,26,51,41,29.41176470588235,26.829268292682926,2.5824964131994257
integration,word,15,11,26,51,41,29.41176470588235,26.829268292682926,2.5824964131994257
margin,word,15,11,26,51,41,29.41176470588235,26.829268292682926,2.5824964131994257
signaling,word,15,11,26,51,41,29.41176470588235,26.829268292682926,2.5824964131994257
state,word,15,11,26,51,41,29.41176470588235,26.829268292682926,2.5824964131994257
the day,phrase,15,11,26,51,41,29.41176470588235,26.829268292682926,2.5824964131994257
traded,word,15,11,26,51,41,29.41176470588235,26.829268292682926,2.5824964131994257
amazon nvidia,phrase,10,7,17,51,41,19.607843137254903,17.073170731707318,2.5346724055475836
announced an,phrase,10,7,17,51,41,19.607843137254903,17.073170731707318,2.5346724055475836
chip deal,phrase,10,7,17,51,41,19.607843137254903,17.073170731707318,2.5346724055475836
collaborations,word,10,7,17,51,41,19.607843137254903,17.073170731707318,2.5346724055475836
committed,word,10,7,17,51,41,19.607843137254903,17.073170731707318,2.5346724055475836
deep,word,10,7,17,51,41,19.607843137254903,17.073170731707318,2.5346724055475836
donald trump's,phrase,10,7,17,51,41,19.607843137254903,17.073170731707318,2.5346724055475836
frontier,word,10,7,17,51,41,19.607843137254903,17.073170731707318,2.5346724055475836
hours,word,10,7,17,51,41,19.607843137254903,17.073170731707318,2.5346724055475836
inflation,word,10,7,17,51,41,19.607843137254903,17.073170731707318,2.5346724055475836
memory chip,phrase,10,7,17,51,41,19.607843137254903,17.073170731707318,2.5346724055475836
near term,phrase,10,7,17,51,41,19.607843137254903,17.073170731707318,2.5346724055475836
nvidia investors,phrase,10,7,17,51,41,19.607843137254903,17.073170731707318,2.5346724055475836
offerings,word,10,7,17,51,41,19.607843137254903,17.073170731707318,2.5346724055475836
push into,phrase,10,7,17,51,41,19.607843137254903,17.073170731707318,2.5346724055475836
respond,word,10,7,17,51,41,19.607843137254903,17.073170731707318,2.5346724055475836
return of,phrase,10,7,17,51,41,19.607843137254903,17.073170731707318,2.5346724055475836
stocks have,phrase,10,7,17,51,41,19.607843137254903,17.073170731707318,2.5346724055475836
strengthen,word,10,7,17,51,41,19.607843137254903,17.073170731707318,2.5346724055475836
suggests,word,10,7,17,51,41,19.607843137254903,17.073170731707318,2.5346724055475836
than expected,phrase,10,7,17,51,41,19.607843137254903,17.073170731707318,2.5346724055475836
this market,phrase,10,7,17,51,41,19.607843137254903,17.073170731707318,2.5346724055475836
want to,phrase,10,7,17,51,41,19.607843137254903,17.073170731707318,2.5346724055475836
10x,word,5,3,8,51,41,9.803921568627452,7.317073170731708,2.486848397895744
accurate,word,5,3,8,51,41,9.803921568627452,7.317073170731708,2.486848397895744
adding to,phrase,5,3,8,51,41,9.803921568627452,7.317073170731708,2.486848397895744
addition,word,5,3,8,51,41,9.803921568627452,7.317073170731708,2.486848397895744
agreement to,phrase,5,3,8,51,41,9.803921568627452,7.317073170731708,2.486848397895744
ai at,phrase,5,3,8,51,41,9.803921568627452,7.317073170731708,2.486848397895744
ai supercycle,phrase,5,3,8,51,41,9.803921568627452,7.317073170731708,2.486848397895744
ai wave,phrase,5,3,8,51,41,9.803921568627452,7.317073170731708,2.486848397895744
alphabet apple,phrase,5,3,8,51,41,9.803921568627452,7.317073170731708,2.486848397895744
alphabet nvidia,phrase,5,3,8,51,41,9.803921568627452,7.317073170731708,2.486848397895744
and development,phrase,5,3,8,51,41,9.803921568627452,7.317073170731708,2.486848397895744
and earnings,phrase,5,3,8,51,41,9.803921568627452,7.317073170731708,2.486848397895744
and execution,phrase,5,3,8,51,41,9.803921568627452,7.317073170731708,2.486848397895744
and expand,phrase,5,3,8,51,41,9.803921568627452,7.317073170731708,2.486848397895744
andy jassy,phrase,5,3,8,51,41,9.803921568627452,7.317073170731708,2.486848397895744
are watching,phrase,5,3,8,51,41,9.803921568627452,7.317073170731708,2.486848397895744
as oil,phrase,5,3,8,51,41,9.803921568627452,7.317073170731708,2.486848397895744
asia pacific,phrase,5,3,8,51,41,9.803921568627452,7.317073170731708,2.486848397895744
assessing,word,5,3,8,51,41,9.803921568627452,7.317073170731708,2.486848397895744
billions into,phrase,5,3,8,51,41,9.803921568627452,7.317073170731708,2.486848397895744
broadcom as,phrase,5,3,8,51,41,9.803921568627452,7.317073170731708,2.486848397895744
broke,word,5,3,8,51,41,9.803921568627452,7.317073170731708,2.486848397895744
buy and,phrase,5,3,8,51,41,9.803921568627452,7.317073170731708,2.486848397895744
buzz,word,5,3,8,51,41,9.803921568627452,7.317073170731708,2.486848397895744
capex and,phrase,5,3,8,51,41,9.803921568627452,7.317073170731708,2.486848397895744
caps,word,5,3,8,51,41,9.803921568627452,7.317073170731708,2.486848397895744
caught in,phrase,5,3,8,51,41,9.803921568627452,7.317073170731708,2.486848397895744
change the,phrase,5,3,8,51,41,9.803921568627452,7.317073170731708,2.486848397895744
channel,word,5,3,8,51,41,9.803921568627452,7.317073170731708,2.486848397895744
charts,word,5,3,8,51,41,9.803921568627452,7.317073170731708,2.486848397895744
chatbots,word,5,3,8,51,41,9.803921568627452,7.317073170731708,2.486848397895744
china the,phrase,5,3,8,51,41,9.803921568627452,7.317073170731708,2.486848397895744
china with,phrase,5,3,8,51,41,9.803921568627452,7.317073170731708,2.486848397895744
chinese market,phrase,5,3,8,51,41,9.803921568627452,7.317073170731708,2.486848397895744
chinese tech,phrase,5,3,8,51,41,9.803921568627452,7.317073170731708,2.486848397895744
chips is,phrase,5,3,8,51,41,9.803921568627452,7.317073170731708,2.486848397895744
claim,word,5,3,8,51,41,9.803921568627452,7.317073170731708,2.486848397895744
cloud service,phrase,5,3,8,51,41,9.803921568627452,7.317073170731708,2.486848397895744
clouds,word,5,3,8,51,41,9.803921568627452,7.317073170731708,2.486848397895744
collaborating,word,5,3,8,51,41,9.803921568627452,7.317073170731708,2.486848397895744
com amzn,phrase,5,3,8,51,41,9.803921568627452,7.317073170731708,2.486848397895744
combination of,phrase,5,3,8,51,41,9.803921568627452,7.317073170731708,2.486848397895744
computing stocks,phrase,5,3,8,51,41,9.803921568627452,7.317073170731708,2.486848397895744
contract with,phrase,5,3,8,51,41,9.803921568627452,7.317073170731708,2.486848397895744
current quarter,phrase,5,3,8,51,41,9.803921568627452,7.317073170731708,2.486848397895744
debuts,word,5,3,8,51,41,9.803921568627452,7.317073170731708,2.486848397895744
declines,word,5,3,8,51,41,9.803921568627452,7.317073170731708,2.486848397895744
deploys,word,5,3,8,51,41,9.803921568627452,7.317073170731708,2.486848397895744
doubles down,phrase,5,3,8,51,41,9.803921568627452,7.317073170731708,2.486848397895744
downgraded,word,5,3,8,51,41,9.803921568627452,7.317073170731708,2.486848397895744
drew,word,5,3,8,51,41,9.803921568627452,7.317073170731708,2.486848397895744
efficiency and,phrase,5,3,8,51,41,9.803921568627452,7.317073170731708,2.486848397895744
elon musk's,phrase,5,3,8,51,41,9.803921568627452,7.317073170731708,2.486848397895744
figures,word,5,3,8,51,41,9.803921568627452,7.317073170731708,2.486848397895744
for large,phrase,5,3,8,51,41,9.803921568627452,7.317073170731708,2.486848397895744
for memory,phrase,5,3,8,51,41,9.803921568627452,7.317073170731708,2.486848397895744
from china,phrase,5,3,8,51,41,9.803921568627452,7.317073170731708,2.486848397895744
from microsoft,phrase,5,3,8,51,41,9.803921568627452,7.317073170731708,2.486848397895744
generations of,phrase,5,3,8,51,41,9.803921568627452,7.317073170731708,2.486848397895744
given the,phrase,5,3,8,51,41,9.803921568627452,7.317073170731708,2.486848397895744
googl is,phrase,5,3,8,51,41,9.803921568627452,7.317073170731708,2.486848397895744
gross,word,5,3,8,51,41,9.803921568627452,7.317073170731708,2.486848397895744
he stated,phrase,5,3,8,51,41,9.803921568627452,7.317073170731708,2.486848397895744
infrastructure deal,phrase,5,3,8,51,41,9.803921568627452,7.317073170731708,2.486848397895744
instead of,phrase,5,3,8,51,41,9.803921568627452,7.317073170731708,2.486848397895744
internal,word,5,3,8,51,41,9.803921568627452,7.317073170731708,2.486848397895744
intersection,word,5,3,8,51,41,9.803921568627452,7.317073170731708,2.486848397895744
intersection of,phrase,5,3,8,51,41,9.803921568627452,7.317073170731708,2.486848397895744
investors in,phrase,5,3,8,51,41,9.803921568627452,7.317073170731708,2.486848397895744
is positioned,phrase,5,3,8,51,41,9.803921568627452,7.317073170731708,2.486848397895744
its products,phrase,5,3,8,51,41,9.803921568627452,7.317073170731708,2.486848397895744
las vegas,phrase,5,3,8,51,41,9.803921568627452,7.317073170731708,2.486848397895744
late morning,phrase,5,3,8,51,41,9.803921568627452,7.317073170731708,2.486848397895744
leap,word,5,3,8,51,41,9.803921568627452,7.317073170731708,2.486848397895744
linking,word,5,3,8,51,41,9.803921568627452,7.317073170731708,2.486848397895744
liquid cooled,phrase,5,3,8,51,41,9.803921568627452,7.317073170731708,2.486848397895744
longest,word,5,3,8,51,41,9.803921568627452,7.317073170731708,2.486848397895744
mackenzie,word,5,3,8,51,41,9.803921568627452,7.317073170731708,2.486848397895744
managing director,phrase,5,3,8,51,41,9.803921568627452,7.317073170731708,2.486848397895744
market but,phrase,5,3,8,51,41,9.803921568627452,7.317073170731708,2.486848397895744
massive data,phrase,5,3,8,51,41,9.803921568627452,7.317073170731708,2.486848397895744
met,word,5,3,8,51,41,9.803921568627452,7.317073170731708,2.486848397895744
meta meta,phrase,5,3,8,51,41,9.803921568627452,7.317073170731708,2.486848397895744
meta tsla,phrase,5,3,8,51,41,9.803921568627452,7.317073170731708,2.486848397895744
microsoft has,phrase,5,3,8,51,41,9.803921568627452,7.317073170731708,2.486848397895744
more efficient,phrase,5,3,8,51,41,9.803921568627452,7.317073170731708,2.486848397895744
new partnership,phrase,5,3,8,51,41,9.803921568627452,7.317073170731708,2.486848397895744
not stop,phrase,5,3,8,51,41,9.803921568627452,7.317073170731708,2.486848397895744
novo,word,5,3,8,51,41,9.803921568627452,7.317073170731708,2.486848397895744
nvda to,phrase,5,3,8,51,41,9.803921568627452,7.317073170731708,2.486848397895744
nvda with,phrase,5,3,8,51,41,9.803921568627452,7.317073170731708,2.486848397895744
nvidia looks,phrase,5,3,8,51,41,9.803921568627452,7.317073170731708,2.486848397895744
nvidia technology,phrase,5,3,8,51,41,9.803921568627452,7.317073170731708,2.486848397895744
of confidence,phrase,5,3,8,51,41,9.803921568627452,7.317073170731708,2.486848397895744
of markets,phrase,5,3,8,51,41,9.803921568627452,7.317073170731708,2.486848397895744
openai partnership,phrase,5,3,8,51,41,9.803921568627452,7.317073170731708,2.486848397895744
pacific,word,5,3,8,51,41,9.803921568627452,7.317073170731708,2.486848397895744
partnership is,phrase,5,3,8,51,41,9.803921568627452,7.317073170731708,2.486848397895744
plans and,phrase,5,3,8,51,41,9.803921568627452,7.317073170731708,2.486848397895744
pointing to,phrase,5,3,8,51,41,9.803921568627452,7.317073170731708,2.486848397895744
post on,phrase,5,3,8,51,41,9.803921568627452,7.317073170731708,2.486848397895744
predictions,word,5,3,8,51,41,9.803921568627452,7.317073170731708,2.486848397895744
processors to,phrase,5,3,8,51,41,9.803921568627452,7.317073170731708,2.486848397895744
qcom,word,5,3,8,51,41,9.803921568627452,7.317073170731708,2.486848397895744
ramps up,phrase,5,3,8,51,41,9.803921568627452,7.317073170731708,2.486848397895744
reason to,phrase,5,3,8,51,41,9.803921568627452,7.317073170731708,2.486848397895744
recognized,word,5,3,8,51,41,9.803921568627452,7.317073170731708,2.486848397895744
reshape the,phrase,5,3,8,51,41,9.803921568627452,7.317073170731708,2.486848397895744
rocket,word,5,3,8,51,41,9.803921568627452,7.317073170731708,2.486848397895744
rotation,word,5,3,8,51,41,9.803921568627452,7.317073170731708,2.486848397895744
rubin platform,phrase,5,3,8,51,41,9.803921568627452,7.317073170731708,2.486848397895744
says jim,phrase,5,3,8,51,41,9.803921568627452,7.317073170731708,2.486848397895744
semiconductor's,word,5,3,8,51,41,9.803921568627452,7.317073170731708,2.486848397895744
sends,word,5,3,8,51,41,9.803921568627452,7.317073170731708,2.486848397895744
shareholder return,phrase,5,3,8,51,41,9.803921568627452,7.317073170731708,2.486848397895744
should know,phrase,5,3,8,51,41,9.803921568627452,7.317073170731708,2.486848397895744
softbank group,phrase,5,3,8,51,41,9.803921568627452,7.317073170731708,2.486848397895744
spokesperson,word,5,3,8,51,41,9.803921568627452,7.317073170731708,2.486848397895744
stock closed,phrase,5,3,8,51,41,9.803921568627452,7.317073170731708,2.486848397895744
stock market's,phrase,5,3,8,51,41,9.803921568627452,7.317073170731708,2.486848397895744
stocks fell,phrase,5,3,8,51,41,9.803921568627452,7.317073170731708,2.486848397895744
support its,phrase,5,3,8,51,41,9.803921568627452,7.317073170731708,2.486848397895744
surpasses,word,5,3,8,51,41,9.803921568627452,7.317073170731708,2.486848397895744
surprising,word,5,3,8,51,41,9.803921568627452,7.317073170731708,2.486848397895744
technological,word,5,3,8,51,41,9.803921568627452,7.317073170731708,2.486848397895744
technology sector,phrase,5,3,8,51,41,9.803921568627452,7.317073170731708,2.486848397895744
the beginning,phrase,5,3,8,51,41,9.803921568627452,7.317073170731708,2.486848397895744
the gpu,phrase,5,3,8,51,41,9.803921568627452,7.317073170731708,2.486848397895744
the growth,phrase,5,3,8,51,41,9.803921568627452,7.317073170731708,2.486848397895744
the intersection,phrase,5,3,8,51,41,9.803921568627452,7.317073170731708,2.486848397895744
the sale,phrase,5,3,8,51,41,9.803921568627452,7.317073170731708,2.486848397895744
the worst,phrase,5,3,8,51,41,9.803921568627452,7.317073170731708,2.486848397895744
this collaboration,phrase,5,3,8,51,41,9.803921568627452,7.317073170731708,2.486848397895744
threatening,word,5,3,8,51,41,9.803921568627452,7.317073170731708,2.486848397895744
three of,phrase,5,3,8,51,41,9.803921568627452,7.317073170731708,2.486848397895744
to add,phrase,5,3,8,51,41,9.803921568627452,7.317073170731708,2.486848397895744
to competitors,phrase,5,3,8,51,41,9.803921568627452,7.317073170731708,2.486848397895744
to double,phrase,5,3,8,51,41,9.803921568627452,7.317073170731708,2.486848397895744
to finance,phrase,5,3,8,51,41,9.803921568627452,7.317073170731708,2.486848397895744
to hold,phrase,5,3,8,51,41,9.803921568627452,7.317073170731708,2.486848397895744
to post,phrase,5,3,8,51,41,9.803921568627452,7.317073170731708,2.486848397895744
to reuters,phrase,5,3,8,51,41,9.803921568627452,7.317073170731708,2.486848397895744
tools and,phrase,5,3,8,51,41,9.803921568627452,7.317073170731708,2.486848397895744
trained,word,5,3,8,51,41,9.803921568627452,7.317073170731708,2.486848397895744
twin,word,5,3,8,51,41,9.803921568627452,7.317073170731708,2.486848397895744
two key,phrase,5,3,8,51,41,9.803921568627452,7.317073170731708,2.486848397895744
understanding,word,5,3,8,51,41,9.803921568627452,7.317073170731708,2.486848397895744
upside as,phrase,5,3,8,51,41,9.803921568627452,7.317073170731708,2.486848397895744
various,word,5,3,8,51,41,9.803921568627452,7.317073170731708,2.486848397895744
version of,phrase,5,3,8,51,41,9.803921568627452,7.317073170731708,2.486848397895744
vrt,word,5,3,8,51,41,9.803921568627452,7.317073170731708,2.486848397895744
wall st,phrase,5,3,8,51,41,9.803921568627452,7.317073170731708,2.486848397895744
warns of,phrase,5,3,8,51,41,9.803921568627452,7.317073170731708,2.486848397895744
while maintaining,phrase,5,3,8,51,41,9.803921568627452,7.317073170731708,2.486848397895744
whole,word,5,3,8,51,41,9.803921568627452,7.317073170731708,2.486848397895744
why amd,phrase,5,3,8,51,41,9.803921568627452,7.317073170731708,2.486848397895744
workforce,word,5,3,8,51,41,9.803921568627452,7.317073170731708,2.486848397895744
wrote,word,5,3,8,51,41,9.803921568627452,7.317073170731708,2.486848397895744
chips,word,51,40,91,51,41,100.0,97.5609756097561,2.4390243902439046
company,word,51,40,91,51,41,100.0,97.5609756097561,2.4390243902439046
nvidia and,phrase,51,40,91,51,41,100.0,97.5609756097561,2.4390243902439046
earnings,word,46,36,82,51,41,90.19607843137256,87.8048780487805,2.3912003825920625
is one,phrase,41,32,73,51,41,80.3921568627451,78.04878048780488,2.3433763749402203
news,word,41,32,73,51,41,80.3921568627451,78.04878048780488,2.3433763749402203
nvidia corp,phrase,41,32,73,51,41,80.3921568627451,78.04878048780488,2.3433763749402203
collaboration,word,31,24,55,51,41,60.78431372549019,58.53658536585366,2.247728359636536
startup,word,31,24,55,51,41,60.78431372549019,58.53658536585366,2.247728359636536
an ai,phrase,26,20,46,51,41,50.98039215686274,48.78048780487805,2.199904351984694
date,word,26,20,46,51,41,50.98039215686274,48.78048780487805,2.199904351984694
estimates,word,21,16,37,51,41,41.1764705882353,39.02439024390244,2.152080344332852
explains,word,16,12,28,51,41,31.372549019607842,29.26829268292683,2.104256336681015
invested,word,16,12,28,51,41,31.372549019607842,29.26829268292683,2.104256336681015
is set,phrase,16,12,28,51,41,31.372549019607842,29.26829268292683,2.104256336681015
levels,word,16,12,28,51,41,31.372549019607842,29.26829268292683,2.104256336681015
openai's,word,16,12,28,51,41,31.372549019607842,29.26829268292683,2.104256336681015
physical,word,16,12,28,51,41,31.372549019607842,29.26829268292683,2.104256336681015
positive,word,16,12,28,51,41,31.372549019607842,29.26829268292683,2.104256336681015
that nvidia,phrase,16,12,28,51,41,31.372549019607842,29.26829268292683,2.104256336681015
time to,phrase,16,12,28,51,41,31.372549019607842,29.26829268292683,2.104256336681015
track,word,16,12,28,51,41,31.372549019607842,29.26829268292683,2.104256336681015
amazon web,phrase,11,8,19,51,41,21.568627450980394,19.51219512195122,2.056432329029173
attractive,word,11,8,19,51,41,21.568627450980394,19.51219512195122,2.056432329029173
center demand,phrase,11,8,19,51,41,21.568627450980394,19.51219512195122,2.056432329029173
computing and,phrase,11,8,19,51,41,21.568627450980394,19.51219512195122,2.056432329029173
currently,word,11,8,19,51,41,21.568627450980394,19.51219512195122,2.056432329029173
earlier this,phrase,11,8,19,51,41,21.568627450980394,19.51219512195122,2.056432329029173
extended,word,11,8,19,51,41,21.568627450980394,19.51219512195122,2.056432329029173
hbm demand,phrase,11,8,19,51,41,21.568627450980394,19.51219512195122,2.056432329029173
iren,word,11,8,19,51,41,21.568627450980394,19.51219512195122,2.056432329029173
mobile,word,11,8,19,51,41,21.568627450980394,19.51219512195122,2.056432329029173
morgan stanley,phrase,11,8,19,51,41,21.568627450980394,19.51219512195122,2.056432329029173
nbis,word,11,8,19,51,41,21.568627450980394,19.51219512195122,2.056432329029173
online,word,11,8,19,51,41,21.568627450980394,19.51219512195122,2.056432329029173
physical ai,phrase,11,8,19,51,41,21.568627450980394,19.51219512195122,2.056432329029173
the agreement,phrase,11,8,19,51,41,21.568627450980394,19.51219512195122,2.056432329029173
web services,phrase,11,8,19,51,41,21.568627450980394,19.51219512195122,2.056432329029173
able,word,6,4,10,51,41,11.764705882352942,9.75609756097561,2.0086083213773307
able to,phrase,6,4,10,51,41,11.764705882352942,9.75609756097561,2.0086083213773307
about artificial,phrase,6,4,10,51,41,11.764705882352942,9.75609756097561,2.0086083213773307
advanced chips,phrase,6,4,10,51,41,11.764705882352942,9.75609756097561,2.0086083213773307
ai giant,phrase,6,4,10,51,41,11.764705882352942,9.75609756097561,2.0086083213773307
amd could,phrase,6,4,10,51,41,11.764705882352942,9.75609756097561,2.0086083213773307
an early,phrase,6,4,10,51,41,11.764705882352942,9.75609756097561,2.0086083213773307
and next,phrase,6,4,10,51,41,11.764705882352942,9.75609756097561,2.0086083213773307
app,word,6,4,10,51,41,11.764705882352942,9.75609756097561,2.0086083213773307
as top,phrase,6,4,10,51,41,11.764705882352942,9.75609756097561,2.0086083213773307
at gtc,phrase,6,4,10,51,41,11.764705882352942,9.75609756097561,2.0086083213773307
aviation,word,6,4,10,51,41,11.764705882352942,9.75609756097561,2.0086083213773307
broadcom nasdaq,phrase,6,4,10,51,41,11.764705882352942,9.75609756097561,2.0086083213773307
center capacity,phrase,6,4,10,51,41,11.764705882352942,9.75609756097561,2.0086083213773307
centered,word,6,4,10,51,41,11.764705882352942,9.75609756097561,2.0086083213773307
ceo and,phrase,6,4,10,51,41,11.764705882352942,9.75609756097561,2.0086083213773307
comes after,phrase,6,4,10,51,41,11.764705882352942,9.75609756097561,2.0086083213773307
comes on,phrase,6,4,10,51,41,11.764705882352942,9.75609756097561,2.0086083213773307
common,word,6,4,10,51,41,11.764705882352942,9.75609756097561,2.0086083213773307
covered,word,6,4,10,51,41,11.764705882352942,9.75609756097561,2.0086083213773307
crunch,word,6,4,10,51,41,11.764705882352942,9.75609756097561,2.0086083213773307
decline in,phrase,6,4,10,51,41,11.764705882352942,9.75609756097561,2.0086083213773307
deployment and,phrase,6,4,10,51,41,11.764705882352942,9.75609756097561,2.0086083213773307
developments,word,6,4,10,51,41,11.764705882352942,9.75609756097561,2.0086083213773307
earnings could,phrase,6,4,10,51,41,11.764705882352942,9.75609756097561,2.0086083213773307
edged,word,6,4,10,51,41,11.764705882352942,9.75609756097561,2.0086083213773307
estimates and,phrase,6,4,10,51,41,11.764705882352942,9.75609756097561,2.0086083213773307
exit,word,6,4,10,51,41,11.764705882352942,9.75609756097561,2.0086083213773307
facility in,phrase,6,4,10,51,41,11.764705882352942,9.75609756097561,2.0086083213773307
favorite,word,6,4,10,51,41,11.764705882352942,9.75609756097561,2.0086083213773307
fleet,word,6,4,10,51,41,11.764705882352942,9.75609756097561,2.0086083213773307
foxconn,word,6,4,10,51,41,11.764705882352942,9.75609756097561,2.0086083213773307
gpus for,phrase,6,4,10,51,41,11.764705882352942,9.75609756097561,2.0086083213773307
growth outlook,phrase,6,4,10,51,41,11.764705882352942,9.75609756097561,2.0086083213773307
has expanded,phrase,6,4,10,51,41,11.764705882352942,9.75609756097561,2.0086083213773307
has launched,phrase,6,4,10,51,41,11.764705882352942,9.75609756097561,2.0086083213773307
holiday,word,6,4,10,51,41,11.764705882352942,9.75609756097561,2.0086083213773307
hp,word,6,4,10,51,41,11.764705882352942,9.75609756097561,2.0086083213773307
huawei,word,6,4,10,51,41,11.764705882352942,9.75609756097561,2.0086083213773307
improving,word,6,4,10,51,41,11.764705882352942,9.75609756097561,2.0086083213773307
in anthropic,phrase,6,4,10,51,41,11.764705882352942,9.75609756097561,2.0086083213773307
indexes were,phrase,6,4,10,51,41,11.764705882352942,9.75609756097561,2.0086083213773307
investments and,phrase,6,4,10,51,41,11.764705882352942,9.75609756097561,2.0086083213773307
investors to,phrase,6,4,10,51,41,11.764705882352942,9.75609756097561,2.0086083213773307
is nvidia's,phrase,6,4,10,51,41,11.764705882352942,9.75609756097561,2.0086083213773307
its advanced,phrase,6,4,10,51,41,11.764705882352942,9.75609756097561,2.0086083213773307
its annual,phrase,6,4,10,51,41,11.764705882352942,9.75609756097561,2.0086083213773307
its second,phrase,6,4,10,51,41,11.764705882352942,9.75609756097561,2.0086083213773307
its stake,phrase,6,4,10,51,41,11.764705882352942,9.75609756097561,2.0086083213773307
language models,phrase,6,4,10,51,41,11.764705882352942,9.75609756097561,2.0086083213773307
layoffs,word,6,4,10,51,41,11.764705882352942,9.75609756097561,2.0086083213773307
major indexes,phrase,6,4,10,51,41,11.764705882352942,9.75609756097561,2.0086083213773307
memory for,phrase,6,4,10,51,41,11.764705882352942,9.75609756097561,2.0086083213773307
meta to,phrase,6,4,10,51,41,11.764705882352942,9.75609756097561,2.0086083213773307
new artificial,phrase,6,4,10,51,41,11.764705882352942,9.75609756097561,2.0086083213773307
nvidia deepens,phrase,6,4,10,51,41,11.764705882352942,9.75609756097561,2.0086083213773307
nvidia said,phrase,6,4,10,51,41,11.764705882352942,9.75609756097561,2.0086083213773307
of companies,phrase,6,4,10,51,41,11.764705882352942,9.75609756097561,2.0086083213773307
of technology,phrase,6,4,10,51,41,11.764705882352942,9.75609756097561,2.0086083213773307
owner,word,6,4,10,51,41,11.764705882352942,9.75609756097561,2.0086083213773307
potential to,phrase,6,4,10,51,41,11.764705882352942,9.75609756097561,2.0086083213773307
privacy,word,6,4,10,51,41,11.764705882352942,9.75609756097561,2.0086083213773307
pure,word,6,4,10,51,41,11.764705882352942,9.75609756097561,2.0086083213773307
races,word,6,4,10,51,41,11.764705882352942,9.75609756097561,2.0086083213773307
read on,phrase,6,4,10,51,41,11.764705882352942,9.75609756097561,2.0086083213773307
rivals like,phrase,6,4,10,51,41,11.764705882352942,9.75609756097561,2.0086083213773307
score,word,6,4,10,51,41,11.764705882352942,9.75609756097561,2.0086083213773307
second most,phrase,6,4,10,51,41,11.764705882352942,9.75609756097561,2.0086083213773307
sell its,phrase,6,4,10,51,41,11.764705882352942,9.75609756097561,2.0086083213773307
serve,word,6,4,10,51,41,11.764705882352942,9.75609756097561,2.0086083213773307
stepping,word,6,4,10,51,41,11.764705882352942,9.75609756097561,2.0086083213773307
stocks rise,phrase,6,4,10,51,41,11.764705882352942,9.75609756097561,2.0086083213773307
tech stock,phrase,6,4,10,51,41,11.764705882352942,9.75609756097561,2.0086083213773307
the analyst,phrase,6,4,10,51,41,11.764705882352942,9.75609756097561,2.0086083213773307
this week's,phrase,6,4,10,51,41,11.764705882352942,9.75609756097561,2.0086083213773307
three major,phrase,6,4,10,51,41,11.764705882352942,9.75609756097561,2.0086083213773307
to speed,phrase,6,4,10,51,41,11.764705882352942,9.75609756097561,2.0086083213773307
tokyo,word,6,4,10,51,41,11.764705882352942,9.75609756097561,2.0086083213773307
total shareholder,phrase,6,4,10,51,41,11.764705882352942,9.75609756097561,2.0086083213773307
validation,word,6,4,10,51,41,11.764705882352942,9.75609756097561,2.0086083213773307
valuation after,phrase,6,4,10,51,41,11.764705882352942,9.75609756097561,2.0086083213773307
virtual,word,6,4,10,51,41,11.764705882352942,9.75609756097561,2.0086083213773307
wood,word,6,4,10,51,41,11.764705882352942,9.75609756097561,2.0086083213773307
year total,phrase,6,4,10,51,41,11.764705882352942,9.75609756097561,2.0086083213773307
zone,word,6,4,10,51,41,11.764705882352942,9.75609756097561,2.0086083213773307
semiconductor,word,47,37,84,51,41,92.15686274509804,90.2439024390244,1.912960306073641
ai chips,phrase,42,33,75,51,41,82.3529411764706,80.48780487804878,1.865136298421799
corp,word,42,33,75,51,41,82.3529411764706,80.48780487804878,1.865136298421799
including,word,42,33,75,51,41,82.3529411764706,80.48780487804878,1.865136298421799
dow jones,phrase,37,29,66,51,41,72.54901960784314,70.73170731707317,1.817312290769968
jones,word,37,29,66,51,41,72.54901960784314,70.73170731707317,1.817312290769968
set,word,37,29,66,51,41,72.54901960784314,70.73170731707317,1.817312290769968
chinese,word,32,25,57,51,41,62.745098039215684,60.97560975609756,1.7694882831181258
comes,word,32,25,57,51,41,62.745098039215684,60.97560975609756,1.7694882831181258
energy,word,27,21,48,51,41,52.94117647058823,51.21951219512195,1.7216642754662836
ai hardware,phrase,22,17,39,51,41,43.13725490196079,41.46341463414634,1.673840267814447
annual,word,22,17,39,51,41,43.13725490196079,41.46341463414634,1.673840267814447
equity,word,22,17,39,51,41,43.13725490196079,41.46341463414634,1.673840267814447
focus on,phrase,22,17,39,51,41,43.13725490196079,41.46341463414634,1.673840267814447
people,word,22,17,39,51,41,43.13725490196079,41.46341463414634,1.673840267814447
soaring,word,22,17,39,51,41,43.13725490196079,41.46341463414634,1.673840267814447
tsla,word,22,17,39,51,41,43.13725490196079,41.46341463414634,1.673840267814447
amd stock,phrase,17,13,30,51,41,33.333333333333336,31.70731707317073,1.6260162601625994
amp,word,17,13,30,51,41,33.333333333333336,31.70731707317073,1.6260162601625994
financing,word,17,13,30,51,41,33.333333333333336,31.70731707317073,1.6260162601625994
indexes,word,17,13,30,51,41,33.333333333333336,31.70731707317073,1.6260162601625994
iran,word,17,13,30,51,41,33.333333333333336,31.70731707317073,1.6260162601625994
list,word,17,13,30,51,41,33.333333333333336,31.70731707317073,1.6260162601625994
purchase,word,17,13,30,51,41,33.333333333333336,31.70731707317073,1.6260162601625994
show,word,17,13,30,51,41,33.333333333333336,31.70731707317073,1.6260162601625994
shows,word,17,13,30,51,41,33.333333333333336,31.70731707317073,1.6260162601625994
six,word,17,13,30,51,41,33.333333333333336,31.70731707317073,1.6260162601625994
supply chain,phrase,17,13,30,51,41,33.333333333333336,31.70731707317073,1.6260162601625994
the broader,phrase,17,13,30,51,41,33.333333333333336,31.70731707317073,1.6260162601625994
agents,word,12,9,21,51,41,23.529411764705884,21.951219512195124,1.57819225251076
and growth,phrase,12,9,21,51,41,23.529411764705884,21.951219512195124,1.57819225251076
catalyst,word,12,9,21,51,41,23.529411764705884,21.951219512195124,1.57819225251076
climb,word,12,9,21,51,41,23.529411764705884,21.951219512195124,1.57819225251076
execution,word,12,9,21,51,41,23.529411764705884,21.951219512195124,1.57819225251076
hot,word,12,9,21,51,41,23.529411764705884,21.951219512195124,1.57819225251076
issues,word,12,9,21,51,41,23.529411764705884,21.951219512195124,1.57819225251076
its new,phrase,12,9,21,51,41,23.529411764705884,21.951219512195124,1.57819225251076
likes,word,12,9,21,51,41,23.529411764705884,21.951219512195124,1.57819225251076
microsoft msft,phrase,12,9,21,51,41,23.529411764705884,21.951219512195124,1.57819225251076
optical,word,12,9,21,51,41,23.529411764705884,21.951219512195124,1.57819225251076
our latest,phrase,12,9,21,51,41,23.529411764705884,21.951219512195124,1.57819225251076
said that,phrase,12,9,21,51,41,23.529411764705884,21.951219512195124,1.57819225251076
sales to,phrase,12,9,21,51,41,23.529411764705884,21.951219512195124,1.57819225251076
see our,phrase,12,9,21,51,41,23.529411764705884,21.951219512195124,1.57819225251076
working with,phrase,12,9,21,51,41,23.529411764705884,21.951219512195124,1.57819225251076
address,word,7,5,12,51,41,13.72549019607843,12.195121951219512,1.5303682448589206
an expanded,phrase,7,5,12,51,41,13.72549019607843,12.195121951219512,1.5303682448589206
at scale,phrase,7,5,12,51,41,13.72549019607843,12.195121951219512,1.5303682448589206
automotive,word,7,5,12,51,41,13.72549019607843,12.195121951219512,1.5303682448589206
broader market,phrase,7,5,12,51,41,13.72549019607843,12.195121951219512,1.5303682448589206
bulls,word,7,5,12,51,41,13.72549019607843,12.195121951219512,1.5303682448589206
changing,word,7,5,12,51,41,13.72549019607843,12.195121951219512,1.5303682448589206
chipmaker is,phrase,7,5,12,51,41,13.72549019607843,12.195121951219512,1.5303682448589206
computing capacity,phrase,7,5,12,51,41,13.72549019607843,12.195121951219512,1.5303682448589206
cost of,phrase,7,5,12,51,41,13.72549019607843,12.195121951219512,1.5303682448589206
designer of,phrase,7,5,12,51,41,13.72549019607843,12.195121951219512,1.5303682448589206
discover how,phrase,7,5,12,51,41,13.72549019607843,12.195121951219512,1.5303682448589206
entered into,phrase,7,5,12,51,41,13.72549019607843,12.195121951219512,1.5303682448589206
examine how,phrase,7,5,12,51,41,13.72549019607843,12.195121951219512,1.5303682448589206
heart of,phrase,7,5,12,51,41,13.72549019607843,12.195121951219512,1.5303682448589206
helps,word,7,5,12,51,41,13.72549019607843,12.195121951219512,1.5303682448589206
home,word,7,5,12,51,41,13.72549019607843,12.195121951219512,1.5303682448589206
intelligence company,phrase,7,5,12,51,41,13.72549019607843,12.195121951219512,1.5303682448589206
investment from,phrase,7,5,12,51,41,13.72549019607843,12.195121951219512,1.5303682448589206
is rising,phrase,7,5,12,51,41,13.72549019607843,12.195121951219512,1.5303682448589206
is using,phrase,7,5,12,51,41,13.72549019607843,12.195121951219512,1.5303682448589206
latest funding,phrase,7,5,12,51,41,13.72549019607843,12.195121951219512,1.5303682448589206
list of,phrase,7,5,12,51,41,13.72549019607843,12.195121951219512,1.5303682448589206
matters,word,7,5,12,51,41,13.72549019607843,12.195121951219512,1.5303682448589206
midday stories,phrase,7,5,12,51,41,13.72549019607843,12.195121951219512,1.5303682448589206
msft nvda,phrase,7,5,12,51,41,13.72549019607843,12.195121951219512,1.5303682448589206
nvidia's biggest,phrase,7,5,12,51,41,13.72549019607843,12.195121951219512,1.5303682448589206
on earnings,phrase,7,5,12,51,41,13.72549019607843,12.195121951219512,1.5303682448589206
past week,phrase,7,5,12,51,41,13.72549019607843,12.195121951219512,1.5303682448589206
pulling,word,7,5,12,51,41,13.72549019607843,12.195121951219512,1.5303682448589206
purpose built,phrase,7,5,12,51,41,13.72549019607843,12.195121951219512,1.5303682448589206
rebounds,word,7,5,12,51,41,13.72549019607843,12.195121951219512,1.5303682448589206
road,word,7,5,12,51,41,13.72549019607843,12.195121951219512,1.5303682448589206
samsung's,word,7,5,12,51,41,13.72549019607843,12.195121951219512,1.5303682448589206
shares rise,phrase,7,5,12,51,41,13.72549019607843,12.195121951219512,1.5303682448589206
shutdown,word,7,5,12,51,41,13.72549019607843,12.195121951219512,1.5303682448589206
smartphones,word,7,5,12,51,41,13.72549019607843,12.195121951219512,1.5303682448589206
spending plans,phrase,7,5,12,51,41,13.72549019607843,12.195121951219512,1.5303682448589206
start up,phrase,7,5,12,51,41,13.72549019607843,12.195121951219512,1.5303682448589206
stock surges,phrase,7,5,12,51,41,13.72549019607843,12.195121951219512,1.5303682448589206
supplying,word,7,5,12,51,41,13.72549019607843,12.195121951219512,1.5303682448589206
technology's,word,7,5,12,51,41,13.72549019607843,12.195121951219512,1.5303682448589206
the cloud,phrase,7,5,12,51,41,13.72549019607843,12.195121951219512,1.5303682448589206
the start,phrase,7,5,12,51,41,13.72549019607843,12.195121951219512,1.5303682448589206
titan,word,7,5,12,51,41,13.72549019607843,12.195121951219512,1.5303682448589206
titans,word,7,5,12,51,41,13.72549019607843,12.195121951219512,1.5303682448589206
to compete,phrase,7,5,12,51,41,13.72549019607843,12.195121951219512,1.5303682448589206
to investors,phrase,7,5,12,51,41,13.72549019607843,12.195121951219512,1.5303682448589206
to strengthen,phrase,7,5,12,51,41,13.72549019607843,12.195121951219512,1.5303682448589206
to trade,phrase,7,5,12,51,41,13.72549019607843,12.195121951219512,1.5303682448589206
to wall,phrase,7,5,12,51,41,13.72549019607843,12.195121951219512,1.5303682448589206
top midday,phrase,7,5,12,51,41,13.72549019607843,12.195121951219512,1.5303682448589206
trades at,phrase,7,5,12,51,41,13.72549019607843,12.195121951219512,1.5303682448589206
twins,word,7,5,12,51,41,13.72549019607843,12.195121951219512,1.5303682448589206
undervalued,word,7,5,12,51,41,13.72549019607843,12.195121951219512,1.5303682448589206
user,word,7,5,12,51,41,13.72549019607843,12.195121951219512,1.5303682448589206
uses,word,7,5,12,51,41,13.72549019607843,12.195121951219512,1.5303682448589206
warned,word,7,5,12,51,41,13.72549019607843,12.195121951219512,1.5303682448589206
was rising,phrase,7,5,12,51,41,13.72549019607843,12.195121951219512,1.5303682448589206
week that,phrase,7,5,12,51,41,13.72549019607843,12.195121951219512,1.5303682448589206
western digital,phrase,7,5,12,51,41,13.72549019607843,12.195121951219512,1.5303682448589206
investment,word,48,38,86,51,41,94.11764705882354,92.6829268292683,1.4347202295552308
analysts,word,43,34,77,51,41,84.31372549019608,82.92682926829268,1.3868962219033998
china,word,43,34,77,51,41,84.31372549019608,82.92682926829268,1.3868962219033998
ai stocks,phrase,38,30,68,51,41,74.50980392156863,73.17073170731707,1.3390722142515576
potential,word,38,30,68,51,41,74.50980392156863,73.17073170731707,1.3390722142515576
funding,word,28,22,50,51,41,54.90196078431372,53.65853658536585,1.2434241989478734
ai trade,phrase,23,18,41,51,41,45.09803921568628,43.90243902439025,1.1956001912960312
and microsoft,phrase,23,18,41,51,41,45.09803921568628,43.90243902439025,1.1956001912960312
investment in,phrase,23,18,41,51,41,45.09803921568628,43.90243902439025,1.1956001912960312
access to,phrase,18,14,32,51,41,35.294117647058826,34.146341463414636,1.147776183644189
and cloud,phrase,18,14,32,51,41,35.294117647058826,34.146341463414636,1.147776183644189
billionaire,word,18,14,32,51,41,35.294117647058826,34.146341463414636,1.147776183644189
cloud computing,phrase,18,14,32,51,41,35.294117647058826,34.146341463414636,1.147776183644189
the end,phrase,18,14,32,51,41,35.294117647058826,34.146341463414636,1.147776183644189
along with,phrase,13,10,23,51,41,25.49019607843137,24.390243902439025,1.099952175992347
beijing,word,13,10,23,51,41,25.49019607843137,24.390243902439025,1.099952175992347
break,word,13,10,23,51,41,25.49019607843137,24.390243902439025,1.099952175992347
company to,phrase,13,10,23,51,41,25.49019607843137,24.390243902439025,1.099952175992347
dram,word,13,10,23,51,41,25.49019607843137,24.390243902439025,1.099952175992347
february,word,13,10,23,51,41,25.49019607843137,24.390243902439025,1.099952175992347
first quarter,phrase,13,10,23,51,41,25.49019607843137,24.390243902439025,1.099952175992347
in semiconductors,phrase,13,10,23,51,41,25.49019607843137,24.390243902439025,1.099952175992347
intelligence infrastructure,phrase,13,10,23,51,41,25.49019607843137,24.390243902439025,1.099952175992347
offer,word,13,10,23,51,41,25.49019607843137,24.390243902439025,1.099952175992347
planned,word,13,10,23,51,41,25.49019607843137,24.390243902439025,1.099952175992347
says the,phrase,13,10,23,51,41,25.49019607843137,24.390243902439025,1.099952175992347
technical,word,13,10,23,51,41,25.49019607843137,24.390243902439025,1.099952175992347
web,word,13,10,23,51,41,25.49019607843137,24.390243902439025,1.099952175992347
amd nvidia,phrase,8,6,14,51,41,15.686274509803921,14.634146341463415,1.0521281683405075
beats,word,8,6,14,51,41,15.686274509803921,14.634146341463415,1.0521281683405075
data centre,phrase,8,6,14,51,41,15.686274509803921,14.634146341463415,1.0521281683405075
for data,phrase,8,6,14,51,41,15.686274509803921,14.634146341463415,1.0521281683405075
given,word,8,6,14,51,41,15.686274509803921,14.634146341463415,1.0521281683405075
gives,word,8,6,14,51,41,15.686274509803921,14.634146341463415,1.0521281683405075
heart,word,8,6,14,51,41,15.686274509803921,14.634146341463415,1.0521281683405075
intelligence chip,phrase,8,6,14,51,41,15.686274509803921,14.634146341463415,1.0521281683405075
intensifies,word,8,6,14,51,41,15.686274509803921,14.634146341463415,1.0521281683405075
is among,phrase,8,6,14,51,41,15.686274509803921,14.634146341463415,1.0521281683405075
is rated,phrase,8,6,14,51,41,15.686274509803921,14.634146341463415,1.0521281683405075
lifting,word,8,6,14,51,41,15.686274509803921,14.634146341463415,1.0521281683405075
memory supply,phrase,8,6,14,51,41,15.686274509803921,14.634146341463415,1.0521281683405075
moat,word,8,6,14,51,41,15.686274509803921,14.634146341463415,1.0521281683405075
needed,word,8,6,14,51,41,15.686274509803921,14.634146341463415,1.0521281683405075
poised for,phrase,8,6,14,51,41,15.686274509803921,14.634146341463415,1.0521281683405075
price return,phrase,8,6,14,51,41,15.686274509803921,14.634146341463415,1.0521281683405075
quarterly earnings,phrase,8,6,14,51,41,15.686274509803921,14.634146341463415,1.0521281683405075
rival nvidia,phrase,8,6,14,51,41,15.686274509803921,14.634146341463415,1.0521281683405075
samsung electronics,phrase,8,6,14,51,41,15.686274509803921,14.634146341463415,1.0521281683405075
setup,word,8,6,14,51,41,15.686274509803921,14.634146341463415,1.0521281683405075
sheet,word,8,6,14,51,41,15.686274509803921,14.634146341463415,1.0521281683405075
smaller,word,8,6,14,51,41,15.686274509803921,14.634146341463415,1.0521281683405075
south korean,phrase,8,6,14,51,41,15.686274509803921,14.634146341463415,1.0521281683405075
speaking,word,8,6,14,51,41,15.686274509803921,14.634146341463415,1.0521281683405075
tells,word,8,6,14,51,41,15.686274509803921,14.634146341463415,1.0521281683405075
the iran,phrase,8,6,14,51,41,15.686274509803921,14.634146341463415,1.0521281683405075
the software,phrase,8,6,14,51,41,15.686274509803921,14.634146341463415,1.0521281683405075
to ship,phrase,8,6,14,51,41,15.686274509803921,14.634146341463415,1.0521281683405075
transformation,word,8,6,14,51,41,15.686274509803921,14.634146341463415,1.0521281683405075
versus,word,8,6,14,51,41,15.686274509803921,14.634146341463415,1.0521281683405075
week after,phrase,8,6,14,51,41,15.686274509803921,14.634146341463415,1.0521281683405075
week's,word,8,6,14,51,41,15.686274509803921,14.634146341463415,1.0521281683405075
which ai,phrase,8,6,14,51,41,15.686274509803921,14.634146341463415,1.0521281683405075
2bn,word,3,2,5,51,41,5.882352941176471,4.878048780487805,1.0043041606886653
account,word,3,2,5,51,41,5.882352941176471,4.878048780487805,1.0043041606886653
addressed,word,3,2,5,51,41,5.882352941176471,4.878048780487805,1.0043041606886653
adds to,phrase,3,2,5,51,41,5.882352941176471,4.878048780487805,1.0043041606886653
admits,word,3,2,5,51,41,5.882352941176471,4.878048780487805,1.0043041606886653
advanced chip,phrase,3,2,5,51,41,5.882352941176471,4.878048780487805,1.0043041606886653
after news,phrase,3,2,5,51,41,5.882352941176471,4.878048780487805,1.0043041606886653
agents that,phrase,3,2,5,51,41,5.882352941176471,4.878048780487805,1.0043041606886653
ai firm,phrase,3,2,5,51,41,5.882352941176471,4.878048780487805,1.0043041606886653
ai gpus,phrase,3,2,5,51,41,5.882352941176471,4.878048780487805,1.0043041606886653
ai optics,phrase,3,2,5,51,41,5.882352941176471,4.878048780487805,1.0043041606886653
ai products,phrase,3,2,5,51,41,5.882352941176471,4.878048780487805,1.0043041606886653
ai robotics,phrase,3,2,5,51,41,5.882352941176471,4.878048780487805,1.0043041606886653
ai stack,phrase,3,2,5,51,41,5.882352941176471,4.878048780487805,1.0043041606886653
aim at,phrase,3,2,5,51,41,5.882352941176471,4.878048780487805,1.0043041606886653
alibaba group,phrase,3,2,5,51,41,5.882352941176471,4.878048780487805,1.0043041606886653
allowing nvidia,phrase,3,2,5,51,41,5.882352941176471,4.878048780487805,1.0043041606886653
alphabet to,phrase,3,2,5,51,41,5.882352941176471,4.878048780487805,1.0043041606886653
also catch,phrase,3,2,5,51,41,5.882352941176471,4.878048780487805,1.0043041606886653
amazon's trainium,phrase,3,2,5,51,41,5.882352941176471,4.878048780487805,1.0043041606886653
ambition,word,3,2,5,51,41,5.882352941176471,4.878048780487805,1.0043041606886653
amd as,phrase,3,2,5,51,41,5.882352941176471,4.878048780487805,1.0043041606886653
amd epyc,phrase,3,2,5,51,41,5.882352941176471,4.878048780487805,1.0043041606886653
amid investor,phrase,3,2,5,51,41,5.882352941176471,4.878048780487805,1.0043041606886653
an acquisition,phrase,3,2,5,51,41,5.882352941176471,4.878048780487805,1.0043041606886653
an average,phrase,3,2,5,51,41,5.882352941176471,4.878048780487805,1.0043041606886653
an opportunity,phrase,3,2,5,51,41,5.882352941176471,4.878048780487805,1.0043041606886653
analysis report,phrase,3,2,5,51,41,5.882352941176471,4.878048780487805,1.0043041606886653
analyst is,phrase,3,2,5,51,41,5.882352941176471,4.878048780487805,1.0043041606886653
anchors,word,3,2,5,51,41,5.882352941176471,4.878048780487805,1.0043041606886653
and accelerate,phrase,3,2,5,51,41,5.882352941176471,4.878048780487805,1.0043041606886653
and bottom,phrase,3,2,5,51,41,5.882352941176471,4.878048780487805,1.0043041606886653
and build,phrase,3,2,5,51,41,5.882352941176471,4.878048780487805,1.0043041606886653
and capacity,phrase,3,2,5,51,41,5.882352941176471,4.878048780487805,1.0043041606886653
and chinese,phrase,3,2,5,51,41,5.882352941176471,4.878048780487805,1.0043041606886653
and drive,phrase,3,2,5,51,41,5.882352941176471,4.878048780487805,1.0043041606886653
and large,phrase,3,2,5,51,41,5.882352941176471,4.878048780487805,1.0043041606886653
and lower,phrase,3,2,5,51,41,5.882352941176471,4.878048780487805,1.0043041606886653
and memory,phrase,3,2,5,51,41,5.882352941176471,4.878048780487805,1.0043041606886653
and raises,phrase,3,2,5,51,41,5.882352941176471,4.878048780487805,1.0043041606886653
and run,phrase,3,2,5,51,41,5.882352941176471,4.878048780487805,1.0043041606886653
and samsung,phrase,3,2,5,51,41,5.882352941176471,4.878048780487805,1.0043041606886653
and telecom,phrase,3,2,5,51,41,5.882352941176471,4.878048780487805,1.0043041606886653
and uncertainty,phrase,3,2,5,51,41,5.882352941176471,4.878048780487805,1.0043041606886653
and upcoming,phrase,3,2,5,51,41,5.882352941176471,4.878048780487805,1.0043041606886653
and walmart,phrase,3,2,5,51,41,5.882352941176471,4.878048780487805,1.0043041606886653
answers,word,3,2,5,51,41,5.882352941176471,4.878048780487805,1.0043041606886653
anthropic has,phrase,3,2,5,51,41,5.882352941176471,4.878048780487805,1.0043041606886653
archer,word,3,2,5,51,41,5.882352941176471,4.878048780487805,1.0043041606886653
archer aviation,phrase,3,2,5,51,41,5.882352941176471,4.878048780487805,1.0043041606886653
are key,phrase,3,2,5,51,41,5.882352941176471,4.878048780487805,1.0043041606886653
are no,phrase,3,2,5,51,41,5.882352941176471,4.878048780487805,1.0043041606886653
are part,phrase,3,2,5,51,41,5.882352941176471,4.878048780487805,1.0043041606886653
are poised,phrase,3,2,5,51,41,5.882352941176471,4.878048780487805,1.0043041606886653
arm's,word,3,2,5,51,41,5.882352941176471,4.878048780487805,1.0043041606886653
as aws,phrase,3,2,5,51,41,5.882352941176471,4.878048780487805,1.0043041606886653
as chip,phrase,3,2,5,51,41,5.882352941176471,4.878048780487805,1.0043041606886653
as iran,phrase,3,2,5,51,41,5.882352941176471,4.878048780487805,1.0043041606886653
as tesla,phrase,3,2,5,51,41,5.882352941176471,4.878048780487805,1.0043041606886653
as zacks,phrase,3,2,5,51,41,5.882352941176471,4.878048780487805,1.0043041606886653
at ai,phrase,3,2,5,51,41,5.882352941176471,4.878048780487805,1.0043041606886653
attention from,phrase,3,2,5,51,41,5.882352941176471,4.878048780487805,1.0043041606886653
australia's first,phrase,3,2,5,51,41,5.882352941176471,4.878048780487805,1.0043041606886653
australian,word,3,2,5,51,41,5.882352941176471,4.878048780487805,1.0043041606886653
backdrop of,phrase,3,2,5,51,41,5.882352941176471,4.878048780487805,1.0043041606886653
bank's,word,3,2,5,51,41,5.882352941176471,4.878048780487805,1.0043041606886653
be nvidia,phrase,3,2,5,51,41,5.882352941176471,4.878048780487805,1.0043041606886653
be nvidia's,phrase,3,2,5,51,41,5.882352941176471,4.878048780487805,1.0043041606886653
be worried,phrase,3,2,5,51,41,5.882352941176471,4.878048780487805,1.0043041606886653
beat earnings,phrase,3,2,5,51,41,5.882352941176471,4.878048780487805,1.0043041606886653
behemoth,word,3,2,5,51,41,5.882352941176471,4.878048780487805,1.0043041606886653
biggest ai,phrase,3,2,5,51,41,5.882352941176471,4.878048780487805,1.0043041606886653
billion through,phrase,3,2,5,51,41,5.882352941176471,4.878048780487805,1.0043041606886653
blackrock,word,3,2,5,51,41,5.882352941176471,4.878048780487805,1.0043041606886653
blackwell chip,phrase,3,2,5,51,41,5.882352941176471,4.878048780487805,1.0043041606886653
blocks,word,3,2,5,51,41,5.882352941176471,4.878048780487805,1.0043041606886653
blueprints,word,3,2,5,51,41,5.882352941176471,4.878048780487805,1.0043041606886653
broader chip,phrase,3,2,5,51,41,5.882352941176471,4.878048780487805,1.0043041606886653
brookfield,word,3,2,5,51,41,5.882352941176471,4.878048780487805,1.0043041606886653
bubble and,phrase,3,2,5,51,41,5.882352941176471,4.878048780487805,1.0043041606886653
builds on,phrase,3,2,5,51,41,5.882352941176471,4.878048780487805,1.0043041606886653
buoyed,word,3,2,5,51,41,5.882352941176471,4.878048780487805,1.0043041606886653
buoyed by,phrase,3,2,5,51,41,5.882352941176471,4.878048780487805,1.0043041606886653
by integrating,phrase,3,2,5,51,41,5.882352941176471,4.878048780487805,1.0043041606886653
caller,word,3,2,5,51,41,5.882352941176471,4.878048780487805,1.0043041606886653
campus in,phrase,3,2,5,51,41,5.882352941176471,4.878048780487805,1.0043041606886653
cap in,phrase,3,2,5,51,41,5.882352941176471,4.878048780487805,1.0043041606886653
capacity by,phrase,3,2,5,51,41,5.882352941176471,4.878048780487805,1.0043041606886653
capital to,phrase,3,2,5,51,41,5.882352941176471,4.878048780487805,1.0043041606886653
catalyst for,phrase,3,2,5,51,41,5.882352941176471,4.878048780487805,1.0043041606886653
center dominance,phrase,3,2,5,51,41,5.882352941176471,4.878048780487805,1.0043041606886653
center footprint,phrase,3,2,5,51,41,5.882352941176471,4.878048780487805,1.0043041606886653
center solutions,phrase,3,2,5,51,41,5.882352941176471,4.878048780487805,1.0043041606886653
center spending,phrase,3,2,5,51,41,5.882352941176471,4.878048780487805,1.0043041606886653
ceo daniel,phrase,3,2,5,51,41,5.882352941176471,4.878048780487805,1.0043041606886653
ceo is,phrase,3,2,5,51,41,5.882352941176471,4.878048780487805,1.0043041606886653
certified,word,3,2,5,51,41,5.882352941176471,4.878048780487805,1.0043041606886653
challenges in,phrase,3,2,5,51,41,5.882352941176471,4.878048780487805,1.0043041606886653
cheapest,word,3,2,5,51,41,5.882352941176471,4.878048780487805,1.0043041606886653
chief market,phrase,3,2,5,51,41,5.882352941176471,4.878048780487805,1.0043041606886653
china according,phrase,3,2,5,51,41,5.882352941176471,4.878048780487805,1.0043041606886653
chip ambitions,phrase,3,2,5,51,41,5.882352941176471,4.878048780487805,1.0043041606886653
chip technology,phrase,3,2,5,51,41,5.882352941176471,4.878048780487805,1.0043041606886653
chips have,phrase,3,2,5,51,41,5.882352941176471,4.878048780487805,1.0043041606886653
chips including,phrase,3,2,5,51,41,5.882352941176471,4.878048780487805,1.0043041606886653
chips over,phrase,3,2,5,51,41,5.882352941176471,4.878048780487805,1.0043041606886653
chips update,phrase,3,2,5,51,41,5.882352941176471,4.878048780487805,1.0043041606886653
chips which,phrase,3,2,5,51,41,5.882352941176471,4.878048780487805,1.0043041606886653
circle,word,3,2,5,51,41,5.882352941176471,4.878048780487805,1.0043041606886653
circuits,word,3,2,5,51,41,5.882352941176471,4.878048780487805,1.0043041606886653
clearance,word,3,2,5,51,41,5.882352941176471,4.878048780487805,1.0043041606886653
clinton,word,3,2,5,51,41,5.882352941176471,4.878048780487805,1.0043041606886653
cloud deal,phrase,3,2,5,51,41,5.882352941176471,4.878048780487805,1.0043041606886653
club by,phrase,3,2,5,51,41,5.882352941176471,4.878048780487805,1.0043041606886653
collaboration on,phrase,3,2,5,51,41,5.882352941176471,4.878048780487805,1.0043041606886653
collectively,word,3,2,5,51,41,5.882352941176471,4.878048780487805,1.0043041606886653
coming from,phrase,3,2,5,51,41,5.882352941176471,4.878048780487805,1.0043041606886653
coming years,phrase,3,2,5,51,41,5.882352941176471,4.878048780487805,1.0043041606886653
command,word,3,2,5,51,41,5.882352941176471,4.878048780487805,1.0043041606886653
common stock,phrase,3,2,5,51,41,5.882352941176471,4.878048780487805,1.0043041606886653
companies including,phrase,3,2,5,51,41,5.882352941176471,4.878048780487805,1.0043041606886653
company behind,phrase,3,2,5,51,41,5.882352941176471,4.878048780487805,1.0043041606886653
company reported,phrase,3,2,5,51,41,5.882352941176471,4.878048780487805,1.0043041606886653
computing services,phrase,3,2,5,51,41,5.882352941176471,4.878048780487805,1.0043041606886653
confirming,word,3,2,5,51,41,5.882352941176471,4.878048780487805,1.0043041606886653
connected,word,3,2,5,51,41,5.882352941176471,4.878048780487805,1.0043041606886653
contrasts,word,3,2,5,51,41,5.882352941176471,4.878048780487805,1.0043041606886653
conventional,word,3,2,5,51,41,5.882352941176471,4.878048780487805,1.0043041606886653
corning,word,3,2,5,51,41,5.882352941176471,4.878048780487805,1.0043041606886653
corporation and,phrase,3,2,5,51,41,5.882352941176471,4.878048780487805,1.0043041606886653
could become,phrase,3,2,5,51,41,5.882352941176471,4.878048780487805,1.0043041606886653
could go,phrase,3,2,5,51,41,5.882352941176471,4.878048780487805,1.0043041606886653
covers,word,3,2,5,51,41,5.882352941176471,4.878048780487805,1.0043041606886653
cramer is,phrase,3,2,5,51,41,5.882352941176471,4.878048780487805,1.0043041606886653
crucial for,phrase,3,2,5,51,41,5.882352941176471,4.878048780487805,1.0043041606886653
customers such,phrase,3,2,5,51,41,5.882352941176471,4.878048780487805,1.0043041606886653
day's,word,3,2,5,51,41,5.882352941176471,4.878048780487805,1.0043041606886653
dead,word,3,2,5,51,41,5.882352941176471,4.878048780487805,1.0043041606886653
deal puts,phrase,3,2,5,51,41,5.882352941176471,4.878048780487805,1.0043041606886653
delivered fantastic,phrase,3,2,5,51,41,5.882352941176471,4.878048780487805,1.0043041606886653
denies,word,3,2,5,51,41,5.882352941176471,4.878048780487805,1.0043041606886653
deploys nvidia,phrase,3,2,5,51,41,5.882352941176471,4.878048780487805,1.0043041606886653
developed with,phrase,3,2,5,51,41,5.882352941176471,4.878048780487805,1.0043041606886653
develops,word,3,2,5,51,41,5.882352941176471,4.878048780487805,1.0043041606886653
dgx,word,3,2,5,51,41,5.882352941176471,4.878048780487805,1.0043041606886653
dollars on,phrase,3,2,5,51,41,5.882352941176471,4.878048780487805,1.0043041606886653
dominance of,phrase,3,2,5,51,41,5.882352941176471,4.878048780487805,1.0043041606886653
dominated the,phrase,3,2,5,51,41,5.882352941176471,4.878048780487805,1.0043041606886653
doug clinton,phrase,3,2,5,51,41,5.882352941176471,4.878048780487805,1.0043041606886653
dutch,word,3,2,5,51,41,5.882352941176471,4.878048780487805,1.0043041606886653
earnings next,phrase,3,2,5,51,41,5.882352941176471,4.878048780487805,1.0043041606886653
eighth,word,3,2,5,51,41,5.882352941176471,4.878048780487805,1.0043041606886653
electronic,word,3,2,5,51,41,5.882352941176471,4.878048780487805,1.0043041606886653
elizabeth,word,3,2,5,51,41,5.882352941176471,4.878048780487805,1.0043041606886653
elizabeth warren,phrase,3,2,5,51,41,5.882352941176471,4.878048780487805,1.0043041606886653
energy efficiency,phrase,3,2,5,51,41,5.882352941176471,4.878048780487805,1.0043041606886653
escalating,word,3,2,5,51,41,5.882352941176471,4.878048780487805,1.0043041606886653
ethereum,word,3,2,5,51,41,5.882352941176471,4.878048780487805,1.0043041606886653
evening,word,3,2,5,51,41,5.882352941176471,4.878048780487805,1.0043041606886653
evolving narrative,phrase,3,2,5,51,41,5.882352941176471,4.878048780487805,1.0043041606886653
example,word,3,2,5,51,41,5.882352941176471,4.878048780487805,1.0043041606886653
exited its,phrase,3,2,5,51,41,5.882352941176471,4.878048780487805,1.0043041606886653
expands nvidia,phrase,3,2,5,51,41,5.882352941176471,4.878048780487805,1.0043041606886653
exported,word,3,2,5,51,41,5.882352941176471,4.878048780487805,1.0043041606886653
fact,word,3,2,5,51,41,5.882352941176471,4.878048780487805,1.0043041606886653
factory with,phrase,3,2,5,51,41,5.882352941176471,4.878048780487805,1.0043041606886653
favor of,phrase,3,2,5,51,41,5.882352941176471,4.878048780487805,1.0043041606886653
fda,word,3,2,5,51,41,5.882352941176471,4.878048780487805,1.0043041606886653
finance host,phrase,3,2,5,51,41,5.882352941176471,4.878048780487805,1.0043041606886653
financing to,phrase,3,2,5,51,41,5.882352941176471,4.878048780487805,1.0043041606886653
firmus,word,3,2,5,51,41,5.882352941176471,4.878048780487805,1.0043041606886653
flip,word,3,2,5,51,41,5.882352941176471,4.878048780487805,1.0043041606886653
for h200,phrase,3,2,5,51,41,5.882352941176471,4.878048780487805,1.0043041606886653
for hyperscalers,phrase,3,2,5,51,41,5.882352941176471,4.878048780487805,1.0043041606886653
for key,phrase,3,2,5,51,41,5.882352941176471,4.878048780487805,1.0043041606886653
for meta,phrase,3,2,5,51,41,5.882352941176471,4.878048780487805,1.0043041606886653
forced,word,3,2,5,51,41,5.882352941176471,4.878048780487805,1.0043041606886653
forecast first,phrase,3,2,5,51,41,5.882352941176471,4.878048780487805,1.0043041606886653
forecasts and,phrase,3,2,5,51,41,5.882352941176471,4.878048780487805,1.0043041606886653
foundation for,phrase,3,2,5,51,41,5.882352941176471,4.878048780487805,1.0043041606886653
fourth consecutive,phrase,3,2,5,51,41,5.882352941176471,4.878048780487805,1.0043041606886653
from google's,phrase,3,2,5,51,41,5.882352941176471,4.878048780487805,1.0043041606886653
gain in,phrase,3,2,5,51,41,5.882352941176471,4.878048780487805,1.0043041606886653
gain traction,phrase,3,2,5,51,41,5.882352941176471,4.878048780487805,1.0043041606886653
gainers,word,3,2,5,51,41,5.882352941176471,4.878048780487805,1.0043041606886653
gauges,word,3,2,5,51,41,5.882352941176471,4.878048780487805,1.0043041606886653
generation high,phrase,3,2,5,51,41,5.882352941176471,4.878048780487805,1.0043041606886653
generative artificial,phrase,3,2,5,51,41,5.882352941176471,4.878048780487805,1.0043041606886653
global expansion,phrase,3,2,5,51,41,5.882352941176471,4.878048780487805,1.0043041606886653
go to,phrase,3,2,5,51,41,5.882352941176471,4.878048780487805,1.0043041606886653
goals,word,3,2,5,51,41,5.882352941176471,4.878048780487805,1.0043041606886653
google will,phrase,3,2,5,51,41,5.882352941176471,4.878048780487805,1.0043041606886653
google's cloud,phrase,3,2,5,51,41,5.882352941176471,4.878048780487805,1.0043041606886653
google's tpu,phrase,3,2,5,51,41,5.882352941176471,4.878048780487805,1.0043041606886653
google's tpus,phrase,3,2,5,51,41,5.882352941176471,4.878048780487805,1.0043041606886653
gpu accelerated,phrase,3,2,5,51,41,5.882352941176471,4.878048780487805,1.0043041606886653
gpu powered,phrase,3,2,5,51,41,5.882352941176471,4.878048780487805,1.0043041606886653
gpu systems,phrase,3,2,5,51,41,5.882352941176471,4.878048780487805,1.0043041606886653
grace blackwell,phrase,3,2,5,51,41,5.882352941176471,4.878048780487805,1.0043041606886653
graphics processors,phrase,3,2,5,51,41,5.882352941176471,4.878048780487805,1.0043041606886653
grip on,phrase,3,2,5,51,41,5.882352941176471,4.878048780487805,1.0043041606886653
groq deal,phrase,3,2,5,51,41,5.882352941176471,4.878048780487805,1.0043041606886653
guidance for,phrase,3,2,5,51,41,5.882352941176471,4.878048780487805,1.0043041606886653
h200s,word,3,2,5,51,41,5.882352941176471,4.878048780487805,1.0043041606886653
happen,word,3,2,5,51,41,5.882352941176471,4.878048780487805,1.0043041606886653
hardware to,phrase,3,2,5,51,41,5.882352941176471,4.878048780487805,1.0043041606886653
has gone,phrase,3,2,5,51,41,5.882352941176471,4.878048780487805,1.0043041606886653
has helped,phrase,3,2,5,51,41,5.882352941176471,4.878048780487805,1.0043041606886653
hat,word,3,2,5,51,41,5.882352941176471,4.878048780487805,1.0043041606886653
have made,phrase,3,2,5,51,41,5.882352941176471,4.878048780487805,1.0043041606886653
hbm capacity,phrase,3,2,5,51,41,5.882352941176471,4.878048780487805,1.0043041606886653
he believes,phrase,3,2,5,51,41,5.882352941176471,4.878048780487805,1.0043041606886653
he commented,phrase,3,2,5,51,41,5.882352941176471,4.878048780487805,1.0043041606886653
he sees,phrase,3,2,5,51,41,5.882352941176471,4.878048780487805,1.0043041606886653
hearing,word,3,2,5,51,41,5.882352941176471,4.878048780487805,1.0043041606886653
helium,word,3,2,5,51,41,5.882352941176471,4.878048780487805,1.0043041606886653
high demand,phrase,3,2,5,51,41,5.882352941176471,4.878048780487805,1.0043041606886653
high tech,phrase,3,2,5,51,41,5.882352941176471,4.878048780487805,1.0043041606886653
highlights how,phrase,3,2,5,51,41,5.882352941176471,4.878048780487805,1.0043041606886653
highs as,phrase,3,2,5,51,41,5.882352941176471,4.878048780487805,1.0043041606886653
historically,word,3,2,5,51,41,5.882352941176471,4.878048780487805,1.0043041606886653
holdings and,phrase,3,2,5,51,41,5.882352941176471,4.878048780487805,1.0043041606886653
hon,word,3,2,5,51,41,5.882352941176471,4.878048780487805,1.0043041606886653
hp inc,phrase,3,2,5,51,41,5.882352941176471,4.878048780487805,1.0043041606886653
hpq,word,3,2,5,51,41,5.882352941176471,4.878048780487805,1.0043041606886653
hyperscaler capex,phrase,3,2,5,51,41,5.882352941176471,4.878048780487805,1.0043041606886653
in august,phrase,3,2,5,51,41,5.882352941176471,4.878048780487805,1.0043041606886653
in favor,phrase,3,2,5,51,41,5.882352941176471,4.878048780487805,1.0043041606886653
in particular,phrase,3,2,5,51,41,5.882352941176471,4.878048780487805,1.0043041606886653
in response,phrase,3,2,5,51,41,5.882352941176471,4.878048780487805,1.0043041606886653
in stock,phrase,3,2,5,51,41,5.882352941176471,4.878048780487805,1.0043041606886653
infrastructure investment,phrase,3,2,5,51,41,5.882352941176471,4.878048780487805,1.0043041606886653
infrastructure provider,phrase,3,2,5,51,41,5.882352941176471,4.878048780487805,1.0043041606886653
initiated,word,3,2,5,51,41,5.882352941176471,4.878048780487805,1.0043041606886653
insights into,phrase,3,2,5,51,41,5.882352941176471,4.878048780487805,1.0043041606886653
integrated circuits,phrase,3,2,5,51,41,5.882352941176471,4.878048780487805,1.0043041606886653
intel ceo,phrase,3,2,5,51,41,5.882352941176471,4.878048780487805,1.0043041606886653
intel nvidia,phrase,3,2,5,51,41,5.882352941176471,4.878048780487805,1.0043041606886653
intelligence cloud,phrase,3,2,5,51,41,5.882352941176471,4.878048780487805,1.0043041606886653
intelligence technology,phrase,3,2,5,51,41,5.882352941176471,4.878048780487805,1.0043041606886653
interconnect,word,3,2,5,51,41,5.882352941176471,4.878048780487805,1.0043041606886653
interest from,phrase,3,2,5,51,41,5.882352941176471,4.878048780487805,1.0043041606886653
into artificial,phrase,3,2,5,51,41,5.882352941176471,4.878048780487805,1.0043041606886653
introduce,word,3,2,5,51,41,5.882352941176471,4.878048780487805,1.0043041606886653
investor worries,phrase,3,2,5,51,41,5.882352941176471,4.878048780487805,1.0043041606886653
invests 2b,phrase,3,2,5,51,41,5.882352941176471,4.878048780487805,1.0043041606886653
is gaining,phrase,3,2,5,51,41,5.882352941176471,4.878048780487805,1.0043041606886653
is leveraging,phrase,3,2,5,51,41,5.882352941176471,4.878048780487805,1.0043041606886653
is micron,phrase,3,2,5,51,41,5.882352941176471,4.878048780487805,1.0043041606886653
is part,phrase,3,2,5,51,41,5.882352941176471,4.878048780487805,1.0043041606886653
is stuck,phrase,3,2,5,51,41,5.882352941176471,4.878048780487805,1.0043041606886653
is talking,phrase,3,2,5,51,41,5.882352941176471,4.878048780487805,1.0043041606886653
is tech,phrase,3,2,5,51,41,5.882352941176471,4.878048780487805,1.0043041606886653
it raised,phrase,3,2,5,51,41,5.882352941176471,4.878048780487805,1.0043041606886653
it seeks,phrase,3,2,5,51,41,5.882352941176471,4.878048780487805,1.0043041606886653
its gpus,phrase,3,2,5,51,41,5.882352941176471,4.878048780487805,1.0043041606886653
its workforce,phrase,3,2,5,51,41,5.882352941176471,4.878048780487805,1.0043041606886653
itself in,phrase,3,2,5,51,41,5.882352941176471,4.878048780487805,1.0043041606886653
jefferies,word,3,2,5,51,41,5.882352941176471,4.878048780487805,1.0043041606886653
jobs in,phrase,3,2,5,51,41,5.882352941176471,4.878048780487805,1.0043041606886653
jump as,phrase,3,2,5,51,41,5.882352941176471,4.878048780487805,1.0043041606886653
jump from,phrase,3,2,5,51,41,5.882352941176471,4.878048780487805,1.0043041606886653
justify,word,3,2,5,51,41,5.882352941176471,4.878048780487805,1.0043041606886653
key earnings,phrase,3,2,5,51,41,5.882352941176471,4.878048780487805,1.0043041606886653
key market,phrase,3,2,5,51,41,5.882352941176471,4.878048780487805,1.0043041606886653
key movers,phrase,3,2,5,51,41,5.882352941176471,4.878048780487805,1.0043041606886653
key player,phrase,3,2,5,51,41,5.882352941176471,4.878048780487805,1.0043041606886653
king of,phrase,3,2,5,51,41,5.882352941176471,4.878048780487805,1.0043041606886653
know today,phrase,3,2,5,51,41,5.882352941176471,4.878048780487805,1.0043041606886653
kristina,word,3,2,5,51,41,5.882352941176471,4.878048780487805,1.0043041606886653
kristina partsinevelos,phrase,3,2,5,51,41,5.882352941176471,4.878048780487805,1.0043041606886653
labs and,phrase,3,2,5,51,41,5.882352941176471,4.878048780487805,1.0043041606886653
lag,word,3,2,5,51,41,5.882352941176471,4.878048780487805,1.0043041606886653
lead chip,phrase,3,2,5,51,41,5.882352941176471,4.878048780487805,1.0043041606886653
leadership and,phrase,3,2,5,51,41,5.882352941176471,4.878048780487805,1.0043041606886653
leaves,word,3,2,5,51,41,5.882352941176471,4.878048780487805,1.0043041606886653
licenses to,phrase,3,2,5,51,41,5.882352941176471,4.878048780487805,1.0043041606886653
looking at,phrase,3,2,5,51,41,5.882352941176471,4.878048780487805,1.0043041606886653
lowe's,word,3,2,5,51,41,5.882352941176471,4.878048780487805,1.0043041606886653
major customers,phrase,3,2,5,51,41,5.882352941176471,4.878048780487805,1.0043041606886653
major expansion,phrase,3,2,5,51,41,5.882352941176471,4.878048780487805,1.0043041606886653
maker is,phrase,3,2,5,51,41,5.882352941176471,4.878048780487805,1.0043041606886653
maker was,phrase,3,2,5,51,41,5.882352941176471,4.878048780487805,1.0043041606886653
man,word,3,2,5,51,41,5.882352941176471,4.878048780487805,1.0043041606886653
margins are,phrase,3,2,5,51,41,5.882352941176471,4.878048780487805,1.0043041606886653
market by,phrase,3,2,5,51,41,5.882352941176471,4.878048780487805,1.0043041606886653
market strategist,phrase,3,2,5,51,41,5.882352941176471,4.878048780487805,1.0043041606886653
meaning,word,3,2,5,51,41,5.882352941176471,4.878048780487805,1.0043041606886653
megacap tech,phrase,3,2,5,51,41,5.882352941176471,4.878048780487805,1.0043041606886653
meta up,phrase,3,2,5,51,41,5.882352941176471,4.878048780487805,1.0043041606886653
micron the,phrase,3,2,5,51,41,5.882352941176471,4.878048780487805,1.0043041606886653
models that,phrase,3,2,5,51,41,5.882352941176471,4.878048780487805,1.0043041606886653
month as,phrase,3,2,5,51,41,5.882352941176471,4.878048780487805,1.0043041606886653
month of,phrase,3,2,5,51,41,5.882352941176471,4.878048780487805,1.0043041606886653
moved to,phrase,3,2,5,51,41,5.882352941176471,4.878048780487805,1.0043041606886653
moves are,phrase,3,2,5,51,41,5.882352941176471,4.878048780487805,1.0043041606886653
msft is,phrase,3,2,5,51,41,5.882352941176471,4.878048780487805,1.0043041606886653
multiyear partnership,phrase,3,2,5,51,41,5.882352941176471,4.878048780487805,1.0043041606886653
networking equipment,phrase,3,2,5,51,41,5.882352941176471,4.878048780487805,1.0043041606886653
new open,phrase,3,2,5,51,41,5.882352941176471,4.878048780487805,1.0043041606886653
newer,word,3,2,5,51,41,5.882352941176471,4.878048780487805,1.0043041606886653
news highlights,phrase,3,2,5,51,41,5.882352941176471,4.878048780487805,1.0043041606886653
newspaper,word,3,2,5,51,41,5.882352941176471,4.878048780487805,1.0043041606886653
nine,word,3,2,5,51,41,5.882352941176471,4.878048780487805,1.0043041606886653
none of,phrase,3,2,5,51,41,5.882352941176471,4.878048780487805,1.0043041606886653
not alone,phrase,3,2,5,51,41,5.882352941176471,4.878048780487805,1.0043041606886653
nova,word,3,2,5,51,41,5.882352941176471,4.878048780487805,1.0043041606886653
numbers are,phrase,3,2,5,51,41,5.882352941176471,4.878048780487805,1.0043041606886653
nutanix,word,3,2,5,51,41,5.882352941176471,4.878048780487805,1.0043041606886653
nvda the,phrase,3,2,5,51,41,5.882352941176471,4.878048780487805,1.0043041606886653
nvidia be,phrase,3,2,5,51,41,5.882352941176471,4.878048780487805,1.0043041606886653
nvidia falls,phrase,3,2,5,51,41,5.882352941176471,4.878048780487805,1.0043041606886653
nvidia jumps,phrase,3,2,5,51,41,5.882352941176471,4.878048780487805,1.0043041606886653
nvidia keeps,phrase,3,2,5,51,41,5.882352941176471,4.878048780487805,1.0043041606886653
nvidia lead,phrase,3,2,5,51,41,5.882352941176471,4.878048780487805,1.0043041606886653
nvidia omniverse,phrase,3,2,5,51,41,5.882352941176471,4.878048780487805,1.0043041606886653
nvidia slides,phrase,3,2,5,51,41,5.882352941176471,4.878048780487805,1.0043041606886653
nvidia soars,phrase,3,2,5,51,41,5.882352941176471,4.878048780487805,1.0043041606886653
nvidia spectrum,phrase,3,2,5,51,41,5.882352941176471,4.878048780487805,1.0043041606886653
nvidia team,phrase,3,2,5,51,41,5.882352941176471,4.878048780487805,1.0043041606886653
nvidia unveils,phrase,3,2,5,51,41,5.882352941176471,4.878048780487805,1.0043041606886653
nvidia's sales,phrase,3,2,5,51,41,5.882352941176471,4.878048780487805,1.0043041606886653
nvidia's second,phrase,3,2,5,51,41,5.882352941176471,4.878048780487805,1.0043041606886653
nvidia's valuation,phrase,3,2,5,51,41,5.882352941176471,4.878048780487805,1.0043041606886653
of course,phrase,3,2,5,51,41,5.882352941176471,4.878048780487805,1.0043041606886653
of deals,phrase,3,2,5,51,41,5.882352941176471,4.878048780487805,1.0043041606886653
of equity,phrase,3,2,5,51,41,5.882352941176471,4.878048780487805,1.0043041606886653
older,word,3,2,5,51,41,5.882352941176471,4.878048780487805,1.0043041606886653
on iran,phrase,3,2,5,51,41,5.882352941176471,4.878048780487805,1.0043041606886653
on november,phrase,3,2,5,51,41,5.882352941176471,4.878048780487805,1.0043041606886653
on open,phrase,3,2,5,51,41,5.882352941176471,4.878048780487805,1.0043041606886653
on pace,phrase,3,2,5,51,41,5.882352941176471,4.878048780487805,1.0043041606886653
on tesla,phrase,3,2,5,51,41,5.882352941176471,4.878048780487805,1.0043041606886653
oncology,word,3,2,5,51,41,5.882352941176471,4.878048780487805,1.0043041606886653
openai nvidia,phrase,3,2,5,51,41,5.882352941176471,4.878048780487805,1.0043041606886653
opinion,word,3,2,5,51,41,5.882352941176471,4.878048780487805,1.0043041606886653
opportunities for,phrase,3,2,5,51,41,5.882352941176471,4.878048780487805,1.0043041606886653
oracle stock,phrase,3,2,5,51,41,5.882352941176471,4.878048780487805,1.0043041606886653
over china,phrase,3,2,5,51,41,5.882352941176471,4.878048780487805,1.0043041606886653
oversight,word,3,2,5,51,41,5.882352941176471,4.878048780487805,1.0043041606886653
pace for,phrase,3,2,5,51,41,5.882352941176471,4.878048780487805,1.0043041606886653
paramount,word,3,2,5,51,41,5.882352941176471,4.878048780487805,1.0043041606886653
particular,word,3,2,5,51,41,5.882352941176471,4.878048780487805,1.0043041606886653
partnership will,phrase,3,2,5,51,41,5.882352941176471,4.878048780487805,1.0043041606886653
partsinevelos,word,3,2,5,51,41,5.882352941176471,4.878048780487805,1.0043041606886653
payment,word,3,2,5,51,41,5.882352941176471,4.878048780487805,1.0043041606886653
payments,word,3,2,5,51,41,5.882352941176471,4.878048780487805,1.0043041606886653
percent on,phrase,3,2,5,51,41,5.882352941176471,4.878048780487805,1.0043041606886653
percent the,phrase,3,2,5,51,41,5.882352941176471,4.878048780487805,1.0043041606886653
performance and,phrase,3,2,5,51,41,5.882352941176471,4.878048780487805,1.0043041606886653
persist,word,3,2,5,51,41,5.882352941176471,4.878048780487805,1.0043041606886653
pivots,word,3,2,5,51,41,5.882352941176471,4.878048780487805,1.0043041606886653
plan and,phrase,3,2,5,51,41,5.882352941176471,4.878048780487805,1.0043041606886653
platform in,phrase,3,2,5,51,41,5.882352941176471,4.878048780487805,1.0043041606886653
platform is,phrase,3,2,5,51,41,5.882352941176471,4.878048780487805,1.0043041606886653
pltr and,phrase,3,2,5,51,41,5.882352941176471,4.878048780487805,1.0043041606886653
precious,word,3,2,5,51,41,5.882352941176471,4.878048780487805,1.0043041606886653
priced for,phrase,3,2,5,51,41,5.882352941176471,4.878048780487805,1.0043041606886653
prices to,phrase,3,2,5,51,41,5.882352941176471,4.878048780487805,1.0043041606886653
prioritizing,word,3,2,5,51,41,5.882352941176471,4.878048780487805,1.0043041606886653
production to,phrase,3,2,5,51,41,5.882352941176471,4.878048780487805,1.0043041606886653
profit and,phrase,3,2,5,51,41,5.882352941176471,4.878048780487805,1.0043041606886653
published top,phrase,3,2,5,51,41,5.882352941176471,4.878048780487805,1.0043041606886653
push for,phrase,3,2,5,51,41,5.882352941176471,4.878048780487805,1.0043041606886653
pushes back,phrase,3,2,5,51,41,5.882352941176471,4.878048780487805,1.0043041606886653
q1 earnings,phrase,3,2,5,51,41,5.882352941176471,4.878048780487805,1.0043041606886653
racing,word,3,2,5,51,41,5.882352941176471,4.878048780487805,1.0043041606886653
raising questions,phrase,3,2,5,51,41,5.882352941176471,4.878048780487805,1.0043041606886653
raising the,phrase,3,2,5,51,41,5.882352941176471,4.878048780487805,1.0043041606886653
ramped up,phrase,3,2,5,51,41,5.882352941176471,4.878048780487805,1.0043041606886653
rank,word,3,2,5,51,41,5.882352941176471,4.878048780487805,1.0043041606886653
reaches,word,3,2,5,51,41,5.882352941176471,4.878048780487805,1.0043041606886653
reddit,word,3,2,5,51,41,5.882352941176471,4.878048780487805,1.0043041606886653
reduce reliance,phrase,3,2,5,51,41,5.882352941176471,4.878048780487805,1.0043041606886653
regained,word,3,2,5,51,41,5.882352941176471,4.878048780487805,1.0043041606886653
rejects,word,3,2,5,51,41,5.882352941176471,4.878048780487805,1.0043041606886653
renting,word,3,2,5,51,41,5.882352941176471,4.878048780487805,1.0043041606886653
report its,phrase,3,2,5,51,41,5.882352941176471,4.878048780487805,1.0043041606886653
reported record,phrase,3,2,5,51,41,5.882352941176471,4.878048780487805,1.0043041606886653
reporter ines,phrase,3,2,5,51,41,5.882352941176471,4.878048780487805,1.0043041606886653
reports earnings,phrase,3,2,5,51,41,5.882352941176471,4.878048780487805,1.0043041606886653
research calls,phrase,3,2,5,51,41,5.882352941176471,4.878048780487805,1.0043041606886653
restrictions and,phrase,3,2,5,51,41,5.882352941176471,4.878048780487805,1.0043041606886653
reviews,word,3,2,5,51,41,5.882352941176471,4.878048780487805,1.0043041606886653
revive,word,3,2,5,51,41,5.882352941176471,4.878048780487805,1.0043041606886653
revolution has,phrase,3,2,5,51,41,5.882352941176471,4.878048780487805,1.0043041606886653
rocket lab,phrase,3,2,5,51,41,5.882352941176471,4.878048780487805,1.0043041606886653
rolled,word,3,2,5,51,41,5.882352941176471,4.878048780487805,1.0043041606886653
rolled out,phrase,3,2,5,51,41,5.882352941176471,4.878048780487805,1.0043041606886653
roots,word,3,2,5,51,41,5.882352941176471,4.878048780487805,1.0043041606886653
rose more,phrase,3,2,5,51,41,5.882352941176471,4.878048780487805,1.0043041606886653
rubin chip,phrase,3,2,5,51,41,5.882352941176471,4.878048780487805,1.0043041606886653
said thursday,phrase,3,2,5,51,41,5.882352941176471,4.878048780487805,1.0043041606886653
satellites,word,3,2,5,51,41,5.882352941176471,4.878048780487805,1.0043041606886653
says we,phrase,3,2,5,51,41,5.882352941176471,4.878048780487805,1.0043041606886653
scandal,word,3,2,5,51,41,5.882352941176471,4.878048780487805,1.0043041606886653
science,word,3,2,5,51,41,5.882352941176471,4.878048780487805,1.0043041606886653
seem,word,3,2,5,51,41,5.882352941176471,4.878048780487805,1.0043041606886653
seemed,word,3,2,5,51,41,5.882352941176471,4.878048780487805,1.0043041606886653
seen in,phrase,3,2,5,51,41,5.882352941176471,4.878048780487805,1.0043041606886653
separate,word,3,2,5,51,41,5.882352941176471,4.878048780487805,1.0043041606886653
server demand,phrase,3,2,5,51,41,5.882352941176471,4.878048780487805,1.0043041606886653
servers to,phrase,3,2,5,51,41,5.882352941176471,4.878048780487805,1.0043041606886653
services aws,phrase,3,2,5,51,41,5.882352941176471,4.878048780487805,1.0043041606886653
setback,word,3,2,5,51,41,5.882352941176471,4.878048780487805,1.0043041606886653
shares as,phrase,3,2,5,51,41,5.882352941176471,4.878048780487805,1.0043041606886653
shares up,phrase,3,2,5,51,41,5.882352941176471,4.878048780487805,1.0043041606886653
shifting its,phrase,3,2,5,51,41,5.882352941176471,4.878048780487805,1.0043041606886653
shifting with,phrase,3,2,5,51,41,5.882352941176471,4.878048780487805,1.0043041606886653
shockwaves through,phrase,3,2,5,51,41,5.882352941176471,4.878048780487805,1.0043041606886653
siemens,word,3,2,5,51,41,5.882352941176471,4.878048780487805,1.0043041606886653
sitting on,phrase,3,2,5,51,41,5.882352941176471,4.878048780487805,1.0043041606886653
skepticism,word,3,2,5,51,41,5.882352941176471,4.878048780487805,1.0043041606886653
sky,word,3,2,5,51,41,5.882352941176471,4.878048780487805,1.0043041606886653
sliding,word,3,2,5,51,41,5.882352941176471,4.878048780487805,1.0043041606886653
smartest,word,3,2,5,51,41,5.882352941176471,4.878048780487805,1.0043041606886653
softbank ceo,phrase,3,2,5,51,41,5.882352941176471,4.878048780487805,1.0043041606886653
software defined,phrase,3,2,5,51,41,5.882352941176471,4.878048780487805,1.0043041606886653
solutions today,phrase,3,2,5,51,41,5.882352941176471,4.878048780487805,1.0043041606886653
spend billions,phrase,3,2,5,51,41,5.882352941176471,4.878048780487805,1.0043041606886653
spending by,phrase,3,2,5,51,41,5.882352941176471,4.878048780487805,1.0043041606886653
spikes,word,3,2,5,51,41,5.882352941176471,4.878048780487805,1.0043041606886653
spree,word,3,2,5,51,41,5.882352941176471,4.878048780487805,1.0043041606886653
stage for,phrase,3,2,5,51,41,5.882352941176471,4.878048780487805,1.0043041606886653
standing in,phrase,3,2,5,51,41,5.882352941176471,4.878048780487805,1.0043041606886653
stock be,phrase,3,2,5,51,41,5.882352941176471,4.878048780487805,1.0043041606886653
stock nvidia,phrase,3,2,5,51,41,5.882352941176471,4.878048780487805,1.0043041606886653
stories of,phrase,3,2,5,51,41,5.882352941176471,4.878048780487805,1.0043041606886653
streak to,phrase,3,2,5,51,41,5.882352941176471,4.878048780487805,1.0043041606886653
streaming,word,3,2,5,51,41,5.882352941176471,4.878048780487805,1.0043041606886653
street has,phrase,3,2,5,51,41,5.882352941176471,4.878048780487805,1.0043041606886653
street with,phrase,3,2,5,51,41,5.882352941176471,4.878048780487805,1.0043041606886653
street's ai,phrase,3,2,5,51,41,5.882352941176471,4.878048780487805,1.0043041606886653
stronger than,phrase,3,2,5,51,41,5.882352941176471,4.878048780487805,1.0043041606886653
subscription,word,3,2,5,51,41,5.882352941176471,4.878048780487805,1.0043041606886653
super semiconductor,phrase,3,2,5,51,41,5.882352941176471,4.878048780487805,1.0043041606886653
surged on,phrase,3,2,5,51,41,5.882352941176471,4.878048780487805,1.0043041606886653
surges after,phrase,3,2,5,51,41,5.882352941176471,4.878048780487805,1.0043041606886653
surprised,word,3,2,5,51,41,5.882352941176471,4.878048780487805,1.0043041606886653
switches,word,3,2,5,51,41,5.882352941176471,4.878048780487805,1.0043041606886653
system for,phrase,3,2,5,51,41,5.882352941176471,4.878048780487805,1.0043041606886653
takes aim,phrase,3,2,5,51,41,5.882352941176471,4.878048780487805,1.0043041606886653
takes to,phrase,3,2,5,51,41,5.882352941176471,4.878048780487805,1.0043041606886653
tech in,phrase,3,2,5,51,41,5.882352941176471,4.878048780487805,1.0043041606886653
tech weekly,phrase,3,2,5,51,41,5.882352941176471,4.878048780487805,1.0043041606886653
technologies dell,phrase,3,2,5,51,41,5.882352941176471,4.878048780487805,1.0043041606886653
technology the,phrase,3,2,5,51,41,5.882352941176471,4.878048780487805,1.0043041606886653
tensions between,phrase,3,2,5,51,41,5.882352941176471,4.878048780487805,1.0043041606886653
than one,phrase,3,2,5,51,41,5.882352941176471,4.878048780487805,1.0043041606886653
that helps,phrase,3,2,5,51,41,5.882352941176471,4.878048780487805,1.0043041606886653
that we're,phrase,3,2,5,51,41,5.882352941176471,4.878048780487805,1.0043041606886653
the agentic,phrase,3,2,5,51,41,5.882352941176471,4.878048780487805,1.0043041606886653
the bitcoin,phrase,3,2,5,51,41,5.882352941176471,4.878048780487805,1.0043041606886653
the core,phrase,3,2,5,51,41,5.882352941176471,4.878048780487805,1.0043041606886653
the details,phrase,3,2,5,51,41,5.882352941176471,4.878048780487805,1.0043041606886653
the fast,phrase,3,2,5,51,41,5.882352941176471,4.878048780487805,1.0043041606886653
the infrastructure,phrase,3,2,5,51,41,5.882352941176471,4.878048780487805,1.0043041606886653
the media,phrase,3,2,5,51,41,5.882352941176471,4.878048780487805,1.0043041606886653
the one,phrase,3,2,5,51,41,5.882352941176471,4.878048780487805,1.0043041606886653
the physical,phrase,3,2,5,51,41,5.882352941176471,4.878048780487805,1.0043041606886653
the road,phrase,3,2,5,51,41,5.882352941176471,4.878048780487805,1.0043041606886653
the rollout,phrase,3,2,5,51,41,5.882352941176471,4.878048780487805,1.0043041606886653
the selloff,phrase,3,2,5,51,41,5.882352941176471,4.878048780487805,1.0043041606886653
the smartest,phrase,3,2,5,51,41,5.882352941176471,4.878048780487805,1.0043041606886653
the super,phrase,3,2,5,51,41,5.882352941176471,4.878048780487805,1.0043041606886653
their price,phrase,3,2,5,51,41,5.882352941176471,4.878048780487805,1.0043041606886653
there's still,phrase,3,2,5,51,41,5.882352941176471,4.878048780487805,1.0043041606886653
thiel has,phrase,3,2,5,51,41,5.882352941176471,4.878048780487805,1.0043041606886653
this evolving,phrase,3,2,5,51,41,5.882352941176471,4.878048780487805,1.0043041606886653
this news,phrase,3,2,5,51,41,5.882352941176471,4.878048780487805,1.0043041606886653
this price,phrase,3,2,5,51,41,5.882352941176471,4.878048780487805,1.0043041606886653
time the,phrase,3,2,5,51,41,5.882352941176471,4.878048780487805,1.0043041606886653
to achieve,phrase,3,2,5,51,41,5.882352941176471,4.878048780487805,1.0043041606886653
to avoid,phrase,3,2,5,51,41,5.882352941176471,4.878048780487805,1.0043041606886653
to design,phrase,3,2,5,51,41,5.882352941176471,4.878048780487805,1.0043041606886653
to explore,phrase,3,2,5,51,41,5.882352941176471,4.878048780487805,1.0043041606886653
to give,phrase,3,2,5,51,41,5.882352941176471,4.878048780487805,1.0043041606886653
to ignore,phrase,3,2,5,51,41,5.882352941176471,4.878048780487805,1.0043041606886653
to introduce,phrase,3,2,5,51,41,5.882352941176471,4.878048780487805,1.0043041606886653
to regain,phrase,3,2,5,51,41,5.882352941176471,4.878048780487805,1.0043041606886653
to simplify,phrase,3,2,5,51,41,5.882352941176471,4.878048780487805,1.0043041606886653
today feb,phrase,3,2,5,51,41,5.882352941176471,4.878048780487805,1.0043041606886653
tokens,word,3,2,5,51,41,5.882352941176471,4.878048780487805,1.0043041606886653
tools to,phrase,3,2,5,51,41,5.882352941176471,4.878048780487805,1.0043041606886653
top and,phrase,3,2,5,51,41,5.882352941176471,4.878048780487805,1.0043041606886653
top tech,phrase,3,2,5,51,41,5.882352941176471,4.878048780487805,1.0043041606886653
top wall,phrase,3,2,5,51,41,5.882352941176471,4.878048780487805,1.0043041606886653
town,word,3,2,5,51,41,5.882352941176471,4.878048780487805,1.0043041606886653
trade and,phrase,3,2,5,51,41,5.882352941176471,4.878048780487805,1.0043041606886653
transactions,word,3,2,5,51,41,5.882352941176471,4.878048780487805,1.0043041606886653
transforming,word,3,2,5,51,41,5.882352941176471,4.878048780487805,1.0043041606886653
transition to,phrase,3,2,5,51,41,5.882352941176471,4.878048780487805,1.0043041606886653
tried,word,3,2,5,51,41,5.882352941176471,4.878048780487805,1.0043041606886653
trouble,word,3,2,5,51,41,5.882352941176471,4.878048780487805,1.0043041606886653
tsla and,phrase,3,2,5,51,41,5.882352941176471,4.878048780487805,1.0043041606886653
twice,word,3,2,5,51,41,5.882352941176471,4.878048780487805,1.0043041606886653
uncertain,word,3,2,5,51,41,5.882352941176471,4.878048780487805,1.0043041606886653
unified,word,3,2,5,51,41,5.882352941176471,4.878048780487805,1.0043041606886653
upend,word,3,2,5,51,41,5.882352941176471,4.878048780487805,1.0043041606886653
us data,phrase,3,2,5,51,41,5.882352941176471,4.878048780487805,1.0043041606886653
using ai,phrase,3,2,5,51,41,5.882352941176471,4.878048780487805,1.0043041606886653
value estimate,phrase,3,2,5,51,41,5.882352941176471,4.878048780487805,1.0043041606886653
vertical,word,3,2,5,51,41,5.882352941176471,4.878048780487805,1.0043041606886653
virtually,word,3,2,5,51,41,5.882352941176471,4.878048780487805,1.0043041606886653
volumes,word,3,2,5,51,41,5.882352941176471,4.878048780487805,1.0043041606886653
wafer,word,3,2,5,51,41,5.882352941176471,4.878048780487805,1.0043041606886653
walmart and,phrase,3,2,5,51,41,5.882352941176471,4.878048780487805,1.0043041606886653
wanted,word,3,2,5,51,41,5.882352941176471,4.878048780487805,1.0043041606886653
ways to,phrase,3,2,5,51,41,5.882352941176471,4.878048780487805,1.0043041606886653
we'll explore,phrase,3,2,5,51,41,5.882352941176471,4.878048780487805,1.0043041606886653
week but,phrase,3,2,5,51,41,5.882352941176471,4.878048780487805,1.0043041606886653
week nvidia,phrase,3,2,5,51,41,5.882352941176471,4.878048780487805,1.0043041606886653
why google's,phrase,3,2,5,51,41,5.882352941176471,4.878048780487805,1.0043041606886653
will allow,phrase,3,2,5,51,41,5.882352941176471,4.878048780487805,1.0043041606886653
will go,phrase,3,2,5,51,41,5.882352941176471,4.878048780487805,1.0043041606886653
will soon,phrase,3,2,5,51,41,5.882352941176471,4.878048780487805,1.0043041606886653
will take,phrase,3,2,5,51,41,5.882352941176471,4.878048780487805,1.0043041606886653
wireless,word,3,2,5,51,41,5.882352941176471,4.878048780487805,1.0043041606886653
with companies,phrase,3,2,5,51,41,5.882352941176471,4.878048780487805,1.0043041606886653
with josh,phrase,3,2,5,51,41,5.882352941176471,4.878048780487805,1.0043041606886653
with massive,phrase,3,2,5,51,41,5.882352941176471,4.878048780487805,1.0043041606886653
with one,phrase,3,2,5,51,41,5.882352941176471,4.878048780487805,1.0043041606886653
with two,phrase,3,2,5,51,41,5.882352941176471,4.878048780487805,1.0043041606886653
workloads across,phrase,3,2,5,51,41,5.882352941176471,4.878048780487805,1.0043041606886653
workplace,word,3,2,5,51,41,5.882352941176471,4.878048780487805,1.0043041606886653
would mark,phrase,3,2,5,51,41,5.882352941176471,4.878048780487805,1.0043041606886653
year return,phrase,3,2,5,51,41,5.882352941176471,4.878048780487805,1.0043041606886653
years and,phrase,3,2,5,51,41,5.882352941176471,4.878048780487805,1.0043041606886653
you've,word,3,2,5,51,41,5.882352941176471,4.878048780487805,1.0043041606886653
young,word,3,2,5,51,41,5.882352941176471,4.878048780487805,1.0043041606886653
center,word,49,39,88,51,41,96.07843137254902,95.1219512195122,0.9564801530368316
not,word,49,39,88,51,41,96.07843137254902,95.1219512195122,0.9564801530368316
said,word,49,39,88,51,41,96.07843137254902,95.1219512195122,0.9564801530368316
across,word,39,31,70,51,41,76.47058823529412,75.60975609756098,0.8608321377331363
plans,word,39,31,70,51,41,76.47058823529412,75.60975609756098,0.8608321377331363
see,word,39,31,70,51,41,76.47058823529412,75.60975609756098,0.8608321377331363
the next,phrase,39,31,70,51,41,76.47058823529412,75.60975609756098,0.8608321377331363
among,word,34,27,61,51,41,66.66666666666667,65.85365853658537,0.8130081300812941
large,word,34,27,61,51,41,66.66666666666667,65.85365853658537,0.8130081300812941
nearly,word,34,27,61,51,41,66.66666666666667,65.85365853658537,0.8130081300812941
the chip,phrase,34,27,61,51,41,66.66666666666667,65.85365853658537,0.8130081300812941
access,word,29,23,52,51,41,56.86274509803921,56.09756097560975,0.765184122429452
index,word,29,23,52,51,41,56.86274509803921,56.09756097560975,0.765184122429452
stock has,phrase,29,23,52,51,41,56.86274509803921,56.09756097560975,0.765184122429452
talks,word,24,19,43,51,41,47.05882352941177,46.34146341463415,0.7173601147776154
chain,word,19,15,34,51,41,37.254901960784316,36.58536585365854,0.6695361071257788
end of,phrase,19,15,34,51,41,37.254901960784316,36.58536585365854,0.6695361071257788
faster,word,19,15,34,51,41,37.254901960784316,36.58536585365854,0.6695361071257788
huge,word,19,15,34,51,41,37.254901960784316,36.58536585365854,0.6695361071257788
questions,word,19,15,34,51,41,37.254901960784316,36.58536585365854,0.6695361071257788
these stocks,phrase,19,15,34,51,41,37.254901960784316,36.58536585365854,0.6695361071257788
ai partnership,phrase,14,11,25,51,41,27.45098039215686,26.829268292682926,0.6217120994739367
and valuation,phrase,14,11,25,51,41,27.45098039215686,26.829268292682926,0.6217120994739367
billion investment,phrase,14,11,25,51,41,27.45098039215686,26.829268292682926,0.6217120994739367
domination,word,14,11,25,51,41,27.45098039215686,26.829268292682926,0.6217120994739367
forecasts,word,14,11,25,51,41,27.45098039215686,26.829268292682926,0.6217120994739367
low,word,14,11,25,51,41,27.45098039215686,26.829268292682926,0.6217120994739367
market domination,phrase,14,11,25,51,41,27.45098039215686,26.829268292682926,0.6217120994739367
open source,phrase,14,11,25,51,41,27.45098039215686,26.829268292682926,0.6217120994739367
pivot,word,14,11,25,51,41,27.45098039215686,26.829268292682926,0.6217120994739367
potentially,word,14,11,25,51,41,27.45098039215686,26.829268292682926,0.6217120994739367
running,word,14,11,25,51,41,27.45098039215686,26.829268292682926,0.6217120994739367
users,word,14,11,25,51,41,27.45098039215686,26.829268292682926,0.6217120994739367
vera rubin,phrase,14,11,25,51,41,27.45098039215686,26.829268292682926,0.6217120994739367
adds,word,9,7,16,51,41,17.647058823529413,17.073170731707318,0.5738880918220945
advantage,word,9,7,16,51,41,17.647058823529413,17.073170731707318,0.5738880918220945
ai server,phrase,9,7,16,51,41,17.647058823529413,17.073170731707318,0.5738880918220945
amid ai,phrase,9,7,16,51,41,17.647058823529413,17.073170731707318,0.5738880918220945
announce,word,9,7,16,51,41,17.647058823529413,17.073170731707318,0.5738880918220945
centre,word,9,7,16,51,41,17.647058823529413,17.073170731707318,0.5738880918220945
changed,word,9,7,16,51,41,17.647058823529413,17.073170731707318,0.5738880918220945
chip production,phrase,9,7,16,51,41,17.647058823529413,17.073170731707318,0.5738880918220945
click to,phrase,9,7,16,51,41,17.647058823529413,17.073170731707318,0.5738880918220945
coverage of,phrase,9,7,16,51,41,17.647058823529413,17.073170731707318,0.5738880918220945
discusses,word,9,7,16,51,41,17.647058823529413,17.073170731707318,0.5738880918220945
enable,word,9,7,16,51,41,17.647058823529413,17.073170731707318,0.5738880918220945
entry,word,9,7,16,51,41,17.647058823529413,17.073170731707318,0.5738880918220945
geopolitical,word,9,7,16,51,41,17.647058823529413,17.073170731707318,0.5738880918220945
goes,word,9,7,16,51,41,17.647058823529413,17.073170731707318,0.5738880918220945
highlight,word,9,7,16,51,41,17.647058823529413,17.073170731707318,0.5738880918220945
meta is,phrase,9,7,16,51,41,17.647058823529413,17.073170731707318,0.5738880918220945
nasdaq composite,phrase,9,7,16,51,41,17.647058823529413,17.073170731707318,0.5738880918220945
nvidia earnings,phrase,9,7,16,51,41,17.647058823529413,17.073170731707318,0.5738880918220945
nvidia rises,phrase,9,7,16,51,41,17.647058823529413,17.073170731707318,0.5738880918220945
orcl,word,9,7,16,51,41,17.647058823529413,17.073170731707318,0.5738880918220945
pre market,phrase,9,7,16,51,41,17.647058823529413,17.073170731707318,0.5738880918220945
race to,phrase,9,7,16,51,41,17.647058823529413,17.073170731707318,0.5738880918220945
respond to,phrase,9,7,16,51,41,17.647058823529413,17.073170731707318,0.5738880918220945
sam altman,phrase,9,7,16,51,41,17.647058823529413,17.073170731707318,0.5738880918220945
stock jumps,phrase,9,7,16,51,41,17.647058823529413,17.073170731707318,0.5738880918220945
strategist,word,9,7,16,51,41,17.647058823529413,17.073170731707318,0.5738880918220945
the recent,phrase,9,7,16,51,41,17.647058823529413,17.073170731707318,0.5738880918220945
to report,phrase,9,7,16,51,41,17.647058823529413,17.073170731707318,0.5738880918220945
2026's,word,4,3,7,51,41,7.8431372549019605,7.317073170731708,0.5260640841702537
accelerating the,phrase,4,3,7,51,41,7.8431372549019605,7.317073170731708,0.5260640841702537
achieve,word,4,3,7,51,41,7.8431372549019605,7.317073170731708,0.5260640841702537
achieved,word,4,3,7,51,41,7.8431372549019605,7.317073170731708,0.5260640841702537
adding that,phrase,4,3,7,51,41,7.8431372549019605,7.317073170731708,0.5260640841702537
advanced talks,phrase,4,3,7,51,41,7.8431372549019605,7.317073170731708,0.5260640841702537
ai business,phrase,4,3,7,51,41,7.8431372549019605,7.317073170731708,0.5260640841702537
ai chipmaker's,phrase,4,3,7,51,41,7.8431372549019605,7.317073170731708,0.5260640841702537
ai ran,phrase,4,3,7,51,41,7.8431372549019605,7.317073170731708,0.5260640841702537
alphabet in,phrase,4,3,7,51,41,7.8431372549019605,7.317073170731708,0.5260640841702537
alphabet is,phrase,4,3,7,51,41,7.8431372549019605,7.317073170731708,0.5260640841702537
amazon google,phrase,4,3,7,51,41,7.8431372549019605,7.317073170731708,0.5260640841702537
amd ai,phrase,4,3,7,51,41,7.8431372549019605,7.317073170731708,0.5260640841702537
amd alphabet,phrase,4,3,7,51,41,7.8431372549019605,7.317073170731708,0.5260640841702537
amd are,phrase,4,3,7,51,41,7.8431372549019605,7.317073170731708,0.5260640841702537
amd nasdaq,phrase,4,3,7,51,41,7.8431372549019605,7.317073170731708,0.5260640841702537
and growing,phrase,4,3,7,51,41,7.8431372549019605,7.317073170731708,0.5260640841702537
and pricing,phrase,4,3,7,51,41,7.8431372549019605,7.317073170731708,0.5260640841702537
and sk,phrase,4,3,7,51,41,7.8431372549019605,7.317073170731708,0.5260640841702537
and whether,phrase,4,3,7,51,41,7.8431372549019605,7.317073170731708,0.5260640841702537
announced plans,phrase,4,3,7,51,41,7.8431372549019605,7.317073170731708,0.5260640841702537
appear,word,4,3,7,51,41,7.8431372549019605,7.317073170731708,0.5260640841702537
appetite for,phrase,4,3,7,51,41,7.8431372549019605,7.317073170731708,0.5260640841702537
apple inc,phrase,4,3,7,51,41,7.8431372549019605,7.317073170731708,0.5260640841702537
apply,word,4,3,7,51,41,7.8431372549019605,7.317073170731708,0.5260640841702537
area,word,4,3,7,51,41,7.8431372549019605,7.317073170731708,0.5260640841702537
art,word,4,3,7,51,41,7.8431372549019605,7.317073170731708,0.5260640841702537
as global,phrase,4,3,7,51,41,7.8431372549019605,7.317073170731708,0.5260640841702537
as openai,phrase,4,3,7,51,41,7.8431372549019605,7.317073170731708,0.5260640841702537
as shares,phrase,4,3,7,51,41,7.8431372549019605,7.317073170731708,0.5260640841702537
as trump,phrase,4,3,7,51,41,7.8431372549019605,7.317073170731708,0.5260640841702537
attention on,phrase,4,3,7,51,41,7.8431372549019605,7.317073170731708,0.5260640841702537
avoid,word,4,3,7,51,41,7.8431372549019605,7.317073170731708,0.5260640841702537
before nvidia,phrase,4,3,7,51,41,7.8431372549019605,7.317073170731708,0.5260640841702537
bid to,phrase,4,3,7,51,41,7.8431372549019605,7.317073170731708,0.5260640841702537
bigger than,phrase,4,3,7,51,41,7.8431372549019605,7.317073170731708,0.5260640841702537
biotech,word,4,3,7,51,41,7.8431372549019605,7.317073170731708,0.5260640841702537
blackwell and,phrase,4,3,7,51,41,7.8431372549019605,7.317073170731708,0.5260640841702537
blue chip,phrase,4,3,7,51,41,7.8431372549019605,7.317073170731708,0.5260640841702537
bombshell,word,4,3,7,51,41,7.8431372549019605,7.317073170731708,0.5260640841702537
boom in,phrase,4,3,7,51,41,7.8431372549019605,7.317073170731708,0.5260640841702537
broadcom shares,phrase,4,3,7,51,41,7.8431372549019605,7.317073170731708,0.5260640841702537
brutal,word,4,3,7,51,41,7.8431372549019605,7.317073170731708,0.5260640841702537
calls on,phrase,4,3,7,51,41,7.8431372549019605,7.317073170731708,0.5260640841702537
came after,phrase,4,3,7,51,41,7.8431372549019605,7.317073170731708,0.5260640841702537
category,word,4,3,7,51,41,7.8431372549019605,7.317073170731708,0.5260640841702537
center build,phrase,4,3,7,51,41,7.8431372549019605,7.317073170731708,0.5260640841702537
centered on,phrase,4,3,7,51,41,7.8431372549019605,7.317073170731708,0.5260640841702537
challenge nvidia's,phrase,4,3,7,51,41,7.8431372549019605,7.317073170731708,0.5260640841702537
challenger,word,4,3,7,51,41,7.8431372549019605,7.317073170731708,0.5260640841702537
chip shortage,phrase,4,3,7,51,41,7.8431372549019605,7.317073170731708,0.5260640841702537
clara,word,4,3,7,51,41,7.8431372549019605,7.317073170731708,0.5260640841702537
clara calif,phrase,4,3,7,51,41,7.8431372549019605,7.317073170731708,0.5260640841702537
clinical,word,4,3,7,51,41,7.8431372549019605,7.317073170731708,0.5260640841702537
collaborating with,phrase,4,3,7,51,41,7.8431372549019605,7.317073170731708,0.5260640841702537
collapse,word,4,3,7,51,41,7.8431372549019605,7.317073170731708,0.5260640841702537
combined with,phrase,4,3,7,51,41,7.8431372549019605,7.317073170731708,0.5260640841702537
commit,word,4,3,7,51,41,7.8431372549019605,7.317073170731708,0.5260640841702537
company that,phrase,4,3,7,51,41,7.8431372549019605,7.317073170731708,0.5260640841702537
comparison,word,4,3,7,51,41,7.8431372549019605,7.317073170731708,0.5260640841702537
computing infrastructure,phrase,4,3,7,51,41,7.8431372549019605,7.317073170731708,0.5260640841702537
could lead,phrase,4,3,7,51,41,7.8431372549019605,7.317073170731708,0.5260640841702537
covering,word,4,3,7,51,41,7.8431372549019605,7.317073170731708,0.5260640841702537
daniel newman,phrase,4,3,7,51,41,7.8431372549019605,7.317073170731708,0.5260640841702537
debt and,phrase,4,3,7,51,41,7.8431372549019605,7.317073170731708,0.5260640841702537
demanding,word,4,3,7,51,41,7.8431372549019605,7.317073170731708,0.5260640841702537
demonstrate,word,4,3,7,51,41,7.8431372549019605,7.317073170731708,0.5260640841702537
directly to,phrase,4,3,7,51,41,7.8431372549019605,7.317073170731708,0.5260640841702537
diversify,word,4,3,7,51,41,7.8431372549019605,7.317073170731708,0.5260640841702537
earnings this,phrase,4,3,7,51,41,7.8431372549019605,7.317073170731708,0.5260640841702537
earnings with,phrase,4,3,7,51,41,7.8431372549019605,7.317073170731708,0.5260640841702537
empire,word,4,3,7,51,41,7.8431372549019605,7.317073170731708,0.5260640841702537
enhanced,word,4,3,7,51,41,7.8431372549019605,7.317073170731708,0.5260640841702537
europe's,word,4,3,7,51,41,7.8431372549019605,7.317073170731708,0.5260640841702537
examines,word,4,3,7,51,41,7.8431372549019605,7.317073170731708,0.5260640841702537
executive jensen,phrase,4,3,7,51,41,7.8431372549019605,7.317073170731708,0.5260640841702537
expand ai,phrase,4,3,7,51,41,7.8431372549019605,7.317073170731708,0.5260640841702537
export of,phrase,4,3,7,51,41,7.8431372549019605,7.317073170731708,0.5260640841702537
fabrication,word,4,3,7,51,41,7.8431372549019605,7.317073170731708,0.5260640841702537
facts,word,4,3,7,51,41,7.8431372549019605,7.317073170731708,0.5260640841702537
fee,word,4,3,7,51,41,7.8431372549019605,7.317073170731708,0.5260640841702537
few months,phrase,4,3,7,51,41,7.8431372549019605,7.317073170731708,0.5260640841702537
for long,phrase,4,3,7,51,41,7.8431372549019605,7.317073170731708,0.5260640841702537
for micron,phrase,4,3,7,51,41,7.8431372549019605,7.317073170731708,0.5260640841702537
for openai,phrase,4,3,7,51,41,7.8431372549019605,7.317073170731708,0.5260640841702537
forefront of,phrase,4,3,7,51,41,7.8431372549019605,7.317073170731708,0.5260640841702537
forge,word,4,3,7,51,41,7.8431372549019605,7.317073170731708,0.5260640841702537
futurum,word,4,3,7,51,41,7.8431372549019605,7.317073170731708,0.5260640841702537
gains from,phrase,4,3,7,51,41,7.8431372549019605,7.317073170731708,0.5260640841702537
gap with,phrase,4,3,7,51,41,7.8431372549019605,7.317073170731708,0.5260640841702537
google meta,phrase,4,3,7,51,41,7.8431372549019605,7.317073170731708,0.5260640841702537
grown,word,4,3,7,51,41,7.8431372549019605,7.317073170731708,0.5260640841702537
grows,word,4,3,7,51,41,7.8431372549019605,7.317073170731708,0.5260640841702537
has fallen,phrase,4,3,7,51,41,7.8431372549019605,7.317073170731708,0.5260640841702537
has risen,phrase,4,3,7,51,41,7.8431372549019605,7.317073170731708,0.5260640841702537
has sold,phrase,4,3,7,51,41,7.8431372549019605,7.317073170731708,0.5260640841702537
hear,word,4,3,7,51,41,7.8431372549019605,7.317073170731708,0.5260640841702537
high profile,phrase,4,3,7,51,41,7.8431372549019605,7.317073170731708,0.5260640841702537
higher as,phrase,4,3,7,51,41,7.8431372549019605,7.317073170731708,0.5260640841702537
hours trading,phrase,4,3,7,51,41,7.8431372549019605,7.317073170731708,0.5260640841702537
housing,word,4,3,7,51,41,7.8431372549019605,7.317073170731708,0.5260640841702537
hpc,word,4,3,7,51,41,7.8431372549019605,7.317073170731708,0.5260640841702537
hyperscale data,phrase,4,3,7,51,41,7.8431372549019605,7.317073170731708,0.5260640841702537
in history,phrase,4,3,7,51,41,7.8431372549019605,7.317073170731708,0.5260640841702537
in next,phrase,4,3,7,51,41,7.8431372549019605,7.317073170731708,0.5260640841702537
in place,phrase,4,3,7,51,41,7.8431372549019605,7.317073170731708,0.5260640841702537
in taiwan,phrase,4,3,7,51,41,7.8431372549019605,7.317073170731708,0.5260640841702537
include the,phrase,4,3,7,51,41,7.8431372549019605,7.317073170731708,0.5260640841702537
index fell,phrase,4,3,7,51,41,7.8431372549019605,7.317073170731708,0.5260640841702537
industry is,phrase,4,3,7,51,41,7.8431372549019605,7.317073170731708,0.5260640841702537
information reported,phrase,4,3,7,51,41,7.8431372549019605,7.317073170731708,0.5260640841702537
infrastructure push,phrase,4,3,7,51,41,7.8431372549019605,7.317073170731708,0.5260640841702537
institutions,word,4,3,7,51,41,7.8431372549019605,7.317073170731708,0.5260640841702537
intel corporation,phrase,4,3,7,51,41,7.8431372549019605,7.317073170731708,0.5260640841702537
intelligence trade,phrase,4,3,7,51,41,7.8431372549019605,7.317073170731708,0.5260640841702537
interconnects,word,4,3,7,51,41,7.8431372549019605,7.317073170731708,0.5260640841702537
into china,phrase,4,3,7,51,41,7.8431372549019605,7.317073170731708,0.5260640841702537
investment firm,phrase,4,3,7,51,41,7.8431372549019605,7.317073170731708,0.5260640841702537
investment is,phrase,4,3,7,51,41,7.8431372549019605,7.317073170731708,0.5260640841702537
investor michael,phrase,4,3,7,51,41,7.8431372549019605,7.317073170731708,0.5260640841702537
investors can,phrase,4,3,7,51,41,7.8431372549019605,7.317073170731708,0.5260640841702537
is launching,phrase,4,3,7,51,41,7.8431372549019605,7.317073170731708,0.5260640841702537
its business,phrase,4,3,7,51,41,7.8431372549019605,7.317073170731708,0.5260640841702537
its dominance,phrase,4,3,7,51,41,7.8431372549019605,7.317073170731708,0.5260640841702537
its investment,phrase,4,3,7,51,41,7.8431372549019605,7.317073170731708,0.5260640841702537
its revenue,phrase,4,3,7,51,41,7.8431372549019605,7.317073170731708,0.5260640841702537
latest earnings,phrase,4,3,7,51,41,7.8431372549019605,7.317073170731708,0.5260640841702537
leader nvidia,phrase,4,3,7,51,41,7.8431372549019605,7.317073170731708,0.5260640841702537
link,word,4,3,7,51,41,7.8431372549019605,7.317073170731708,0.5260640841702537
locked in,phrase,4,3,7,51,41,7.8431372549019605,7.317073170731708,0.5260640841702537
make its,phrase,4,3,7,51,41,7.8431372549019605,7.317073170731708,0.5260640841702537
micron technology's,phrase,4,3,7,51,41,7.8431372549019605,7.317073170731708,0.5260640841702537
microsoft is,phrase,4,3,7,51,41,7.8431372549019605,7.317073170731708,0.5260640841702537
microsoft will,phrase,4,3,7,51,41,7.8431372549019605,7.317073170731708,0.5260640841702537
million of,phrase,4,3,7,51,41,7.8431372549019605,7.317073170731708,0.5260640841702537
mind,word,4,3,7,51,41,7.8431372549019605,7.317073170731708,0.5260640841702537
minutes,word,4,3,7,51,41,7.8431372549019605,7.317073170731708,0.5260640841702537
mobility,word,4,3,7,51,41,7.8431372549019605,7.317073170731708,0.5260640841702537
models for,phrase,4,3,7,51,41,7.8431372549019605,7.317073170731708,0.5260640841702537
month that,phrase,4,3,7,51,41,7.8431372549019605,7.317073170731708,0.5260640841702537
most popular,phrase,4,3,7,51,41,7.8431372549019605,7.317073170731708,0.5260640841702537
new year,phrase,4,3,7,51,41,7.8431372549019605,7.317073170731708,0.5260640841702537
newman,word,4,3,7,51,41,7.8431372549019605,7.317073170731708,0.5260640841702537
newswire the,phrase,4,3,7,51,41,7.8431372549019605,7.317073170731708,0.5260640841702537
next decade,phrase,4,3,7,51,41,7.8431372549019605,7.317073170731708,0.5260640841702537
night,word,4,3,7,51,41,7.8431372549019605,7.317073170731708,0.5260640841702537
nike,word,4,3,7,51,41,7.8431372549019605,7.317073170731708,0.5260640841702537
nvda fell,phrase,4,3,7,51,41,7.8431372549019605,7.317073170731708,0.5260640841702537
nvidia hits,phrase,4,3,7,51,41,7.8431372549019605,7.317073170731708,0.5260640841702537
of computing,phrase,4,3,7,51,41,7.8431372549019605,7.317073170731708,0.5260640841702537
of two,phrase,4,3,7,51,41,7.8431372549019605,7.317073170731708,0.5260640841702537
officer jensen,phrase,4,3,7,51,41,7.8431372549019605,7.317073170731708,0.5260640841702537
oklo,word,4,3,7,51,41,7.8431372549019605,7.317073170731708,0.5260640841702537
on data,phrase,4,3,7,51,41,7.8431372549019605,7.317073170731708,0.5260640841702537
on jim,phrase,4,3,7,51,41,7.8431372549019605,7.317073170731708,0.5260640841702537
on news,phrase,4,3,7,51,41,7.8431372549019605,7.317073170731708,0.5260640841702537
on whether,phrase,4,3,7,51,41,7.8431372549019605,7.317073170731708,0.5260640841702537
operating profit,phrase,4,3,7,51,41,7.8431372549019605,7.317073170731708,0.5260640841702537
operator,word,4,3,7,51,41,7.8431372549019605,7.317073170731708,0.5260640841702537
orbital,word,4,3,7,51,41,7.8431372549019605,7.317073170731708,0.5260640841702537
others to,phrase,4,3,7,51,41,7.8431372549019605,7.317073170731708,0.5260640841702537
past decade,phrase,4,3,7,51,41,7.8431372549019605,7.317073170731708,0.5260640841702537
past three,phrase,4,3,7,51,41,7.8431372549019605,7.317073170731708,0.5260640841702537
plant in,phrase,4,3,7,51,41,7.8431372549019605,7.317073170731708,0.5260640841702537
plants,word,4,3,7,51,41,7.8431372549019605,7.317073170731708,0.5260640841702537
platforms to,phrase,4,3,7,51,41,7.8431372549019605,7.317073170731708,0.5260640841702537
position as,phrase,4,3,7,51,41,7.8431372549019605,7.317073170731708,0.5260640841702537
potential for,phrase,4,3,7,51,41,7.8431372549019605,7.317073170731708,0.5260640841702537
powerful ai,phrase,4,3,7,51,41,7.8431372549019605,7.317073170731708,0.5260640841702537
predicts,word,4,3,7,51,41,7.8431372549019605,7.317073170731708,0.5260640841702537
pretty,word,4,3,7,51,41,7.8431372549019605,7.317073170731708,0.5260640841702537
prices for,phrase,4,3,7,51,41,7.8431372549019605,7.317073170731708,0.5260640841702537
promises,word,4,3,7,51,41,7.8431372549019605,7.317073170731708,0.5260640841702537
pulls,word,4,3,7,51,41,7.8431372549019605,7.317073170731708,0.5260640841702537
qualcomm's,word,4,3,7,51,41,7.8431372549019605,7.317073170731708,0.5260640841702537
rally on,phrase,4,3,7,51,41,7.8431372549019605,7.317073170731708,0.5260640841702537
ramp up,phrase,4,3,7,51,41,7.8431372549019605,7.317073170731708,0.5260640841702537
rating and,phrase,4,3,7,51,41,7.8431372549019605,7.317073170731708,0.5260640841702537
reasoning,word,4,3,7,51,41,7.8431372549019605,7.317073170731708,0.5260640841702537
recently announced,phrase,4,3,7,51,41,7.8431372549019605,7.317073170731708,0.5260640841702537
recommendation,word,4,3,7,51,41,7.8431372549019605,7.317073170731708,0.5260640841702537
record earnings,phrase,4,3,7,51,41,7.8431372549019605,7.317073170731708,0.5260640841702537
reflection,word,4,3,7,51,41,7.8431372549019605,7.317073170731708,0.5260640841702537
related demand,phrase,4,3,7,51,41,7.8431372549019605,7.317073170731708,0.5260640841702537
remains in,phrase,4,3,7,51,41,7.8431372549019605,7.317073170731708,0.5260640841702537
requests for,phrase,4,3,7,51,41,7.8431372549019605,7.317073170731708,0.5260640841702537
rest of,phrase,4,3,7,51,41,7.8431372549019605,7.317073170731708,0.5260640841702537
retreated,word,4,3,7,51,41,7.8431372549019605,7.317073170731708,0.5260640841702537
rising early,phrase,4,3,7,51,41,7.8431372549019605,7.317073170731708,0.5260640841702537
robust demand,phrase,4,3,7,51,41,7.8431372549019605,7.317073170731708,0.5260640841702537
room for,phrase,4,3,7,51,41,7.8431372549019605,7.317073170731708,0.5260640841702537
runway,word,4,3,7,51,41,7.8431372549019605,7.317073170731708,0.5260640841702537
said to,phrase,4,3,7,51,41,7.8431372549019605,7.317073170731708,0.5260640841702537
samsung sk,phrase,4,3,7,51,41,7.8431372549019605,7.317073170731708,0.5260640841702537
sector and,phrase,4,3,7,51,41,7.8431372549019605,7.317073170731708,0.5260640841702537
sector's,word,4,3,7,51,41,7.8431372549019605,7.317073170731708,0.5260640841702537
semiconductor company,phrase,4,3,7,51,41,7.8431372549019605,7.317073170731708,0.5260640841702537
share gains,phrase,4,3,7,51,41,7.8431372549019605,7.317073170731708,0.5260640841702537
shipments of,phrase,4,3,7,51,41,7.8431372549019605,7.317073170731708,0.5260640841702537
shipments to,phrase,4,3,7,51,41,7.8431372549019605,7.317073170731708,0.5260640841702537
shipping,word,4,3,7,51,41,7.8431372549019605,7.317073170731708,0.5260640841702537
should not,phrase,4,3,7,51,41,7.8431372549019605,7.317073170731708,0.5260640841702537
slow,word,4,3,7,51,41,7.8431372549019605,7.317073170731708,0.5260640841702537
solve,word,4,3,7,51,41,7.8431372549019605,7.317073170731708,0.5260640841702537
sovereignty,word,4,3,7,51,41,7.8431372549019605,7.317073170731708,0.5260640841702537
speaks with,phrase,4,3,7,51,41,7.8431372549019605,7.317073170731708,0.5260640841702537
spot,word,4,3,7,51,41,7.8431372549019605,7.317073170731708,0.5260640841702537
stock faces,phrase,4,3,7,51,41,7.8431372549019605,7.317073170731708,0.5260640841702537
stock performance,phrase,4,3,7,51,41,7.8431372549019605,7.317073170731708,0.5260640841702537
stock remains,phrase,4,3,7,51,41,7.8431372549019605,7.317073170731708,0.5260640841702537
stock that's,phrase,4,3,7,51,41,7.8431372549019605,7.317073170731708,0.5260640841702537
stock up,phrase,4,3,7,51,41,7.8431372549019605,7.317073170731708,0.5260640841702537
strategic collaboration,phrase,4,3,7,51,41,7.8431372549019605,7.317073170731708,0.5260640841702537
string of,phrase,4,3,7,51,41,7.8431372549019605,7.317073170731708,0.5260640841702537
struggled,word,4,3,7,51,41,7.8431372549019605,7.317073170731708,0.5260640841702537
study,word,4,3,7,51,41,7.8431372549019605,7.317073170731708,0.5260640841702537
supercharge,word,4,3,7,51,41,7.8431372549019605,7.317073170731708,0.5260640841702537
supercomputing,word,4,3,7,51,41,7.8431372549019605,7.317073170731708,0.5260640841702537
supporting the,phrase,4,3,7,51,41,7.8431372549019605,7.317073170731708,0.5260640841702537
supremacy,word,4,3,7,51,41,7.8431372549019605,7.317073170731708,0.5260640841702537
surge and,phrase,4,3,7,51,41,7.8431372549019605,7.317073170731708,0.5260640841702537
surging hbm,phrase,4,3,7,51,41,7.8431372549019605,7.317073170731708,0.5260640841702537
switch,word,4,3,7,51,41,7.8431372549019605,7.317073170731708,0.5260640841702537
systems that,phrase,4,3,7,51,41,7.8431372549019605,7.317073170731708,0.5260640841702537
taiwan semiconductor's,phrase,4,3,7,51,41,7.8431372549019605,7.317073170731708,0.5260640841702537
talk about,phrase,4,3,7,51,41,7.8431372549019605,7.317073170731708,0.5260640841702537
tech leaders,phrase,4,3,7,51,41,7.8431372549019605,7.317073170731708,0.5260640841702537
technical analysis,phrase,4,3,7,51,41,7.8431372549019605,7.317073170731708,0.5260640841702537
tesla's,word,4,3,7,51,41,7.8431372549019605,7.317073170731708,0.5260640841702537
that investors,phrase,4,3,7,51,41,7.8431372549019605,7.317073170731708,0.5260640841702537
the decision,phrase,4,3,7,51,41,7.8431372549019605,7.317073170731708,0.5260640841702537
the deployment,phrase,4,3,7,51,41,7.8431372549019605,7.317073170731708,0.5260640841702537
the integration,phrase,4,3,7,51,41,7.8431372549019605,7.317073170731708,0.5260640841702537
the quarter,phrase,4,3,7,51,41,7.8431372549019605,7.317073170731708,0.5260640841702537
the sales,phrase,4,3,7,51,41,7.8431372549019605,7.317073170731708,0.5260640841702537
the share,phrase,4,3,7,51,41,7.8431372549019605,7.317073170731708,0.5260640841702537
the stage,phrase,4,3,7,51,41,7.8431372549019605,7.317073170731708,0.5260640841702537
the three,phrase,4,3,7,51,41,7.8431372549019605,7.317073170731708,0.5260640841702537
the wrong,phrase,4,3,7,51,41,7.8431372549019605,7.317073170731708,0.5260640841702537
these ai,phrase,4,3,7,51,41,7.8431372549019605,7.317073170731708,0.5260640841702537
threatens,word,4,3,7,51,41,7.8431372549019605,7.317073170731708,0.5260640841702537
to balance,phrase,4,3,7,51,41,7.8431372549019605,7.317073170731708,0.5260640841702537
to customers,phrase,4,3,7,51,41,7.8431372549019605,7.317073170731708,0.5260640841702537
to focus,phrase,4,3,7,51,41,7.8431372549019605,7.317073170731708,0.5260640841702537
to meta,phrase,4,3,7,51,41,7.8431372549019605,7.317073170731708,0.5260640841702537
to show,phrase,4,3,7,51,41,7.8431372549019605,7.317073170731708,0.5260640841702537
to solve,phrase,4,3,7,51,41,7.8431372549019605,7.317073170731708,0.5260640841702537
to yahoo,phrase,4,3,7,51,41,7.8431372549019605,7.317073170731708,0.5260640841702537
today's top,phrase,4,3,7,51,41,7.8431372549019605,7.317073170731708,0.5260640841702537
tracks today's,phrase,4,3,7,51,41,7.8431372549019605,7.317073170731708,0.5260640841702537
trade spy,phrase,4,3,7,51,41,7.8431372549019605,7.317073170731708,0.5260640841702537
tsla using,phrase,4,3,7,51,41,7.8431372549019605,7.317073170731708,0.5260640841702537
uber technologies,phrase,4,3,7,51,41,7.8431372549019605,7.317073170731708,0.5260640841702537
underway,word,4,3,7,51,41,7.8431372549019605,7.317073170731708,0.5260640841702537
ups,word,4,3,7,51,41,7.8431372549019605,7.317073170731708,0.5260640841702537
use its,phrase,4,3,7,51,41,7.8431372549019605,7.317073170731708,0.5260640841702537
using technical,phrase,4,3,7,51,41,7.8431372549019605,7.317073170731708,0.5260640841702537
utilities,word,4,3,7,51,41,7.8431372549019605,7.317073170731708,0.5260640841702537
vendor,word,4,3,7,51,41,7.8431372549019605,7.317073170731708,0.5260640841702537
wild,word,4,3,7,51,41,7.8431372549019605,7.317073170731708,0.5260640841702537
will use,phrase,4,3,7,51,41,7.8431372549019605,7.317073170731708,0.5260640841702537
with investors,phrase,4,3,7,51,41,7.8431372549019605,7.317073170731708,0.5260640841702537
year agreement,phrase,4,3,7,51,41,7.8431372549019605,7.317073170731708,0.5260640841702537
buy,word,50,40,90,51,41,98.03921568627452,97.5609756097561,0.4782400765184103
chip,word,50,40,90,51,41,98.03921568627452,97.5609756097561,0.4782400765184103
data,word,50,40,90,51,41,98.03921568627452,97.5609756097561,0.4782400765184103
growth,word,50,40,90,51,41,98.03921568627452,97.5609756097561,0.4782400765184103
nasdaq,word,50,40,90,51,41,98.03921568627452,97.5609756097561,0.4782400765184103
the ai,phrase,50,40,90,51,41,98.03921568627452,97.5609756097561,0.4782400765184103
first,word,45,36,81,51,41,88.23529411764706,87.8048780487805,0.43041606886656814
intelligence ai,phrase,40,32,72,51,41,78.43137254901961,78.04878048780488,0.382592061214726
micron,word,40,32,72,51,41,78.43137254901961,78.04878048780488,0.382592061214726
watch,word,40,32,72,51,41,78.43137254901961,78.04878048780488,0.382592061214726
business,word,35,28,63,51,41,68.62745098039215,68.29268292682927,0.33476805356288386
ceo jensen,phrase,35,28,63,51,41,68.62745098039215,68.29268292682927,0.33476805356288386
corporation nasdaq,phrase,35,28,63,51,41,68.62745098039215,68.29268292682927,0.33476805356288386
model,word,30,24,54,51,41,58.8235294117647,58.53658536585366,0.2869440459110528
raised,word,30,24,54,51,41,58.8235294117647,58.53658536585366,0.2869440459110528
the first,phrase,30,24,54,51,41,58.8235294117647,58.53658536585366,0.2869440459110528
processing,word,25,20,45,51,41,49.01960784313726,48.78048780487805,0.23912003825920514
to date,phrase,25,20,45,51,41,49.01960784313726,48.78048780487805,0.23912003825920514
vs,word,25,20,45,51,41,49.01960784313726,48.78048780487805,0.23912003825920514
attention,word,20,16,36,51,41,39.21568627450981,39.02439024390244,0.191296030607363
average,word,20,16,36,51,41,39.21568627450981,39.02439024390244,0.191296030607363
bandwidth,word,20,16,36,51,41,39.21568627450981,39.02439024390244,0.191296030607363
bank,word,20,16,36,51,41,39.21568627450981,39.02439024390244,0.191296030607363
high bandwidth,phrase,20,16,36,51,41,39.21568627450981,39.02439024390244,0.191296030607363
october,word,20,16,36,51,41,39.21568627450981,39.02439024390244,0.191296030607363
source,word,20,16,36,51,41,39.21568627450981,39.02439024390244,0.191296030607363
advance,word,15,12,27,51,41,29.41176470588235,29.26829268292683,0.1434720229555264
and alphabet,phrase,15,12,27,51,41,29.41176470588235,29.26829268292683,0.1434720229555264
boosting,word,15,12,27,51,41,29.41176470588235,29.26829268292683,0.1434720229555264
core,word,15,12,27,51,41,29.41176470588235,29.26829268292683,0.1434720229555264
devices inc,phrase,15,12,27,51,41,29.41176470588235,29.26829268292683,0.1434720229555264
give,word,15,12,27,51,41,29.41176470588235,29.26829268292683,0.1434720229555264
latest analysis,phrase,15,12,27,51,41,29.41176470588235,29.26829268292683,0.1434720229555264
stock's,word,15,12,27,51,41,29.41176470588235,29.26829268292683,0.1434720229555264
technology and,phrase,15,12,27,51,41,29.41176470588235,29.26829268292683,0.1434720229555264
ai push,phrase,10,8,18,51,41,19.607843137254903,19.51219512195122,0.0956480153036815
ai semiconductor,phrase,10,8,18,51,41,19.607843137254903,19.51219512195122,0.0956480153036815
automation,word,10,8,18,51,41,19.607843137254903,19.51219512195122,0.0956480153036815
devices nasdaq,phrase,10,8,18,51,41,19.607843137254903,19.51219512195122,0.0956480153036815
earnings are,phrase,10,8,18,51,41,19.607843137254903,19.51219512195122,0.0956480153036815
earnings growth,phrase,10,8,18,51,41,19.607843137254903,19.51219512195122,0.0956480153036815
europe,word,10,8,18,51,41,19.607843137254903,19.51219512195122,0.0956480153036815
founder and,phrase,10,8,18,51,41,19.607843137254903,19.51219512195122,0.0956480153036815
hopes,word,10,8,18,51,41,19.607843137254903,19.51219512195122,0.0956480153036815
inc nasdaq,phrase,10,8,18,51,41,19.607843137254903,19.51219512195122,0.0956480153036815
infrastructure buildout,phrase,10,8,18,51,41,19.607843137254903,19.51219512195122,0.0956480153036815
is poised,phrase,10,8,18,51,41,19.607843137254903,19.51219512195122,0.0956480153036815
josh,word,10,8,18,51,41,19.607843137254903,19.51219512195122,0.0956480153036815
korean,word,10,8,18,51,41,19.607843137254903,19.51219512195122,0.0956480153036815
language,word,10,8,18,51,41,19.607843137254903,19.51219512195122,0.0956480153036815
limits,word,10,8,18,51,41,19.607843137254903,19.51219512195122,0.0956480153036815
mag,word,10,8,18,51,41,19.607843137254903,19.51219512195122,0.0956480153036815
of billions,phrase,10,8,18,51,41,19.607843137254903,19.51219512195122,0.0956480153036815
optimized,word,10,8,18,51,41,19.607843137254903,19.51219512195122,0.0956480153036815
peak,word,10,8,18,51,41,19.607843137254903,19.51219512195122,0.0956480153036815
real time,phrase,10,8,18,51,41,19.607843137254903,19.51219512195122,0.0956480153036815
rebound,word,10,8,18,51,41,19.607843137254903,19.51219512195122,0.0956480153036815
statement,word,10,8,18,51,41,19.607843137254903,19.51219512195122,0.0956480153036815
stock that,phrase,10,8,18,51,41,19.607843137254903,19.51219512195122,0.0956480153036815
tariff,word,10,8,18,51,41,19.607843137254903,19.51219512195122,0.0956480153036815
the chinese,phrase,10,8,18,51,41,19.607843137254903,19.51219512195122,0.0956480153036815
the potential,phrase,10,8,18,51,41,19.607843137254903,19.51219512195122,0.0956480153036815
the round,phrase,10,8,18,51,41,19.607843137254903,19.51219512195122,0.0956480153036815
used in,phrase,10,8,18,51,41,19.607843137254903,19.51219512195122,0.0956480153036815
20b,word,5,4,9,51,41,9.803921568627452,9.75609756097561,0.04782400765184075
about nvda,phrase,5,4,9,51,41,9.803921568627452,9.75609756097561,0.04782400765184075
advanced artificial,phrase,5,4,9,51,41,9.803921568627452,9.75609756097561,0.04782400765184075
advertising,word,5,4,9,51,41,9.803921568627452,9.75609756097561,0.04782400765184075
ai capacity,phrase,5,4,9,51,41,9.803921568627452,9.75609756097561,0.04782400765184075
ai platforms,phrase,5,4,9,51,41,9.803921568627452,9.75609756097561,0.04782400765184075
aim to,phrase,5,4,9,51,41,9.803921568627452,9.75609756097561,0.04782400765184075
all eyes,phrase,5,4,9,51,41,9.803921568627452,9.75609756097561,0.04782400765184075
amazon said,phrase,5,4,9,51,41,9.803921568627452,9.75609756097561,0.04782400765184075
and artificial,phrase,5,4,9,51,41,9.803921568627452,9.75609756097561,0.04782400765184075
and future,phrase,5,4,9,51,41,9.803921568627452,9.75609756097561,0.04782400765184075
and partnerships,phrase,5,4,9,51,41,9.803921568627452,9.75609756097561,0.04782400765184075
andy,word,5,4,9,51,41,9.803921568627452,9.75609756097561,0.04782400765184075
are two,phrase,5,4,9,51,41,9.803921568627452,9.75609756097561,0.04782400765184075
ark,word,5,4,9,51,41,9.803921568627452,9.75609756097561,0.04782400765184075
australia's,word,5,4,9,51,41,9.803921568627452,9.75609756097561,0.04782400765184075
be able,phrase,5,4,9,51,41,9.803921568627452,9.75609756097561,0.04782400765184075
beijing's,word,5,4,9,51,41,9.803921568627452,9.75609756097561,0.04782400765184075
big ai,phrase,5,4,9,51,41,9.803921568627452,9.75609756097561,0.04782400765184075
billion from,phrase,5,4,9,51,41,9.803921568627452,9.75609756097561,0.04782400765184075
boost ai,phrase,5,4,9,51,41,9.803921568627452,9.75609756097561,0.04782400765184075
broadly,word,5,4,9,51,41,9.803921568627452,9.75609756097561,0.04782400765184075
btc,word,5,4,9,51,41,9.803921568627452,9.75609756097561,0.04782400765184075
by nvidia's,phrase,5,4,9,51,41,9.803921568627452,9.75609756097561,0.04782400765184075
calling it,phrase,5,4,9,51,41,9.803921568627452,9.75609756097561,0.04782400765184075
capital arm,phrase,5,4,9,51,41,9.803921568627452,9.75609756097561,0.04782400765184075
cathie,word,5,4,9,51,41,9.803921568627452,9.75609756097561,0.04782400765184075
cathie wood,phrase,5,4,9,51,41,9.803921568627452,9.75609756097561,0.04782400765184075
caused,word,5,4,9,51,41,9.803921568627452,9.75609756097561,0.04782400765184075
center expansion,phrase,5,4,9,51,41,9.803921568627452,9.75609756097561,0.04782400765184075
centres,word,5,4,9,51,41,9.803921568627452,9.75609756097561,0.04782400765184075
china in,phrase,5,4,9,51,41,9.803921568627452,9.75609756097561,0.04782400765184075
close the,phrase,5,4,9,51,41,9.803921568627452,9.75609756097561,0.04782400765184075
closed at,phrase,5,4,9,51,41,9.803921568627452,9.75609756097561,0.04782400765184075
commented,word,5,4,9,51,41,9.803921568627452,9.75609756097561,0.04782400765184075
company by,phrase,5,4,9,51,41,9.803921568627452,9.75609756097561,0.04782400765184075
component,word,5,4,9,51,41,9.803921568627452,9.75609756097561,0.04782400765184075
created,word,5,4,9,51,41,9.803921568627452,9.75609756097561,0.04782400765184075
crowdstrike,word,5,4,9,51,41,9.803921568627452,9.75609756097561,0.04782400765184075
demand surges,phrase,5,4,9,51,41,9.803921568627452,9.75609756097561,0.04782400765184075
dominate the,phrase,5,4,9,51,41,9.803921568627452,9.75609756097561,0.04782400765184075
dot com,phrase,5,4,9,51,41,9.803921568627452,9.75609756097561,0.04782400765184075
drawn,word,5,4,9,51,41,9.803921568627452,9.75609756097561,0.04782400765184075
dublin,word,5,4,9,51,41,9.803921568627452,9.75609756097561,0.04782400765184075
eases,word,5,4,9,51,41,9.803921568627452,9.75609756097561,0.04782400765184075
economics,word,5,4,9,51,41,9.803921568627452,9.75609756097561,0.04782400765184075
entire stake,phrase,5,4,9,51,41,9.803921568627452,9.75609756097561,0.04782400765184075
eric,word,5,4,9,51,41,9.803921568627452,9.75609756097561,0.04782400765184075
ethernet,word,5,4,9,51,41,9.803921568627452,9.75609756097561,0.04782400765184075
extreme,word,5,4,9,51,41,9.803921568627452,9.75609756097561,0.04782400765184075
face of,phrase,5,4,9,51,41,9.803921568627452,9.75609756097561,0.04782400765184075
fall as,phrase,5,4,9,51,41,9.803921568627452,9.75609756097561,0.04782400765184075
fell after,phrase,5,4,9,51,41,9.803921568627452,9.75609756097561,0.04782400765184075
found,word,5,4,9,51,41,9.803921568627452,9.75609756097561,0.04782400765184075
founded by,phrase,5,4,9,51,41,9.803921568627452,9.75609756097561,0.04782400765184075
from investors,phrase,5,4,9,51,41,9.803921568627452,9.75609756097561,0.04782400765184075
get the,phrase,5,4,9,51,41,9.803921568627452,9.75609756097561,0.04782400765184075
googl and,phrase,5,4,9,51,41,9.803921568627452,9.75609756097561,0.04782400765184075
google ai,phrase,5,4,9,51,41,9.803921568627452,9.75609756097561,0.04782400765184075
governance,word,5,4,9,51,41,9.803921568627452,9.75609756097561,0.04782400765184075
gspc,word,5,4,9,51,41,9.803921568627452,9.75609756097561,0.04782400765184075
has secured,phrase,5,4,9,51,41,9.803921568627452,9.75609756097561,0.04782400765184075
head to,phrase,5,4,9,51,41,9.803921568627452,9.75609756097561,0.04782400765184075
highlighted the,phrase,5,4,9,51,41,9.803921568627452,9.75609756097561,0.04782400765184075
in washington,phrase,5,4,9,51,41,9.803921568627452,9.75609756097561,0.04782400765184075
infrastructure company,phrase,5,4,9,51,41,9.803921568627452,9.75609756097561,0.04782400765184075
intense,word,5,4,9,51,41,9.803921568627452,9.75609756097561,0.04782400765184075
into nvidia's,phrase,5,4,9,51,41,9.803921568627452,9.75609756097561,0.04782400765184075
investments from,phrase,5,4,9,51,41,9.803921568627452,9.75609756097561,0.04782400765184075
investors including,phrase,5,4,9,51,41,9.803921568627452,9.75609756097561,0.04782400765184075
investors weigh,phrase,5,4,9,51,41,9.803921568627452,9.75609756097561,0.04782400765184075
is trading,phrase,5,4,9,51,41,9.803921568627452,9.75609756097561,0.04782400765184075
israel,word,5,4,9,51,41,9.803921568627452,9.75609756097561,0.04782400765184075
its collaboration,phrase,5,4,9,51,41,9.803921568627452,9.75609756097561,0.04782400765184075
japan's,word,5,4,9,51,41,9.803921568627452,9.75609756097561,0.04782400765184075
jassy,word,5,4,9,51,41,9.803921568627452,9.75609756097561,0.04782400765184075
large ai,phrase,5,4,9,51,41,9.803921568627452,9.75609756097561,0.04782400765184075
learning,word,5,4,9,51,41,9.803921568627452,9.75609756097561,0.04782400765184075
leave,word,5,4,9,51,41,9.803921568627452,9.75609756097561,0.04782400765184075
like microsoft,phrase,5,4,9,51,41,9.803921568627452,9.75609756097561,0.04782400765184075
maintaining,word,5,4,9,51,41,9.803921568627452,9.75609756097561,0.04782400765184075
make it,phrase,5,4,9,51,41,9.803921568627452,9.75609756097561,0.04782400765184075
maker nvidia,phrase,5,4,9,51,41,9.803921568627452,9.75609756097561,0.04782400765184075
marked,word,5,4,9,51,41,9.803921568627452,9.75609756097561,0.04782400765184075
marvell's,word,5,4,9,51,41,9.803921568627452,9.75609756097561,0.04782400765184075
microsoft corp,phrase,5,4,9,51,41,9.803921568627452,9.75609756097561,0.04782400765184075
million shares,phrase,5,4,9,51,41,9.803921568627452,9.75609756097561,0.04782400765184075
millions of,phrase,5,4,9,51,41,9.803921568627452,9.75609756097561,0.04782400765184075
monday as,phrase,5,4,9,51,41,9.803921568627452,9.75609756097561,0.04782400765184075
mostly,word,5,4,9,51,41,9.803921568627452,9.75609756097561,0.04782400765184075
neocloud,word,5,4,9,51,41,9.803921568627452,9.75609756097561,0.04782400765184075
newest,word,5,4,9,51,41,9.803921568627452,9.75609756097561,0.04782400765184075
news of,phrase,5,4,9,51,41,9.803921568627452,9.75609756097561,0.04782400765184075
noted that,phrase,5,4,9,51,41,9.803921568627452,9.75609756097561,0.04782400765184075
nvidia cloud,phrase,5,4,9,51,41,9.803921568627452,9.75609756097561,0.04782400765184075
nvidia gains,phrase,5,4,9,51,41,9.803921568627452,9.75609756097561,0.04782400765184075
nvidia intel,phrase,5,4,9,51,41,9.803921568627452,9.75609756097561,0.04782400765184075
nvidia stake,phrase,5,4,9,51,41,9.803921568627452,9.75609756097561,0.04782400765184075
nvidia's chips,phrase,5,4,9,51,41,9.803921568627452,9.75609756097561,0.04782400765184075
nvidia's venture,phrase,5,4,9,51,41,9.803921568627452,9.75609756097561,0.04782400765184075
of amd,phrase,5,4,9,51,41,9.803921568627452,9.75609756097561,0.04782400765184075
of china,phrase,5,4,9,51,41,9.803921568627452,9.75609756097561,0.04782400765184075
of h200,phrase,5,4,9,51,41,9.803921568627452,9.75609756097561,0.04782400765184075
on openai,phrase,5,4,9,51,41,9.803921568627452,9.75609756097561,0.04782400765184075
one day,phrase,5,4,9,51,41,9.803921568627452,9.75609756097561,0.04782400765184075
operating system,phrase,5,4,9,51,41,9.803921568627452,9.75609756097561,0.04782400765184075
outpacing,word,5,4,9,51,41,9.803921568627452,9.75609756097561,0.04782400765184075
output,word,5,4,9,51,41,9.803921568627452,9.75609756097561,0.04782400765184075
overtime,word,5,4,9,51,41,9.803921568627452,9.75609756097561,0.04782400765184075
pace of,phrase,5,4,9,51,41,9.803921568627452,9.75609756097561,0.04782400765184075
palantir tesla,phrase,5,4,9,51,41,9.803921568627452,9.75609756097561,0.04782400765184075
photonics,word,5,4,9,51,41,9.803921568627452,9.75609756097561,0.04782400765184075
picked,word,5,4,9,51,41,9.803921568627452,9.75609756097561,0.04782400765184075
plans for,phrase,5,4,9,51,41,9.803921568627452,9.75609756097561,0.04782400765184075
provided,word,5,4,9,51,41,9.803921568627452,9.75609756097561,0.04782400765184075
questions about,phrase,5,4,9,51,41,9.803921568627452,9.75609756097561,0.04782400765184075
ran,word,5,4,9,51,41,9.803921568627452,9.75609756097561,0.04782400765184075
ratio,word,5,4,9,51,41,9.803921568627452,9.75609756097561,0.04782400765184075
reduced,word,5,4,9,51,41,9.803921568627452,9.75609756097561,0.04782400765184075
reporter brooke,phrase,5,4,9,51,41,9.803921568627452,9.75609756097561,0.04782400765184075
request,word,5,4,9,51,41,9.803921568627452,9.75609756097561,0.04782400765184075
request for,phrase,5,4,9,51,41,9.803921568627452,9.75609756097561,0.04782400765184075
rich,word,5,4,9,51,41,9.803921568627452,9.75609756097561,0.04782400765184075
rise as,phrase,5,4,9,51,41,9.803921568627452,9.75609756097561,0.04782400765184075
rise on,phrase,5,4,9,51,41,9.803921568627452,9.75609756097561,0.04782400765184075
says this,phrase,5,4,9,51,41,9.803921568627452,9.75609756097561,0.04782400765184075
selected,word,5,4,9,51,41,9.803921568627452,9.75609756097561,0.04782400765184075
shares rose,phrase,5,4,9,51,41,9.803921568627452,9.75609756097561,0.04782400765184075
shifted,word,5,4,9,51,41,9.803921568627452,9.75609756097561,0.04782400765184075
short term,phrase,5,4,9,51,41,9.803921568627452,9.75609756097561,0.04782400765184075
simple,word,5,4,9,51,41,9.803921568627452,9.75609756097561,0.04782400765184075
sit,word,5,4,9,51,41,9.803921568627452,9.75609756097561,0.04782400765184075
slip,word,5,4,9,51,41,9.803921568627452,9.75609756097561,0.04782400765184075
softbank's,word,5,4,9,51,41,9.803921568627452,9.75609756097561,0.04782400765184075
specialized,word,5,4,9,51,41,9.803921568627452,9.75609756097561,0.04782400765184075
stack ai,phrase,5,4,9,51,41,9.803921568627452,9.75609756097561,0.04782400765184075
standing,word,5,4,9,51,41,9.803921568627452,9.75609756097561,0.04782400765184075
stocks today,phrase,5,4,9,51,41,9.803921568627452,9.75609756097561,0.04782400765184075
street analyst,phrase,5,4,9,51,41,9.803921568627452,9.75609756097561,0.04782400765184075
stretched,word,5,4,9,51,41,9.803921568627452,9.75609756097561,0.04782400765184075
struggling,word,5,4,9,51,41,9.803921568627452,9.75609756097561,0.04782400765184075
supplier for,phrase,5,4,9,51,41,9.803921568627452,9.75609756097561,0.04782400765184075
supplier of,phrase,5,4,9,51,41,9.803921568627452,9.75609756097561,0.04782400765184075
supported by,phrase,5,4,9,51,41,9.803921568627452,9.75609756097561,0.04782400765184075
telecom,word,5,4,9,51,41,9.803921568627452,9.75609756097561,0.04782400765184075
the cost,phrase,5,4,9,51,41,9.803921568627452,9.75609756097561,0.04782400765184075
the expansion,phrase,5,4,9,51,41,9.803921568627452,9.75609756097561,0.04782400765184075
the fastest,phrase,5,4,9,51,41,9.803921568627452,9.75609756097561,0.04782400765184075
the impact,phrase,5,4,9,51,41,9.803921568627452,9.75609756097561,0.04782400765184075
the list,phrase,5,4,9,51,41,9.803921568627452,9.75609756097561,0.04782400765184075
the ongoing,phrase,5,4,9,51,41,9.803921568627452,9.75609756097561,0.04782400765184075
the rally,phrase,5,4,9,51,41,9.803921568627452,9.75609756097561,0.04782400765184075
the south,phrase,5,4,9,51,41,9.803921568627452,9.75609756097561,0.04782400765184075
this company,phrase,5,4,9,51,41,9.803921568627452,9.75609756097561,0.04782400765184075
thousands,word,5,4,9,51,41,9.803921568627452,9.75609756097561,0.04782400765184075
thousands of,phrase,5,4,9,51,41,9.803921568627452,9.75609756097561,0.04782400765184075
threats,word,5,4,9,51,41,9.803921568627452,9.75609756097561,0.04782400765184075
thursday's,word,5,4,9,51,41,9.803921568627452,9.75609756097561,0.04782400765184075
tim,word,5,4,9,51,41,9.803921568627452,9.75609756097561,0.04782400765184075
to artificial,phrase,5,4,9,51,41,9.803921568627452,9.75609756097561,0.04782400765184075
to capture,phrase,5,4,9,51,41,9.803921568627452,9.75609756097561,0.04782400765184075
to fuel,phrase,5,4,9,51,41,9.803921568627452,9.75609756097561,0.04782400765184075
to rival,phrase,5,4,9,51,41,9.803921568627452,9.75609756097561,0.04782400765184075
touts,word,5,4,9,51,41,9.803921568627452,9.75609756097561,0.04782400765184075
trending stocks,phrase,5,4,9,51,41,9.803921568627452,9.75609756097561,0.04782400765184075
triggered,word,5,4,9,51,41,9.803921568627452,9.75609756097561,0.04782400765184075
turnaround,word,5,4,9,51,41,9.803921568627452,9.75609756097561,0.04782400765184075
vanguard,word,5,4,9,51,41,9.803921568627452,9.75609756097561,0.04782400765184075
vegas,word,5,4,9,51,41,9.803921568627452,9.75609756097561,0.04782400765184075
version,word,5,4,9,51,41,9.803921568627452,9.75609756097561,0.04782400765184075
warned that,phrase,5,4,9,51,41,9.803921568627452,9.75609756097561,0.04782400765184075
wavers,word,5,4,9,51,41,9.803921568627452,9.75609756097561,0.04782400765184075
we've,word,5,4,9,51,41,9.803921568627452,9.75609756097561,0.04782400765184075
why i'm,phrase,5,4,9,51,41,9.803921568627452,9.75609756097561,0.04782400765184075
with earnings,phrase,5,4,9,51,41,9.803921568627452,9.75609756097561,0.04782400765184075
works,word,5,4,9,51,41,9.803921568627452,9.75609756097561,0.04782400765184075
year but,phrase,5,4,9,51,41,9.803921568627452,9.75609756097561,0.04782400765184075
zero,word,5,4,9,51,41,9.803921568627452,9.75609756097561,0.04782400765184075
ai,word,51,41,92,51,41,100.0,100.0,0.0
artificial,word,51,41,92,51,41,100.0,100.0,0.0
artificial intelligence,phrase,51,41,92,51,41,100.0,100.0,0.0
intelligence,word,51,41,92,51,41,100.0,100.0,0.0
market,word,51,41,92,51,41,100.0,100.0,0.0
next,word,51,41,92,51,41,100.0,100.0,0.0
nvda,word,51,41,92,51,41,100.0,100.0,0.0
nvidia,word,51,41,92,51,41,100.0,100.0,0.0
nvidia stock,phrase,51,41,92,51,41,100.0,100.0,0.0
stock,word,51,41,92,51,41,100.0,100.0,0.0
stocks,word,51,41,92,51,41,100.0,100.0,0.0
analysis,word,41,33,74,51,41,80.3921568627451,80.48780487804878,-0.09564801530368428
capital,word,41,33,74,51,41,80.3921568627451,80.48780487804878,-0.09564801530368428
jensen,word,41,33,74,51,41,80.3921568627451,80.48780487804878,-0.09564801530368428
micro,word,41,33,74,51,41,80.3921568627451,80.48780487804878,-0.09564801530368428
nvda is,phrase,41,33,74,51,41,80.3921568627451,80.48780487804878,-0.09564801530368428
of ai,phrase,41,33,74,51,41,80.3921568627451,80.48780487804878,-0.09564801530368428
ai and,phrase,36,29,65,51,41,70.58823529411765,70.73170731707317,-0.1434720229555153
hardware,word,36,29,65,51,41,70.58823529411765,70.73170731707317,-0.1434720229555153
highlights,word,36,29,65,51,41,70.58823529411765,70.73170731707317,-0.1434720229555153
outlook,word,36,29,65,51,41,70.58823529411765,70.73170731707317,-0.1434720229555153
chips to,phrase,31,25,56,51,41,60.78431372549019,60.97560975609756,-0.19129603060736855
part of,phrase,31,25,56,51,41,60.78431372549019,60.97560975609756,-0.19129603060736855
rose,word,31,25,56,51,41,60.78431372549019,60.97560975609756,-0.19129603060736855
expert,word,26,21,47,51,41,50.98039215686274,51.21951219512195,-0.2391200382592107
bitcoin,word,21,17,38,51,41,41.1764705882353,41.46341463414634,-0.2869440459110473
capex,word,21,17,38,51,41,41.1764705882353,41.46341463414634,-0.2869440459110473
nasdaqgs,word,21,17,38,51,41,41.1764705882353,41.46341463414634,-0.2869440459110473
outperform,word,21,17,38,51,41,41.1764705882353,41.46341463414634,-0.2869440459110473
space,word,21,17,38,51,41,41.1764705882353,41.46341463414634,-0.2869440459110473
tied to,phrase,21,17,38,51,41,41.1764705882353,41.46341463414634,-0.2869440459110473
for artificial,phrase,16,13,29,51,41,31.372549019607842,31.70731707317073,-0.3347680535628894
important,word,16,13,29,51,41,31.372549019607842,31.70731707317073,-0.3347680535628894
includes,word,16,13,29,51,41,31.372549019607842,31.70731707317073,-0.3347680535628894
instead,word,16,13,29,51,41,31.372549019607842,31.70731707317073,-0.3347680535628894
january,word,16,13,29,51,41,31.372549019607842,31.70731707317073,-0.3347680535628894
spotlight,word,16,13,29,51,41,31.372549019607842,31.70731707317073,-0.3347680535628894
the report,phrase,16,13,29,51,41,31.372549019607842,31.70731707317073,-0.3347680535628894
ties,word,16,13,29,51,41,31.372549019607842,31.70731707317073,-0.3347680535628894
with ai,phrase,16,13,29,51,41,31.372549019607842,31.70731707317073,-0.3347680535628894
bid,word,11,9,20,51,41,21.568627450980394,21.951219512195124,-0.3825920612147288
builds,word,11,9,20,51,41,21.568627450980394,21.951219512195124,-0.3825920612147288
deployment of,phrase,11,9,20,51,41,21.568627450980394,21.951219512195124,-0.3825920612147288
ended,word,11,9,20,51,41,21.568627450980394,21.951219512195124,-0.3825920612147288
explore,word,11,9,20,51,41,21.568627450980394,21.951219512195124,-0.3825920612147288
giant nvidia,phrase,11,9,20,51,41,21.568627450980394,21.951219512195124,-0.3825920612147288
giant's,word,11,9,20,51,41,21.568627450980394,21.951219512195124,-0.3825920612147288
is expanding,phrase,11,9,20,51,41,21.568627450980394,21.951219512195124,-0.3825920612147288
is reportedly,phrase,11,9,20,51,41,21.568627450980394,21.951219512195124,-0.3825920612147288
middle,word,11,9,20,51,41,21.568627450980394,21.951219512195124,-0.3825920612147288
networks,word,11,9,20,51,41,21.568627450980394,21.951219512195124,-0.3825920612147288
secures,word,11,9,20,51,41,21.568627450980394,21.951219512195124,-0.3825920612147288
seeks,word,11,9,20,51,41,21.568627450980394,21.951219512195124,-0.3825920612147288
semiconductor stocks,phrase,11,9,20,51,41,21.568627450980394,21.951219512195124,-0.3825920612147288
sign,word,11,9,20,51,41,21.568627450980394,21.951219512195124,-0.3825920612147288
slips,word,11,9,20,51,41,21.568627450980394,21.951219512195124,-0.3825920612147288
stronger,word,11,9,20,51,41,21.568627450980394,21.951219512195124,-0.3825920612147288
target on,phrase,11,9,20,51,41,21.568627450980394,21.951219512195124,-0.3825920612147288
the second,phrase,11,9,20,51,41,21.568627450980394,21.951219512195124,-0.3825920612147288
turn,word,11,9,20,51,41,21.568627450980394,21.951219512195124,-0.3825920612147288
aapl msft,phrase,6,5,11,51,41,11.764705882352942,12.195121951219512,-0.4304160688665709
ability,word,6,5,11,51,41,11.764705882352942,12.195121951219512,-0.4304160688665709
advanced memory,phrase,6,5,11,51,41,11.764705882352942,12.195121951219512,-0.4304160688665709
after nvidia's,phrase,6,5,11,51,41,11.764705882352942,12.195121951219512,-0.4304160688665709
ai for,phrase,6,5,11,51,41,11.764705882352942,12.195121951219512,-0.4304160688665709
ai tools,phrase,6,5,11,51,41,11.764705882352942,12.195121951219512,-0.4304160688665709
air,word,6,5,11,51,41,11.764705882352942,12.195121951219512,-0.4304160688665709
an artificial,phrase,6,5,11,51,41,11.764705882352942,12.195121951219512,-0.4304160688665709
and nasdaq,phrase,6,5,11,51,41,11.764705882352942,12.195121951219512,-0.4304160688665709
and tech,phrase,6,5,11,51,41,11.764705882352942,12.195121951219512,-0.4304160688665709
are set,phrase,6,5,11,51,41,11.764705882352942,12.195121951219512,-0.4304160688665709
boom is,phrase,6,5,11,51,41,11.764705882352942,12.195121951219512,-0.4304160688665709
breakfast,word,6,5,11,51,41,11.764705882352942,12.195121951219512,-0.4304160688665709
breakfast podcast,phrase,6,5,11,51,41,11.764705882352942,12.195121951219512,-0.4304160688665709
brooke,word,6,5,11,51,41,11.764705882352942,12.195121951219512,-0.4304160688665709
brooke dipalma,phrase,6,5,11,51,41,11.764705882352942,12.195121951219512,-0.4304160688665709
business is,phrase,6,5,11,51,41,11.764705882352942,12.195121951219512,-0.4304160688665709
buy point,phrase,6,5,11,51,41,11.764705882352942,12.195121951219512,-0.4304160688665709
buy with,phrase,6,5,11,51,41,11.764705882352942,12.195121951219512,-0.4304160688665709
care,word,6,5,11,51,41,11.764705882352942,12.195121951219512,-0.4304160688665709
ceo elon,phrase,6,5,11,51,41,11.764705882352942,12.195121951219512,-0.4304160688665709
cfo,word,6,5,11,51,41,11.764705882352942,12.195121951219512,-0.4304160688665709
changes,word,6,5,11,51,41,11.764705882352942,12.195121951219512,-0.4304160688665709
chinese ai,phrase,6,5,11,51,41,11.764705882352942,12.195121951219512,-0.4304160688665709
chip race,phrase,6,5,11,51,41,11.764705882352942,12.195121951219512,-0.4304160688665709
chips as,phrase,6,5,11,51,41,11.764705882352942,12.195121951219512,-0.4304160688665709
confirms,word,6,5,11,51,41,11.764705882352942,12.195121951219512,-0.4304160688665709
congress,word,6,5,11,51,41,11.764705882352942,12.195121951219512,-0.4304160688665709
debut,word,6,5,11,51,41,11.764705882352942,12.195121951219512,-0.4304160688665709
dell and,phrase,6,5,11,51,41,11.764705882352942,12.195121951219512,-0.4304160688665709
dell technologies,phrase,6,5,11,51,41,11.764705882352942,12.195121951219512,-0.4304160688665709
deutsche,word,6,5,11,51,41,11.764705882352942,12.195121951219512,-0.4304160688665709
dipalma,word,6,5,11,51,41,11.764705882352942,12.195121951219512,-0.4304160688665709
doubled,word,6,5,11,51,41,11.764705882352942,12.195121951219512,-0.4304160688665709
doubles,word,6,5,11,51,41,11.764705882352942,12.195121951219512,-0.4304160688665709
earnings beat,phrase,6,5,11,51,41,11.764705882352942,12.195121951219512,-0.4304160688665709
earnings results,phrase,6,5,11,51,41,11.764705882352942,12.195121951219512,-0.4304160688665709
end to,phrase,6,5,11,51,41,11.764705882352942,12.195121951219512,-0.4304160688665709
executive officer,phrase,6,5,11,51,41,11.764705882352942,12.195121951219512,-0.4304160688665709
explore how,phrase,6,5,11,51,41,11.764705882352942,12.195121951219512,-0.4304160688665709
fallen,word,6,5,11,51,41,11.764705882352942,12.195121951219512,-0.4304160688665709
finance tech,phrase,6,5,11,51,41,11.764705882352942,12.195121951219512,-0.4304160688665709
flash,word,6,5,11,51,41,11.764705882352942,12.195121951219512,-0.4304160688665709
graphics chips,phrase,6,5,11,51,41,11.764705882352942,12.195121951219512,-0.4304160688665709
handle,word,6,5,11,51,41,11.764705882352942,12.195121951219512,-0.4304160688665709
helping,word,6,5,11,51,41,11.764705882352942,12.195121951219512,-0.4304160688665709
higher after,phrase,6,5,11,51,41,11.764705882352942,12.195121951219512,-0.4304160688665709
hikes,word,6,5,11,51,41,11.764705882352942,12.195121951219512,-0.4304160688665709
huang just,phrase,6,5,11,51,41,11.764705882352942,12.195121951219512,-0.4304160688665709
in q4,phrase,6,5,11,51,41,11.764705882352942,12.195121951219512,-0.4304160688665709
in september,phrase,6,5,11,51,41,11.764705882352942,12.195121951219512,-0.4304160688665709
including the,phrase,6,5,11,51,41,11.764705882352942,12.195121951219512,-0.4304160688665709
integrated ai,phrase,6,5,11,51,41,11.764705882352942,12.195121951219512,-0.4304160688665709
internet,word,6,5,11,51,41,11.764705882352942,12.195121951219512,-0.4304160688665709
is already,phrase,6,5,11,51,41,11.764705882352942,12.195121951219512,-0.4304160688665709
is preparing,phrase,6,5,11,51,41,11.764705882352942,12.195121951219512,-0.4304160688665709
jobs report,phrase,6,5,11,51,41,11.764705882352942,12.195121951219512,-0.4304160688665709
joined,word,6,5,11,51,41,11.764705882352942,12.195121951219512,-0.4304160688665709
leading designer,phrase,6,5,11,51,41,11.764705882352942,12.195121951219512,-0.4304160688665709
lumentum,word,6,5,11,51,41,11.764705882352942,12.195121951219512,-0.4304160688665709
market with,phrase,6,5,11,51,41,11.764705882352942,12.195121951219512,-0.4304160688665709
mega cap,phrase,6,5,11,51,41,11.764705882352942,12.195121951219512,-0.4304160688665709
memory hbm,phrase,6,5,11,51,41,11.764705882352942,12.195121951219512,-0.4304160688665709
next phase,phrase,6,5,11,51,41,11.764705882352942,12.195121951219512,-0.4304160688665709
of graphics,phrase,6,5,11,51,41,11.764705882352942,12.195121951219512,-0.4304160688665709
on april,phrase,6,5,11,51,41,11.764705882352942,12.195121951219512,-0.4304160688665709
openai is,phrase,6,5,11,51,41,11.764705882352942,12.195121951219512,-0.4304160688665709
opened,word,6,5,11,51,41,11.764705882352942,12.195121951219512,-0.4304160688665709
overweight,word,6,5,11,51,41,11.764705882352942,12.195121951219512,-0.4304160688665709
peter,word,6,5,11,51,41,11.764705882352942,12.195121951219512,-0.4304160688665709
pioneer,word,6,5,11,51,41,11.764705882352942,12.195121951219512,-0.4304160688665709
places,word,6,5,11,51,41,11.764705882352942,12.195121951219512,-0.4304160688665709
plunge,word,6,5,11,51,41,11.764705882352942,12.195121951219512,-0.4304160688665709
qqq aapl,phrase,6,5,11,51,41,11.764705882352942,12.195121951219512,-0.4304160688665709
ramps,word,6,5,11,51,41,11.764705882352942,12.195121951219512,-0.4304160688665709
reality,word,6,5,11,51,41,11.764705882352942,12.195121951219512,-0.4304160688665709
reporters,word,6,5,11,51,41,11.764705882352942,12.195121951219512,-0.4304160688665709
rise of,phrase,6,5,11,51,41,11.764705882352942,12.195121951219512,-0.4304160688665709
risks and,phrase,6,5,11,51,41,11.764705882352942,12.195121951219512,-0.4304160688665709
sales and,phrase,6,5,11,51,41,11.764705882352942,12.195121951219512,-0.4304160688665709
scientific,word,6,5,11,51,41,11.764705882352942,12.195121951219512,-0.4304160688665709
second half,phrase,6,5,11,51,41,11.764705882352942,12.195121951219512,-0.4304160688665709
secure ai,phrase,6,5,11,51,41,11.764705882352942,12.195121951219512,-0.4304160688665709
self driving,phrase,6,5,11,51,41,11.764705882352942,12.195121951219512,-0.4304160688665709
semiconductor industry,phrase,6,5,11,51,41,11.764705882352942,12.195121951219512,-0.4304160688665709
spy qqq,phrase,6,5,11,51,41,11.764705882352942,12.195121951219512,-0.4304160688665709
street breakfast,phrase,6,5,11,51,41,11.764705882352942,12.195121951219512,-0.4304160688665709
supercycle,word,6,5,11,51,41,11.764705882352942,12.195121951219512,-0.4304160688665709
support the,phrase,6,5,11,51,41,11.764705882352942,12.195121951219512,-0.4304160688665709
surges on,phrase,6,5,11,51,41,11.764705882352942,12.195121951219512,-0.4304160688665709
tech editor,phrase,6,5,11,51,41,11.764705882352942,12.195121951219512,-0.4304160688665709
the funding,phrase,6,5,11,51,41,11.764705882352942,12.195121951219512,-0.4304160688665709
this nvda,phrase,6,5,11,51,41,11.764705882352942,12.195121951219512,-0.4304160688665709
to allow,phrase,6,5,11,51,41,11.764705882352942,12.195121951219512,-0.4304160688665709
trade is,phrase,6,5,11,51,41,11.764705882352942,12.195121951219512,-0.4304160688665709
was not,phrase,6,5,11,51,41,11.764705882352942,12.195121951219512,-0.4304160688665709
week as,phrase,6,5,11,51,41,11.764705882352942,12.195121951219512,-0.4304160688665709
with broadcom,phrase,6,5,11,51,41,11.764705882352942,12.195121951219512,-0.4304160688665709
would not,phrase,6,5,11,51,41,11.764705882352942,12.195121951219512,-0.4304160688665709
year as,phrase,6,5,11,51,41,11.764705882352942,12.195121951219512,-0.4304160688665709
ai chip,phrase,47,38,85,51,41,92.15686274509804,92.6829268292683,-0.5260640841702635
power,word,42,34,76,51,41,82.3529411764706,82.92682926829268,-0.5738880918220945
quarter,word,42,34,76,51,41,82.3529411764706,82.92682926829268,-0.5738880918220945
generation,word,37,30,67,51,41,72.54901960784314,73.17073170731707,-0.6217120994739367
ahead of,phrase,32,26,58,51,41,62.745098039215684,63.41463414634146,-0.6695361071257788
gain,word,32,26,58,51,41,62.745098039215684,63.41463414634146,-0.6695361071257788
month,word,32,26,58,51,41,62.745098039215684,63.41463414634146,-0.6695361071257788
technologies,word,32,26,58,51,41,62.745098039215684,63.41463414634146,-0.6695361071257788
driving,word,27,22,49,51,41,52.94117647058823,53.65853658536585,-0.717360114777621
multi,word,27,22,49,51,41,52.94117647058823,53.65853658536585,-0.717360114777621
sold,word,27,22,49,51,41,52.94117647058823,53.65853658536585,-0.717360114777621
accelerate,word,22,18,40,51,41,43.13725490196079,43.90243902439025,-0.7651841224294575
the move,phrase,22,18,40,51,41,43.13725490196079,43.90243902439025,-0.7651841224294575
aapl,word,17,14,31,51,41,33.333333333333336,34.146341463414636,-0.8130081300813052
build out,phrase,17,14,31,51,41,33.333333333333336,34.146341463414636,-0.8130081300813052
chip giant,phrase,17,14,31,51,41,33.333333333333336,34.146341463414636,-0.8130081300813052
infrastructure and,phrase,17,14,31,51,41,33.333333333333336,34.146341463414636,-0.8130081300813052
note,word,17,14,31,51,41,33.333333333333336,34.146341463414636,-0.8130081300813052
range,word,17,14,31,51,41,33.333333333333336,34.146341463414636,-0.8130081300813052
the semiconductor,phrase,17,14,31,51,41,33.333333333333336,34.146341463414636,-0.8130081300813052
ago,word,12,10,22,51,41,23.529411764705884,24.390243902439025,-0.8608321377331418
ai is,phrase,12,10,22,51,41,23.529411764705884,24.390243902439025,-0.8608321377331418
at least,phrase,12,10,22,51,41,23.529411764705884,24.390243902439025,-0.8608321377331418
bank of,phrase,12,10,22,51,41,23.529411764705884,24.390243902439025,-0.8608321377331418
capital spending,phrase,12,10,22,51,41,23.529411764705884,24.390243902439025,-0.8608321377331418
explains why,phrase,12,10,22,51,41,23.529411764705884,24.390243902439025,-0.8608321377331418
extend,word,12,10,22,51,41,23.529411764705884,24.390243902439025,-0.8608321377331418
game,word,12,10,22,51,41,23.529411764705884,24.390243902439025,-0.8608321377331418
gold,word,12,10,22,51,41,23.529411764705884,24.390243902439025,-0.8608321377331418
interview,word,12,10,22,51,41,23.529411764705884,24.390243902439025,-0.8608321377331418
lifts,word,12,10,22,51,41,23.529411764705884,24.390243902439025,-0.8608321377331418
maker's,word,12,10,22,51,41,23.529411764705884,24.390243902439025,-0.8608321377331418
manufacturer,word,12,10,22,51,41,23.529411764705884,24.390243902439025,-0.8608321377331418
midday,word,12,10,22,51,41,23.529411764705884,24.390243902439025,-0.8608321377331418
musk,word,12,10,22,51,41,23.529411764705884,24.390243902439025,-0.8608321377331418
nvidia microsoft,phrase,12,10,22,51,41,23.529411764705884,24.390243902439025,-0.8608321377331418
nvidia nasdaqgs,phrase,12,10,22,51,41,23.529411764705884,24.390243902439025,-0.8608321377331418
puts,word,12,10,22,51,41,23.529411764705884,24.390243902439025,-0.8608321377331418
semiconductors amp,phrase,12,10,22,51,41,23.529411764705884,24.390243902439025,-0.8608321377331418
stanley,word,12,10,22,51,41,23.529411764705884,24.390243902439025,-0.8608321377331418
aim,word,7,6,13,51,41,13.72549019607843,14.634146341463415,-0.9086561453849812
and software,phrase,7,6,13,51,41,13.72549019607843,14.634146341463415,-0.9086561453849812
as google,phrase,7,6,13,51,41,13.72549019607843,14.634146341463415,-0.9086561453849812
base,word,7,6,13,51,41,13.72549019607843,14.634146341463415,-0.9086561453849812
begin,word,7,6,13,51,41,13.72549019607843,14.634146341463415,-0.9086561453849812
billion of,phrase,7,6,13,51,41,13.72549019607843,14.634146341463415,-0.9086561453849812
chip leader,phrase,7,6,13,51,41,13.72549019607843,14.634146341463415,-0.9086561453849812
chip supply,phrase,7,6,13,51,41,13.72549019607843,14.634146341463415,-0.9086561453849812
consecutive,word,7,6,13,51,41,13.72549019607843,14.634146341463415,-0.9086561453849812
earnings call,phrase,7,6,13,51,41,13.72549019607843,14.634146341463415,-0.9086561453849812
environments,word,7,6,13,51,41,13.72549019607843,14.634146341463415,-0.9086561453849812
ev,word,7,6,13,51,41,13.72549019607843,14.634146341463415,-0.9086561453849812
evolving,word,7,6,13,51,41,13.72549019607843,14.634146341463415,-0.9086561453849812
featuring,word,7,6,13,51,41,13.72549019607843,14.634146341463415,-0.9086561453849812
for comment,phrase,7,6,13,51,41,13.72549019607843,14.634146341463415,-0.9086561453849812
google to,phrase,7,6,13,51,41,13.72549019607843,14.634146341463415,-0.9086561453849812
hardware and,phrase,7,6,13,51,41,13.72549019607843,14.634146341463415,-0.9086561453849812
heats,word,7,6,13,51,41,13.72549019607843,14.634146341463415,-0.9086561453849812
heats up,phrase,7,6,13,51,41,13.72549019607843,14.634146341463415,-0.9086561453849812
how ai,phrase,7,6,13,51,41,13.72549019607843,14.634146341463415,-0.9086561453849812
intelligence models,phrase,7,6,13,51,41,13.72549019607843,14.634146341463415,-0.9086561453849812
investors have,phrase,7,6,13,51,41,13.72549019607843,14.634146341463415,-0.9086561453849812
is making,phrase,7,6,13,51,41,13.72549019607843,14.634146341463415,-0.9086561453849812
known as,phrase,7,6,13,51,41,13.72549019607843,14.634146341463415,-0.9086561453849812
large language,phrase,7,6,13,51,41,13.72549019607843,14.634146341463415,-0.9086561453849812
looking to,phrase,7,6,13,51,41,13.72549019607843,14.634146341463415,-0.9086561453849812
market value,phrase,7,6,13,51,41,13.72549019607843,14.634146341463415,-0.9086561453849812
new data,phrase,7,6,13,51,41,13.72549019607843,14.634146341463415,-0.9086561453849812
not just,phrase,7,6,13,51,41,13.72549019607843,14.634146341463415,-0.9086561453849812
nov,word,7,6,13,51,41,13.72549019607843,14.634146341463415,-0.9086561453849812
nvda googl,phrase,7,6,13,51,41,13.72549019607843,14.634146341463415,-0.9086561453849812
nvidia's next,phrase,7,6,13,51,41,13.72549019607843,14.634146341463415,-0.9086561453849812
on march,phrase,7,6,13,51,41,13.72549019607843,14.634146341463415,-0.9086561453849812
plant,word,7,6,13,51,41,13.72549019607843,14.634146341463415,-0.9086561453849812
questioned,word,7,6,13,51,41,13.72549019607843,14.634146341463415,-0.9086561453849812
says ai,phrase,7,6,13,51,41,13.72549019607843,14.634146341463415,-0.9086561453849812
senior reporter,phrase,7,6,13,51,41,13.72549019607843,14.634146341463415,-0.9086561453849812
sparks,word,7,6,13,51,41,13.72549019607843,14.634146341463415,-0.9086561453849812
stock soars,phrase,7,6,13,51,41,13.72549019607843,14.634146341463415,-0.9086561453849812
target for,phrase,7,6,13,51,41,13.72549019607843,14.634146341463415,-0.9086561453849812
tech and,phrase,7,6,13,51,41,13.72549019607843,14.634146341463415,-0.9086561453849812
that ai,phrase,7,6,13,51,41,13.72549019607843,14.634146341463415,-0.9086561453849812
the memory,phrase,7,6,13,51,41,13.72549019607843,14.634146341463415,-0.9086561453849812
this investment,phrase,7,6,13,51,41,13.72549019607843,14.634146341463415,-0.9086561453849812
this month,phrase,7,6,13,51,41,13.72549019607843,14.634146341463415,-0.9086561453849812
to data,phrase,7,6,13,51,41,13.72549019607843,14.634146341463415,-0.9086561453849812
to enhance,phrase,7,6,13,51,41,13.72549019607843,14.634146341463415,-0.9086561453849812
trading after,phrase,7,6,13,51,41,13.72549019607843,14.634146341463415,-0.9086561453849812
amd,word,48,39,87,51,41,94.11764705882354,95.1219512195122,-1.0043041606886627
data center,phrase,48,39,87,51,41,94.11764705882354,95.1219512195122,-1.0043041606886627
top,word,48,39,87,51,41,94.11764705882354,95.1219512195122,-1.0043041606886627
recent,word,43,35,78,51,41,84.31372549019608,85.36585365853658,-1.0521281683405048
still,word,43,35,78,51,41,84.31372549019608,85.36585365853658,-1.0521281683405048
to buy,phrase,43,35,78,51,41,84.31372549019608,85.36585365853658,-1.0521281683405048
broader,word,28,23,51,51,41,54.90196078431372,56.09756097560975,-1.1956001912960312
dollar,word,28,23,51,51,41,54.90196078431372,56.09756097560975,-1.1956001912960312
in nvidia,phrase,28,23,51,51,41,54.90196078431372,56.09756097560975,-1.1956001912960312
financial,word,23,19,42,51,41,45.09803921568628,46.34146341463415,-1.2434241989478734
networking,word,23,19,42,51,41,45.09803921568628,46.34146341463415,-1.2434241989478734
to china,phrase,23,19,42,51,41,45.09803921568628,46.34146341463415,-1.2434241989478734
alongside,word,18,15,33,51,41,35.294117647058826,36.58536585365854,-1.29124820659971
design,word,18,15,33,51,41,35.294117647058826,36.58536585365854,-1.29124820659971
fourth quarter,phrase,18,15,33,51,41,35.294117647058826,36.58536585365854,-1.29124820659971
intelligence chips,phrase,18,15,33,51,41,35.294117647058826,36.58536585365854,-1.29124820659971
is still,phrase,18,15,33,51,41,35.294117647058826,36.58536585365854,-1.29124820659971
quarterly,word,18,15,33,51,41,35.294117647058826,36.58536585365854,-1.29124820659971
roughly,word,18,15,33,51,41,35.294117647058826,36.58536585365854,-1.29124820659971
selling,word,18,15,33,51,41,35.294117647058826,36.58536585365854,-1.29124820659971
world's most,phrase,18,15,33,51,41,35.294117647058826,36.58536585365854,-1.29124820659971
can not,phrase,13,11,24,51,41,25.49019607843137,26.829268292682926,-1.3390722142515576
emerging,word,13,11,24,51,41,25.49019607843137,26.829268292682926,-1.3390722142515576
mixed,word,13,11,24,51,41,25.49019607843137,26.829268292682926,-1.3390722142515576
morgan,word,13,11,24,51,41,25.49019607843137,26.829268292682926,-1.3390722142515576
narrative,word,13,11,24,51,41,25.49019607843137,26.829268292682926,-1.3390722142515576
on nvidia's,phrase,13,11,24,51,41,25.49019607843137,26.829268292682926,-1.3390722142515576
platforms and,phrase,13,11,24,51,41,25.49019607843137,26.829268292682926,-1.3390722142515576
podcast,word,13,11,24,51,41,25.49019607843137,26.829268292682926,-1.3390722142515576
selloff,word,13,11,24,51,41,25.49019607843137,26.829268292682926,-1.3390722142515576
test,word,13,11,24,51,41,25.49019607843137,26.829268292682926,-1.3390722142515576
to deliver,phrase,13,11,24,51,41,25.49019607843137,26.829268292682926,-1.3390722142515576
venture,word,13,11,24,51,41,25.49019607843137,26.829268292682926,-1.3390722142515576
zacks analyst,phrase,13,11,24,51,41,25.49019607843137,26.829268292682926,-1.3390722142515576
against nvidia,phrase,8,7,15,51,41,15.686274509803921,17.073170731707318,-1.3868962219033971
ai in,phrase,8,7,15,51,41,15.686274509803921,17.073170731707318,-1.3868962219033971
amd amd,phrase,8,7,15,51,41,15.686274509803921,17.073170731707318,-1.3868962219033971
and biggest,phrase,8,7,15,51,41,15.686274509803921,17.073170731707318,-1.3868962219033971
back in,phrase,8,7,15,51,41,15.686274509803921,17.073170731707318,-1.3868962219033971
believe,word,8,7,15,51,41,15.686274509803921,17.073170731707318,-1.3868962219033971
biggest market,phrase,8,7,15,51,41,15.686274509803921,17.073170731707318,-1.3868962219033971
blowout,word,8,7,15,51,41,15.686274509803921,17.073170731707318,-1.3868962219033971
cautious,word,8,7,15,51,41,15.686274509803921,17.073170731707318,-1.3868962219033971
chase,word,8,7,15,51,41,15.686274509803921,17.073170731707318,-1.3868962219033971
commercial,word,8,7,15,51,41,15.686274509803921,17.073170731707318,-1.3868962219033971
competitors in,phrase,8,7,15,51,41,15.686274509803921,17.073170731707318,-1.3868962219033971
deals and,phrase,8,7,15,51,41,15.686274509803921,17.073170731707318,-1.3868962219033971
fastest,word,8,7,15,51,41,15.686274509803921,17.073170731707318,-1.3868962219033971
full stack,phrase,8,7,15,51,41,15.686274509803921,17.073170731707318,-1.3868962219033971
held,word,8,7,15,51,41,15.686274509803921,17.073170731707318,-1.3868962219033971
leading the,phrase,8,7,15,51,41,15.686274509803921,17.073170731707318,-1.3868962219033971
licensing,word,8,7,15,51,41,15.686274509803921,17.073170731707318,-1.3868962219033971
marking,word,8,7,15,51,41,15.686274509803921,17.073170731707318,-1.3868962219033971
moving stocks,phrase,8,7,15,51,41,15.686274509803921,17.073170731707318,-1.3868962219033971
next nvidia,phrase,8,7,15,51,41,15.686274509803921,17.073170731707318,-1.3868962219033971
nvda's,word,8,7,15,51,41,15.686274509803921,17.073170731707318,-1.3868962219033971
nvidia deal,phrase,8,7,15,51,41,15.686274509803921,17.073170731707318,-1.3868962219033971
nvidia's market,phrase,8,7,15,51,41,15.686274509803921,17.073170731707318,-1.3868962219033971
oil prices,phrase,8,7,15,51,41,15.686274509803921,17.073170731707318,-1.3868962219033971
opai,word,8,7,15,51,41,15.686274509803921,17.073170731707318,-1.3868962219033971
openai opai,phrase,8,7,15,51,41,15.686274509803921,17.073170731707318,-1.3868962219033971
preparing,word,8,7,15,51,41,15.686274509803921,17.073170731707318,-1.3868962219033971
quarter revenue,phrase,8,7,15,51,41,15.686274509803921,17.073170731707318,-1.3868962219033971
renewed,word,8,7,15,51,41,15.686274509803921,17.073170731707318,-1.3868962219033971
reveals,word,8,7,15,51,41,15.686274509803921,17.073170731707318,-1.3868962219033971
ship,word,8,7,15,51,41,15.686274509803921,17.073170731707318,-1.3868962219033971
tesla and,phrase,8,7,15,51,41,15.686274509803921,17.073170731707318,-1.3868962219033971
the bull,phrase,8,7,15,51,41,15.686274509803921,17.073170731707318,-1.3868962219033971
the fourth,phrase,8,7,15,51,41,15.686274509803921,17.073170731707318,-1.3868962219033971
they're,word,8,7,15,51,41,15.686274509803921,17.073170731707318,-1.3868962219033971
three years,phrase,8,7,15,51,41,15.686274509803921,17.073170731707318,-1.3868962219033971
to come,phrase,8,7,15,51,41,15.686274509803921,17.073170731707318,-1.3868962219033971
to spend,phrase,8,7,15,51,41,15.686274509803921,17.073170731707318,-1.3868962219033971
top moving,phrase,8,7,15,51,41,15.686274509803921,17.073170731707318,-1.3868962219033971
underscores,word,8,7,15,51,41,15.686274509803921,17.073170731707318,-1.3868962219033971
upgrades,word,8,7,15,51,41,15.686274509803921,17.073170731707318,-1.3868962219033971
wide,word,8,7,15,51,41,15.686274509803921,17.073170731707318,-1.3868962219033971
2b investment,phrase,3,3,6,51,41,5.882352941176471,7.317073170731708,-1.4347202295552364
achieving,word,3,3,6,51,41,5.882352941176471,7.317073170731708,-1.4347202295552364
addressing,word,3,3,6,51,41,5.882352941176471,7.317073170731708,-1.4347202295552364
advisors,word,3,3,6,51,41,5.882352941176471,7.317073170731708,-1.4347202295552364
age,word,3,3,6,51,41,5.882352941176471,7.317073170731708,-1.4347202295552364
agree,word,3,3,6,51,41,5.882352941176471,7.317073170731708,-1.4347202295552364
agreement includes,phrase,3,3,6,51,41,5.882352941176471,7.317073170731708,-1.4347202295552364
ai conference,phrase,3,3,6,51,41,5.882352941176471,7.317073170731708,-1.4347202295552364
ai developers,phrase,3,3,6,51,41,5.882352941176471,7.317073170731708,-1.4347202295552364
ai leader,phrase,3,3,6,51,41,5.882352941176471,7.317073170731708,-1.4347202295552364
ai security,phrase,3,3,6,51,41,5.882352941176471,7.317073170731708,-1.4347202295552364
alphabet stock,phrase,3,3,6,51,41,5.882352941176471,7.317073170731708,-1.4347202295552364
an overweight,phrase,3,3,6,51,41,5.882352941176471,7.317073170731708,-1.4347202295552364
and alibaba,phrase,3,3,6,51,41,5.882352941176471,7.317073170731708,-1.4347202295552364
and booming,phrase,3,3,6,51,41,5.882352941176471,7.317073170731708,-1.4347202295552364
and chief,phrase,3,3,6,51,41,5.882352941176471,7.317073170731708,-1.4347202295552364
and guidance,phrase,3,3,6,51,41,5.882352941176471,7.317073170731708,-1.4347202295552364
and head,phrase,3,3,6,51,41,5.882352941176471,7.317073170731708,-1.4347202295552364
and ibm,phrase,3,3,6,51,41,5.882352941176471,7.317073170731708,-1.4347202295552364
and long,phrase,3,3,6,51,41,5.882352941176471,7.317073170731708,-1.4347202295552364
and partners,phrase,3,3,6,51,41,5.882352941176471,7.317073170731708,-1.4347202295552364
and research,phrase,3,3,6,51,41,5.882352941176471,7.317073170731708,-1.4347202295552364
and risk,phrase,3,3,6,51,41,5.882352941176471,7.317073170731708,-1.4347202295552364
and visit,phrase,3,3,6,51,41,5.882352941176471,7.317073170731708,-1.4347202295552364
apld,word,3,3,6,51,41,5.882352941176471,7.317073170731708,-1.4347202295552364
apple alphabet,phrase,3,3,6,51,41,5.882352941176471,7.317073170731708,-1.4347202295552364
approaches,word,3,3,6,51,41,5.882352941176471,7.317073170731708,-1.4347202295552364
approved the,phrase,3,3,6,51,41,5.882352941176471,7.317073170731708,-1.4347202295552364
are big,phrase,3,3,6,51,41,5.882352941176471,7.317073170731708,-1.4347202295552364
are bullish,phrase,3,3,6,51,41,5.882352941176471,7.317073170731708,-1.4347202295552364
are driving,phrase,3,3,6,51,41,5.882352941176471,7.317073170731708,-1.4347202295552364
are due,phrase,3,3,6,51,41,5.882352941176471,7.317073170731708,-1.4347202295552364
are nvidia,phrase,3,3,6,51,41,5.882352941176471,7.317073170731708,-1.4347202295552364
are overblown,phrase,3,3,6,51,41,5.882352941176471,7.317073170731708,-1.4347202295552364
argued,word,3,3,6,51,41,5.882352941176471,7.317073170731708,-1.4347202295552364
arm and,phrase,3,3,6,51,41,5.882352941176471,7.317073170731708,-1.4347202295552364
as one,phrase,3,3,6,51,41,5.882352941176471,7.317073170731708,-1.4347202295552364
aside,word,3,3,6,51,41,5.882352941176471,7.317073170731708,-1.4347202295552364
audio,word,3,3,6,51,41,5.882352941176471,7.317073170731708,-1.4347202295552364
awaited,word,3,3,6,51,41,5.882352941176471,7.317073170731708,-1.4347202295552364
awaits,word,3,3,6,51,41,5.882352941176471,7.317073170731708,-1.4347202295552364
aws and,phrase,3,3,6,51,41,5.882352941176471,7.317073170731708,-1.4347202295552364
backers,word,3,3,6,51,41,5.882352941176471,7.317073170731708,-1.4347202295552364
benchmarks,word,3,3,6,51,41,5.882352941176471,7.317073170731708,-1.4347202295552364
billion stake,phrase,3,3,6,51,41,5.882352941176471,7.317073170731708,-1.4347202295552364
billion up,phrase,3,3,6,51,41,5.882352941176471,7.317073170731708,-1.4347202295552364
billionaire investor,phrase,3,3,6,51,41,5.882352941176471,7.317073170731708,-1.4347202295552364
billionaires,word,3,3,6,51,41,5.882352941176471,7.317073170731708,-1.4347202295552364
boost the,phrase,3,3,6,51,41,5.882352941176471,7.317073170731708,-1.4347202295552364
brands,word,3,3,6,51,41,5.882352941176471,7.317073170731708,-1.4347202295552364
broadcom in,phrase,3,3,6,51,41,5.882352941176471,7.317073170731708,-1.4347202295552364
building the,phrase,3,3,6,51,41,5.882352941176471,7.317073170731708,-1.4347202295552364
buildout is,phrase,3,3,6,51,41,5.882352941176471,7.317073170731708,-1.4347202295552364
built to,phrase,3,3,6,51,41,5.882352941176471,7.317073170731708,-1.4347202295552364
but wall,phrase,3,3,6,51,41,5.882352941176471,7.317073170731708,-1.4347202295552364
buy sell,phrase,3,3,6,51,41,5.882352941176471,7.317073170731708,-1.4347202295552364
by amd,phrase,3,3,6,51,41,5.882352941176471,7.317073170731708,-1.4347202295552364
cagr of,phrase,3,3,6,51,41,5.882352941176471,7.317073170731708,-1.4347202295552364
cards,word,3,3,6,51,41,5.882352941176471,7.317073170731708,-1.4347202295552364
career,word,3,3,6,51,41,5.882352941176471,7.317073170731708,-1.4347202295552364
challenging nvidia,phrase,3,3,6,51,41,5.882352941176471,7.317073170731708,-1.4347202295552364
chatgpt and,phrase,3,3,6,51,41,5.882352941176471,7.317073170731708,-1.4347202295552364
china is,phrase,3,3,6,51,41,5.882352941176471,7.317073170731708,-1.4347202295552364
china's deepseek,phrase,3,3,6,51,41,5.882352941176471,7.317073170731708,-1.4347202295552364
chipmakers including,phrase,3,3,6,51,41,5.882352941176471,7.317073170731708,-1.4347202295552364
chips into,phrase,3,3,6,51,41,5.882352941176471,7.317073170731708,-1.4347202295552364
chris,word,3,3,6,51,41,5.882352941176471,7.317073170731708,-1.4347202295552364
cloud ai,phrase,3,3,6,51,41,5.882352941176471,7.317073170731708,-1.4347202295552364
cloud provider,phrase,3,3,6,51,41,5.882352941176471,7.317073170731708,-1.4347202295552364
com bubble,phrase,3,3,6,51,41,5.882352941176471,7.317073170731708,-1.4347202295552364
committed to,phrase,3,3,6,51,41,5.882352941176471,7.317073170731708,-1.4347202295552364
committee,word,3,3,6,51,41,5.882352941176471,7.317073170731708,-1.4347202295552364
company as,phrase,3,3,6,51,41,5.882352941176471,7.317073170731708,-1.4347202295552364
company's ai,phrase,3,3,6,51,41,5.882352941176471,7.317073170731708,-1.4347202295552364
corporation remains,phrase,3,3,6,51,41,5.882352941176471,7.317073170731708,-1.4347202295552364
could give,phrase,3,3,6,51,41,5.882352941176471,7.317073170731708,-1.4347202295552364
could mean,phrase,3,3,6,51,41,5.882352941176471,7.317073170731708,-1.4347202295552364
deal could,phrase,3,3,6,51,41,5.882352941176471,7.317073170731708,-1.4347202295552364
demand tied,phrase,3,3,6,51,41,5.882352941176471,7.317073170731708,-1.4347202295552364
designing,word,3,3,6,51,41,5.882352941176471,7.317073170731708,-1.4347202295552364
developer of,phrase,3,3,6,51,41,5.882352941176471,7.317073170731708,-1.4347202295552364
device,word,3,3,6,51,41,5.882352941176471,7.317073170731708,-1.4347202295552364
dip in,phrase,3,3,6,51,41,5.882352941176471,7.317073170731708,-1.4347202295552364
disciplined,word,3,3,6,51,41,5.882352941176471,7.317073170731708,-1.4347202295552364
dismisses,word,3,3,6,51,41,5.882352941176471,7.317073170731708,-1.4347202295552364
dive,word,3,3,6,51,41,5.882352941176471,7.317073170731708,-1.4347202295552364
dji ixic,phrase,3,3,6,51,41,5.882352941176471,7.317073170731708,-1.4347202295552364
domination overtime,phrase,3,3,6,51,41,5.882352941176471,7.317073170731708,-1.4347202295552364
doubling down,phrase,3,3,6,51,41,5.882352941176471,7.317073170731708,-1.4347202295552364
doug,word,3,3,6,51,41,5.882352941176471,7.317073170731708,-1.4347202295552364
driving cars,phrase,3,3,6,51,41,5.882352941176471,7.317073170731708,-1.4347202295552364
drops on,phrase,3,3,6,51,41,5.882352941176471,7.317073170731708,-1.4347202295552364
durable,word,3,3,6,51,41,5.882352941176471,7.317073170731708,-1.4347202295552364
early monday,phrase,3,3,6,51,41,5.882352941176471,7.317073170731708,-1.4347202295552364
earnings wednesday,phrase,3,3,6,51,41,5.882352941176471,7.317073170731708,-1.4347202295552364
edge computing,phrase,3,3,6,51,41,5.882352941176471,7.317073170731708,-1.4347202295552364
enormous,word,3,3,6,51,41,5.882352941176471,7.317073170731708,-1.4347202295552364
enters this,phrase,3,3,6,51,41,5.882352941176471,7.317073170731708,-1.4347202295552364
enthusiasm for,phrase,3,3,6,51,41,5.882352941176471,7.317073170731708,-1.4347202295552364
everyday,word,3,3,6,51,41,5.882352941176471,7.317073170731708,-1.4347202295552364
execution risks,phrase,3,3,6,51,41,5.882352941176471,7.317073170731708,-1.4347202295552364
expand their,phrase,3,3,6,51,41,5.882352941176471,7.317073170731708,-1.4347202295552364
expect from,phrase,3,3,6,51,41,5.882352941176471,7.317073170731708,-1.4347202295552364
expectations of,phrase,3,3,6,51,41,5.882352941176471,7.317073170731708,-1.4347202295552364
export control,phrase,3,3,6,51,41,5.882352941176471,7.317073170731708,-1.4347202295552364
faster ai,phrase,3,3,6,51,41,5.882352941176471,7.317073170731708,-1.4347202295552364
fine,word,3,3,6,51,41,5.882352941176471,7.317073170731708,-1.4347202295552364
firms including,phrase,3,3,6,51,41,5.882352941176471,7.317073170731708,-1.4347202295552364
fist,word,3,3,6,51,41,5.882352941176471,7.317073170731708,-1.4347202295552364
french,word,3,3,6,51,41,5.882352941176471,7.317073170731708,-1.4347202295552364
fund ai,phrase,3,3,6,51,41,5.882352941176471,7.317073170731708,-1.4347202295552364
fund's,word,3,3,6,51,41,5.882352941176471,7.317073170731708,-1.4347202295552364
future growth,phrase,3,3,6,51,41,5.882352941176471,7.317073170731708,-1.4347202295552364
futures rose,phrase,3,3,6,51,41,5.882352941176471,7.317073170731708,-1.4347202295552364
gain since,phrase,3,3,6,51,41,5.882352941176471,7.317073170731708,-1.4347202295552364
gb200,word,3,3,6,51,41,5.882352941176471,7.317073170731708,-1.4347202295552364
give the,phrase,3,3,6,51,41,5.882352941176471,7.317073170731708,-1.4347202295552364
growth of,phrase,3,3,6,51,41,5.882352941176471,7.317073170731708,-1.4347202295552364
gw of,phrase,3,3,6,51,41,5.882352941176471,7.317073170731708,-1.4347202295552364
has recently,phrase,3,3,6,51,41,5.882352941176471,7.317073170731708,-1.4347202295552364
he expects,phrase,3,3,6,51,41,5.882352941176471,7.317073170731708,-1.4347202295552364
help the,phrase,3,3,6,51,41,5.882352941176471,7.317073170731708,-1.4347202295552364
hiding,word,3,3,6,51,41,5.882352941176471,7.317073170731708,-1.4347202295552364
high in,phrase,3,3,6,51,41,5.882352941176471,7.317073170731708,-1.4347202295552364
highlights include,phrase,3,3,6,51,41,5.882352941176471,7.317073170731708,-1.4347202295552364
hike,word,3,3,6,51,41,5.882352941176471,7.317073170731708,-1.4347202295552364
his entire,phrase,3,3,6,51,41,5.882352941176471,7.317073170731708,-1.4347202295552364
his stake,phrase,3,3,6,51,41,5.882352941176471,7.317073170731708,-1.4347202295552364
historical,word,3,3,6,51,41,5.882352941176471,7.317073170731708,-1.4347202295552364
hit the,phrase,3,3,6,51,41,5.882352941176471,7.317073170731708,-1.4347202295552364
hong,word,3,3,6,51,41,5.882352941176471,7.317073170731708,-1.4347202295552364
hurt,word,3,3,6,51,41,5.882352941176471,7.317073170731708,-1.4347202295552364
identity,word,3,3,6,51,41,5.882352941176471,7.317073170731708,-1.4347202295552364
if nvidia,phrase,3,3,6,51,41,5.882352941176471,7.317073170731708,-1.4347202295552364
igx,word,3,3,6,51,41,5.882352941176471,7.317073170731708,-1.4347202295552364
igx thor,phrase,3,3,6,51,41,5.882352941176471,7.317073170731708,-1.4347202295552364
impact on,phrase,3,3,6,51,41,5.882352941176471,7.317073170731708,-1.4347202295552364
impacted,word,3,3,6,51,41,5.882352941176471,7.317073170731708,-1.4347202295552364
in las,phrase,3,3,6,51,41,5.882352941176471,7.317073170731708,-1.4347202295552364
in latest,phrase,3,3,6,51,41,5.882352941176471,7.317073170731708,-1.4347202295552364
in major,phrase,3,3,6,51,41,5.882352941176471,7.317073170731708,-1.4347202295552364
in quarterly,phrase,3,3,6,51,41,5.882352941176471,7.317073170731708,-1.4347202295552364
in san,phrase,3,3,6,51,41,5.882352941176471,7.317073170731708,-1.4347202295552364
in terms,phrase,3,3,6,51,41,5.882352941176471,7.317073170731708,-1.4347202295552364
independent,word,3,3,6,51,41,5.882352941176471,7.317073170731708,-1.4347202295552364
infrastructure as,phrase,3,3,6,51,41,5.882352941176471,7.317073170731708,-1.4347202295552364
infrastructure stock,phrase,3,3,6,51,41,5.882352941176471,7.317073170731708,-1.4347202295552364
infrastructure to,phrase,3,3,6,51,41,5.882352941176471,7.317073170731708,-1.4347202295552364
insiders,word,3,3,6,51,41,5.882352941176471,7.317073170731708,-1.4347202295552364
instruments,word,3,3,6,51,41,5.882352941176471,7.317073170731708,-1.4347202295552364
integration with,phrase,3,3,6,51,41,5.882352941176471,7.317073170731708,-1.4347202295552364
investor concerns,phrase,3,3,6,51,41,5.882352941176471,7.317073170731708,-1.4347202295552364
investor updates,phrase,3,3,6,51,41,5.882352941176471,7.317073170731708,-1.4347202295552364
investors tracking,phrase,3,3,6,51,41,5.882352941176471,7.317073170731708,-1.4347202295552364
investors want,phrase,3,3,6,51,41,5.882352941176471,7.317073170731708,-1.4347202295552364
invests in,phrase,3,3,6,51,41,5.882352941176471,7.317073170731708,-1.4347202295552364
ipos,word,3,3,6,51,41,5.882352941176471,7.317073170731708,-1.4347202295552364
is buying,phrase,3,3,6,51,41,5.882352941176471,7.317073170731708,-1.4347202295552364
is developing,phrase,3,3,6,51,41,5.882352941176471,7.317073170731708,-1.4347202295552364
is doubling,phrase,3,3,6,51,41,5.882352941176471,7.317073170731708,-1.4347202295552364
it expected,phrase,3,3,6,51,41,5.882352941176471,7.317073170731708,-1.4347202295552364
its focus,phrase,3,3,6,51,41,5.882352941176471,7.317073170731708,-1.4347202295552364
its momentum,phrase,3,3,6,51,41,5.882352941176471,7.317073170731708,-1.4347202295552364
ixic gspc,phrase,3,3,6,51,41,5.882352941176471,7.317073170731708,-1.4347202295552364
joining the,phrase,3,3,6,51,41,5.882352941176471,7.317073170731708,-1.4347202295552364
jump on,phrase,3,3,6,51,41,5.882352941176471,7.317073170731708,-1.4347202295552364
jumps as,phrase,3,3,6,51,41,5.882352941176471,7.317073170731708,-1.4347202295552364
ken,word,3,3,6,51,41,5.882352941176471,7.317073170731708,-1.4347202295552364
kicked,word,3,3,6,51,41,5.882352941176471,7.317073170731708,-1.4347202295552364
korea's sk,phrase,3,3,6,51,41,5.882352941176471,7.317073170731708,-1.4347202295552364
largest company,phrase,3,3,6,51,41,5.882352941176471,7.317073170731708,-1.4347202295552364
laser,word,3,3,6,51,41,5.882352941176471,7.317073170731708,-1.4347202295552364
latest investor,phrase,3,3,6,51,41,5.882352941176471,7.317073170731708,-1.4347202295552364
launched its,phrase,3,3,6,51,41,5.882352941176471,7.317073170731708,-1.4347202295552364
lawmakers,word,3,3,6,51,41,5.882352941176471,7.317073170731708,-1.4347202295552364
leg,word,3,3,6,51,41,5.882352941176471,7.317073170731708,-1.4347202295552364
legislation,word,3,3,6,51,41,5.882352941176471,7.317073170731708,-1.4347202295552364
libraries,word,3,3,6,51,41,5.882352941176471,7.317073170731708,-1.4347202295552364
links,word,3,3,6,51,41,5.882352941176471,7.317073170731708,-1.4347202295552364
look to,phrase,3,3,6,51,41,5.882352941176471,7.317073170731708,-1.4347202295552364
losses and,phrase,3,3,6,51,41,5.882352941176471,7.317073170731708,-1.4347202295552364
low cost,phrase,3,3,6,51,41,5.882352941176471,7.317073170731708,-1.4347202295552364
lumentum holdings,phrase,3,3,6,51,41,5.882352941176471,7.317073170731708,-1.4347202295552364
lunch,word,3,3,6,51,41,5.882352941176471,7.317073170731708,-1.4347202295552364
maker openai,phrase,3,3,6,51,41,5.882352941176471,7.317073170731708,-1.4347202295552364
manufacturer of,phrase,3,3,6,51,41,5.882352941176471,7.317073170731708,-1.4347202295552364
manufacturing capacity,phrase,3,3,6,51,41,5.882352941176471,7.317073170731708,-1.4347202295552364
market trading,phrase,3,3,6,51,41,5.882352941176471,7.317073170731708,-1.4347202295552364
meets,word,3,3,6,51,41,5.882352941176471,7.317073170731708,-1.4347202295552364
message for,phrase,3,3,6,51,41,5.882352941176471,7.317073170731708,-1.4347202295552364
meta deal,phrase,3,3,6,51,41,5.882352941176471,7.317073170731708,-1.4347202295552364
modular,word,3,3,6,51,41,5.882352941176471,7.317073170731708,-1.4347202295552364
monday with,phrase,3,3,6,51,41,5.882352941176471,7.317073170731708,-1.4347202295552364
move higher,phrase,3,3,6,51,41,5.882352941176471,7.317073170731708,-1.4347202295552364
moved the,phrase,3,3,6,51,41,5.882352941176471,7.317073170731708,-1.4347202295552364
movement,word,3,3,6,51,41,5.882352941176471,7.317073170731708,-1.4347202295552364
msft nvidia,phrase,3,3,6,51,41,5.882352941176471,7.317073170731708,-1.4347202295552364
mtia,word,3,3,6,51,41,5.882352941176471,7.317073170731708,-1.4347202295552364
names in,phrase,3,3,6,51,41,5.882352941176471,7.317073170731708,-1.4347202295552364
next wave,phrase,3,3,6,51,41,5.882352941176471,7.317073170731708,-1.4347202295552364
nordisk,word,3,3,6,51,41,5.882352941176471,7.317073170731708,-1.4347202295552364
not buying,phrase,3,3,6,51,41,5.882352941176471,7.317073170731708,-1.4347202295552364
not yet,phrase,3,3,6,51,41,5.882352941176471,7.317073170731708,-1.4347202295552364
novo nordisk,phrase,3,3,6,51,41,5.882352941176471,7.317073170731708,-1.4347202295552364
nuclear energy,phrase,3,3,6,51,41,5.882352941176471,7.317073170731708,-1.4347202295552364
nvda announced,phrase,3,3,6,51,41,5.882352941176471,7.317073170731708,-1.4347202295552364
nvda jumped,phrase,3,3,6,51,41,5.882352941176471,7.317073170731708,-1.4347202295552364
nvidia gb300,phrase,3,3,6,51,41,5.882352941176471,7.317073170731708,-1.4347202295552364
nvidia gets,phrase,3,3,6,51,41,5.882352941176471,7.317073170731708,-1.4347202295552364
nvidia over,phrase,3,3,6,51,41,5.882352941176471,7.317073170731708,-1.4347202295552364
nvidia recently,phrase,3,3,6,51,41,5.882352941176471,7.317073170731708,-1.4347202295552364
nvidia reports,phrase,3,3,6,51,41,5.882352941176471,7.317073170731708,-1.4347202295552364
nvidia's fourth,phrase,3,3,6,51,41,5.882352941176471,7.317073170731708,-1.4347202295552364
nvidia's upcoming,phrase,3,3,6,51,41,5.882352941176471,7.317073170731708,-1.4347202295552364
nvidia's us,phrase,3,3,6,51,41,5.882352941176471,7.317073170731708,-1.4347202295552364
of amazon's,phrase,3,3,6,51,41,5.882352941176471,7.317073170731708,-1.4347202295552364
of physical,phrase,3,3,6,51,41,5.882352941176471,7.317073170731708,-1.4347202295552364
omniverse,word,3,3,6,51,41,5.882352941176471,7.317073170731708,-1.4347202295552364
on big,phrase,3,3,6,51,41,5.882352941176471,7.317073170731708,-1.4347202295552364
on nov,phrase,3,3,6,51,41,5.882352941176471,7.317073170731708,-1.4347202295552364
on trump,phrase,3,3,6,51,41,5.882352941176471,7.317073170731708,-1.4347202295552364
openai anthropic,phrase,3,3,6,51,41,5.882352941176471,7.317073170731708,-1.4347202295552364
opens,word,3,3,6,51,41,5.882352941176471,7.317073170731708,-1.4347202295552364
optical networking,phrase,3,3,6,51,41,5.882352941176471,7.317073170731708,-1.4347202295552364
os,word,3,3,6,51,41,5.882352941176471,7.317073170731708,-1.4347202295552364
outlines,word,3,3,6,51,41,5.882352941176471,7.317073170731708,-1.4347202295552364
over fist,phrase,3,3,6,51,41,5.882352941176471,7.317073170731708,-1.4347202295552364
package,word,3,3,6,51,41,5.882352941176471,7.317073170731708,-1.4347202295552364
palantir are,phrase,3,3,6,51,41,5.882352941176471,7.317073170731708,-1.4347202295552364
past five,phrase,3,3,6,51,41,5.882352941176471,7.317073170731708,-1.4347202295552364
photonic,word,3,3,6,51,41,5.882352941176471,7.317073170731708,-1.4347202295552364
plan for,phrase,3,3,6,51,41,5.882352941176471,7.317073170731708,-1.4347202295552364
platform today,phrase,3,3,6,51,41,5.882352941176471,7.317073170731708,-1.4347202295552364
playbook,word,3,3,6,51,41,5.882352941176471,7.317073170731708,-1.4347202295552364
point of,phrase,3,3,6,51,41,5.882352941176471,7.317073170731708,-1.4347202295552364
points or,phrase,3,3,6,51,41,5.882352941176471,7.317073170731708,-1.4347202295552364
potential deal,phrase,3,3,6,51,41,5.882352941176471,7.317073170731708,-1.4347202295552364
power for,phrase,3,3,6,51,41,5.882352941176471,7.317073170731708,-1.4347202295552364
power its,phrase,3,3,6,51,41,5.882352941176471,7.317073170731708,-1.4347202295552364
predicting,word,3,3,6,51,41,5.882352941176471,7.317073170731708,-1.4347202295552364
prioritize,word,3,3,6,51,41,5.882352941176471,7.317073170731708,-1.4347202295552364
products and,phrase,3,3,6,51,41,5.882352941176471,7.317073170731708,-1.4347202295552364
profit taking,phrase,3,3,6,51,41,5.882352941176471,7.317073170731708,-1.4347202295552364
progress in,phrase,3,3,6,51,41,5.882352941176471,7.317073170731708,-1.4347202295552364
proven,word,3,3,6,51,41,5.882352941176471,7.317073170731708,-1.4347202295552364
published jim,phrase,3,3,6,51,41,5.882352941176471,7.317073170731708,-1.4347202295552364
push and,phrase,3,3,6,51,41,5.882352941176471,7.317073170731708,-1.4347202295552364
qbts,word,3,3,6,51,41,5.882352941176471,7.317073170731708,-1.4347202295552364
quarter profit,phrase,3,3,6,51,41,5.882352941176471,7.317073170731708,-1.4347202295552364
raises nvidia,phrase,3,3,6,51,41,5.882352941176471,7.317073170731708,-1.4347202295552364
ramped,word,3,3,6,51,41,5.882352941176471,7.317073170731708,-1.4347202295552364
ranks of,phrase,3,3,6,51,41,5.882352941176471,7.317073170731708,-1.4347202295552364
reaching,word,3,3,6,51,41,5.882352941176471,7.317073170731708,-1.4347202295552364
reduction,word,3,3,6,51,41,5.882352941176471,7.317073170731708,-1.4347202295552364
relations,word,3,3,6,51,41,5.882352941176471,7.317073170731708,-1.4347202295552364
rely on,phrase,3,3,6,51,41,5.882352941176471,7.317073170731708,-1.4347202295552364
richer,word,3,3,6,51,41,5.882352941176471,7.317073170731708,-1.4347202295552364
risk for,phrase,3,3,6,51,41,5.882352941176471,7.317073170731708,-1.4347202295552364
rivalry,word,3,3,6,51,41,5.882352941176471,7.317073170731708,-1.4347202295552364
said tuesday,phrase,3,3,6,51,41,5.882352941176471,7.317073170731708,-1.4347202295552364
say the,phrase,3,3,6,51,41,5.882352941176471,7.317073170731708,-1.4347202295552364
says company,phrase,3,3,6,51,41,5.882352941176471,7.317073170731708,-1.4347202295552364
says no,phrase,3,3,6,51,41,5.882352941176471,7.317073170731708,-1.4347202295552364
says nvidia's,phrase,3,3,6,51,41,5.882352941176471,7.317073170731708,-1.4347202295552364
says that,phrase,3,3,6,51,41,5.882352941176471,7.317073170731708,-1.4347202295552364
scene,word,3,3,6,51,41,5.882352941176471,7.317073170731708,-1.4347202295552364
scores,word,3,3,6,51,41,5.882352941176471,7.317073170731708,-1.4347202295552364
select,word,3,3,6,51,41,5.882352941176471,7.317073170731708,-1.4347202295552364
sell or,phrase,3,3,6,51,41,5.882352941176471,7.317073170731708,-1.4347202295552364
semiconductor and,phrase,3,3,6,51,41,5.882352941176471,7.317073170731708,-1.4347202295552364
semiconductor etf,phrase,3,3,6,51,41,5.882352941176471,7.317073170731708,-1.4347202295552364
semiconductor rally,phrase,3,3,6,51,41,5.882352941176471,7.317073170731708,-1.4347202295552364
sentiment in,phrase,3,3,6,51,41,5.882352941176471,7.317073170731708,-1.4347202295552364
set the,phrase,3,3,6,51,41,5.882352941176471,7.317073170731708,-1.4347202295552364
set up,phrase,3,3,6,51,41,5.882352941176471,7.317073170731708,-1.4347202295552364
shares at,phrase,3,3,6,51,41,5.882352941176471,7.317073170731708,-1.4347202295552364
shortened,word,3,3,6,51,41,5.882352941176471,7.317073170731708,-1.4347202295552364
showcases,word,3,3,6,51,41,5.882352941176471,7.317073170731708,-1.4347202295552364
signaled,word,3,3,6,51,41,5.882352941176471,7.317073170731708,-1.4347202295552364
simplify,word,3,3,6,51,41,5.882352941176471,7.317073170731708,-1.4347202295552364
single stock,phrase,3,3,6,51,41,5.882352941176471,7.317073170731708,-1.4347202295552364
sites,word,3,3,6,51,41,5.882352941176471,7.317073170731708,-1.4347202295552364
sized,word,3,3,6,51,41,5.882352941176471,7.317073170731708,-1.4347202295552364
smith,word,3,3,6,51,41,5.882352941176471,7.317073170731708,-1.4347202295552364
soaring demand,phrase,3,3,6,51,41,5.882352941176471,7.317073170731708,-1.4347202295552364
solutions and,phrase,3,3,6,51,41,5.882352941176471,7.317073170731708,-1.4347202295552364
solutions that,phrase,3,3,6,51,41,5.882352941176471,7.317073170731708,-1.4347202295552364
some investors,phrase,3,3,6,51,41,5.882352941176471,7.317073170731708,-1.4347202295552364
son,word,3,3,6,51,41,5.882352941176471,7.317073170731708,-1.4347202295552364
sought,word,3,3,6,51,41,5.882352941176471,7.317073170731708,-1.4347202295552364
spacex,word,3,3,6,51,41,5.882352941176471,7.317073170731708,-1.4347202295552364
spectacular,word,3,3,6,51,41,5.882352941176471,7.317073170731708,-1.4347202295552364
steve,word,3,3,6,51,41,5.882352941176471,7.317073170731708,-1.4347202295552364
stock before,phrase,3,3,6,51,41,5.882352941176471,7.317073170731708,-1.4347202295552364
stock gets,phrase,3,3,6,51,41,5.882352941176471,7.317073170731708,-1.4347202295552364
stock jumped,phrase,3,3,6,51,41,5.882352941176471,7.317073170731708,-1.4347202295552364
strategy and,phrase,3,3,6,51,41,5.882352941176471,7.317073170731708,-1.4347202295552364
strategy to,phrase,3,3,6,51,41,5.882352941176471,7.317073170731708,-1.4347202295552364
strength of,phrase,3,3,6,51,41,5.882352941176471,7.317073170731708,-1.4347202295552364
systems for,phrase,3,3,6,51,41,5.882352941176471,7.317073170731708,-1.4347202295552364
take the,phrase,3,3,6,51,41,5.882352941176471,7.317073170731708,-1.4347202295552364
technology in,phrase,3,3,6,51,41,5.882352941176471,7.317073170731708,-1.4347202295552364
texas instruments,phrase,3,3,6,51,41,5.882352941176471,7.317073170731708,-1.4347202295552364
th,word,3,3,6,51,41,5.882352941176471,7.317073170731708,-1.4347202295552364
than double,phrase,3,3,6,51,41,5.882352941176471,7.317073170731708,-1.4347202295552364
than nvidia's,phrase,3,3,6,51,41,5.882352941176471,7.317073170731708,-1.4347202295552364
that artificial,phrase,3,3,6,51,41,5.882352941176471,7.317073170731708,-1.4347202295552364
that chinese,phrase,3,3,6,51,41,5.882352941176471,7.317073170731708,-1.4347202295552364
the booming,phrase,3,3,6,51,41,5.882352941176471,7.317073170731708,-1.4347202295552364
the buildout,phrase,3,3,6,51,41,5.882352941176471,7.317073170731708,-1.4347202295552364
the cnbc,phrase,3,3,6,51,41,5.882352941176471,7.317073170731708,-1.4347202295552364
the competition,phrase,3,3,6,51,41,5.882352941176471,7.317073170731708,-1.4347202295552364
the demand,phrase,3,3,6,51,41,5.882352941176471,7.317073170731708,-1.4347202295552364
the economy,phrase,3,3,6,51,41,5.882352941176471,7.317073170731708,-1.4347202295552364
the idea,phrase,3,3,6,51,41,5.882352941176471,7.317073170731708,-1.4347202295552364
the meta,phrase,3,3,6,51,41,5.882352941176471,7.317073170731708,-1.4347202295552364
the ranks,phrase,3,3,6,51,41,5.882352941176471,7.317073170731708,-1.4347202295552364
the risk,phrase,3,3,6,51,41,5.882352941176471,7.317073170731708,-1.4347202295552364
the startup's,phrase,3,3,6,51,41,5.882352941176471,7.317073170731708,-1.4347202295552364
the strong,phrase,3,3,6,51,41,5.882352941176471,7.317073170731708,-1.4347202295552364
the terms,phrase,3,3,6,51,41,5.882352941176471,7.317073170731708,-1.4347202295552364
the war,phrase,3,3,6,51,41,5.882352941176471,7.317073170731708,-1.4347202295552364
think it's,phrase,3,3,6,51,41,5.882352941176471,7.317073170731708,-1.4347202295552364
third party,phrase,3,3,6,51,41,5.882352941176471,7.317073170731708,-1.4347202295552364
third point,phrase,3,3,6,51,41,5.882352941176471,7.317073170731708,-1.4347202295552364
this article,phrase,3,3,6,51,41,5.882352941176471,7.317073170731708,-1.4347202295552364
thursday citing,phrase,3,3,6,51,41,5.882352941176471,7.317073170731708,-1.4347202295552364
to advanced,phrase,3,3,6,51,41,5.882352941176471,7.317073170731708,-1.4347202295552364
to people,phrase,3,3,6,51,41,5.882352941176471,7.317073170731708,-1.4347202295552364
to surge,phrase,3,3,6,51,41,5.882352941176471,7.317073170731708,-1.4347202295552364
to tap,phrase,3,3,6,51,41,5.882352941176471,7.317073170731708,-1.4347202295552364
tougher,word,3,3,6,51,41,5.882352941176471,7.317073170731708,-1.4347202295552364
traded as,phrase,3,3,6,51,41,5.882352941176471,7.317073170731708,-1.4347202295552364
trainium chips,phrase,3,3,6,51,41,5.882352941176471,7.317073170731708,-1.4347202295552364
transcript,word,3,3,6,51,41,5.882352941176471,7.317073170731708,-1.4347202295552364
trending on,phrase,3,3,6,51,41,5.882352941176471,7.317073170731708,-1.4347202295552364
turning to,phrase,3,3,6,51,41,5.882352941176471,7.317073170731708,-1.4347202295552364
type of,phrase,3,3,6,51,41,5.882352941176471,7.317073170731708,-1.4347202295552364
uber and,phrase,3,3,6,51,41,5.882352941176471,7.317073170731708,-1.4347202295552364
use ai,phrase,3,3,6,51,41,5.882352941176471,7.317073170731708,-1.4347202295552364
validated,word,3,3,6,51,41,5.882352941176471,7.317073170731708,-1.4347202295552364
valuation to,phrase,3,3,6,51,41,5.882352941176471,7.317073170731708,-1.4347202295552364
visit yahoo,phrase,3,3,6,51,41,5.882352941176471,7.317073170731708,-1.4347202295552364
voice,word,3,3,6,51,41,5.882352941176471,7.317073170731708,-1.4347202295552364
wednesday with,phrase,3,3,6,51,41,5.882352941176471,7.317073170731708,-1.4347202295552364
week high,phrase,3,3,6,51,41,5.882352941176471,7.317073170731708,-1.4347202295552364
when nvidia,phrase,3,3,6,51,41,5.882352941176471,7.317073170731708,-1.4347202295552364
with anthropic,phrase,3,3,6,51,41,5.882352941176471,7.317073170731708,-1.4347202295552364
with chinese,phrase,3,3,6,51,41,5.882352941176471,7.317073170731708,-1.4347202295552364
with custom,phrase,3,3,6,51,41,5.882352941176471,7.317073170731708,-1.4347202295552364
infrastructure,word,49,40,89,51,41,96.07843137254902,97.5609756097561,-1.482544237207073
one,word,49,40,89,51,41,96.07843137254902,97.5609756097561,-1.482544237207073
deal,word,44,36,80,51,41,86.27450980392157,87.8048780487805,-1.530368244858915
click,word,39,32,71,51,41,76.47058823529412,78.04878048780488,-1.5781922525107683
two,word,39,32,71,51,41,76.47058823529412,78.04878048780488,-1.5781922525107683
customers,word,34,28,62,51,41,66.66666666666667,68.29268292682927,-1.6260162601626105
recently,word,34,28,62,51,41,66.66666666666667,68.29268292682927,-1.6260162601626105
focused,word,29,24,53,51,41,56.86274509803921,58.53658536585366,-1.6738402678144415
forecast,word,29,24,53,51,41,56.86274509803921,58.53658536585366,-1.6738402678144415
manufacturing,word,29,24,53,51,41,56.86274509803921,58.53658536585366,-1.6738402678144415
nvidia ceo,phrase,29,24,53,51,41,56.86274509803921,58.53658536585366,-1.6738402678144415
use,word,29,24,53,51,41,56.86274509803921,58.53658536585366,-1.6738402678144415
collaboration with,phrase,24,20,44,51,41,47.05882352941177,48.78048780487805,-1.7216642754662836
holdings,word,24,20,44,51,41,47.05882352941177,48.78048780487805,-1.7216642754662836
msft,word,24,20,44,51,41,47.05882352941177,48.78048780487805,-1.7216642754662836
told,word,24,20,44,51,41,47.05882352941177,48.78048780487805,-1.7216642754662836
agentic,word,19,16,35,51,41,37.254901960784316,39.02439024390244,-1.7694882831181258
did not,phrase,19,16,35,51,41,37.254901960784316,39.02439024390244,-1.7694882831181258
include,word,19,16,35,51,41,37.254901960784316,39.02439024390244,-1.7694882831181258
seen,word,19,16,35,51,41,37.254901960784316,39.02439024390244,-1.7694882831181258
agreed to,phrase,14,12,26,51,41,27.45098039215686,29.26829268292683,-1.8173122907699624
ai related,phrase,14,12,26,51,41,27.45098039215686,29.26829268292683,-1.8173122907699624
bigger,word,14,12,26,51,41,27.45098039215686,29.26829268292683,-1.8173122907699624
chips for,phrase,14,12,26,51,41,27.45098039215686,29.26829268292683,-1.8173122907699624
processing units,phrase,14,12,26,51,41,27.45098039215686,29.26829268292683,-1.8173122907699624
semiconductor equipment,phrase,14,12,26,51,41,27.45098039215686,29.26829268292683,-1.8173122907699624
agreements,word,9,8,17,51,41,17.647058823529413,19.51219512195122,-1.8651362984218074
allow,word,9,8,17,51,41,17.647058823529413,19.51219512195122,-1.8651362984218074
altman,word,9,8,17,51,41,17.647058823529413,19.51219512195122,-1.8651362984218074
and infrastructure,phrase,9,8,17,51,41,17.647058823529413,19.51219512195122,-1.8651362984218074
apple microsoft,phrase,9,8,17,51,41,17.647058823529413,19.51219512195122,-1.8651362984218074
became,word,9,8,17,51,41,17.647058823529413,19.51219512195122,-1.8651362984218074
broadcom inc,phrase,9,8,17,51,41,17.647058823529413,19.51219512195122,-1.8651362984218074
chips from,phrase,9,8,17,51,41,17.647058823529413,19.51219512195122,-1.8651362984218074
declined,word,9,8,17,51,41,17.647058823529413,19.51219512195122,-1.8651362984218074
deployments,word,9,8,17,51,41,17.647058823529413,19.51219512195122,-1.8651362984218074
fear,word,9,8,17,51,41,17.647058823529413,19.51219512195122,-1.8651362984218074
foundation,word,9,8,17,51,41,17.647058823529413,19.51219512195122,-1.8651362984218074
half of,phrase,9,8,17,51,41,17.647058823529413,19.51219512195122,-1.8651362984218074
hedge fund,phrase,9,8,17,51,41,17.647058823529413,19.51219512195122,-1.8651362984218074
human,word,9,8,17,51,41,17.647058823529413,19.51219512195122,-1.8651362984218074
is back,phrase,9,8,17,51,41,17.647058823529413,19.51219512195122,-1.8651362984218074
josh lipton,phrase,9,8,17,51,41,17.647058823529413,19.51219512195122,-1.8651362984218074
last month,phrase,9,8,17,51,41,17.647058823529413,19.51219512195122,-1.8651362984218074
likes of,phrase,9,8,17,51,41,17.647058823529413,19.51219512195122,-1.8651362984218074
linked to,phrase,9,8,17,51,41,17.647058823529413,19.51219512195122,-1.8651362984218074
lipton,word,9,8,17,51,41,17.647058823529413,19.51219512195122,-1.8651362984218074
market stories,phrase,9,8,17,51,41,17.647058823529413,19.51219512195122,-1.8651362984218074
meet the,phrase,9,8,17,51,41,17.647058823529413,19.51219512195122,-1.8651362984218074
offers,word,9,8,17,51,41,17.647058823529413,19.51219512195122,-1.8651362984218074
on track,phrase,9,8,17,51,41,17.647058823529413,19.51219512195122,-1.8651362984218074
ride,word,9,8,17,51,41,17.647058823529413,19.51219512195122,-1.8651362984218074
sent,word,9,8,17,51,41,17.647058823529413,19.51219512195122,-1.8651362984218074
still has,phrase,9,8,17,51,41,17.647058823529413,19.51219512195122,-1.8651362984218074
tests,word,9,8,17,51,41,17.647058823529413,19.51219512195122,-1.8651362984218074
to launch,phrase,9,8,17,51,41,17.647058823529413,19.51219512195122,-1.8651362984218074
trading at,phrase,9,8,17,51,41,17.647058823529413,19.51219512195122,-1.8651362984218074
trend,word,9,8,17,51,41,17.647058823529413,19.51219512195122,-1.8651362984218074
tuesday as,phrase,9,8,17,51,41,17.647058823529413,19.51219512195122,-1.8651362984218074
unprecedented,word,9,8,17,51,41,17.647058823529413,19.51219512195122,-1.8651362984218074
watch the,phrase,9,8,17,51,41,17.647058823529413,19.51219512195122,-1.8651362984218074
workflows,word,9,8,17,51,41,17.647058823529413,19.51219512195122,-1.8651362984218074
accused,word,4,4,8,51,41,7.8431372549019605,9.75609756097561,-1.9129603060736495
across multiple,phrase,4,4,8,51,41,7.8431372549019605,9.75609756097561,-1.9129603060736495
aerospace,word,4,4,8,51,41,7.8431372549019605,9.75609756097561,-1.9129603060736495
ai applications,phrase,4,4,8,51,41,7.8431372549019605,9.75609756097561,-1.9129603060736495
ai development,phrase,4,4,8,51,41,7.8431372549019605,9.75609756097561,-1.9129603060736495
ai processor,phrase,4,4,8,51,41,7.8431372549019605,9.75609756097561,-1.9129603060736495
alpha,word,4,4,8,51,41,7.8431372549019605,9.75609756097561,-1.9129603060736495
alternative,word,4,4,8,51,41,7.8431372549019605,9.75609756097561,-1.9129603060736495
amd shares,phrase,4,4,8,51,41,7.8431372549019605,9.75609756097561,-1.9129603060736495
an interview,phrase,4,4,8,51,41,7.8431372549019605,9.75609756097561,-1.9129603060736495
and expanded,phrase,4,4,8,51,41,7.8431372549019605,9.75609756097561,-1.9129603060736495
and risks,phrase,4,4,8,51,41,7.8431372549019605,9.75609756097561,-1.9129603060736495
announced on,phrase,4,4,8,51,41,7.8431372549019605,9.75609756097561,-1.9129603060736495
anthropic and,phrase,4,4,8,51,41,7.8431372549019605,9.75609756097561,-1.9129603060736495
apple aapl,phrase,4,4,8,51,41,7.8431372549019605,9.75609756097561,-1.9129603060736495
applied materials,phrase,4,4,8,51,41,7.8431372549019605,9.75609756097561,-1.9129603060736495
argues,word,4,4,8,51,41,7.8431372549019605,9.75609756097561,-1.9129603060736495
arrangements,word,4,4,8,51,41,7.8431372549019605,9.75609756097561,-1.9129603060736495
asking,word,4,4,8,51,41,7.8431372549019605,9.75609756097561,-1.9129603060736495
august,word,4,4,8,51,41,7.8431372549019605,9.75609756097561,-1.9129603060736495
benefits,word,4,4,8,51,41,7.8431372549019605,9.75609756097561,-1.9129603060736495
best stocks,phrase,4,4,8,51,41,7.8431372549019605,9.75609756097561,-1.9129603060736495
billionaire peter,phrase,4,4,8,51,41,7.8431372549019605,9.75609756097561,-1.9129603060736495
box,word,4,4,8,51,41,7.8431372549019605,9.75609756097561,-1.9129603060736495
breakthroughs,word,4,4,8,51,41,7.8431372549019605,9.75609756097561,-1.9129603060736495
business to,phrase,4,4,8,51,41,7.8431372549019605,9.75609756097561,-1.9129603060736495
chart,word,4,4,8,51,41,7.8431372549019605,9.75609756097561,-1.9129603060736495
china trade,phrase,4,4,8,51,41,7.8431372549019605,9.75609756097561,-1.9129603060736495
chip industry,phrase,4,4,8,51,41,7.8431372549019605,9.75609756097561,-1.9129603060736495
co develop,phrase,4,4,8,51,41,7.8431372549019605,9.75609756097561,-1.9129603060736495
cohr,word,4,4,8,51,41,7.8431372549019605,9.75609756097561,-1.9129603060736495
companies said,phrase,4,4,8,51,41,7.8431372549019605,9.75609756097561,-1.9129603060736495
companies to,phrase,4,4,8,51,41,7.8431372549019605,9.75609756097561,-1.9129603060736495
competition intensifies,phrase,4,4,8,51,41,7.8431372549019605,9.75609756097561,-1.9129603060736495
competition with,phrase,4,4,8,51,41,7.8431372549019605,9.75609756097561,-1.9129603060736495
computing company,phrase,4,4,8,51,41,7.8431372549019605,9.75609756097561,-1.9129603060736495
consumer electronics,phrase,4,4,8,51,41,7.8431372549019605,9.75609756097561,-1.9129603060736495
consumers,word,4,4,8,51,41,7.8431372549019605,9.75609756097561,-1.9129603060736495
cramer highlighted,phrase,4,4,8,51,41,7.8431372549019605,9.75609756097561,-1.9129603060736495
data centres,phrase,4,4,8,51,41,7.8431372549019605,9.75609756097561,-1.9129603060736495
deal for,phrase,4,4,8,51,41,7.8431372549019605,9.75609756097561,-1.9129603060736495
deal that,phrase,4,4,8,51,41,7.8431372549019605,9.75609756097561,-1.9129603060736495
dec,word,4,4,8,51,41,7.8431372549019605,9.75609756097561,-1.9129603060736495
decision to,phrase,4,4,8,51,41,7.8431372549019605,9.75609756097561,-1.9129603060736495
deepens ai,phrase,4,4,8,51,41,7.8431372549019605,9.75609756097561,-1.9129603060736495
develop and,phrase,4,4,8,51,41,7.8431372549019605,9.75609756097561,-1.9129603060736495
dismissed,word,4,4,8,51,41,7.8431372549019605,9.75609756097561,-1.9129603060736495
driven growth,phrase,4,4,8,51,41,7.8431372549019605,9.75609756097561,-1.9129603060736495
earnings but,phrase,4,4,8,51,41,7.8431372549019605,9.75609756097561,-1.9129603060736495
elsewhere,word,4,4,8,51,41,7.8431372549019605,9.75609756097561,-1.9129603060736495
error,word,4,4,8,51,41,7.8431372549019605,9.75609756097561,-1.9129603060736495
explain,word,4,4,8,51,41,7.8431372549019605,9.75609756097561,-1.9129603060736495
failed,word,4,4,8,51,41,7.8431372549019605,9.75609756097561,-1.9129603060736495
fall on,phrase,4,4,8,51,41,7.8431372549019605,9.75609756097561,-1.9129603060736495
famous,word,4,4,8,51,41,7.8431372549019605,9.75609756097561,-1.9129603060736495
featured,word,4,4,8,51,41,7.8431372549019605,9.75609756097561,-1.9129603060736495
finds,word,4,4,8,51,41,7.8431372549019605,9.75609756097561,-1.9129603060736495
focus after,phrase,4,4,8,51,41,7.8431372549019605,9.75609756097561,-1.9129603060736495
focus to,phrase,4,4,8,51,41,7.8431372549019605,9.75609756097561,-1.9129603060736495
focusing on,phrase,4,4,8,51,41,7.8431372549019605,9.75609756097561,-1.9129603060736495
for future,phrase,4,4,8,51,41,7.8431372549019605,9.75609756097561,-1.9129603060736495
from amd,phrase,4,4,8,51,41,7.8431372549019605,9.75609756097561,-1.9129603060736495
generated,word,4,4,8,51,41,7.8431372549019605,9.75609756097561,-1.9129603060736495
global market,phrase,4,4,8,51,41,7.8431372549019605,9.75609756097561,-1.9129603060736495
governments,word,4,4,8,51,41,7.8431372549019605,9.75609756097561,-1.9129603060736495
greater,word,4,4,8,51,41,7.8431372549019605,9.75609756097561,-1.9129603060736495
group and,phrase,4,4,8,51,41,7.8431372549019605,9.75609756097561,-1.9129603060736495
group's,word,4,4,8,51,41,7.8431372549019605,9.75609756097561,-1.9129603060736495
gtc event,phrase,4,4,8,51,41,7.8431372549019605,9.75609756097561,-1.9129603060736495
h200 exports,phrase,4,4,8,51,41,7.8431372549019605,9.75609756097561,-1.9129603060736495
harder,word,4,4,8,51,41,7.8431372549019605,9.75609756097561,-1.9129603060736495
has made,phrase,4,4,8,51,41,7.8431372549019605,9.75609756097561,-1.9129603060736495
high growth,phrase,4,4,8,51,41,7.8431372549019605,9.75609756097561,-1.9129603060736495
high of,phrase,4,4,8,51,41,7.8431372549019605,9.75609756097561,-1.9129603060736495
his company,phrase,4,4,8,51,41,7.8431372549019605,9.75609756097561,-1.9129603060736495
hsbc,word,4,4,8,51,41,7.8431372549019605,9.75609756097561,-1.9129603060736495
hyland tracks,phrase,4,4,8,51,41,7.8431372549019605,9.75609756097561,-1.9129603060736495
hyperscale ai,phrase,4,4,8,51,41,7.8431372549019605,9.75609756097561,-1.9129603060736495
importance,word,4,4,8,51,41,7.8431372549019605,9.75609756097561,-1.9129603060736495
imports,word,4,4,8,51,41,7.8431372549019605,9.75609756097561,-1.9129603060736495
in collaboration,phrase,4,4,8,51,41,7.8431372549019605,9.75609756097561,-1.9129603060736495
in iran,phrase,4,4,8,51,41,7.8431372549019605,9.75609756097561,-1.9129603060736495
in morning,phrase,4,4,8,51,41,7.8431372549019605,9.75609756097561,-1.9129603060736495
increase in,phrase,4,4,8,51,41,7.8431372549019605,9.75609756097561,-1.9129603060736495
infrastructure in,phrase,4,4,8,51,41,7.8431372549019605,9.75609756097561,-1.9129603060736495
infrastructure role,phrase,4,4,8,51,41,7.8431372549019605,9.75609756097561,-1.9129603060736495
intelligence data,phrase,4,4,8,51,41,7.8431372549019605,9.75609756097561,-1.9129603060736495
introduces,word,4,4,8,51,41,7.8431372549019605,9.75609756097561,-1.9129603060736495
investors seeking,phrase,4,4,8,51,41,7.8431372549019605,9.75609756097561,-1.9129603060736495
is becoming,phrase,4,4,8,51,41,7.8431372549019605,9.75609756097561,-1.9129603060736495
it takes,phrase,4,4,8,51,41,7.8431372549019605,9.75609756097561,-1.9129603060736495
its global,phrase,4,4,8,51,41,7.8431372549019605,9.75609756097561,-1.9129603060736495
its nvidia,phrase,4,4,8,51,41,7.8431372549019605,9.75609756097561,-1.9129603060736495
itself as,phrase,4,4,8,51,41,7.8431372549019605,9.75609756097561,-1.9129603060736495
ixic,word,4,4,8,51,41,7.8431372549019605,9.75609756097561,-1.9129603060736495
joins the,phrase,4,4,8,51,41,7.8431372549019605,9.75609756097561,-1.9129603060736495
jumped on,phrase,4,4,8,51,41,7.8431372549019605,9.75609756097561,-1.9129603060736495
jumping,word,4,4,8,51,41,7.8431372549019605,9.75609756097561,-1.9129603060736495
justified,word,4,4,8,51,41,7.8431372549019605,9.75609756097561,-1.9129603060736495
key to,phrase,4,4,8,51,41,7.8431372549019605,9.75609756097561,-1.9129603060736495
keynote,word,4,4,8,51,41,7.8431372549019605,9.75609756097561,-1.9129603060736495
late to,phrase,4,4,8,51,41,7.8431372549019605,9.75609756097561,-1.9129603060736495
latency,word,4,4,8,51,41,7.8431372549019605,9.75609756097561,-1.9129603060736495
leads ai,phrase,4,4,8,51,41,7.8431372549019605,9.75609756097561,-1.9129603060736495
llc,word,4,4,8,51,41,7.8431372549019605,9.75609756097561,-1.9129603060736495
locked,word,4,4,8,51,41,7.8431372549019605,9.75609756097561,-1.9129603060736495
maintained,word,4,4,8,51,41,7.8431372549019605,9.75609756097561,-1.9129603060736495
market after,phrase,4,4,8,51,41,7.8431372549019605,9.75609756097561,-1.9129603060736495
martin,word,4,4,8,51,41,7.8431372549019605,9.75609756097561,-1.9129603060736495
microsoft alphabet,phrase,4,4,8,51,41,7.8431372549019605,9.75609756097561,-1.9129603060736495
minute including,phrase,4,4,8,51,41,7.8431372549019605,9.75609756097561,-1.9129603060736495
moment for,phrase,4,4,8,51,41,7.8431372549019605,9.75609756097561,-1.9129603060736495
most important,phrase,4,4,8,51,41,7.8431372549019605,9.75609756097561,-1.9129603060736495
mp materials,phrase,4,4,8,51,41,7.8431372549019605,9.75609756097561,-1.9129603060736495
names nvidia,phrase,4,4,8,51,41,7.8431372549019605,9.75609756097561,-1.9129603060736495
next month,phrase,4,4,8,51,41,7.8431372549019605,9.75609756097561,-1.9129603060736495
nvda as,phrase,4,4,8,51,41,7.8431372549019605,9.75609756097561,-1.9129603060736495
nventures,word,4,4,8,51,41,7.8431372549019605,9.75609756097561,-1.9129603060736495
nventures nvidia's,phrase,4,4,8,51,41,7.8431372549019605,9.75609756097561,-1.9129603060736495
nvidia taiwan,phrase,4,4,8,51,41,7.8431372549019605,9.75609756097561,-1.9129603060736495
nvidia ties,phrase,4,4,8,51,41,7.8431372549019605,9.75609756097561,-1.9129603060736495
of alphabet,phrase,4,4,8,51,41,7.8431372549019605,9.75609756097561,-1.9129603060736495
of investors,phrase,4,4,8,51,41,7.8431372549019605,9.75609756097561,-1.9129603060736495
of money,phrase,4,4,8,51,41,7.8431372549019605,9.75609756097561,-1.9129603060736495
on january,phrase,4,4,8,51,41,7.8431372549019605,9.75609756097561,-1.9129603060736495
other big,phrase,4,4,8,51,41,7.8431372549019605,9.75609756097561,-1.9129603060736495
overnight,word,4,4,8,51,41,7.8431372549019605,9.75609756097561,-1.9129603060736495
overweight rating,phrase,4,4,8,51,41,7.8431372549019605,9.75609756097561,-1.9129603060736495
own ai,phrase,4,4,8,51,41,7.8431372549019605,9.75609756097561,-1.9129603060736495
owns,word,4,4,8,51,41,7.8431372549019605,9.75609756097561,-1.9129603060736495
palantir's,word,4,4,8,51,41,7.8431372549019605,9.75609756097561,-1.9129603060736495
peter thiel,phrase,4,4,8,51,41,7.8431372549019605,9.75609756097561,-1.9129603060736495
pioneer in,phrase,4,4,8,51,41,7.8431372549019605,9.75609756097561,-1.9129603060736495
planning to,phrase,4,4,8,51,41,7.8431372549019605,9.75609756097561,-1.9129603060736495
plenty of,phrase,4,4,8,51,41,7.8431372549019605,9.75609756097561,-1.9129603060736495
powering the,phrase,4,4,8,51,41,7.8431372549019605,9.75609756097561,-1.9129603060736495
press,word,4,4,8,51,41,7.8431372549019605,9.75609756097561,-1.9129603060736495
prices of,phrase,4,4,8,51,41,7.8431372549019605,9.75609756097561,-1.9129603060736495
production and,phrase,4,4,8,51,41,7.8431372549019605,9.75609756097561,-1.9129603060736495
projections,word,4,4,8,51,41,7.8431372549019605,9.75609756097561,-1.9129603060736495
rate cuts,phrase,4,4,8,51,41,7.8431372549019605,9.75609756097561,-1.9129603060736495
read the,phrase,4,4,8,51,41,7.8431372549019605,9.75609756097561,-1.9129603060736495
regional,word,4,4,8,51,41,7.8431372549019605,9.75609756097561,-1.9129603060736495
requests,word,4,4,8,51,41,7.8431372549019605,9.75609756097561,-1.9129603060736495
resets,word,4,4,8,51,41,7.8431372549019605,9.75609756097561,-1.9129603060736495
restructuring,word,4,4,8,51,41,7.8431372549019605,9.75609756097561,-1.9129603060736495
revenue surge,phrase,4,4,8,51,41,7.8431372549019605,9.75609756097561,-1.9129603060736495
robinhood,word,4,4,8,51,41,7.8431372549019605,9.75609756097561,-1.9129603060736495
sales in,phrase,4,4,8,51,41,7.8431372549019605,9.75609756097561,-1.9129603060736495
shot,word,4,4,8,51,41,7.8431372549019605,9.75609756097561,-1.9129603060736495
sink,word,4,4,8,51,41,7.8431372549019605,9.75609756097561,-1.9129603060736495
sold off,phrase,4,4,8,51,41,7.8431372549019605,9.75609756097561,-1.9129603060736495
spread,word,4,4,8,51,41,7.8431372549019605,9.75609756097561,-1.9129603060736495
startup's,word,4,4,8,51,41,7.8431372549019605,9.75609756097561,-1.9129603060736495
stock now,phrase,4,4,8,51,41,7.8431372549019605,9.75609756097561,-1.9129603060736495
stock soaring,phrase,4,4,8,51,41,7.8431372549019605,9.75609756097561,-1.9129603060736495
strengthening its,phrase,4,4,8,51,41,7.8431372549019605,9.75609756097561,-1.9129603060736495
strike,word,4,4,8,51,41,7.8431372549019605,9.75609756097561,-1.9129603060736495
string,word,4,4,8,51,41,7.8431372549019605,9.75609756097561,-1.9129603060736495
superintelligence,word,4,4,8,51,41,7.8431372549019605,9.75609756097561,-1.9129603060736495
table,word,4,4,8,51,41,7.8431372549019605,9.75609756097561,-1.9129603060736495
technologies and,phrase,4,4,8,51,41,7.8431372549019605,9.75609756097561,-1.9129603060736495
technology conference,phrase,4,4,8,51,41,7.8431372549019605,9.75609756097561,-1.9129603060736495
technology is,phrase,4,4,8,51,41,7.8431372549019605,9.75609756097561,-1.9129603060736495
tesla inc,phrase,4,4,8,51,41,7.8431372549019605,9.75609756097561,-1.9129603060736495
tesla nvidia,phrase,4,4,8,51,41,7.8431372549019605,9.75609756097561,-1.9129603060736495
the closing,phrase,4,4,8,51,41,7.8431372549019605,9.75609756097561,-1.9129603060736495
the commerce,phrase,4,4,8,51,41,7.8431372549019605,9.75609756097561,-1.9129603060736495
the face,phrase,4,4,8,51,41,7.8431372549019605,9.75609756097561,-1.9129603060736495
the group,phrase,4,4,8,51,41,7.8431372549019605,9.75609756097561,-1.9129603060736495
the pace,phrase,4,4,8,51,41,7.8431372549019605,9.75609756097561,-1.9129603060736495
the supply,phrase,4,4,8,51,41,7.8431372549019605,9.75609756097561,-1.9129603060736495
thiel,word,4,4,8,51,41,7.8431372549019605,9.75609756097561,-1.9129603060736495
this comes,phrase,4,4,8,51,41,7.8431372549019605,9.75609756097561,-1.9129603060736495
thor,word,4,4,8,51,41,7.8431372549019605,9.75609756097561,-1.9129603060736495
thought,word,4,4,8,51,41,7.8431372549019605,9.75609756097561,-1.9129603060736495
ties with,phrase,4,4,8,51,41,7.8431372549019605,9.75609756097561,-1.9129603060736495
to address,phrase,4,4,8,51,41,7.8431372549019605,9.75609756097561,-1.9129603060736495
to bolster,phrase,4,4,8,51,41,7.8431372549019605,9.75609756097561,-1.9129603060736495
to continue,phrase,4,4,8,51,41,7.8431372549019605,9.75609756097561,-1.9129603060736495
to strong,phrase,4,4,8,51,41,7.8431372549019605,9.75609756097561,-1.9129603060736495
trigger,word,4,4,8,51,41,7.8431372549019605,9.75609756097561,-1.9129603060736495
tv,word,4,4,8,51,41,7.8431372549019605,9.75609756097561,-1.9129603060736495
two months,phrase,4,4,8,51,41,7.8431372549019605,9.75609756097561,-1.9129603060736495
uk,word,4,4,8,51,41,7.8431372549019605,9.75609756097561,-1.9129603060736495
updates on,phrase,4,4,8,51,41,7.8431372549019605,9.75609756097561,-1.9129603060736495
upside ahead,phrase,4,4,8,51,41,7.8431372549019605,9.75609756097561,-1.9129603060736495
upside for,phrase,4,4,8,51,41,7.8431372549019605,9.75609756097561,-1.9129603060736495
us government,phrase,4,4,8,51,41,7.8431372549019605,9.75609756097561,-1.9129603060736495
value of,phrase,4,4,8,51,41,7.8431372549019605,9.75609756097561,-1.9129603060736495
ways,word,4,4,8,51,41,7.8431372549019605,9.75609756097561,-1.9129603060736495
we'll examine,phrase,4,4,8,51,41,7.8431372549019605,9.75609756097561,-1.9129603060736495
weighing,word,4,4,8,51,41,7.8431372549019605,9.75609756097561,-1.9129603060736495
why investors,phrase,4,4,8,51,41,7.8431372549019605,9.75609756097561,-1.9129603060736495
will continue,phrase,4,4,8,51,41,7.8431372549019605,9.75609756097561,-1.9129603060736495
with amazon,phrase,4,4,8,51,41,7.8431372549019605,9.75609756097561,-1.9129603060736495
with participation,phrase,4,4,8,51,41,7.8431372549019605,9.75609756097561,-1.9129603060736495
nvidia's,word,50,41,91,51,41,98.03921568627452,100.0,-1.9607843137254943
announced,word,45,37,82,51,41,88.23529411764706,90.2439024390244,-2.0086083213773365
corporation,word,45,37,82,51,41,88.23529411764706,90.2439024390244,-2.0086083213773365
google,word,40,33,73,51,41,78.43137254901961,80.48780487804878,-2.0564323290291786
nvidia is,phrase,40,33,73,51,41,78.43137254901961,80.48780487804878,-2.0564323290291786
following,word,35,29,64,51,41,68.62745098039215,70.73170731707317,-2.1042563366810096
future,word,35,29,64,51,41,68.62745098039215,70.73170731707317,-2.1042563366810096
memory,word,35,29,64,51,41,68.62745098039215,70.73170731707317,-2.1042563366810096
next generation,phrase,35,29,64,51,41,68.62745098039215,70.73170731707317,-2.1042563366810096
target,word,35,29,64,51,41,68.62745098039215,70.73170731707317,-2.1042563366810096
compute,word,30,25,55,51,41,58.8235294117647,60.97560975609756,-2.152080344332852
rating,word,30,25,55,51,41,58.8235294117647,60.97560975609756,-2.152080344332852
trump,word,30,25,55,51,41,58.8235294117647,60.97560975609756,-2.152080344332852
high performance,phrase,25,21,46,51,41,49.01960784313726,51.21951219512195,-2.1999043519846992
start,word,25,21,46,51,41,49.01960784313726,51.21951219512195,-2.1999043519846992
chip maker,phrase,20,17,37,51,41,39.21568627450981,41.46341463414634,-2.247728359636536
accelerates,word,15,13,28,51,41,29.41176470588235,31.70731707317073,-2.295552367288378
ai startup,phrase,15,13,28,51,41,29.41176470588235,31.70731707317073,-2.295552367288378
debt,word,15,13,28,51,41,29.41176470588235,31.70731707317073,-2.295552367288378
decline,word,15,13,28,51,41,29.41176470588235,31.70731707317073,-2.295552367288378
discussed,word,15,13,28,51,41,29.41176470588235,31.70731707317073,-2.295552367288378
number,word,15,13,28,51,41,29.41176470588235,31.70731707317073,-2.295552367288378
private,word,15,13,28,51,41,29.41176470588235,31.70731707317073,-2.295552367288378
so far,phrase,15,13,28,51,41,29.41176470588235,31.70731707317073,-2.295552367288378
ai focused,phrase,10,9,19,51,41,19.607843137254903,21.951219512195124,-2.3433763749402203
an investment,phrase,10,9,19,51,41,19.607843137254903,21.951219512195124,-2.3433763749402203
article,word,10,9,19,51,41,19.607843137254903,21.951219512195124,-2.3433763749402203
asked,word,10,9,19,51,41,19.607843137254903,21.951219512195124,-2.3433763749402203
asml,word,10,9,19,51,41,19.607843137254903,21.951219512195124,-2.3433763749402203
best ai,phrase,10,9,19,51,41,19.607843137254903,21.951219512195124,-2.3433763749402203
boosted,word,10,9,19,51,41,19.607843137254903,21.951219512195124,-2.3433763749402203
buy right,phrase,10,9,19,51,41,19.607843137254903,21.951219512195124,-2.3433763749402203
comment,word,10,9,19,51,41,19.607843137254903,21.951219512195124,-2.3433763749402203
company announced,phrase,10,9,19,51,41,19.607843137254903,21.951219512195124,-2.3433763749402203
demand from,phrase,10,9,19,51,41,19.607843137254903,21.951219512195124,-2.3433763749402203
efficient,word,10,9,19,51,41,19.607843137254903,21.951219512195124,-2.3433763749402203
equipment industry,phrase,10,9,19,51,41,19.607843137254903,21.951219512195124,-2.3433763749402203
gave,word,10,9,19,51,41,19.607843137254903,21.951219512195124,-2.3433763749402203
generation of,phrase,10,9,19,51,41,19.607843137254903,21.951219512195124,-2.3433763749402203
health,word,10,9,19,51,41,19.607843137254903,21.951219512195124,-2.3433763749402203
heavily,word,10,9,19,51,41,19.607843137254903,21.951219512195124,-2.3433763749402203
hint,word,10,9,19,51,41,19.607843137254903,21.951219512195124,-2.3433763749402203
integrate,word,10,9,19,51,41,19.607843137254903,21.951219512195124,-2.3433763749402203
later,word,10,9,19,51,41,19.607843137254903,21.951219512195124,-2.3433763749402203
mean,word,10,9,19,51,41,19.607843137254903,21.951219512195124,-2.3433763749402203
michael burry,phrase,10,9,19,51,41,19.607843137254903,21.951219512195124,-2.3433763749402203
nvda shares,phrase,10,9,19,51,41,19.607843137254903,21.951219512195124,-2.3433763749402203
power and,phrase,10,9,19,51,41,19.607843137254903,21.951219512195124,-2.3433763749402203
qqq,word,10,9,19,51,41,19.607843137254903,21.951219512195124,-2.3433763749402203
room,word,10,9,19,51,41,19.607843137254903,21.951219512195124,-2.3433763749402203
san francisco,phrase,10,9,19,51,41,19.607843137254903,21.951219512195124,-2.3433763749402203
signal,word,10,9,19,51,41,19.607843137254903,21.951219512195124,-2.3433763749402203
since the,phrase,10,9,19,51,41,19.607843137254903,21.951219512195124,-2.3433763749402203
storage,word,10,9,19,51,41,19.607843137254903,21.951219512195124,-2.3433763749402203
the current,phrase,10,9,19,51,41,19.607843137254903,21.951219512195124,-2.3433763749402203
to advance,phrase,10,9,19,51,41,19.607843137254903,21.951219512195124,-2.3433763749402203
to keep,phrase,10,9,19,51,41,19.607843137254903,21.951219512195124,-2.3433763749402203
walmart,word,10,9,19,51,41,19.607843137254903,21.951219512195124,-2.3433763749402203
winning,word,10,9,19,51,41,19.607843137254903,21.951219512195124,-2.3433763749402203
100b,word,5,5,10,51,41,9.803921568627452,12.195121951219512,-2.391200382592061
ability to,phrase,5,5,10,51,41,9.803921568627452,12.195121951219512,-2.391200382592061
agreements with,phrase,5,5,10,51,41,9.803921568627452,12.195121951219512,-2.391200382592061
and expanding,phrase,5,5,10,51,41,9.803921568627452,12.195121951219512,-2.391200382592061
appetite,word,5,5,10,51,41,9.803921568627452,12.195121951219512,-2.391200382592061
as major,phrase,5,5,10,51,41,9.803921568627452,12.195121951219512,-2.391200382592061
at nvidia's,phrase,5,5,10,51,41,9.803921568627452,12.195121951219512,-2.391200382592061
back from,phrase,5,5,10,51,41,9.803921568627452,12.195121951219512,-2.391200382592061
banks,word,5,5,10,51,41,9.803921568627452,12.195121951219512,-2.391200382592061
becomes,word,5,5,10,51,41,9.803921568627452,12.195121951219512,-2.391200382592061
beyond the,phrase,5,5,10,51,41,9.803921568627452,12.195121951219512,-2.391200382592061
billion by,phrase,5,5,10,51,41,9.803921568627452,12.195121951219512,-2.391200382592061
center buildout,phrase,5,5,10,51,41,9.803921568627452,12.195121951219512,-2.391200382592061
cerebras,word,5,5,10,51,41,9.803921568627452,12.195121951219512,-2.391200382592061
china ai,phrase,5,5,10,51,41,9.803921568627452,12.195121951219512,-2.391200382592061
closer to,phrase,5,5,10,51,41,9.803921568627452,12.195121951219512,-2.391200382592061
collaborations with,phrase,5,5,10,51,41,9.803921568627452,12.195121951219512,-2.391200382592061
confirmed,word,5,5,10,51,41,9.803921568627452,12.195121951219512,-2.391200382592061
cramer said,phrase,5,5,10,51,41,9.803921568627452,12.195121951219512,-2.391200382592061
creates,word,5,5,10,51,41,9.803921568627452,12.195121951219512,-2.391200382592061
declined to,phrase,5,5,10,51,41,9.803921568627452,12.195121951219512,-2.391200382592061
defined,word,5,5,10,51,41,9.803921568627452,12.195121951219512,-2.391200382592061
despite strong,phrase,5,5,10,51,41,9.803921568627452,12.195121951219512,-2.391200382592061
discount,word,5,5,10,51,41,9.803921568627452,12.195121951219512,-2.391200382592061
dot,word,5,5,10,51,41,9.803921568627452,12.195121951219512,-2.391200382592061
ending,word,5,5,10,51,41,9.803921568627452,12.195121951219512,-2.391200382592061
estimate,word,5,5,10,51,41,9.803921568627452,12.195121951219512,-2.391200382592061
events,word,5,5,10,51,41,9.803921568627452,12.195121951219512,-2.391200382592061
fight,word,5,5,10,51,41,9.803921568627452,12.195121951219512,-2.391200382592061
find out,phrase,5,5,10,51,41,9.803921568627452,12.195121951219512,-2.391200382592061
focusing,word,5,5,10,51,41,9.803921568627452,12.195121951219512,-2.391200382592061
for broadcom,phrase,5,5,10,51,41,9.803921568627452,12.195121951219512,-2.391200382592061
from amazon,phrase,5,5,10,51,41,9.803921568627452,12.195121951219512,-2.391200382592061
fy26,word,5,5,10,51,41,9.803921568627452,12.195121951219512,-2.391200382592061
gone,word,5,5,10,51,41,9.803921568627452,12.195121951219512,-2.391200382592061
government shutdown,phrase,5,5,10,51,41,9.803921568627452,12.195121951219512,-2.391200382592061
grid,word,5,5,10,51,41,9.803921568627452,12.195121951219512,-2.391200382592061
grip,word,5,5,10,51,41,9.803921568627452,12.195121951219512,-2.391200382592061
growth potential,phrase,5,5,10,51,41,9.803921568627452,12.195121951219512,-2.391200382592061
huang and,phrase,5,5,10,51,41,9.803921568627452,12.195121951219512,-2.391200382592061
hyland,word,5,5,10,51,41,9.803921568627452,12.195121951219512,-2.391200382592061
ideas article,phrase,5,5,10,51,41,9.803921568627452,12.195121951219512,-2.391200382592061
ignore,word,5,5,10,51,41,9.803921568627452,12.195121951219512,-2.391200382592061
in march,phrase,5,5,10,51,41,9.803921568627452,12.195121951219512,-2.391200382592061
initiatives,word,5,5,10,51,41,9.803921568627452,12.195121951219512,-2.391200382592061
insider,word,5,5,10,51,41,9.803921568627452,12.195121951219512,-2.391200382592061
intelligence has,phrase,5,5,10,51,41,9.803921568627452,12.195121951219512,-2.391200382592061
is building,phrase,5,5,10,51,41,9.803921568627452,12.195121951219512,-2.391200382592061
is likely,phrase,5,5,10,51,41,9.803921568627452,12.195121951219512,-2.391200382592061
its position,phrase,5,5,10,51,41,9.803921568627452,12.195121951219512,-2.391200382592061
john hyland,phrase,5,5,10,51,41,9.803921568627452,12.195121951219512,-2.391200382592061
kind of,phrase,5,5,10,51,41,9.803921568627452,12.195121951219512,-2.391200382592061
led the,phrase,5,5,10,51,41,9.803921568627452,12.195121951219512,-2.391200382592061
liquidity,word,5,5,10,51,41,9.803921568627452,12.195121951219512,-2.391200382592061
matt,word,5,5,10,51,41,9.803921568627452,12.195121951219512,-2.391200382592061
meaningful,word,5,5,10,51,41,9.803921568627452,12.195121951219512,-2.391200382592061
model training,phrase,5,5,10,51,41,9.803921568627452,12.195121951219512,-2.391200382592061
new chips,phrase,5,5,10,51,41,9.803921568627452,12.195121951219512,-2.391200382592061
new partnerships,phrase,5,5,10,51,41,9.803921568627452,12.195121951219512,-2.391200382592061
news that,phrase,5,5,10,51,41,9.803921568627452,12.195121951219512,-2.391200382592061
notably,word,5,5,10,51,41,9.803921568627452,12.195121951219512,-2.391200382592061
nothing,word,5,5,10,51,41,9.803921568627452,12.195121951219512,-2.391200382592061
nvidia or,phrase,5,5,10,51,41,9.803921568627452,12.195121951219512,-2.391200382592061
of custom,phrase,5,5,10,51,41,9.803921568627452,12.195121951219512,-2.391200382592061
of leading,phrase,5,5,10,51,41,9.803921568627452,12.195121951219512,-2.391200382592061
openai to,phrase,5,5,10,51,41,9.803921568627452,12.195121951219512,-2.391200382592061
oracle orcl,phrase,5,5,10,51,41,9.803921568627452,12.195121951219512,-2.391200382592061
out ai,phrase,5,5,10,51,41,9.803921568627452,12.195121951219512,-2.391200382592061
over ai,phrase,5,5,10,51,41,9.803921568627452,12.195121951219512,-2.391200382592061
panic,word,5,5,10,51,41,9.803921568627452,12.195121951219512,-2.391200382592061
partner for,phrase,5,5,10,51,41,9.803921568627452,12.195121951219512,-2.391200382592061
pivotal,word,5,5,10,51,41,9.803921568627452,12.195121951219512,-2.391200382592061
plenty,word,5,5,10,51,41,9.803921568627452,12.195121951219512,-2.391200382592061
pointing,word,5,5,10,51,41,9.803921568627452,12.195121951219512,-2.391200382592061
post earnings,phrase,5,5,10,51,41,9.803921568627452,12.195121951219512,-2.391200382592061
power the,phrase,5,5,10,51,41,9.803921568627452,12.195121951219512,-2.391200382592061
president trump,phrase,5,5,10,51,41,9.803921568627452,12.195121951219512,-2.391200382592061
reaction,word,5,5,10,51,41,9.803921568627452,12.195121951219512,-2.391200382592061
records,word,5,5,10,51,41,9.803921568627452,12.195121951219512,-2.391200382592061
reference,word,5,5,10,51,41,9.803921568627452,12.195121951219512,-2.391200382592061
relative,word,5,5,10,51,41,9.803921568627452,12.195121951219512,-2.391200382592061
report is,phrase,5,5,10,51,41,9.803921568627452,12.195121951219512,-2.391200382592061
report of,phrase,5,5,10,51,41,9.803921568627452,12.195121951219512,-2.391200382592061
revenue from,phrase,5,5,10,51,41,9.803921568627452,12.195121951219512,-2.391200382592061
rumors,word,5,5,10,51,41,9.803921568627452,12.195121951219512,-2.391200382592061
rush,word,5,5,10,51,41,9.803921568627452,12.195121951219512,-2.391200382592061
sessions,word,5,5,10,51,41,9.803921568627452,12.195121951219512,-2.391200382592061
shift toward,phrase,5,5,10,51,41,9.803921568627452,12.195121951219512,-2.391200382592061
silicon valley,phrase,5,5,10,51,41,9.803921568627452,12.195121951219512,-2.391200382592061
silver,word,5,5,10,51,41,9.803921568627452,12.195121951219512,-2.391200382592061
simulation,word,5,5,10,51,41,9.803921568627452,12.195121951219512,-2.391200382592061
specialist,word,5,5,10,51,41,9.803921568627452,12.195121951219512,-2.391200382592061
structure,word,5,5,10,51,41,9.803921568627452,12.195121951219512,-2.391200382592061
takeover,word,5,5,10,51,41,9.803921568627452,12.195121951219512,-2.391200382592061
teaming,word,5,5,10,51,41,9.803921568627452,12.195121951219512,-2.391200382592061
to talk,phrase,5,5,10,51,41,9.803921568627452,12.195121951219512,-2.391200382592061
to work,phrase,5,5,10,51,41,9.803921568627452,12.195121951219512,-2.391200382592061
trillion in,phrase,5,5,10,51,41,9.803921568627452,12.195121951219512,-2.391200382592061
upside from,phrase,5,5,10,51,41,9.803921568627452,12.195121951219512,-2.391200382592061
week in,phrase,5,5,10,51,41,9.803921568627452,12.195121951219512,-2.391200382592061
will see,phrase,5,5,10,51,41,9.803921568627452,12.195121951219512,-2.391200382592061
broadcom,word,46,38,84,51,41,90.19607843137256,92.6829268292683,-2.4868483978957467
microsoft,word,46,38,84,51,41,90.19607843137256,92.6829268292683,-2.4868483978957467
nvidia nvda,phrase,46,38,84,51,41,90.19607843137256,92.6829268292683,-2.4868483978957467
one of,phrase,46,38,84,51,41,90.19607843137256,92.6829268292683,-2.4868483978957467
dow,word,41,34,75,51,41,80.3921568627451,82.92682926829268,-2.534672405547578
trade,word,41,34,75,51,41,80.3921568627451,82.92682926829268,-2.534672405547578
focus,word,36,30,66,51,41,70.58823529411765,73.17073170731707,-2.58249641319942
markets,word,36,30,66,51,41,70.58823529411765,73.17073170731707,-2.58249641319942
custom,word,31,26,57,51,41,60.78431372549019,63.41463414634146,-2.630320420851273
by nvidia,phrase,26,22,48,51,41,50.98039215686274,53.65853658536585,-2.6781444285031153
case,word,26,22,48,51,41,50.98039215686274,53.65853658536585,-2.6781444285031153
on wednesday,phrase,26,22,48,51,41,50.98039215686274,53.65853658536585,-2.6781444285031153
processors,word,26,22,48,51,41,50.98039215686274,53.65853658536585,-2.6781444285031153
ai model,phrase,16,14,30,51,41,31.372549019607842,34.146341463414636,-2.7737924438067942
amazon's,word,16,14,30,51,41,31.372549019607842,34.146341463414636,-2.7737924438067942
closing,word,16,14,30,51,41,31.372549019607842,34.146341463414636,-2.7737924438067942
in china,phrase,16,14,30,51,41,31.372549019607842,34.146341463414636,-2.7737924438067942
operations,word,16,14,30,51,41,31.372549019607842,34.146341463414636,-2.7737924438067942
question,word,16,14,30,51,41,31.372549019607842,34.146341463414636,-2.7737924438067942
sentiment,word,16,14,30,51,41,31.372549019607842,34.146341463414636,-2.7737924438067942
solid,word,16,14,30,51,41,31.372549019607842,34.146341463414636,-2.7737924438067942
south,word,16,14,30,51,41,31.372549019607842,34.146341463414636,-2.7737924438067942
unit,word,16,14,30,51,41,31.372549019607842,34.146341463414636,-2.7737924438067942
weekly,word,16,14,30,51,41,31.372549019607842,34.146341463414636,-2.7737924438067942
ai factory,phrase,11,10,21,51,41,21.568627450980394,24.390243902439025,-2.8216164514586306
and it's,phrase,11,10,21,51,41,21.568627450980394,24.390243902439025,-2.8216164514586306
apple and,phrase,11,10,21,51,41,21.568627450980394,24.390243902439025,-2.8216164514586306
away from,phrase,11,10,21,51,41,21.568627450980394,24.390243902439025,-2.8216164514586306
billion dollar,phrase,11,10,21,51,41,21.568627450980394,24.390243902439025,-2.8216164514586306
burry,word,11,10,21,51,41,21.568627450980394,24.390243902439025,-2.8216164514586306
comments,word,11,10,21,51,41,21.568627450980394,24.390243902439025,-2.8216164514586306
companies are,phrase,11,10,21,51,41,21.568627450980394,24.390243902439025,-2.8216164514586306
crwv,word,11,10,21,51,41,21.568627450980394,24.390243902439025,-2.8216164514586306
expansion of,phrase,11,10,21,51,41,21.568627450980394,24.390243902439025,-2.8216164514586306
francisco,word,11,10,21,51,41,21.568627450980394,24.390243902439025,-2.8216164514586306
manager,word,11,10,21,51,41,21.568627450980394,24.390243902439025,-2.8216164514586306
next year,phrase,11,10,21,51,41,21.568627450980394,24.390243902439025,-2.8216164514586306
packaging,word,11,10,21,51,41,21.568627450980394,24.390243902439025,-2.8216164514586306
planning,word,11,10,21,51,41,21.568627450980394,24.390243902439025,-2.8216164514586306
push to,phrase,11,10,21,51,41,21.568627450980394,24.390243902439025,-2.8216164514586306
raised its,phrase,11,10,21,51,41,21.568627450980394,24.390243902439025,-2.8216164514586306
reporting,word,11,10,21,51,41,21.568627450980394,24.390243902439025,-2.8216164514586306
robots,word,11,10,21,51,41,21.568627450980394,24.390243902439025,-2.8216164514586306
the partnership,phrase,11,10,21,51,41,21.568627450980394,24.390243902439025,-2.8216164514586306
to nvidia's,phrase,11,10,21,51,41,21.568627450980394,24.390243902439025,-2.8216164514586306
tracking,word,11,10,21,51,41,21.568627450980394,24.390243902439025,-2.8216164514586306
well as,phrase,11,10,21,51,41,21.568627450980394,24.390243902439025,-2.8216164514586306
adopt,word,6,6,12,51,41,11.764705882352942,14.634146341463415,-2.8694404591104727
aggressive,word,6,6,12,51,41,11.764705882352942,14.634146341463415,-2.8694404591104727
ai companies,phrase,6,6,12,51,41,11.764705882352942,14.634146341463415,-2.8694404591104727
and anthropic,phrase,6,6,12,51,41,11.764705882352942,14.634146341463415,-2.8694404591104727
and supply,phrase,6,6,12,51,41,11.764705882352942,14.634146341463415,-2.8694404591104727
anthropic's,word,6,6,12,51,41,11.764705882352942,14.634146341463415,-2.8694404591104727
appears,word,6,6,12,51,41,11.764705882352942,14.634146341463415,-2.8694404591104727
arms race,phrase,6,6,12,51,41,11.764705882352942,14.634146341463415,-2.8694404591104727
baidu,word,6,6,12,51,41,11.764705882352942,14.634146341463415,-2.8694404591104727
billion into,phrase,6,6,12,51,41,11.764705882352942,14.634146341463415,-2.8694404591104727
billion on,phrase,6,6,12,51,41,11.764705882352942,14.634146341463415,-2.8694404591104727
blockbuster,word,6,6,12,51,41,11.764705882352942,14.634146341463415,-2.8694404591104727
bofa,word,6,6,12,51,41,11.764705882352942,14.634146341463415,-2.8694404591104727
built for,phrase,6,6,12,51,41,11.764705882352942,14.634146341463415,-2.8694404591104727
buy after,phrase,6,6,12,51,41,11.764705882352942,14.634146341463415,-2.8694404591104727
campus,word,6,6,12,51,41,11.764705882352942,14.634146341463415,-2.8694404591104727
chatbot,word,6,6,12,51,41,11.764705882352942,14.634146341463415,-2.8694404591104727
chipmaking,word,6,6,12,51,41,11.764705882352942,14.634146341463415,-2.8694404591104727
chips nvidia,phrase,6,6,12,51,41,11.764705882352942,14.634146341463415,-2.8694404591104727
closing bell,phrase,6,6,12,51,41,11.764705882352942,14.634146341463415,-2.8694404591104727
combining,word,6,6,12,51,41,11.764705882352942,14.634146341463415,-2.8694404591104727
datacenter,word,6,6,12,51,41,11.764705882352942,14.634146341463415,-2.8694404591104727
designed for,phrase,6,6,12,51,41,11.764705882352942,14.634146341463415,-2.8694404591104727
disruption,word,6,6,12,51,41,11.764705882352942,14.634146341463415,-2.8694404591104727
dow rises,phrase,6,6,12,51,41,11.764705882352942,14.634146341463415,-2.8694404591104727
driven demand,phrase,6,6,12,51,41,11.764705882352942,14.634146341463415,-2.8694404591104727
dumped,word,6,6,12,51,41,11.764705882352942,14.634146341463415,-2.8694404591104727
flat,word,6,6,12,51,41,11.764705882352942,14.634146341463415,-2.8694404591104727
for next,phrase,6,6,12,51,41,11.764705882352942,14.634146341463415,-2.8694404591104727
full episode,phrase,6,6,12,51,41,11.764705882352942,14.634146341463415,-2.8694404591104727
globally,word,6,6,12,51,41,11.764705882352942,14.634146341463415,-2.8694404591104727
h200 artificial,phrase,6,6,12,51,41,11.764705882352942,14.634146341463415,-2.8694404591104727
hand,word,6,6,12,51,41,11.764705882352942,14.634146341463415,-2.8694404591104727
has entered,phrase,6,6,12,51,41,11.764705882352942,14.634146341463415,-2.8694404591104727
host julie,phrase,6,6,12,51,41,11.764705882352942,14.634146341463415,-2.8694404591104727
how nvidia,phrase,6,6,12,51,41,11.764705882352942,14.634146341463415,-2.8694404591104727
idea,word,6,6,12,51,41,11.764705882352942,14.634146341463415,-2.8694404591104727
investors watching,phrase,6,6,12,51,41,11.764705882352942,14.634146341463415,-2.8694404591104727
is accelerating,phrase,6,6,12,51,41,11.764705882352942,14.634146341463415,-2.8694404591104727
is pushing,phrase,6,6,12,51,41,11.764705882352942,14.634146341463415,-2.8694404591104727
its entire,phrase,6,6,12,51,41,11.764705882352942,14.634146341463415,-2.8694404591104727
its next,phrase,6,6,12,51,41,11.764705882352942,14.634146341463415,-2.8694404591104727
leveraged,word,6,6,12,51,41,11.764705882352942,14.634146341463415,-2.8694404591104727
life,word,6,6,12,51,41,11.764705882352942,14.634146341463415,-2.8694404591104727
market sunrise,phrase,6,6,12,51,41,11.764705882352942,14.634146341463415,-2.8694404591104727
markets watch,phrase,6,6,12,51,41,11.764705882352942,14.634146341463415,-2.8694404591104727
monday's,word,6,6,12,51,41,11.764705882352942,14.634146341463415,-2.8694404591104727
more live,phrase,6,6,12,51,41,11.764705882352942,14.634146341463415,-2.8694404591104727
msft and,phrase,6,6,12,51,41,11.764705882352942,14.634146341463415,-2.8694404591104727
nears,word,6,6,12,51,41,11.764705882352942,14.634146341463415,-2.8694404591104727
netflix,word,6,6,12,51,41,11.764705882352942,14.634146341463415,-2.8694404591104727
nvidia may,phrase,6,6,12,51,41,11.764705882352942,14.634146341463415,-2.8694404591104727
nvidia remains,phrase,6,6,12,51,41,11.764705882352942,14.634146341463415,-2.8694404591104727
nvidia with,phrase,6,6,12,51,41,11.764705882352942,14.634146341463415,-2.8694404591104727
of high,phrase,6,6,12,51,41,11.764705882352942,14.634146341463415,-2.8694404591104727
of next,phrase,6,6,12,51,41,11.764705882352942,14.634146341463415,-2.8694404591104727
on strong,phrase,6,6,12,51,41,11.764705882352942,14.634146341463415,-2.8694404591104727
partnership and,phrase,6,6,12,51,41,11.764705882352942,14.634146341463415,-2.8694404591104727
progress,word,6,6,12,51,41,11.764705882352942,14.634146341463415,-2.8694404591104727
quality,word,6,6,12,51,41,11.764705882352942,14.634146341463415,-2.8694404591104727
read my,phrase,6,6,12,51,41,11.764705882352942,14.634146341463415,-2.8694404591104727
said he,phrase,6,6,12,51,41,11.764705882352942,14.634146341463415,-2.8694404591104727
sitting,word,6,6,12,51,41,11.764705882352942,14.634146341463415,-2.8694404591104727
slid,word,6,6,12,51,41,11.764705882352942,14.634146341463415,-2.8694404591104727
sources say,phrase,6,6,12,51,41,11.764705882352942,14.634146341463415,-2.8694404591104727
straight,word,6,6,12,51,41,11.764705882352942,14.634146341463415,-2.8694404591104727
strengthening,word,6,6,12,51,41,11.764705882352942,14.634146341463415,-2.8694404591104727
summit,word,6,6,12,51,41,11.764705882352942,14.634146341463415,-2.8694404591104727
sunrise,word,6,6,12,51,41,11.764705882352942,14.634146341463415,-2.8694404591104727
sunrise and,phrase,6,6,12,51,41,11.764705882352942,14.634146341463415,-2.8694404591104727
taps,word,6,6,12,51,41,11.764705882352942,14.634146341463415,-2.8694404591104727
tensor processing,phrase,6,6,12,51,41,11.764705882352942,14.634146341463415,-2.8694404591104727
the coming,phrase,6,6,12,51,41,11.764705882352942,14.634146341463415,-2.8694404591104727
the development,phrase,6,6,12,51,41,11.764705882352942,14.634146341463415,-2.8694404591104727
this analyst,phrase,6,6,12,51,41,11.764705882352942,14.634146341463415,-2.8694404591104727
to bring,phrase,6,6,12,51,41,11.764705882352942,14.634146341463415,-2.8694404591104727
to train,phrase,6,6,12,51,41,11.764705882352942,14.634146341463415,-2.8694404591104727
tsmc's,word,6,6,12,51,41,11.764705882352942,14.634146341463415,-2.8694404591104727
ventures,word,6,6,12,51,41,11.764705882352942,14.634146341463415,-2.8694404591104727
with microsoft,phrase,6,6,12,51,41,11.764705882352942,14.634146341463415,-2.8694404591104727
year end,phrase,6,6,12,51,41,11.764705882352942,14.634146341463415,-2.8694404591104727
companies,word,47,39,86,51,41,92.15686274509804,95.1219512195122,-2.965088474414157
high,word,47,39,86,51,41,92.15686274509804,95.1219512195122,-2.965088474414157
driven,word,42,35,77,51,41,82.3529411764706,85.36585365853658,-3.012912482065999
boom,word,37,31,68,51,41,72.54901960784314,75.60975609756098,-3.0607364897178413
firm,word,37,31,68,51,41,72.54901960784314,75.60975609756098,-3.0607364897178413
platform,word,37,31,68,51,41,72.54901960784314,75.60975609756098,-3.0607364897178413
surge,word,37,31,68,51,41,72.54901960784314,75.60975609756098,-3.0607364897178413
the latest,phrase,37,31,68,51,41,72.54901960784314,75.60975609756098,-3.0607364897178413
largest,word,32,27,59,51,41,62.745098039215684,65.85365853658537,-3.1085604973696834
read,word,32,27,59,51,41,62.745098039215684,65.85365853658537,-3.1085604973696834
company is,phrase,27,23,50,51,41,52.94117647058823,56.09756097560975,-3.1563845050215256
development,word,27,23,50,51,41,52.94117647058823,56.09756097560975,-3.1563845050215256
partners,word,27,23,50,51,41,52.94117647058823,56.09756097560975,-3.1563845050215256
president,word,27,23,50,51,41,52.94117647058823,56.09756097560975,-3.1563845050215256
tuesday,word,27,23,50,51,41,52.94117647058823,56.09756097560975,-3.1563845050215256
critical,word,22,19,41,51,41,43.13725490196079,46.34146341463415,-3.204208512673362
nvidia ai,phrase,22,19,41,51,41,43.13725490196079,46.34146341463415,-3.204208512673362
on tuesday,phrase,22,19,41,51,41,43.13725490196079,46.34146341463415,-3.204208512673362
the top,phrase,22,19,41,51,41,43.13725490196079,46.34146341463415,-3.204208512673362
entire,word,17,15,32,51,41,33.333333333333336,36.58536585365854,-3.252032520325204
leadership,word,17,15,32,51,41,33.333333333333336,36.58536585365854,-3.252032520325204
softbank,word,17,15,32,51,41,33.333333333333336,36.58536585365854,-3.252032520325204
tech giants,phrase,17,15,32,51,41,33.333333333333336,36.58536585365854,-3.252032520325204
analyst blog,phrase,12,11,23,51,41,23.529411764705884,26.829268292682926,-3.299856527977046
asset,word,12,11,23,51,41,23.529411764705884,26.829268292682926,-3.299856527977046
enabling,word,12,11,23,51,41,23.529411764705884,26.829268292682926,-3.299856527977046
familiar,word,12,11,23,51,41,23.529411764705884,26.829268292682926,-3.299856527977046
familiar with,phrase,12,11,23,51,41,23.529411764705884,26.829268292682926,-3.299856527977046
foundry,word,12,11,23,51,41,23.529411764705884,26.829268292682926,-3.299856527977046
increased,word,12,11,23,51,41,23.529411764705884,26.829268292682926,-3.299856527977046
increasing,word,12,11,23,51,41,23.529411764705884,26.829268292682926,-3.299856527977046
michael,word,12,11,23,51,41,23.529411764705884,26.829268292682926,-3.299856527977046
projects,word,12,11,23,51,41,23.529411764705884,26.829268292682926,-3.299856527977046
tensions,word,12,11,23,51,41,23.529411764705884,26.829268292682926,-3.299856527977046
the industry,phrase,12,11,23,51,41,23.529411764705884,26.829268292682926,-3.299856527977046
to get,phrase,12,11,23,51,41,23.529411764705884,26.829268292682926,-3.299856527977046
uncertainty,word,12,11,23,51,41,23.529411764705884,26.829268292682926,-3.299856527977046
about ai,phrase,7,7,14,51,41,13.72549019607843,17.073170731707318,-3.3476805356288857
alphabet's google,phrase,7,7,14,51,41,13.72549019607843,17.073170731707318,-3.3476805356288857
backdrop,word,7,7,14,51,41,13.72549019607843,17.073170731707318,-3.3476805356288857
based company,phrase,7,7,14,51,41,13.72549019607843,17.073170731707318,-3.3476805356288857
become the,phrase,7,7,14,51,41,13.72549019607843,17.073170731707318,-3.3476805356288857
bellwether,word,7,7,14,51,41,13.72549019607843,17.073170731707318,-3.3476805356288857
bernstein,word,7,7,14,51,41,13.72549019607843,17.073170731707318,-3.3476805356288857
bottleneck,word,7,7,14,51,41,13.72549019607843,17.073170731707318,-3.3476805356288857
by ai,phrase,7,7,14,51,41,13.72549019607843,17.073170731707318,-3.3476805356288857
center in,phrase,7,7,14,51,41,13.72549019607843,17.073170731707318,-3.3476805356288857
centers to,phrase,7,7,14,51,41,13.72549019607843,17.073170731707318,-3.3476805356288857
deal is,phrase,7,7,14,51,41,13.72549019607843,17.073170731707318,-3.3476805356288857
editor dan,phrase,7,7,14,51,41,13.72549019607843,17.073170731707318,-3.3476805356288857
effort to,phrase,7,7,14,51,41,13.72549019607843,17.073170731707318,-3.3476805356288857
eli,word,7,7,14,51,41,13.72549019607843,17.073170731707318,-3.3476805356288857
fears of,phrase,7,7,14,51,41,13.72549019607843,17.073170731707318,-3.3476805356288857
gb300,word,7,7,14,51,41,13.72549019607843,17.073170731707318,-3.3476805356288857
googl meta,phrase,7,7,14,51,41,13.72549019607843,17.073170731707318,-3.3476805356288857
h200 ai,phrase,7,7,14,51,41,13.72549019607843,17.073170731707318,-3.3476805356288857
in high,phrase,7,7,14,51,41,13.72549019607843,17.073170731707318,-3.3476805356288857
inference workloads,phrase,7,7,14,51,41,13.72549019607843,17.073170731707318,-3.3476805356288857
interview with,phrase,7,7,14,51,41,13.72549019607843,17.073170731707318,-3.3476805356288857
ionq,word,7,7,14,51,41,13.72549019607843,17.073170731707318,-3.3476805356288857
is getting,phrase,7,7,14,51,41,13.72549019607843,17.073170731707318,-3.3476805356288857
its partnership,phrase,7,7,14,51,41,13.72549019607843,17.073170731707318,-3.3476805356288857
leading ai,phrase,7,7,14,51,41,13.72549019607843,17.073170731707318,-3.3476805356288857
looking for,phrase,7,7,14,51,41,13.72549019607843,17.073170731707318,-3.3476805356288857
market for,phrase,7,7,14,51,41,13.72549019607843,17.073170731707318,-3.3476805356288857
markets and,phrase,7,7,14,51,41,13.72549019607843,17.073170731707318,-3.3476805356288857
morning trading,phrase,7,7,14,51,41,13.72549019607843,17.073170731707318,-3.3476805356288857
nokia,word,7,7,14,51,41,13.72549019607843,17.073170731707318,-3.3476805356288857
nvidia h200,phrase,7,7,14,51,41,13.72549019607843,17.073170731707318,-3.3476805356288857
nvidia have,phrase,7,7,14,51,41,13.72549019607843,17.073170731707318,-3.3476805356288857
official,word,7,7,14,51,41,13.72549019607843,17.073170731707318,-3.3476805356288857
other major,phrase,7,7,14,51,41,13.72549019607843,17.073170731707318,-3.3476805356288857
outperform nvidia,phrase,7,7,14,51,41,13.72549019607843,17.073170731707318,-3.3476805356288857
paying,word,7,7,14,51,41,13.72549019607843,17.073170731707318,-3.3476805356288857
peers,word,7,7,14,51,41,13.72549019607843,17.073170731707318,-3.3476805356288857
previously,word,7,7,14,51,41,13.72549019607843,17.073170731707318,-3.3476805356288857
reasons,word,7,7,14,51,41,13.72549019607843,17.073170731707318,-3.3476805356288857
risen,word,7,7,14,51,41,13.72549019607843,17.073170731707318,-3.3476805356288857
search,word,7,7,14,51,41,13.72549019607843,17.073170731707318,-3.3476805356288857
showing,word,7,7,14,51,41,13.72549019607843,17.073170731707318,-3.3476805356288857
social media,phrase,7,7,14,51,41,13.72549019607843,17.073170731707318,-3.3476805356288857
states,word,7,7,14,51,41,13.72549019607843,17.073170731707318,-3.3476805356288857
technology to,phrase,7,7,14,51,41,13.72549019607843,17.073170731707318,-3.3476805356288857
the better,phrase,7,7,14,51,41,13.72549019607843,17.073170731707318,-3.3476805356288857
to move,phrase,7,7,14,51,41,13.72549019607843,17.073170731707318,-3.3476805356288857
trending tickers,phrase,7,7,14,51,41,13.72549019607843,17.073170731707318,-3.3476805356288857
tuesday's,word,7,7,14,51,41,13.72549019607843,17.073170731707318,-3.3476805356288857
under pressure,phrase,7,7,14,51,41,13.72549019607843,17.073170731707318,-3.3476805356288857
18a,word,2,3,5,51,41,3.9215686274509802,7.317073170731708,-3.3955045432807265
65b,word,2,3,5,51,41,3.9215686274509802,7.317073170731708,-3.3955045432807265
7b,word,2,3,5,51,41,3.9215686274509802,7.317073170731708,-3.3955045432807265
acquired,word,2,3,5,51,41,3.9215686274509802,7.317073170731708,-3.3955045432807265
across sectors,phrase,2,3,5,51,41,3.9215686274509802,7.317073170731708,-3.3955045432807265
advice,word,2,3,5,51,41,3.9215686274509802,7.317073170731708,-3.3955045432807265
affecting,word,2,3,5,51,41,3.9215686274509802,7.317073170731708,-3.3955045432807265
after investor,phrase,2,3,5,51,41,3.9215686274509802,7.317073170731708,-3.3955045432807265
ai adoption,phrase,2,3,5,51,41,3.9215686274509802,7.317073170731708,-3.3955045432807265
ai alliance,phrase,2,3,5,51,41,3.9215686274509802,7.317073170731708,-3.3955045432807265
ai chipmakers,phrase,2,3,5,51,41,3.9215686274509802,7.317073170731708,-3.3955045432807265
ai disruption,phrase,2,3,5,51,41,3.9215686274509802,7.317073170731708,-3.3955045432807265
ai driving,phrase,2,3,5,51,41,3.9215686274509802,7.317073170731708,-3.3955045432807265
ai economy,phrase,2,3,5,51,41,3.9215686274509802,7.317073170731708,-3.3955045432807265
ai lead,phrase,2,3,5,51,41,3.9215686274509802,7.317073170731708,-3.3955045432807265
ai partner,phrase,2,3,5,51,41,3.9215686274509802,7.317073170731708,-3.3955045432807265
ai reach,phrase,2,3,5,51,41,3.9215686274509802,7.317073170731708,-3.3955045432807265
ai use,phrase,2,3,5,51,41,3.9215686274509802,7.317073170731708,-3.3955045432807265
align,word,2,3,5,51,41,3.9215686274509802,7.317073170731708,-3.3955045432807265
amd ceo,phrase,2,3,5,51,41,3.9215686274509802,7.317073170731708,-3.3955045432807265
amd chips,phrase,2,3,5,51,41,3.9215686274509802,7.317073170731708,-3.3955045432807265
amd's ai,phrase,2,3,5,51,41,3.9215686274509802,7.317073170731708,-3.3955045432807265
amid an,phrase,2,3,5,51,41,3.9215686274509802,7.317073170731708,-3.3955045432807265
amid market,phrase,2,3,5,51,41,3.9215686274509802,7.317073170731708,-3.3955045432807265
amkor,word,2,3,5,51,41,3.9215686274509802,7.317073170731708,-3.3955045432807265
among its,phrase,2,3,5,51,41,3.9215686274509802,7.317073170731708,-3.3955045432807265
amount of,phrase,2,3,5,51,41,3.9215686274509802,7.317073170731708,-3.3955045432807265
an analyst,phrase,2,3,5,51,41,3.9215686274509802,7.317073170731708,-3.3955045432807265
an event,phrase,2,3,5,51,41,3.9215686274509802,7.317073170731708,-3.3955045432807265
an expansion,phrase,2,3,5,51,41,3.9215686274509802,7.317073170731708,-3.3955045432807265
analysis here,phrase,2,3,5,51,41,3.9215686274509802,7.317073170731708,-3.3955045432807265
and coherent,phrase,2,3,5,51,41,3.9215686274509802,7.317073170731708,-3.3955045432807265
and commercial,phrase,2,3,5,51,41,3.9215686274509802,7.317073170731708,-3.3955045432807265
and competitors,phrase,2,3,5,51,41,3.9215686274509802,7.317073170731708,-3.3955045432807265
and dram,phrase,2,3,5,51,41,3.9215686274509802,7.317073170731708,-3.3955045432807265
and eli,phrase,2,3,5,51,41,3.9215686274509802,7.317073170731708,-3.3955045432807265
and multi,phrase,2,3,5,51,41,3.9215686274509802,7.317073170731708,-3.3955045432807265
and solid,phrase,2,3,5,51,41,3.9215686274509802,7.317073170731708,-3.3955045432807265
and stock,phrase,2,3,5,51,41,3.9215686274509802,7.317073170731708,-3.3955045432807265
and storage,phrase,2,3,5,51,41,3.9215686274509802,7.317073170731708,-3.3955045432807265
anthropic to,phrase,2,3,5,51,41,3.9215686274509802,7.317073170731708,-3.3955045432807265
anthropic's claude,phrase,2,3,5,51,41,3.9215686274509802,7.317073170731708,-3.3955045432807265
antitrust,word,2,3,5,51,41,3.9215686274509802,7.317073170731708,-3.3955045432807265
anywhere,word,2,3,5,51,41,3.9215686274509802,7.317073170731708,-3.3955045432807265
appeared on,phrase,2,3,5,51,41,3.9215686274509802,7.317073170731708,-3.3955045432807265
appeared to,phrase,2,3,5,51,41,3.9215686274509802,7.317073170731708,-3.3955045432807265
approaching,word,2,3,5,51,41,3.9215686274509802,7.317073170731708,-3.3955045432807265
approval to,phrase,2,3,5,51,41,3.9215686274509802,7.317073170731708,-3.3955045432807265
arab,word,2,3,5,51,41,3.9215686274509802,7.317073170731708,-3.3955045432807265
arab emirates,phrase,2,3,5,51,41,3.9215686274509802,7.317073170731708,-3.3955045432807265
arr,word,2,3,5,51,41,3.9215686274509802,7.317073170731708,-3.3955045432807265
as amd,phrase,2,3,5,51,41,3.9215686274509802,7.317073170731708,-3.3955045432807265
as microsoft,phrase,2,3,5,51,41,3.9215686274509802,7.317073170731708,-3.3955045432807265
as technology,phrase,2,3,5,51,41,3.9215686274509802,7.317073170731708,-3.3955045432807265
asml and,phrase,2,3,5,51,41,3.9215686274509802,7.317073170731708,-3.3955045432807265
available to,phrase,2,3,5,51,41,3.9215686274509802,7.317073170731708,-3.3955045432807265
avgo has,phrase,2,3,5,51,41,3.9215686274509802,7.317073170731708,-3.3955045432807265
awards,word,2,3,5,51,41,3.9215686274509802,7.317073170731708,-3.3955045432807265
aws's,word,2,3,5,51,41,3.9215686274509802,7.317073170731708,-3.3955045432807265
back against,phrase,2,3,5,51,41,3.9215686274509802,7.317073170731708,-3.3955045432807265
backed startup,phrase,2,3,5,51,41,3.9215686274509802,7.317073170731708,-3.3955045432807265
backing from,phrase,2,3,5,51,41,3.9215686274509802,7.317073170731708,-3.3955045432807265
be released,phrase,2,3,5,51,41,3.9215686274509802,7.317073170731708,-3.3955045432807265
be used,phrase,2,3,5,51,41,3.9215686274509802,7.317073170731708,-3.3955045432807265
becomes the,phrase,2,3,5,51,41,3.9215686274509802,7.317073170731708,-3.3955045432807265
bellwether for,phrase,2,3,5,51,41,3.9215686274509802,7.317073170731708,-3.3955045432807265
ben,word,2,3,5,51,41,3.9215686274509802,7.317073170731708,-3.3955045432807265
benefits from,phrase,2,3,5,51,41,3.9215686274509802,7.317073170731708,-3.3955045432807265
black,word,2,3,5,51,41,3.9215686274509802,7.317073170731708,-3.3955045432807265
blikre and,phrase,2,3,5,51,41,3.9215686274509802,7.317073170731708,-3.3955045432807265
blow,word,2,3,5,51,41,3.9215686274509802,7.317073170731708,-3.3955045432807265
blowout earnings,phrase,2,3,5,51,41,3.9215686274509802,7.317073170731708,-3.3955045432807265
bofa says,phrase,2,3,5,51,41,3.9215686274509802,7.317073170731708,-3.3955045432807265
bolster its,phrase,2,3,5,51,41,3.9215686274509802,7.317073170731708,-3.3955045432807265
bound,word,2,3,5,51,41,3.9215686274509802,7.317073170731708,-3.3955045432807265
breaking out,phrase,2,3,5,51,41,3.9215686274509802,7.317073170731708,-3.3955045432807265
brian sozzi,phrase,2,3,5,51,41,3.9215686274509802,7.317073170731708,-3.3955045432807265
brief host,phrase,2,3,5,51,41,3.9215686274509802,7.317073170731708,-3.3955045432807265
briefly,word,2,3,5,51,41,3.9215686274509802,7.317073170731708,-3.3955045432807265
buffett,word,2,3,5,51,41,3.9215686274509802,7.317073170731708,-3.3955045432807265
but still,phrase,2,3,5,51,41,3.9215686274509802,7.317073170731708,-3.3955045432807265
by major,phrase,2,3,5,51,41,3.9215686274509802,7.317073170731708,-3.3955045432807265
cable,word,2,3,5,51,41,3.9215686274509802,7.317073170731708,-3.3955045432807265
canada,word,2,3,5,51,41,3.9215686274509802,7.317073170731708,-3.3955045432807265
canadian,word,2,3,5,51,41,3.9215686274509802,7.317073170731708,-3.3955045432807265
car,word,2,3,5,51,41,3.9215686274509802,7.317073170731708,-3.3955045432807265
cboe,word,2,3,5,51,41,3.9215686274509802,7.317073170731708,-3.3955045432807265
centers with,phrase,2,3,5,51,41,3.9215686274509802,7.317073170731708,-3.3955045432807265
central bank,phrase,2,3,5,51,41,3.9215686274509802,7.317073170731708,-3.3955045432807265
ceo mark,phrase,2,3,5,51,41,3.9215686274509802,7.317073170731708,-3.3955045432807265
ceo's,word,2,3,5,51,41,3.9215686274509802,7.317073170731708,-3.3955045432807265
cerebras systems,phrase,2,3,5,51,41,3.9215686274509802,7.317073170731708,-3.3955045432807265
chance,word,2,3,5,51,41,3.9215686274509802,7.317073170731708,-3.3955045432807265
changer,word,2,3,5,51,41,3.9215686274509802,7.317073170731708,-3.3955045432807265
chanos,word,2,3,5,51,41,3.9215686274509802,7.317073170731708,-3.3955045432807265
chatgpt creator,phrase,2,3,5,51,41,3.9215686274509802,7.317073170731708,-3.3955045432807265
chip design,phrase,2,3,5,51,41,3.9215686274509802,7.317073170731708,-3.3955045432807265
chip orders,phrase,2,3,5,51,41,3.9215686274509802,7.317073170731708,-3.3955045432807265
chip push,phrase,2,3,5,51,41,3.9215686274509802,7.317073170731708,-3.3955045432807265
chip rally,phrase,2,3,5,51,41,3.9215686274509802,7.317073170731708,-3.3955045432807265
chip the,phrase,2,3,5,51,41,3.9215686274509802,7.317073170731708,-3.3955045432807265
chip war,phrase,2,3,5,51,41,3.9215686274509802,7.317073170731708,-3.3955045432807265
cisco's,word,2,3,5,51,41,3.9215686274509802,7.317073170731708,-3.3955045432807265
citing sources,phrase,2,3,5,51,41,3.9215686274509802,7.317073170731708,-3.3955045432807265
closing high,phrase,2,3,5,51,41,3.9215686274509802,7.317073170731708,-3.3955045432807265
cloud business,phrase,2,3,5,51,41,3.9215686274509802,7.317073170731708,-3.3955045432807265
cnbc daily,phrase,2,3,5,51,41,3.9215686274509802,7.317073170731708,-3.3955045432807265
cnbc's mackenzie,phrase,2,3,5,51,41,3.9215686274509802,7.317073170731708,-3.3955045432807265
com featured,phrase,2,3,5,51,41,3.9215686274509802,7.317073170731708,-3.3955045432807265
come from,phrase,2,3,5,51,41,3.9215686274509802,7.317073170731708,-3.3955045432807265
companies have,phrase,2,3,5,51,41,3.9215686274509802,7.317073170731708,-3.3955045432807265
company which,phrase,2,3,5,51,41,3.9215686274509802,7.317073170731708,-3.3955045432807265
company's chips,phrase,2,3,5,51,41,3.9215686274509802,7.317073170731708,-3.3955045432807265
compatible,word,2,3,5,51,41,3.9215686274509802,7.317073170731708,-3.3955045432807265
competing with,phrase,2,3,5,51,41,3.9215686274509802,7.317073170731708,-3.3955045432807265
compiled,word,2,3,5,51,41,3.9215686274509802,7.317073170731708,-3.3955045432807265
completely,word,2,3,5,51,41,3.9215686274509802,7.317073170731708,-3.3955045432807265
concentrated,word,2,3,5,51,41,3.9215686274509802,7.317073170731708,-3.3955045432807265
confirm,word,2,3,5,51,41,3.9215686274509802,7.317073170731708,-3.3955045432807265
consumer memory,phrase,2,3,5,51,41,3.9215686274509802,7.317073170731708,-3.3955045432807265
costco,word,2,3,5,51,41,3.9215686274509802,7.317073170731708,-3.3955045432807265
could boost,phrase,2,3,5,51,41,3.9215686274509802,7.317073170731708,-3.3955045432807265
could still,phrase,2,3,5,51,41,3.9215686274509802,7.317073170731708,-3.3955045432807265
cramer shared,phrase,2,3,5,51,41,3.9215686274509802,7.317073170731708,-3.3955045432807265
critical to,phrase,2,3,5,51,41,3.9215686274509802,7.317073170731708,-3.3955045432807265
crowd,word,2,3,5,51,41,3.9215686274509802,7.317073170731708,-3.3955045432807265
customers have,phrase,2,3,5,51,41,3.9215686274509802,7.317073170731708,-3.3955045432807265
daily open,phrase,2,3,5,51,41,3.9215686274509802,7.317073170731708,-3.3955045432807265
dassault,word,2,3,5,51,41,3.9215686274509802,7.317073170731708,-3.3955045432807265
dassault syst,phrase,2,3,5,51,41,3.9215686274509802,7.317073170731708,-3.3955045432807265
data infrastructure,phrase,2,3,5,51,41,3.9215686274509802,7.317073170731708,-3.3955045432807265
debuted,word,2,3,5,51,41,3.9215686274509802,7.317073170731708,-3.3955045432807265
decide,word,2,3,5,51,41,3.9215686274509802,7.317073170731708,-3.3955045432807265
dedicated,word,2,3,5,51,41,3.9215686274509802,7.317073170731708,-3.3955045432807265
deepen its,phrase,2,3,5,51,41,3.9215686274509802,7.317073170731708,-3.3955045432807265
delivery and,phrase,2,3,5,51,41,3.9215686274509802,7.317073170731708,-3.3955045432807265
demand fuels,phrase,2,3,5,51,41,3.9215686274509802,7.317073170731708,-3.3955045432807265
density,word,2,3,5,51,41,3.9215686274509802,7.317073170731708,-3.3955045432807265
depreciation,word,2,3,5,51,41,3.9215686274509802,7.317073170731708,-3.3955045432807265
deutsche telekom,phrase,2,3,5,51,41,3.9215686274509802,7.317073170731708,-3.3955045432807265
dilution,word,2,3,5,51,41,3.9215686274509802,7.317073170731708,-3.3955045432807265
discussing,word,2,3,5,51,41,3.9215686274509802,7.317073170731708,-3.3955045432807265
disrupt,word,2,3,5,51,41,3.9215686274509802,7.317073170731708,-3.3955045432807265
divided,word,2,3,5,51,41,3.9215686274509802,7.317073170731708,-3.3955045432807265
dollars worth,phrase,2,3,5,51,41,3.9215686274509802,7.317073170731708,-3.3955045432807265
domain,word,2,3,5,51,41,3.9215686274509802,7.317073170731708,-3.3955045432807265
domestic ai,phrase,2,3,5,51,41,3.9215686274509802,7.317073170731708,-3.3955045432807265
dow dips,phrase,2,3,5,51,41,3.9215686274509802,7.317073170731708,-3.3955045432807265
dragging,word,2,3,5,51,41,3.9215686274509802,7.317073170731708,-3.3955045432807265
drive innovation,phrase,2,3,5,51,41,3.9215686274509802,7.317073170731708,-3.3955045432807265
druckenmiller,word,2,3,5,51,41,3.9215686274509802,7.317073170731708,-3.3955045432807265
due after,phrase,2,3,5,51,41,3.9215686274509802,7.317073170731708,-3.3955045432807265
earnings as,phrase,2,3,5,51,41,3.9215686274509802,7.317073170731708,-3.3955045432807265
edges,word,2,3,5,51,41,3.9215686274509802,7.317073170731708,-3.3955045432807265
education,word,2,3,5,51,41,3.9215686274509802,7.317073170731708,-3.3955045432807265
embedded,word,2,3,5,51,41,3.9215686274509802,7.317073170731708,-3.3955045432807265
emerged as,phrase,2,3,5,51,41,3.9215686274509802,7.317073170731708,-3.3955045432807265
emirates,word,2,3,5,51,41,3.9215686274509802,7.317073170731708,-3.3955045432807265
entire nvidia,phrase,2,3,5,51,41,3.9215686274509802,7.317073170731708,-3.3955045432807265
epic,word,2,3,5,51,41,3.9215686274509802,7.317073170731708,-3.3955045432807265
equity indexes,phrase,2,3,5,51,41,3.9215686274509802,7.317073170731708,-3.3955045432807265
equivalent to,phrase,2,3,5,51,41,3.9215686274509802,7.317073170731708,-3.3955045432807265
etfs like,phrase,2,3,5,51,41,3.9215686274509802,7.317073170731708,-3.3955045432807265
everywhere,word,2,3,5,51,41,3.9215686274509802,7.317073170731708,-3.3955045432807265
exciting,word,2,3,5,51,41,3.9215686274509802,7.317073170731708,-3.3955045432807265
expanding into,phrase,2,3,5,51,41,3.9215686274509802,7.317073170731708,-3.3955045432807265
explode,word,2,3,5,51,41,3.9215686274509802,7.317073170731708,-3.3955045432807265
explores,word,2,3,5,51,41,3.9215686274509802,7.317073170731708,-3.3955045432807265
extraordinary,word,2,3,5,51,41,3.9215686274509802,7.317073170731708,-3.3955045432807265
eyes on,phrase,2,3,5,51,41,3.9215686274509802,7.317073170731708,-3.3955045432807265
false,word,2,3,5,51,41,3.9215686274509802,7.317073170731708,-3.3955045432807265
faster than,phrase,2,3,5,51,41,3.9215686274509802,7.317073170731708,-3.3955045432807265
featured highlights,phrase,2,3,5,51,41,3.9215686274509802,7.317073170731708,-3.3955045432807265
fed rate,phrase,2,3,5,51,41,3.9215686274509802,7.317073170731708,-3.3955045432807265
finalizing,word,2,3,5,51,41,3.9215686274509802,7.317073170731708,-3.3955045432807265
financial results,phrase,2,3,5,51,41,3.9215686274509802,7.317073170731708,-3.3955045432807265
financials,word,2,3,5,51,41,3.9215686274509802,7.317073170731708,-3.3955045432807265
finish,word,2,3,5,51,41,3.9215686274509802,7.317073170731708,-3.3955045432807265
firm said,phrase,2,3,5,51,41,3.9215686274509802,7.317073170731708,-3.3955045432807265
first company,phrase,2,3,5,51,41,3.9215686274509802,7.317073170731708,-3.3955045432807265
for big,phrase,2,3,5,51,41,3.9215686274509802,7.317073170731708,-3.3955045432807265
for cloud,phrase,2,3,5,51,41,3.9215686274509802,7.317073170731708,-3.3955045432807265
for real,phrase,2,3,5,51,41,3.9215686274509802,7.317073170731708,-3.3955045432807265
for training,phrase,2,3,5,51,41,3.9215686274509802,7.317073170731708,-3.3955045432807265
france,word,2,3,5,51,41,3.9215686274509802,7.317073170731708,-3.3955045432807265
friday and,phrase,2,3,5,51,41,3.9215686274509802,7.317073170731708,-3.3955045432807265
from intel,phrase,2,3,5,51,41,3.9215686274509802,7.317073170731708,-3.3955045432807265
from last,phrase,2,3,5,51,41,3.9215686274509802,7.317073170731708,-3.3955045432807265
ft reports,phrase,2,3,5,51,41,3.9215686274509802,7.317073170731708,-3.3955045432807265
funding from,phrase,2,3,5,51,41,3.9215686274509802,7.317073170731708,-3.3955045432807265
futures es,phrase,2,3,5,51,41,3.9215686274509802,7.317073170731708,-3.3955045432807265
game changer,phrase,2,3,5,51,41,3.9215686274509802,7.317073170731708,-3.3955045432807265
garp,word,2,3,5,51,41,3.9215686274509802,7.317073170731708,-3.3955045432807265
gas,word,2,3,5,51,41,3.9215686274509802,7.317073170731708,-3.3955045432807265
gears,word,2,3,5,51,41,3.9215686274509802,7.317073170731708,-3.3955045432807265
global tech,phrase,2,3,5,51,41,3.9215686274509802,7.317073170731708,-3.3955045432807265
google microsoft,phrase,2,3,5,51,41,3.9215686274509802,7.317073170731708,-3.3955045432807265
gpu and,phrase,2,3,5,51,41,3.9215686274509802,7.317073170731708,-3.3955045432807265
growing competition,phrase,2,3,5,51,41,3.9215686274509802,7.317073170731708,-3.3955045432807265
growth but,phrase,2,3,5,51,41,3.9215686274509802,7.317073170731708,-3.3955045432807265
has arrived,phrase,2,3,5,51,41,3.9215686274509802,7.317073170731708,-3.3955045432807265
has completed,phrase,2,3,5,51,41,3.9215686274509802,7.317073170731708,-3.3955045432807265
has delivered,phrase,2,3,5,51,41,3.9215686274509802,7.317073170731708,-3.3955045432807265
has no,phrase,2,3,5,51,41,3.9215686274509802,7.317073170731708,-3.3955045432807265
have become,phrase,2,3,5,51,41,3.9215686274509802,7.317073170731708,-3.3955045432807265
have entered,phrase,2,3,5,51,41,3.9215686274509802,7.317073170731708,-3.3955045432807265
have risen,phrase,2,3,5,51,41,3.9215686274509802,7.317073170731708,-3.3955045432807265
have soared,phrase,2,3,5,51,41,3.9215686274509802,7.317073170731708,-3.3955045432807265
hbm4 and,phrase,2,3,5,51,41,3.9215686274509802,7.317073170731708,-3.3955045432807265
he added,phrase,2,3,5,51,41,3.9215686274509802,7.317073170731708,-3.3955045432807265
hgx,word,2,3,5,51,41,3.9215686274509802,7.317073170731708,-3.3955045432807265
high speed,phrase,2,3,5,51,41,3.9215686274509802,7.317073170731708,-3.3955045432807265
high valuations,phrase,2,3,5,51,41,3.9215686274509802,7.317073170731708,-3.3955045432807265
his take,phrase,2,3,5,51,41,3.9215686274509802,7.317073170731708,-3.3955045432807265
hit record,phrase,2,3,5,51,41,3.9215686274509802,7.317073170731708,-3.3955045432807265
hk,word,2,3,5,51,41,3.9215686274509802,7.317073170731708,-3.3955045432807265
hold for,phrase,2,3,5,51,41,3.9215686274509802,7.317073170731708,-3.3955045432807265
hopes of,phrase,2,3,5,51,41,3.9215686274509802,7.317073170731708,-3.3955045432807265
hosts,word,2,3,5,51,41,3.9215686274509802,7.317073170731708,-3.3955045432807265
hot ai,phrase,2,3,5,51,41,3.9215686274509802,7.317073170731708,-3.3955045432807265
hovering,word,2,3,5,51,41,3.9215686274509802,7.317073170731708,-3.3955045432807265
hynix is,phrase,2,3,5,51,41,3.9215686274509802,7.317073170731708,-3.3955045432807265
hyperion,word,2,3,5,51,41,3.9215686274509802,7.317073170731708,-3.3955045432807265
improvements,word,2,3,5,51,41,3.9215686274509802,7.317073170731708,-3.3955045432807265
in asia,phrase,2,3,5,51,41,3.9215686274509802,7.317073170731708,-3.3955045432807265
in chatgpt,phrase,2,3,5,51,41,3.9215686274509802,7.317073170731708,-3.3955045432807265
in potential,phrase,2,3,5,51,41,3.9215686274509802,7.317073170731708,-3.3955045432807265
in wednesday's,phrase,2,3,5,51,41,3.9215686274509802,7.317073170731708,-3.3955045432807265
inception,word,2,3,5,51,41,3.9215686274509802,7.317073170731708,-3.3955045432807265
incredible news,phrase,2,3,5,51,41,3.9215686274509802,7.317073170731708,-3.3955045432807265
indicated,word,2,3,5,51,41,3.9215686274509802,7.317073170731708,-3.3955045432807265
indicated that,phrase,2,3,5,51,41,3.9215686274509802,7.317073170731708,-3.3955045432807265
indicating,word,2,3,5,51,41,3.9215686274509802,7.317073170731708,-3.3955045432807265
industrials,word,2,3,5,51,41,3.9215686274509802,7.317073170731708,-3.3955045432807265
information reports,phrase,2,3,5,51,41,3.9215686274509802,7.317073170731708,-3.3955045432807265
infrastructure market,phrase,2,3,5,51,41,3.9215686274509802,7.317073170731708,-3.3955045432807265
intact,word,2,3,5,51,41,3.9215686274509802,7.317073170731708,-3.3955045432807265
intelligence investments,phrase,2,3,5,51,41,3.9215686274509802,7.317073170731708,-3.3955045432807265
intelligence sector,phrase,2,3,5,51,41,3.9215686274509802,7.317073170731708,-3.3955045432807265
intelligence spending,phrase,2,3,5,51,41,3.9215686274509802,7.317073170731708,-3.3955045432807265
intelligence will,phrase,2,3,5,51,41,3.9215686274509802,7.317073170731708,-3.3955045432807265
intended,word,2,3,5,51,41,3.9215686274509802,7.317073170731708,-3.3955045432807265
intensified,word,2,3,5,51,41,3.9215686274509802,7.317073170731708,-3.3955045432807265
intent,word,2,3,5,51,41,3.9215686274509802,7.317073170731708,-3.3955045432807265
interest rate,phrase,2,3,5,51,41,3.9215686274509802,7.317073170731708,-3.3955045432807265
interesting,word,2,3,5,51,41,3.9215686274509802,7.317073170731708,-3.3955045432807265
investors look,phrase,2,3,5,51,41,3.9215686274509802,7.317073170731708,-3.3955045432807265
iran's,word,2,3,5,51,41,3.9215686274509802,7.317073170731708,-3.3955045432807265
is approaching,phrase,2,3,5,51,41,3.9215686274509802,7.317073170731708,-3.3955045432807265
is currently,phrase,2,3,5,51,41,3.9215686274509802,7.317073170731708,-3.3955045432807265
is planned,phrase,2,3,5,51,41,3.9215686274509802,7.317073170731708,-3.3955045432807265
is teaming,phrase,2,3,5,51,41,3.9215686274509802,7.317073170731708,-3.3955045432807265
it called,phrase,2,3,5,51,41,3.9215686274509802,7.317073170731708,-3.3955045432807265
it needs,phrase,2,3,5,51,41,3.9215686274509802,7.317073170731708,-3.3955045432807265
its fiscal,phrase,2,3,5,51,41,3.9215686274509802,7.317073170731708,-3.3955045432807265
its platform,phrase,2,3,5,51,41,3.9215686274509802,7.317073170731708,-3.3955045432807265
jim chanos,phrase,2,3,5,51,41,3.9215686274509802,7.317073170731708,-3.3955045432807265
job cuts,phrase,2,3,5,51,41,3.9215686274509802,7.317073170731708,-3.3955045432807265
joined the,phrase,2,3,5,51,41,3.9215686274509802,7.317073170731708,-3.3955045432807265
joins cnbc's,phrase,2,3,5,51,41,3.9215686274509802,7.317073170731708,-3.3955045432807265
joins squawk,phrase,2,3,5,51,41,3.9215686274509802,7.317073170731708,-3.3955045432807265
jpmorgan chase,phrase,2,3,5,51,41,3.9215686274509802,7.317073170731708,-3.3955045432807265
karmali,word,2,3,5,51,41,3.9215686274509802,7.317073170731708,-3.3955045432807265
kicked off,phrase,2,3,5,51,41,3.9215686274509802,7.317073170731708,-3.3955045432807265
ks,word,2,3,5,51,41,3.9215686274509802,7.317073170731708,-3.3955045432807265
lagged,word,2,3,5,51,41,3.9215686274509802,7.317073170731708,-3.3955045432807265
low latency,phrase,2,3,5,51,41,3.9215686274509802,7.317073170731708,-3.3955045432807265
lucrative,word,2,3,5,51,41,3.9215686274509802,7.317073170731708,-3.3955045432807265
lumentum and,phrase,2,3,5,51,41,3.9215686274509802,7.317073170731708,-3.3955045432807265
mackenzie sigalos,phrase,2,3,5,51,41,3.9215686274509802,7.317073170731708,-3.3955045432807265
make you,phrase,2,3,5,51,41,3.9215686274509802,7.317073170731708,-3.3955045432807265
maker of,phrase,2,3,5,51,41,3.9215686274509802,7.317073170731708,-3.3955045432807265
maker to,phrase,2,3,5,51,41,3.9215686274509802,7.317073170731708,-3.3955045432807265
marking the,phrase,2,3,5,51,41,3.9215686274509802,7.317073170731708,-3.3955045432807265
marvell and,phrase,2,3,5,51,41,3.9215686274509802,7.317073170731708,-3.3955045432807265
masayoshi,word,2,3,5,51,41,3.9215686274509802,7.317073170731708,-3.3955045432807265
meeting with,phrase,2,3,5,51,41,3.9215686274509802,7.317073170731708,-3.3955045432807265
mes,word,2,3,5,51,41,3.9215686274509802,7.317073170731708,-3.3955045432807265
meta are,phrase,2,3,5,51,41,3.9215686274509802,7.317073170731708,-3.3955045432807265
microsoft said,phrase,2,3,5,51,41,3.9215686274509802,7.317073170731708,-3.3955045432807265
mission critical,phrase,2,3,5,51,41,3.9215686274509802,7.317073170731708,-3.3955045432807265
model and,phrase,2,3,5,51,41,3.9215686274509802,7.317073170731708,-3.3955045432807265
monthly,word,2,3,5,51,41,3.9215686274509802,7.317073170731708,-3.3955045432807265
moore,word,2,3,5,51,41,3.9215686274509802,7.317073170731708,-3.3955045432807265
morning after,phrase,2,3,5,51,41,3.9215686274509802,7.317073170731708,-3.3955045432807265
morning's,word,2,3,5,51,41,3.9215686274509802,7.317073170731708,-3.3955045432807265
much higher,phrase,2,3,5,51,41,3.9215686274509802,7.317073170731708,-3.3955045432807265
musk's xai,phrase,2,3,5,51,41,3.9215686274509802,7.317073170731708,-3.3955045432807265
new multi,phrase,2,3,5,51,41,3.9215686274509802,7.317073170731708,-3.3955045432807265
new rubin,phrase,2,3,5,51,41,3.9215686274509802,7.317073170731708,-3.3955045432807265
newswire april,phrase,2,3,5,51,41,3.9215686274509802,7.317073170731708,-3.3955045432807265
next leg,phrase,2,3,5,51,41,3.9215686274509802,7.317073170731708,-3.3955045432807265
not an,phrase,2,3,5,51,41,3.9215686274509802,7.317073170731708,-3.3955045432807265
nvda leads,phrase,2,3,5,51,41,3.9215686274509802,7.317073170731708,-3.3955045432807265
nvda plans,phrase,2,3,5,51,41,3.9215686274509802,7.317073170731708,-3.3955045432807265
nvidia did,phrase,2,3,5,51,41,3.9215686274509802,7.317073170731708,-3.3955045432807265
nvidia hgx,phrase,2,3,5,51,41,3.9215686274509802,7.317073170731708,-3.3955045432807265
nvidia inception,phrase,2,3,5,51,41,3.9215686274509802,7.317073170731708,-3.3955045432807265
nvidia isaac,phrase,2,3,5,51,41,3.9215686274509802,7.317073170731708,-3.3955045432807265
nvidia slips,phrase,2,3,5,51,41,3.9215686274509802,7.317073170731708,-3.3955045432807265
nvidia's 2b,phrase,2,3,5,51,41,3.9215686274509802,7.317073170731708,-3.3955045432807265
nvidia's gpu,phrase,2,3,5,51,41,3.9215686274509802,7.317073170731708,-3.3955045432807265
nvidia's recent,phrase,2,3,5,51,41,3.9215686274509802,7.317073170731708,-3.3955045432807265
nvidia's shares,phrase,2,3,5,51,41,3.9215686274509802,7.317073170731708,-3.3955045432807265
oems,word,2,3,5,51,41,3.9215686274509802,7.317073170731708,-3.3955045432807265
of broader,phrase,2,3,5,51,41,3.9215686274509802,7.317073170731708,-3.3955045432807265
of cloud,phrase,2,3,5,51,41,3.9215686274509802,7.317073170731708,-3.3955045432807265
of demand,phrase,2,3,5,51,41,3.9215686274509802,7.317073170731708,-3.3955045432807265
of gtc,phrase,2,3,5,51,41,3.9215686274509802,7.317073170731708,-3.3955045432807265
of mu,phrase,2,3,5,51,41,3.9215686274509802,7.317073170731708,-3.3955045432807265
of openai,phrase,2,3,5,51,41,3.9215686274509802,7.317073170731708,-3.3955045432807265
of software,phrase,2,3,5,51,41,3.9215686274509802,7.317073170731708,-3.3955045432807265
on accelerating,phrase,2,3,5,51,41,3.9215686274509802,7.317073170731708,-3.3955045432807265
open ai,phrase,2,3,5,51,41,3.9215686274509802,7.317073170731708,-3.3955045432807265
openai have,phrase,2,3,5,51,41,3.9215686274509802,7.317073170731708,-3.3955045432807265
opportunity is,phrase,2,3,5,51,41,3.9215686274509802,7.317073170731708,-3.3955045432807265
optics and,phrase,2,3,5,51,41,3.9215686274509802,7.317073170731708,-3.3955045432807265
oracle is,phrase,2,3,5,51,41,3.9215686274509802,7.317073170731708,-3.3955045432807265
orcl is,phrase,2,3,5,51,41,3.9215686274509802,7.317073170731708,-3.3955045432807265
overly,word,2,3,5,51,41,3.9215686274509802,7.317073170731708,-3.3955045432807265
overtake,word,2,3,5,51,41,3.9215686274509802,7.317073170731708,-3.3955045432807265
pack,word,2,3,5,51,41,3.9215686274509802,7.317073170731708,-3.3955045432807265
park,word,2,3,5,51,41,3.9215686274509802,7.317073170731708,-3.3955045432807265
partnership that,phrase,2,3,5,51,41,3.9215686274509802,7.317073170731708,-3.3955045432807265
pause,word,2,3,5,51,41,3.9215686274509802,7.317073170731708,-3.3955045432807265
perfection,word,2,3,5,51,41,3.9215686274509802,7.317073170731708,-3.3955045432807265
permission to,phrase,2,3,5,51,41,3.9215686274509802,7.317073170731708,-3.3955045432807265
peter thiel's,phrase,2,3,5,51,41,3.9215686274509802,7.317073170731708,-3.3955045432807265
platforms is,phrase,2,3,5,51,41,3.9215686274509802,7.317073170731708,-3.3955045432807265
played,word,2,3,5,51,41,3.9215686274509802,7.317073170731708,-3.3955045432807265
pointed to,phrase,2,3,5,51,41,3.9215686274509802,7.317073170731708,-3.3955045432807265
pops on,phrase,2,3,5,51,41,3.9215686274509802,7.317073170731708,-3.3955045432807265
power ai,phrase,2,3,5,51,41,3.9215686274509802,7.317073170731708,-3.3955045432807265
prepare,word,2,3,5,51,41,3.9215686274509802,7.317073170731708,-3.3955045432807265
presentation,word,2,3,5,51,41,3.9215686274509802,7.317073170731708,-3.3955045432807265
pressure after,phrase,2,3,5,51,41,3.9215686274509802,7.317073170731708,-3.3955045432807265
price in,phrase,2,3,5,51,41,3.9215686274509802,7.317073170731708,-3.3955045432807265
pricing and,phrase,2,3,5,51,41,3.9215686274509802,7.317073170731708,-3.3955045432807265
probe,word,2,3,5,51,41,3.9215686274509802,7.317073170731708,-3.3955045432807265
processors in,phrase,2,3,5,51,41,3.9215686274509802,7.317073170731708,-3.3955045432807265
products to,phrase,2,3,5,51,41,3.9215686274509802,7.317073170731708,-3.3955045432807265
publicly traded,phrase,2,3,5,51,41,3.9215686274509802,7.317073170731708,-3.3955045432807265
q4 revenue,phrase,2,3,5,51,41,3.9215686274509802,7.317073170731708,-3.3955045432807265
quarterly revenue,phrase,2,3,5,51,41,3.9215686274509802,7.317073170731708,-3.3955045432807265
quote,word,2,3,5,51,41,3.9215686274509802,7.317073170731708,-3.3955045432807265
race and,phrase,2,3,5,51,41,3.9215686274509802,7.317073170731708,-3.3955045432807265
radio,word,2,3,5,51,41,3.9215686274509802,7.317073170731708,-3.3955045432807265
rallied on,phrase,2,3,5,51,41,3.9215686274509802,7.317073170731708,-3.3955045432807265
ramzan,word,2,3,5,51,41,3.9215686274509802,7.317073170731708,-3.3955045432807265
ramzan karmali,phrase,2,3,5,51,41,3.9215686274509802,7.317073170731708,-3.3955045432807265
rarely,word,2,3,5,51,41,3.9215686274509802,7.317073170731708,-3.3955045432807265
rated buy,phrase,2,3,5,51,41,3.9215686274509802,7.317073170731708,-3.3955045432807265
reacting,word,2,3,5,51,41,3.9215686274509802,7.317073170731708,-3.3955045432807265
ready for,phrase,2,3,5,51,41,3.9215686274509802,7.317073170731708,-3.3955045432807265
reaffirms,word,2,3,5,51,41,3.9215686274509802,7.317073170731708,-3.3955045432807265
recent earnings,phrase,2,3,5,51,41,3.9215686274509802,7.317073170731708,-3.3955045432807265
record growth,phrase,2,3,5,51,41,3.9215686274509802,7.317073170731708,-3.3955045432807265
reflect,word,2,3,5,51,41,3.9215686274509802,7.317073170731708,-3.3955045432807265
reframe,word,2,3,5,51,41,3.9215686274509802,7.317073170731708,-3.3955045432807265
reiterated the,phrase,2,3,5,51,41,3.9215686274509802,7.317073170731708,-3.3955045432807265
relationships,word,2,3,5,51,41,3.9215686274509802,7.317073170731708,-3.3955045432807265
reported by,phrase,2,3,5,51,41,3.9215686274509802,7.317073170731708,-3.3955045432807265
reported to,phrase,2,3,5,51,41,3.9215686274509802,7.317073170731708,-3.3955045432807265
reshape its,phrase,2,3,5,51,41,3.9215686274509802,7.317073170731708,-3.3955045432807265
reshaping the,phrase,2,3,5,51,41,3.9215686274509802,7.317073170731708,-3.3955045432807265
response to,phrase,2,3,5,51,41,3.9215686274509802,7.317073170731708,-3.3955045432807265
resulting,word,2,3,5,51,41,3.9215686274509802,7.317073170731708,-3.3955045432807265
results from,phrase,2,3,5,51,41,3.9215686274509802,7.317073170731708,-3.3955045432807265
results with,phrase,2,3,5,51,41,3.9215686274509802,7.317073170731708,-3.3955045432807265
retailers,word,2,3,5,51,41,3.9215686274509802,7.317073170731708,-3.3955045432807265
retreat,word,2,3,5,51,41,3.9215686274509802,7.317073170731708,-3.3955045432807265
return over,phrase,2,3,5,51,41,3.9215686274509802,7.317073170731708,-3.3955045432807265
reuters on,phrase,2,3,5,51,41,3.9215686274509802,7.317073170731708,-3.3955045432807265
revenue on,phrase,2,3,5,51,41,3.9215686274509802,7.317073170731708,-3.3955045432807265
rich valuation,phrase,2,3,5,51,41,3.9215686274509802,7.317073170731708,-3.3955045432807265
risks of,phrase,2,3,5,51,41,3.9215686274509802,7.317073170731708,-3.3955045432807265
risky,word,2,3,5,51,41,3.9215686274509802,7.317073170731708,-3.3955045432807265
role with,phrase,2,3,5,51,41,3.9215686274509802,7.317073170731708,-3.3955045432807265
rubin ai,phrase,2,3,5,51,41,3.9215686274509802,7.317073170731708,-3.3955045432807265
rule,word,2,3,5,51,41,3.9215686274509802,7.317073170731708,-3.3955045432807265
run its,phrase,2,3,5,51,41,3.9215686274509802,7.317073170731708,-3.3955045432807265
runs on,phrase,2,3,5,51,41,3.9215686274509802,7.317073170731708,-3.3955045432807265
scott,word,2,3,5,51,41,3.9215686274509802,7.317073170731708,-3.3955045432807265
sec filing,phrase,2,3,5,51,41,3.9215686274509802,7.317073170731708,-3.3955045432807265
second quarter,phrase,2,3,5,51,41,3.9215686274509802,7.317073170731708,-3.3955045432807265
sectors such,phrase,2,3,5,51,41,3.9215686274509802,7.317073170731708,-3.3955045432807265
semiconductor giant,phrase,2,3,5,51,41,3.9215686274509802,7.317073170731708,-3.3955045432807265
semiconductor maker,phrase,2,3,5,51,41,3.9215686274509802,7.317073170731708,-3.3955045432807265
semiconductor space,phrase,2,3,5,51,41,3.9215686274509802,7.317073170731708,-3.3955045432807265
send,word,2,3,5,51,41,3.9215686274509802,7.317073170731708,-3.3955045432807265
sent the,phrase,2,3,5,51,41,3.9215686274509802,7.317073170731708,-3.3955045432807265
sequoia,word,2,3,5,51,41,3.9215686274509802,7.317073170731708,-3.3955045432807265
serious,word,2,3,5,51,41,3.9215686274509802,7.317073170731708,-3.3955045432807265
services from,phrase,2,3,5,51,41,3.9215686274509802,7.317073170731708,-3.3955045432807265
seven companies,phrase,2,3,5,51,41,3.9215686274509802,7.317073170731708,-3.3955045432807265
shadow,word,2,3,5,51,41,3.9215686274509802,7.317073170731708,-3.3955045432807265
shares climbed,phrase,2,3,5,51,41,3.9215686274509802,7.317073170731708,-3.3955045432807265
shares sink,phrase,2,3,5,51,41,3.9215686274509802,7.317073170731708,-3.3955045432807265
short investor,phrase,2,3,5,51,41,3.9215686274509802,7.317073170731708,-3.3955045432807265
sigalos,word,2,3,5,51,41,3.9215686274509802,7.317073170731708,-3.3955045432807265
sigalos reports,phrase,2,3,5,51,41,3.9215686274509802,7.317073170731708,-3.3955045432807265
since its,phrase,2,3,5,51,41,3.9215686274509802,7.317073170731708,-3.3955045432807265
sit at,phrase,2,3,5,51,41,3.9215686274509802,7.317073170731708,-3.3955045432807265
skyrocketed,word,2,3,5,51,41,3.9215686274509802,7.317073170731708,-3.3955045432807265
slashes,word,2,3,5,51,41,3.9215686274509802,7.317073170731708,-3.3955045432807265
slip as,phrase,2,3,5,51,41,3.9215686274509802,7.317073170731708,-3.3955045432807265
slipping,word,2,3,5,51,41,3.9215686274509802,7.317073170731708,-3.3955045432807265
soared in,phrase,2,3,5,51,41,3.9215686274509802,7.317073170731708,-3.3955045432807265
soars after,phrase,2,3,5,51,41,3.9215686274509802,7.317073170731708,-3.3955045432807265
solidifying,word,2,3,5,51,41,3.9215686274509802,7.317073170731708,-3.3955045432807265
sozzi,word,2,3,5,51,41,3.9215686274509802,7.317073170731708,-3.3955045432807265
stand out,phrase,2,3,5,51,41,3.9215686274509802,7.317073170731708,-3.3955045432807265
startup backed,phrase,2,3,5,51,41,3.9215686274509802,7.317073170731708,-3.3955045432807265
still in,phrase,2,3,5,51,41,3.9215686274509802,7.317073170731708,-3.3955045432807265
stock ahead,phrase,2,3,5,51,41,3.9215686274509802,7.317073170731708,-3.3955045432807265
stock higher,phrase,2,3,5,51,41,3.9215686274509802,7.317073170731708,-3.3955045432807265
stock pick,phrase,2,3,5,51,41,3.9215686274509802,7.317073170731708,-3.3955045432807265
stock set,phrase,2,3,5,51,41,3.9215686274509802,7.317073170731708,-3.3955045432807265
stock today,phrase,2,3,5,51,41,3.9215686274509802,7.317073170731708,-3.3955045432807265
stock wavers,phrase,2,3,5,51,41,3.9215686274509802,7.317073170731708,-3.3955045432807265
stocks can,phrase,2,3,5,51,41,3.9215686274509802,7.317073170731708,-3.3955045432807265
stocks ended,phrase,2,3,5,51,41,3.9215686274509802,7.317073170731708,-3.3955045432807265
stocks moved,phrase,2,3,5,51,41,3.9215686274509802,7.317073170731708,-3.3955045432807265
stocks such,phrase,2,3,5,51,41,3.9215686274509802,7.317073170731708,-3.3955045432807265
strategic partnerships,phrase,2,3,5,51,41,3.9215686274509802,7.317073170731708,-3.3955045432807265
street lunch,phrase,2,3,5,51,41,3.9215686274509802,7.317073170731708,-3.3955045432807265
structured,word,2,3,5,51,41,3.9215686274509802,7.317073170731708,-3.3955045432807265
supply for,phrase,2,3,5,51,41,3.9215686274509802,7.317073170731708,-3.3955045432807265
syst,word,2,3,5,51,41,3.9215686274509802,7.317073170731708,-3.3955045432807265
syst mes,phrase,2,3,5,51,41,3.9215686274509802,7.317073170731708,-3.3955045432807265
taiwan semi,phrase,2,3,5,51,41,3.9215686274509802,7.317073170731708,-3.3955045432807265
takeaways,word,2,3,5,51,41,3.9215686274509802,7.317073170731708,-3.3955045432807265
targeted,word,2,3,5,51,41,3.9215686274509802,7.317073170731708,-3.3955045432807265
targeting ai,phrase,2,3,5,51,41,3.9215686274509802,7.317073170731708,-3.3955045432807265
teases,word,2,3,5,51,41,3.9215686274509802,7.317073170731708,-3.3955045432807265
telekom,word,2,3,5,51,41,3.9215686274509802,7.317073170731708,-3.3955045432807265
tension,word,2,3,5,51,41,3.9215686274509802,7.317073170731708,-3.3955045432807265
that alphabet's,phrase,2,3,5,51,41,3.9215686274509802,7.317073170731708,-3.3955045432807265
the advanced,phrase,2,3,5,51,41,3.9215686274509802,7.317073170731708,-3.3955045432807265
the art,phrase,2,3,5,51,41,3.9215686274509802,7.317073170731708,-3.3955045432807265
the central,phrase,2,3,5,51,41,3.9215686274509802,7.317073170731708,-3.3955045432807265
the decade,phrase,2,3,5,51,41,3.9215686274509802,7.317073170731708,-3.3955045432807265
the export,phrase,2,3,5,51,41,3.9215686274509802,7.317073170731708,-3.3955045432807265
the fed,phrase,2,3,5,51,41,3.9215686274509802,7.317073170731708,-3.3955045432807265
the massive,phrase,2,3,5,51,41,3.9215686274509802,7.317073170731708,-3.3955045432807265
the party,phrase,2,3,5,51,41,3.9215686274509802,7.317073170731708,-3.3955045432807265
the proposed,phrase,2,3,5,51,41,3.9215686274509802,7.317073170731708,-3.3955045432807265
the results,phrase,2,3,5,51,41,3.9215686274509802,7.317073170731708,-3.3955045432807265
the server,phrase,2,3,5,51,41,3.9215686274509802,7.317073170731708,-3.3955045432807265
the seven,phrase,2,3,5,51,41,3.9215686274509802,7.317073170731708,-3.3955045432807265
the situation,phrase,2,3,5,51,41,3.9215686274509802,7.317073170731708,-3.3955045432807265
the strength,phrase,2,3,5,51,41,3.9215686274509802,7.317073170731708,-3.3955045432807265
the trading,phrase,2,3,5,51,41,3.9215686274509802,7.317073170731708,-3.3955045432807265
their data,phrase,2,3,5,51,41,3.9215686274509802,7.317073170731708,-3.3955045432807265
these levels,phrase,2,3,5,51,41,3.9215686274509802,7.317073170731708,-3.3955045432807265
thiel's,word,2,3,5,51,41,3.9215686274509802,7.317073170731708,-3.3955045432807265
threads,word,2,3,5,51,41,3.9215686274509802,7.317073170731708,-3.3955045432807265
three ai,phrase,2,3,5,51,41,3.9215686274509802,7.317073170731708,-3.3955045432807265
throughout,word,2,3,5,51,41,3.9215686274509802,7.317073170731708,-3.3955045432807265
to bet,phrase,2,3,5,51,41,3.9215686274509802,7.317073170731708,-3.3955045432807265
to china's,phrase,2,3,5,51,41,3.9215686274509802,7.317073170731708,-3.3955045432807265
to curb,phrase,2,3,5,51,41,3.9215686274509802,7.317073170731708,-3.3955045432807265
to include,phrase,2,3,5,51,41,3.9215686274509802,7.317073170731708,-3.3955045432807265
to shape,phrase,2,3,5,51,41,3.9215686274509802,7.317073170731708,-3.3955045432807265
to software,phrase,2,3,5,51,41,3.9215686274509802,7.317073170731708,-3.3955045432807265
to south,phrase,2,3,5,51,41,3.9215686274509802,7.317073170731708,-3.3955045432807265
to uae,phrase,2,3,5,51,41,3.9215686274509802,7.317073170731708,-3.3955045432807265
top artificial,phrase,2,3,5,51,41,3.9215686274509802,7.317073170731708,-3.3955045432807265
top pick,phrase,2,3,5,51,41,3.9215686274509802,7.317073170731708,-3.3955045432807265
top semiconductor,phrase,2,3,5,51,41,3.9215686274509802,7.317073170731708,-3.3955045432807265
traded company,phrase,2,3,5,51,41,3.9215686274509802,7.317073170731708,-3.3955045432807265
trap,word,2,3,5,51,41,3.9215686274509802,7.317073170731708,-3.3955045432807265
trillion company,phrase,2,3,5,51,41,3.9215686274509802,7.317073170731708,-3.3955045432807265
turbulence,word,2,3,5,51,41,3.9215686274509802,7.317073170731708,-3.3955045432807265
tw,word,2,3,5,51,41,3.9215686274509802,7.317073170731708,-3.3955045432807265
txn,word,2,3,5,51,41,3.9215686274509802,7.317073170731708,-3.3955045432807265
united arab,phrase,2,3,5,51,41,3.9215686274509802,7.317073170731708,-3.3955045432807265
unlike,word,2,3,5,51,41,3.9215686274509802,7.317073170731708,-3.3955045432807265
valuation debate,phrase,2,3,5,51,41,3.9215686274509802,7.317073170731708,-3.3955045432807265
valuation looks,phrase,2,3,5,51,41,3.9215686274509802,7.317073170731708,-3.3955045432807265
vehicles and,phrase,2,3,5,51,41,3.9215686274509802,7.317073170731708,-3.3955045432807265
video above,phrase,2,3,5,51,41,3.9215686274509802,7.317073170731708,-3.3955045432807265
virtual twins,phrase,2,3,5,51,41,3.9215686274509802,7.317073170731708,-3.3955045432807265
warren buffett,phrase,2,3,5,51,41,3.9215686274509802,7.317073170731708,-3.3955045432807265
was edging,phrase,2,3,5,51,41,3.9215686274509802,7.317073170731708,-3.3955045432807265
wayve,word,2,3,5,51,41,3.9215686274509802,7.317073170731708,-3.3955045432807265
weakness in,phrase,2,3,5,51,41,3.9215686274509802,7.317073170731708,-3.3955045432807265
went from,phrase,2,3,5,51,41,3.9215686274509802,7.317073170731708,-3.3955045432807265
which counts,phrase,2,3,5,51,41,3.9215686274509802,7.317073170731708,-3.3955045432807265
widespread,word,2,3,5,51,41,3.9215686274509802,7.317073170731708,-3.3955045432807265
will deliver,phrase,2,3,5,51,41,3.9215686274509802,7.317073170731708,-3.3955045432807265
will drive,phrase,2,3,5,51,41,3.9215686274509802,7.317073170731708,-3.3955045432807265
winner in,phrase,2,3,5,51,41,3.9215686274509802,7.317073170731708,-3.3955045432807265
with china,phrase,2,3,5,51,41,3.9215686274509802,7.317073170731708,-3.3955045432807265
with cnbc,phrase,2,3,5,51,41,3.9215686274509802,7.317073170731708,-3.3955045432807265
with global,phrase,2,3,5,51,41,3.9215686274509802,7.317073170731708,-3.3955045432807265
with partners,phrase,2,3,5,51,41,3.9215686274509802,7.317073170731708,-3.3955045432807265
worries over,phrase,2,3,5,51,41,3.9215686274509802,7.317073170731708,-3.3955045432807265
year with,phrase,2,3,5,51,41,3.9215686274509802,7.317073170731708,-3.3955045432807265
yoy,word,2,3,5,51,41,3.9215686274509802,7.317073170731708,-3.3955045432807265
investors,word,48,40,88,51,41,94.11764705882354,97.5609756097561,-3.4433285509325673
new,word,48,40,88,51,41,94.11764705882354,97.5609756097561,-3.4433285509325673
tech,word,48,40,88,51,41,94.11764705882354,97.5609756097561,-3.4433285509325673
technology,word,48,40,88,51,41,94.11764705882354,97.5609756097561,-3.4433285509325673
nvidia corporation,phrase,43,36,79,51,41,84.31372549019608,87.8048780487805,-3.4911525585844094
devices,word,38,32,70,51,41,74.50980392156863,78.04878048780488,-3.5389765662362516
performance,word,38,32,70,51,41,74.50980392156863,78.04878048780488,-3.5389765662362516
term,word,33,28,61,51,41,64.70588235294117,68.29268292682927,-3.5868005738880937
to build,phrase,33,28,61,51,41,64.70588235294117,68.29268292682927,-3.5868005738880937
world's,word,33,28,61,51,41,64.70588235294117,68.29268292682927,-3.5868005738880937
click for,phrase,28,24,52,51,41,54.90196078431372,58.53658536585366,-3.6346245815399247
right,word,28,24,52,51,41,54.90196078431372,58.53658536585366,-3.6346245815399247
today announced,phrase,28,24,52,51,41,54.90196078431372,58.53658536585366,-3.6346245815399247
built,word,23,20,43,51,41,45.09803921568628,48.78048780487805,-3.6824485891917726
five,word,23,20,43,51,41,45.09803921568628,48.78048780487805,-3.6824485891917726
profit,word,23,20,43,51,41,45.09803921568628,48.78048780487805,-3.6824485891917726
among the,phrase,18,16,34,51,41,35.294117647058826,39.02439024390244,-3.730272596843615
continue,word,18,16,34,51,41,35.294117647058826,39.02439024390244,-3.730272596843615
in artificial,phrase,18,16,34,51,41,35.294117647058826,39.02439024390244,-3.730272596843615
trades,word,18,16,34,51,41,35.294117647058826,39.02439024390244,-3.730272596843615
war,word,18,16,34,51,41,35.294117647058826,39.02439024390244,-3.730272596843615
alphabet's,word,13,12,25,51,41,25.49019607843137,29.26829268292683,-3.778096604495457
officer,word,13,12,25,51,41,25.49019607843137,29.26829268292683,-3.778096604495457
plan to,phrase,13,12,25,51,41,25.49019607843137,29.26829268292683,-3.778096604495457
sells,word,13,12,25,51,41,25.49019607843137,29.26829268292683,-3.778096604495457
the zacks,phrase,13,12,25,51,41,25.49019607843137,29.26829268292683,-3.778096604495457
ai agents,phrase,8,8,16,51,41,15.686274509803921,19.51219512195122,-3.825920612147299
analysis of,phrase,8,8,16,51,41,15.686274509803921,19.51219512195122,-3.825920612147299
and robotics,phrase,8,8,16,51,41,15.686274509803921,19.51219512195122,-3.825920612147299
asset management,phrase,8,8,16,51,41,15.686274509803921,19.51219512195122,-3.825920612147299
available,word,8,8,16,51,41,15.686274509803921,19.51219512195122,-3.825920612147299
breaking,word,8,8,16,51,41,15.686274509803921,19.51219512195122,-3.825920612147299
computing power,phrase,8,8,16,51,41,15.686274509803921,19.51219512195122,-3.825920612147299
conference in,phrase,8,8,16,51,41,15.686274509803921,19.51219512195122,-3.825920612147299
feb,word,8,8,16,51,41,15.686274509803921,19.51219512195122,-3.825920612147299
gaming,word,8,8,16,51,41,15.686274509803921,19.51219512195122,-3.825920612147299
in january,phrase,8,8,16,51,41,15.686274509803921,19.51219512195122,-3.825920612147299
instinct gpus,phrase,8,8,16,51,41,15.686274509803921,19.51219512195122,-3.825920612147299
investment management,phrase,8,8,16,51,41,15.686274509803921,19.51219512195122,-3.825920612147299
its artificial,phrase,8,8,16,51,41,15.686274509803921,19.51219512195122,-3.825920612147299
its h200,phrase,8,8,16,51,41,15.686274509803921,19.51219512195122,-3.825920612147299
its role,phrase,8,8,16,51,41,15.686274509803921,19.51219512195122,-3.825920612147299
its shares,phrase,8,8,16,51,41,15.686274509803921,19.51219512195122,-3.825920612147299
noted,word,8,8,16,51,41,15.686274509803921,19.51219512195122,-3.825920612147299
revenue and,phrase,8,8,16,51,41,15.686274509803921,19.51219512195122,-3.825920612147299
scalable,word,8,8,16,51,41,15.686274509803921,19.51219512195122,-3.825920612147299
see how,phrase,8,8,16,51,41,15.686274509803921,19.51219512195122,-3.825920612147299
software and,phrase,8,8,16,51,41,15.686274509803921,19.51219512195122,-3.825920612147299
sold out,phrase,8,8,16,51,41,15.686274509803921,19.51219512195122,-3.825920612147299
stories in,phrase,8,8,16,51,41,15.686274509803921,19.51219512195122,-3.825920612147299
surge in,phrase,8,8,16,51,41,15.686274509803921,19.51219512195122,-3.825920612147299
to challenge,phrase,8,8,16,51,41,15.686274509803921,19.51219512195122,-3.825920612147299
to scale,phrase,8,8,16,51,41,15.686274509803921,19.51219512195122,-3.825920612147299
top ai,phrase,8,8,16,51,41,15.686274509803921,19.51219512195122,-3.825920612147299
traction,word,8,8,16,51,41,15.686274509803921,19.51219512195122,-3.825920612147299
uber,word,8,8,16,51,41,15.686274509803921,19.51219512195122,-3.825920612147299
weigh,word,8,8,16,51,41,15.686274509803921,19.51219512195122,-3.825920612147299
6g,word,3,4,7,51,41,5.882352941176471,9.75609756097561,-3.8737446197991394
accelerate ai,phrase,3,4,7,51,41,5.882352941176471,9.75609756097561,-3.8737446197991394
ai across,phrase,3,4,7,51,41,5.882352941176471,9.75609756097561,-3.8737446197991394
ai has,phrase,3,4,7,51,41,5.882352941176471,9.75609756097561,-3.8737446197991394
ai optimism,phrase,3,4,7,51,41,5.882352941176471,9.75609756097561,-3.8737446197991394
ai plays,phrase,3,4,7,51,41,5.882352941176471,9.75609756097561,-3.8737446197991394
alternatives,word,3,4,7,51,41,5.882352941176471,9.75609756097561,-3.8737446197991394
amid strong,phrase,3,4,7,51,41,5.882352941176471,9.75609756097561,-3.8737446197991394
among other,phrase,3,4,7,51,41,5.882352941176471,9.75609756097561,-3.8737446197991394
amounts,word,3,4,7,51,41,5.882352941176471,9.75609756097561,-3.8737446197991394
amounts of,phrase,3,4,7,51,41,5.882352941176471,9.75609756097561,-3.8737446197991394
amzn is,phrase,3,4,7,51,41,5.882352941176471,9.75609756097561,-3.8737446197991394
an important,phrase,3,4,7,51,41,5.882352941176471,9.75609756097561,-3.8737446197991394
and agentic,phrase,3,4,7,51,41,5.882352941176471,9.75609756097561,-3.8737446197991394
and hold,phrase,3,4,7,51,41,5.882352941176471,9.75609756097561,-3.8737446197991394
and inference,phrase,3,4,7,51,41,5.882352941176471,9.75609756097561,-3.8737446197991394
and optical,phrase,3,4,7,51,41,5.882352941176471,9.75609756097561,-3.8737446197991394
and see,phrase,3,4,7,51,41,5.882352941176471,9.75609756097561,-3.8737446197991394
and stories,phrase,3,4,7,51,41,5.882352941176471,9.75609756097561,-3.8737446197991394
and strategic,phrase,3,4,7,51,41,5.882352941176471,9.75609756097561,-3.8737446197991394
anticipated,word,3,4,7,51,41,5.882352941176471,9.75609756097561,-3.8737446197991394
appears to,phrase,3,4,7,51,41,5.882352941176471,9.75609756097561,-3.8737446197991394
are looking,phrase,3,4,7,51,41,5.882352941176471,9.75609756097561,-3.8737446197991394
are trending,phrase,3,4,7,51,41,5.882352941176471,9.75609756097561,-3.8737446197991394
arguing,word,3,4,7,51,41,5.882352941176471,9.75609756097561,-3.8737446197991394
as artificial,phrase,3,4,7,51,41,5.882352941176471,9.75609756097561,-3.8737446197991394
as hyperscalers,phrase,3,4,7,51,41,5.882352941176471,9.75609756097561,-3.8737446197991394
attacks,word,3,4,7,51,41,5.882352941176471,9.75609756097561,-3.8737446197991394
becoming the,phrase,3,4,7,51,41,5.882352941176471,9.75609756097561,-3.8737446197991394
beneficiaries,word,3,4,7,51,41,5.882352941176471,9.75609756097561,-3.8737446197991394
big winners,phrase,3,4,7,51,41,5.882352941176471,9.75609756097561,-3.8737446197991394
billions in,phrase,3,4,7,51,41,5.882352941176471,9.75609756097561,-3.8737446197991394
brilliant,word,3,4,7,51,41,5.882352941176471,9.75609756097561,-3.8737446197991394
build and,phrase,3,4,7,51,41,5.882352941176471,9.75609756097561,-3.8737446197991394
burry's,word,3,4,7,51,41,5.882352941176471,9.75609756097561,-3.8737446197991394
buy on,phrase,3,4,7,51,41,5.882352941176471,9.75609756097561,-3.8737446197991394
buy range,phrase,3,4,7,51,41,5.882352941176471,9.75609756097561,-3.8737446197991394
by market,phrase,3,4,7,51,41,5.882352941176471,9.75609756097561,-3.8737446197991394
call on,phrase,3,4,7,51,41,5.882352941176471,9.75609756097561,-3.8737446197991394
caution,word,3,4,7,51,41,5.882352941176471,9.75609756097561,-3.8737446197991394
center ai,phrase,3,4,7,51,41,5.882352941176471,9.75609756097561,-3.8737446197991394
clears,word,3,4,7,51,41,5.882352941176471,9.75609756097561,-3.8737446197991394
closer look,phrase,3,4,7,51,41,5.882352941176471,9.75609756097561,-3.8737446197991394
cloud company,phrase,3,4,7,51,41,5.882352941176471,9.75609756097561,-3.8737446197991394
comment on,phrase,3,4,7,51,41,5.882352941176471,9.75609756097561,-3.8737446197991394
commentary,word,3,4,7,51,41,5.882352941176471,9.75609756097561,-3.8737446197991394
competition for,phrase,3,4,7,51,41,5.882352941176471,9.75609756097561,-3.8737446197991394
coreweave stock,phrase,3,4,7,51,41,5.882352941176471,9.75609756097561,-3.8737446197991394
creation,word,3,4,7,51,41,5.882352941176471,9.75609756097561,-3.8737446197991394
creator,word,3,4,7,51,41,5.882352941176471,9.75609756097561,-3.8737446197991394
cryptocurrency,word,3,4,7,51,41,5.882352941176471,9.75609756097561,-3.8737446197991394
delays,word,3,4,7,51,41,5.882352941176471,9.75609756097561,-3.8737446197991394
distribution,word,3,4,7,51,41,5.882352941176471,9.75609756097561,-3.8737446197991394
domination host,phrase,3,4,7,51,41,5.882352941176471,9.75609756097561,-3.8737446197991394
either,word,3,4,7,51,41,5.882352941176471,9.75609756097561,-3.8737446197991394
emerge,word,3,4,7,51,41,5.882352941176471,9.75609756097561,-3.8737446197991394
evidence,word,3,4,7,51,41,5.882352941176471,9.75609756097561,-3.8737446197991394
expanded collaboration,phrase,3,4,7,51,41,5.882352941176471,9.75609756097561,-3.8737446197991394
factor,word,3,4,7,51,41,5.882352941176471,9.75609756097561,-3.8737446197991394
factories and,phrase,3,4,7,51,41,5.882352941176471,9.75609756097561,-3.8737446197991394
firm believes,phrase,3,4,7,51,41,5.882352941176471,9.75609756097561,-3.8737446197991394
for enterprise,phrase,3,4,7,51,41,5.882352941176471,9.75609756097561,-3.8737446197991394
for industrial,phrase,3,4,7,51,41,5.882352941176471,9.75609756097561,-3.8737446197991394
for tech,phrase,3,4,7,51,41,5.882352941176471,9.75609756097561,-3.8737446197991394
for use,phrase,3,4,7,51,41,5.882352941176471,9.75609756097561,-3.8737446197991394
friday's,word,3,4,7,51,41,5.882352941176471,9.75609756097561,-3.8737446197991394
ft,word,3,4,7,51,41,5.882352941176471,9.75609756097561,-3.8737446197991394
funding to,phrase,3,4,7,51,41,5.882352941176471,9.75609756097561,-3.8737446197991394
futures are,phrase,3,4,7,51,41,5.882352941176471,9.75609756097561,-3.8737446197991394
futures fall,phrase,3,4,7,51,41,5.882352941176471,9.75609756097561,-3.8737446197991394
ge,word,3,4,7,51,41,5.882352941176471,9.75609756097561,-3.8737446197991394
goods,word,3,4,7,51,41,5.882352941176471,9.75609756097561,-3.8737446197991394
google goog,phrase,3,4,7,51,41,5.882352941176471,9.75609756097561,-3.8737446197991394
google's tensor,phrase,3,4,7,51,41,5.882352941176471,9.75609756097561,-3.8737446197991394
growing demand,phrase,3,4,7,51,41,5.882352941176471,9.75609756097561,-3.8737446197991394
growth expectations,phrase,3,4,7,51,41,5.882352941176471,9.75609756097561,-3.8737446197991394
hand over,phrase,3,4,7,51,41,5.882352941176471,9.75609756097561,-3.8737446197991394
has committed,phrase,3,4,7,51,41,5.882352941176471,9.75609756097561,-3.8737446197991394
has introduced,phrase,3,4,7,51,41,5.882352941176471,9.75609756097561,-3.8737446197991394
has surged,phrase,3,4,7,51,41,5.882352941176471,9.75609756097561,-3.8737446197991394
higher than,phrase,3,4,7,51,41,5.882352941176471,9.75609756097561,-3.8737446197991394
his latest,phrase,3,4,7,51,41,5.882352941176471,9.75609756097561,-3.8737446197991394
huang has,phrase,3,4,7,51,41,5.882352941176471,9.75609756097561,-3.8737446197991394
i'd,word,3,4,7,51,41,5.882352941176471,9.75609756097561,-3.8737446197991394
import,word,3,4,7,51,41,5.882352941176471,9.75609756097561,-3.8737446197991394
in microsoft,phrase,3,4,7,51,41,5.882352941176471,9.75609756097561,-3.8737446197991394
in south,phrase,3,4,7,51,41,5.882352941176471,9.75609756097561,-3.8737446197991394
individual,word,3,4,7,51,41,5.882352941176471,9.75609756097561,-3.8737446197991394
inflection,word,3,4,7,51,41,5.882352941176471,9.75609756097561,-3.8737446197991394
inflection point,phrase,3,4,7,51,41,5.882352941176471,9.75609756097561,-3.8737446197991394
innovation and,phrase,3,4,7,51,41,5.882352941176471,9.75609756097561,-3.8737446197991394
integrates,word,3,4,7,51,41,5.882352941176471,9.75609756097561,-3.8737446197991394
intelligence applications,phrase,3,4,7,51,41,5.882352941176471,9.75609756097561,-3.8737446197991394
investor optimism,phrase,3,4,7,51,41,5.882352941176471,9.75609756097561,-3.8737446197991394
is taking,phrase,3,4,7,51,41,5.882352941176471,9.75609756097561,-3.8737446197991394
is targeting,phrase,3,4,7,51,41,5.882352941176471,9.75609756097561,-3.8737446197991394
isaac,word,3,4,7,51,41,5.882352941176471,9.75609756097561,-3.8737446197991394
it's time,phrase,3,4,7,51,41,5.882352941176471,9.75609756097561,-3.8737446197991394
joins nvidia,phrase,3,4,7,51,41,5.882352941176471,9.75609756097561,-3.8737446197991394
kevin,word,3,4,7,51,41,5.882352941176471,9.75609756097561,-3.8737446197991394
korea's,word,3,4,7,51,41,5.882352941176471,9.75609756097561,-3.8737446197991394
lead to,phrase,3,4,7,51,41,5.882352941176471,9.75609756097561,-3.8737446197991394
leaning,word,3,4,7,51,41,5.882352941176471,9.75609756097561,-3.8737446197991394
legacy,word,3,4,7,51,41,5.882352941176471,9.75609756097561,-3.8737446197991394
line with,phrase,3,4,7,51,41,5.882352941176471,9.75609756097561,-3.8737446197991394
lock,word,3,4,7,51,41,5.882352941176471,9.75609756097561,-3.8737446197991394
maia,word,3,4,7,51,41,5.882352941176471,9.75609756097561,-3.8737446197991394
market gains,phrase,3,4,7,51,41,5.882352941176471,9.75609756097561,-3.8737446197991394
market has,phrase,3,4,7,51,41,5.882352941176471,9.75609756097561,-3.8737446197991394
market report,phrase,3,4,7,51,41,5.882352941176471,9.75609756097561,-3.8737446197991394
mi450,word,3,4,7,51,41,5.882352941176471,9.75609756097561,-3.8737446197991394
midday trading,phrase,3,4,7,51,41,5.882352941176471,9.75609756097561,-3.8737446197991394
million series,phrase,3,4,7,51,41,5.882352941176471,9.75609756097561,-3.8737446197991394
mix,word,3,4,7,51,41,5.882352941176471,9.75609756097561,-3.8737446197991394
modern,word,3,4,7,51,41,5.882352941176471,9.75609756097561,-3.8737446197991394
monetization,word,3,4,7,51,41,5.882352941176471,9.75609756097561,-3.8737446197991394
monopoly,word,3,4,7,51,41,5.882352941176471,9.75609756097561,-3.8737446197991394
mood,word,3,4,7,51,41,5.882352941176471,9.75609756097561,-3.8737446197991394
most recent,phrase,3,4,7,51,41,5.882352941176471,9.75609756097561,-3.8737446197991394
move comes,phrase,3,4,7,51,41,5.882352941176471,9.75609756097561,-3.8737446197991394
move that,phrase,3,4,7,51,41,5.882352941176471,9.75609756097561,-3.8737446197991394
nearing,word,3,4,7,51,41,5.882352941176471,9.75609756097561,-3.8737446197991394
negative,word,3,4,7,51,41,5.882352941176471,9.75609756097561,-3.8737446197991394
new products,phrase,3,4,7,51,41,5.882352941176471,9.75609756097561,-3.8737446197991394
next five,phrase,3,4,7,51,41,5.882352941176471,9.75609756097561,-3.8737446197991394
north america,phrase,3,4,7,51,41,5.882352941176471,9.75609756097561,-3.8737446197991394
nvidia advanced,phrase,3,4,7,51,41,5.882352941176471,9.75609756097561,-3.8737446197991394
nvidia oracle,phrase,3,4,7,51,41,5.882352941176471,9.75609756097561,-3.8737446197991394
nvidia set,phrase,3,4,7,51,41,5.882352941176471,9.75609756097561,-3.8737446197991394
nvidia's revenue,phrase,3,4,7,51,41,5.882352941176471,9.75609756097561,-3.8737446197991394
of gpu,phrase,3,4,7,51,41,5.882352941176471,9.75609756097561,-3.8737446197991394
of growth,phrase,3,4,7,51,41,5.882352941176471,9.75609756097561,-3.8737446197991394
of several,phrase,3,4,7,51,41,5.882352941176471,9.75609756097561,-3.8737446197991394
office,word,3,4,7,51,41,5.882352941176471,9.75609756097561,-3.8737446197991394
on feb,phrase,3,4,7,51,41,5.882352941176471,9.75609756097561,-3.8737446197991394
on surging,phrase,3,4,7,51,41,5.882352941176471,9.75609756097561,-3.8737446197991394
optimistic about,phrase,3,4,7,51,41,5.882352941176471,9.75609756097561,-3.8737446197991394
order to,phrase,3,4,7,51,41,5.882352941176471,9.75609756097561,-3.8737446197991394
path to,phrase,3,4,7,51,41,5.882352941176471,9.75609756097561,-3.8737446197991394
players in,phrase,3,4,7,51,41,5.882352941176471,9.75609756097561,-3.8737446197991394
pointed,word,3,4,7,51,41,5.882352941176471,9.75609756097561,-3.8737446197991394
portfolios,word,3,4,7,51,41,5.882352941176471,9.75609756097561,-3.8737446197991394
posting the,phrase,3,4,7,51,41,5.882352941176471,9.75609756097561,-3.8737446197991394
prepares to,phrase,3,4,7,51,41,5.882352941176471,9.75609756097561,-3.8737446197991394
processors and,phrase,3,4,7,51,41,5.882352941176471,9.75609756097561,-3.8737446197991394
promise,word,3,4,7,51,41,5.882352941176471,9.75609756097561,-3.8737446197991394
pushed back,phrase,3,4,7,51,41,5.882352941176471,9.75609756097561,-3.8737446197991394
red hot,phrase,3,4,7,51,41,5.882352941176471,9.75609756097561,-3.8737446197991394
rely,word,3,4,7,51,41,5.882352941176471,9.75609756097561,-3.8737446197991394
remarks,word,3,4,7,51,41,5.882352941176471,9.75609756097561,-3.8737446197991394
revenue up,phrase,3,4,7,51,41,5.882352941176471,9.75609756097561,-3.8737446197991394
reverse,word,3,4,7,51,41,5.882352941176471,9.75609756097561,-3.8737446197991394
rises after,phrase,3,4,7,51,41,5.882352941176471,9.75609756097561,-3.8737446197991394
satellite,word,3,4,7,51,41,5.882352941176471,9.75609756097561,-3.8737446197991394
scalability,word,3,4,7,51,41,5.882352941176471,9.75609756097561,-3.8737446197991394
services and,phrase,3,4,7,51,41,5.882352941176471,9.75609756097561,-3.8737446197991394
shake,word,3,4,7,51,41,5.882352941176471,9.75609756097561,-3.8737446197991394
shock,word,3,4,7,51,41,5.882352941176471,9.75609756097561,-3.8737446197991394
slide as,phrase,3,4,7,51,41,5.882352941176471,9.75609756097561,-3.8737446197991394
solutions to,phrase,3,4,7,51,41,5.882352941176471,9.75609756097561,-3.8737446197991394
south korea's,phrase,3,4,7,51,41,5.882352941176471,9.75609756097561,-3.8737446197991394
special,word,3,4,7,51,41,5.882352941176471,9.75609756097561,-3.8737446197991394
spoke,word,3,4,7,51,41,5.882352941176471,9.75609756097561,-3.8737446197991394
stephen,word,3,4,7,51,41,5.882352941176471,9.75609756097561,-3.8737446197991394
still the,phrase,3,4,7,51,41,5.882352941176471,9.75609756097561,-3.8737446197991394
store,word,3,4,7,51,41,5.882352941176471,9.75609756097561,-3.8737446197991394
street to,phrase,3,4,7,51,41,5.882352941176471,9.75609756097561,-3.8737446197991394
successful,word,3,4,7,51,41,5.882352941176471,9.75609756097561,-3.8737446197991394
supply agreement,phrase,3,4,7,51,41,5.882352941176471,9.75609756097561,-3.8737446197991394
surpassed,word,3,4,7,51,41,5.882352941176471,9.75609756097561,-3.8737446197991394
technology stock,phrase,3,4,7,51,41,5.882352941176471,9.75609756097561,-3.8737446197991394
ten,word,3,4,7,51,41,5.882352941176471,9.75609756097561,-3.8737446197991394
the benchmark,phrase,3,4,7,51,41,5.882352941176471,9.75609756097561,-3.8737446197991394
the blackwell,phrase,3,4,7,51,41,5.882352941176471,9.75609756097561,-3.8737446197991394
the consumer,phrase,3,4,7,51,41,5.882352941176471,9.75609756097561,-3.8737446197991394
the month,phrase,3,4,7,51,41,5.882352941176471,9.75609756097561,-3.8737446197991394
the rest,phrase,3,4,7,51,41,5.882352941176471,9.75609756097561,-3.8737446197991394
the taiwanese,phrase,3,4,7,51,41,5.882352941176471,9.75609756097561,-3.8737446197991394
this tech,phrase,3,4,7,51,41,5.882352941176471,9.75609756097561,-3.8737446197991394
tickers and,phrase,3,4,7,51,41,5.882352941176471,9.75609756097561,-3.8737446197991394
titan nvidia,phrase,3,4,7,51,41,5.882352941176471,9.75609756097561,-3.8737446197991394
to handle,phrase,3,4,7,51,41,5.882352941176471,9.75609756097561,-3.8737446197991394
to lead,phrase,3,4,7,51,41,5.882352941176471,9.75609756097561,-3.8737446197991394
to open,phrase,3,4,7,51,41,5.882352941176471,9.75609756097561,-3.8737446197991394
to say,phrase,3,4,7,51,41,5.882352941176471,9.75609756097561,-3.8737446197991394
tomorrow,word,3,4,7,51,41,5.882352941176471,9.75609756097561,-3.8737446197991394
tone,word,3,4,7,51,41,5.882352941176471,9.75609756097561,-3.8737446197991394
tsmc the,phrase,3,4,7,51,41,5.882352941176471,9.75609756097561,-3.8737446197991394
tuesday that,phrase,3,4,7,51,41,5.882352941176471,9.75609756097561,-3.8737446197991394
type,word,3,4,7,51,41,5.882352941176471,9.75609756097561,-3.8737446197991394
unstoppable stock,phrase,3,4,7,51,41,5.882352941176471,9.75609756097561,-3.8737446197991394
watch in,phrase,3,4,7,51,41,5.882352941176471,9.75609756097561,-3.8737446197991394
what's next,phrase,3,4,7,51,41,5.882352941176471,9.75609756097561,-3.8737446197991394
with coreweave,phrase,3,4,7,51,41,5.882352941176471,9.75609756097561,-3.8737446197991394
word,word,3,4,7,51,41,5.882352941176471,9.75609756097561,-3.8737446197991394
work on,phrase,3,4,7,51,41,5.882352941176471,9.75609756097561,-3.8737446197991394
your portfolio,phrase,3,4,7,51,41,5.882352941176471,9.75609756097561,-3.8737446197991394
youtube,word,3,4,7,51,41,5.882352941176471,9.75609756097561,-3.8737446197991394
billion,word,49,41,90,51,41,96.07843137254902,100.0,-3.9215686274509776
demand,word,49,41,90,51,41,96.07843137254902,100.0,-3.9215686274509776
year,word,49,41,90,51,41,96.07843137254902,100.0,-3.9215686274509776
like,word,44,37,81,51,41,86.27450980392157,90.2439024390244,-3.9693926351028197
and ai,phrase,34,29,63,51,41,66.66666666666667,70.73170731707317,-4.0650406504065035
look,word,34,29,63,51,41,66.66666666666667,70.73170731707317,-4.0650406504065035
faces,word,29,25,54,51,41,56.86274509803921,60.97560975609756,-4.112864658058346
nvidia has,phrase,29,25,54,51,41,56.86274509803921,60.97560975609756,-4.112864658058346
plans to,phrase,29,25,54,51,41,56.86274509803921,60.97560975609756,-4.112864658058346
reuters,word,29,25,54,51,41,56.86274509803921,60.97560975609756,-4.112864658058346
executive,word,24,21,45,51,41,47.05882352941177,51.21951219512195,-4.160688665710188
from nvidia,phrase,24,21,45,51,41,47.05882352941177,51.21951219512195,-4.160688665710188
insights and,phrase,24,21,45,51,41,47.05882352941177,51.21951219512195,-4.160688665710188
microsoft and,phrase,24,21,45,51,41,47.05882352941177,51.21951219512195,-4.160688665710188
this week,phrase,24,21,45,51,41,47.05882352941177,51.21951219512195,-4.160688665710188
calls,word,19,17,36,51,41,37.254901960784316,41.46341463414634,-4.208512673362025
come,word,19,17,36,51,41,37.254901960784316,41.46341463414634,-4.208512673362025
exposure,word,19,17,36,51,41,37.254901960784316,41.46341463414634,-4.208512673362025
google's,word,19,17,36,51,41,37.254901960784316,41.46341463414634,-4.208512673362025
return,word,19,17,36,51,41,37.254901960784316,41.46341463414634,-4.208512673362025
series,word,19,17,36,51,41,37.254901960784316,41.46341463414634,-4.208512673362025
ai compute,phrase,14,13,27,51,41,27.45098039215686,31.70731707317073,-4.256336681013867
broadcom's,word,14,13,27,51,41,27.45098039215686,31.70731707317073,-4.256336681013867
club,word,14,13,27,51,41,27.45098039215686,31.70731707317073,-4.256336681013867
developing,word,14,13,27,51,41,27.45098039215686,31.70731707317073,-4.256336681013867
drop,word,14,13,27,51,41,27.45098039215686,31.70731707317073,-4.256336681013867
gained,word,14,13,27,51,41,27.45098039215686,31.70731707317073,-4.256336681013867
information,word,14,13,27,51,41,27.45098039215686,31.70731707317073,-4.256336681013867
initiative,word,14,13,27,51,41,27.45098039215686,31.70731707317073,-4.256336681013867
lot,word,14,13,27,51,41,27.45098039215686,31.70731707317073,-4.256336681013867
market's,word,14,13,27,51,41,27.45098039215686,31.70731707317073,-4.256336681013867
nebius,word,14,13,27,51,41,27.45098039215686,31.70731707317073,-4.256336681013867
shipments,word,14,13,27,51,41,27.45098039215686,31.70731707317073,-4.256336681013867
shortage,word,14,13,27,51,41,27.45098039215686,31.70731707317073,-4.256336681013867
threat,word,14,13,27,51,41,27.45098039215686,31.70731707317073,-4.256336681013867
tpu,word,14,13,27,51,41,27.45098039215686,31.70731707317073,-4.256336681013867
upcoming,word,14,13,27,51,41,27.45098039215686,31.70731707317073,-4.256336681013867
vera,word,14,13,27,51,41,27.45098039215686,31.70731707317073,-4.256336681013867
additional,word,9,9,18,51,41,17.647058823529413,21.951219512195124,-4.304160688665709
ai deals,phrase,9,9,18,51,41,17.647058823529413,21.951219512195124,-4.304160688665709
analytics,word,9,9,18,51,41,17.647058823529413,21.951219512195124,-4.304160688665709
and ceo,phrase,9,9,18,51,41,17.647058823529413,21.951219512195124,-4.304160688665709
are still,phrase,9,9,18,51,41,17.647058823529413,21.951219512195124,-4.304160688665709
assets,word,9,9,18,51,41,17.647058823529413,21.951219512195124,-4.304160688665709
bell,word,9,9,18,51,41,17.647058823529413,21.951219512195124,-4.304160688665709
commitments,word,9,9,18,51,41,17.647058823529413,21.951219512195124,-4.304160688665709
composite,word,9,9,18,51,41,17.647058823529413,21.951219512195124,-4.304160688665709
construction,word,9,9,18,51,41,17.647058823529413,21.951219512195124,-4.304160688665709
crucial,word,9,9,18,51,41,17.647058823529413,21.951219512195124,-4.304160688665709
details,word,9,9,18,51,41,17.647058823529413,21.951219512195124,-4.304160688665709
everyone,word,9,9,18,51,41,17.647058823529413,21.951219512195124,-4.304160688665709
forget,word,9,9,18,51,41,17.647058823529413,21.951219512195124,-4.304160688665709
incredible,word,9,9,18,51,41,17.647058823529413,21.951219512195124,-4.304160688665709
just delivered,phrase,9,9,18,51,41,17.647058823529413,21.951219512195124,-4.304160688665709
main,word,9,9,18,51,41,17.647058823529413,21.951219512195124,-4.304160688665709
mu stock,phrase,9,9,18,51,41,17.647058823529413,21.951219512195124,-4.304160688665709
nvidia amazon,phrase,9,9,18,51,41,17.647058823529413,21.951219512195124,-4.304160688665709
nvidia vs,phrase,9,9,18,51,41,17.647058823529413,21.951219512195124,-4.304160688665709
partnering,word,9,9,18,51,41,17.647058823529413,21.951219512195124,-4.304160688665709
place,word,9,9,18,51,41,17.647058823529413,21.951219512195124,-4.304160688665709
pvt,word,9,9,18,51,41,17.647058823529413,21.951219512195124,-4.304160688665709
reuters reported,phrase,9,9,18,51,41,17.647058823529413,21.951219512195124,-4.304160688665709
rules,word,9,9,18,51,41,17.647058823529413,21.951219512195124,-4.304160688665709
target to,phrase,9,9,18,51,41,17.647058823529413,21.951219512195124,-4.304160688665709
teams,word,9,9,18,51,41,17.647058823529413,21.951219512195124,-4.304160688665709
the information,phrase,9,9,18,51,41,17.647058823529413,21.951219512195124,-4.304160688665709
the market's,phrase,9,9,18,51,41,17.647058823529413,21.951219512195124,-4.304160688665709
the spotlight,phrase,9,9,18,51,41,17.647058823529413,21.951219512195124,-4.304160688665709
to start,phrase,9,9,18,51,41,17.647058823529413,21.951219512195124,-4.304160688665709
tracks,word,9,9,18,51,41,17.647058823529413,21.951219512195124,-4.304160688665709
upgraded,word,9,9,18,51,41,17.647058823529413,21.951219512195124,-4.304160688665709
us stock,phrase,9,9,18,51,41,17.647058823529413,21.951219512195124,-4.304160688665709
vertiv,word,9,9,18,51,41,17.647058823529413,21.951219512195124,-4.304160688665709
acceleration,word,4,5,9,51,41,7.8431372549019605,12.195121951219512,-4.351984696317551
advances in,phrase,4,5,9,51,41,7.8431372549019605,12.195121951219512,-4.351984696317551
ai ambitions,phrase,4,5,9,51,41,7.8431372549019605,12.195121951219512,-4.351984696317551
ai arms,phrase,4,5,9,51,41,7.8431372549019605,12.195121951219512,-4.351984696317551
ai networking,phrase,4,5,9,51,41,7.8431372549019605,12.195121951219512,-4.351984696317551
ai ready,phrase,4,5,9,51,41,7.8431372549019605,12.195121951219512,-4.351984696317551
ai will,phrase,4,5,9,51,41,7.8431372549019605,12.195121951219512,-4.351984696317551
alliance with,phrase,4,5,9,51,41,7.8431372549019605,12.195121951219512,-4.351984696317551
alphabet microsoft,phrase,4,5,9,51,41,7.8431372549019605,12.195121951219512,-4.351984696317551
amazon microsoft,phrase,4,5,9,51,41,7.8431372549019605,12.195121951219512,-4.351984696317551
and autonomous,phrase,4,5,9,51,41,7.8431372549019605,12.195121951219512,-4.351984696317551
and investment,phrase,4,5,9,51,41,7.8431372549019605,12.195121951219512,-4.351984696317551
and marvell,phrase,4,5,9,51,41,7.8431372549019605,12.195121951219512,-4.351984696317551
and security,phrase,4,5,9,51,41,7.8431372549019605,12.195121951219512,-4.351984696317551
annual revenue,phrase,4,5,9,51,41,7.8431372549019605,12.195121951219512,-4.351984696317551
approach to,phrase,4,5,9,51,41,7.8431372549019605,12.195121951219512,-4.351984696317551
as competition,phrase,4,5,9,51,41,7.8431372549019605,12.195121951219512,-4.351984696317551
autonomy,word,4,5,9,51,41,7.8431372549019605,12.195121951219512,-4.351984696317551
back into,phrase,4,5,9,51,41,7.8431372549019605,12.195121951219512,-4.351984696317551
backbone,word,4,5,9,51,41,7.8431372549019605,12.195121951219512,-4.351984696317551
begins,word,4,5,9,51,41,7.8431372549019605,12.195121951219512,-4.351984696317551
beneficiary of,phrase,4,5,9,51,41,7.8431372549019605,12.195121951219512,-4.351984696317551
big short,phrase,4,5,9,51,41,7.8431372549019605,12.195121951219512,-4.351984696317551
bolster,word,4,5,9,51,41,7.8431372549019605,12.195121951219512,-4.351984696317551
bonds,word,4,5,9,51,41,7.8431372549019605,12.195121951219512,-4.351984696317551
by former,phrase,4,5,9,51,41,7.8431372549019605,12.195121951219512,-4.351984696317551
cars,word,4,5,9,51,41,7.8431372549019605,12.195121951219512,-4.351984696317551
ceos,word,4,5,9,51,41,7.8431372549019605,12.195121951219512,-4.351984696317551
coherent,word,4,5,9,51,41,7.8431372549019605,12.195121951219512,-4.351984696317551
could change,phrase,4,5,9,51,41,7.8431372549019605,12.195121951219512,-4.351984696317551
crown,word,4,5,9,51,41,7.8431372549019605,12.195121951219512,-4.351984696317551
csco,word,4,5,9,51,41,7.8431372549019605,12.195121951219512,-4.351984696317551
daniel,word,4,5,9,51,41,7.8431372549019605,12.195121951219512,-4.351984696317551
de,word,4,5,9,51,41,7.8431372549019605,12.195121951219512,-4.351984696317551
deeper into,phrase,4,5,9,51,41,7.8431372549019605,12.195121951219512,-4.351984696317551
difficult,word,4,5,9,51,41,7.8431372549019605,12.195121951219512,-4.351984696317551
dividend,word,4,5,9,51,41,7.8431372549019605,12.195121951219512,-4.351984696317551
dji,word,4,5,9,51,41,7.8431372549019605,12.195121951219512,-4.351984696317551
dollar ai,phrase,4,5,9,51,41,7.8431372549019605,12.195121951219512,-4.351984696317551
dominating,word,4,5,9,51,41,7.8431372549019605,12.195121951219512,-4.351984696317551
drivers,word,4,5,9,51,41,7.8431372549019605,12.195121951219512,-4.351984696317551
earlier in,phrase,4,5,9,51,41,7.8431372549019605,12.195121951219512,-4.351984696317551
earnings estimates,phrase,4,5,9,51,41,7.8431372549019605,12.195121951219512,-4.351984696317551
earnings loom,phrase,4,5,9,51,41,7.8431372549019605,12.195121951219512,-4.351984696317551
equivalent,word,4,5,9,51,41,7.8431372549019605,12.195121951219512,-4.351984696317551
faced,word,4,5,9,51,41,7.8431372549019605,12.195121951219512,-4.351984696317551
forefront,word,4,5,9,51,41,7.8431372549019605,12.195121951219512,-4.351984696317551
founder of,phrase,4,5,9,51,41,7.8431372549019605,12.195121951219512,-4.351984696317551
friday as,phrase,4,5,9,51,41,7.8431372549019605,12.195121951219512,-4.351984696317551
fundraising,word,4,5,9,51,41,7.8431372549019605,12.195121951219512,-4.351984696317551
gains as,phrase,4,5,9,51,41,7.8431372549019605,12.195121951219512,-4.351984696317551
google tpu,phrase,4,5,9,51,41,7.8431372549019605,12.195121951219512,-4.351984696317551
heavily in,phrase,4,5,9,51,41,7.8431372549019605,12.195121951219512,-4.351984696317551
hit by,phrase,4,5,9,51,41,7.8431372549019605,12.195121951219512,-4.351984696317551
host josh,phrase,4,5,9,51,41,7.8431372549019605,12.195121951219512,-4.351984696317551
in custom,phrase,4,5,9,51,41,7.8431372549019605,12.195121951219512,-4.351984696317551
in q3,phrase,4,5,9,51,41,7.8431372549019605,12.195121951219512,-4.351984696317551
integrations,word,4,5,9,51,41,7.8431372549019605,12.195121951219512,-4.351984696317551
is betting,phrase,4,5,9,51,41,7.8431372549019605,12.195121951219512,-4.351984696317551
it's the,phrase,4,5,9,51,41,7.8431372549019605,12.195121951219512,-4.351984696317551
its biggest,phrase,4,5,9,51,41,7.8431372549019605,12.195121951219512,-4.351984696317551
its full,phrase,4,5,9,51,41,7.8431372549019605,12.195121951219512,-4.351984696317551
its high,phrase,4,5,9,51,41,7.8431372549019605,12.195121951219512,-4.351984696317551
look like,phrase,4,5,9,51,41,7.8431372549019605,12.195121951219512,-4.351984696317551
mad,word,4,5,9,51,41,7.8431372549019605,12.195121951219512,-4.351984696317551
made by,phrase,4,5,9,51,41,7.8431372549019605,12.195121951219512,-4.351984696317551
market chatter,phrase,4,5,9,51,41,7.8431372549019605,12.195121951219512,-4.351984696317551
members,word,4,5,9,51,41,7.8431372549019605,12.195121951219512,-4.351984696317551
my nvda,phrase,4,5,9,51,41,7.8431372549019605,12.195121951219512,-4.351984696317551
needs to,phrase,4,5,9,51,41,7.8431372549019605,12.195121951219512,-4.351984696317551
nvidia but,phrase,4,5,9,51,41,7.8431372549019605,12.195121951219512,-4.351984696317551
of big,phrase,4,5,9,51,41,7.8431372549019605,12.195121951219512,-4.351984696317551
of global,phrase,4,5,9,51,41,7.8431372549019605,12.195121951219512,-4.351984696317551
on amazon's,phrase,4,5,9,51,41,7.8431372549019605,12.195121951219512,-4.351984696317551
on investors,phrase,4,5,9,51,41,7.8431372549019605,12.195121951219512,-4.351984696317551
on october,phrase,4,5,9,51,41,7.8431372549019605,12.195121951219512,-4.351984696317551
on stocks,phrase,4,5,9,51,41,7.8431372549019605,12.195121951219512,-4.351984696317551
operators,word,4,5,9,51,41,7.8431372549019605,12.195121951219512,-4.351984696317551
outlined,word,4,5,9,51,41,7.8431372549019605,12.195121951219512,-4.351984696317551
performance ai,phrase,4,5,9,51,41,7.8431372549019605,12.195121951219512,-4.351984696317551
performers,word,4,5,9,51,41,7.8431372549019605,12.195121951219512,-4.351984696317551
play the,phrase,4,5,9,51,41,7.8431372549019605,12.195121951219512,-4.351984696317551
portfolio manager,phrase,4,5,9,51,41,7.8431372549019605,12.195121951219512,-4.351984696317551
q3 results,phrase,4,5,9,51,41,7.8431372549019605,12.195121951219512,-4.351984696317551
reflecting,word,4,5,9,51,41,7.8431372549019605,12.195121951219512,-4.351984696317551
regulations,word,4,5,9,51,41,7.8431372549019605,12.195121951219512,-4.351984696317551
replace,word,4,5,9,51,41,7.8431372549019605,12.195121951219512,-4.351984696317551
report on,phrase,4,5,9,51,41,7.8431372549019605,12.195121951219512,-4.351984696317551
results and,phrase,4,5,9,51,41,7.8431372549019605,12.195121951219512,-4.351984696317551
results are,phrase,4,5,9,51,41,7.8431372549019605,12.195121951219512,-4.351984696317551
says he,phrase,4,5,9,51,41,7.8431372549019605,12.195121951219512,-4.351984696317551
shaping,word,4,5,9,51,41,7.8431372549019605,12.195121951219512,-4.351984696317551
since april,phrase,4,5,9,51,41,7.8431372549019605,12.195121951219512,-4.351984696317551
squawk,word,4,5,9,51,41,7.8431372549019605,12.195121951219512,-4.351984696317551
steep,word,4,5,9,51,41,7.8431372549019605,12.195121951219512,-4.351984696317551
synopsys,word,4,5,9,51,41,7.8431372549019605,12.195121951219512,-4.351984696317551
tailored,word,4,5,9,51,41,7.8431372549019605,12.195121951219512,-4.351984696317551
taiwanese,word,4,5,9,51,41,7.8431372549019605,12.195121951219512,-4.351984696317551
teaming up,phrase,4,5,9,51,41,7.8431372549019605,12.195121951219512,-4.351984696317551
technology stocks,phrase,4,5,9,51,41,7.8431372549019605,12.195121951219512,-4.351984696317551
the board,phrase,4,5,9,51,41,7.8431372549019605,12.195121951219512,-4.351984696317551
the boom,phrase,4,5,9,51,41,7.8431372549019605,12.195121951219512,-4.351984696317551
the close,phrase,4,5,9,51,41,7.8431372549019605,12.195121951219512,-4.351984696317551
the earnings,phrase,4,5,9,51,41,7.8431372549019605,12.195121951219512,-4.351984696317551
the forefront,phrase,4,5,9,51,41,7.8431372549019605,12.195121951219512,-4.351984696317551
this artificial,phrase,4,5,9,51,41,7.8431372549019605,12.195121951219512,-4.351984696317551
this partnership,phrase,4,5,9,51,41,7.8431372549019605,12.195121951219512,-4.351984696317551
ticker nasdaqgs,phrase,4,5,9,51,41,7.8431372549019605,12.195121951219512,-4.351984696317551
to go,phrase,4,5,9,51,41,7.8431372549019605,12.195121951219512,-4.351984696317551
to pay,phrase,4,5,9,51,41,7.8431372549019605,12.195121951219512,-4.351984696317551
trillion valuation,phrase,4,5,9,51,41,7.8431372549019605,12.195121951219512,-4.351984696317551
true,word,4,5,9,51,41,7.8431372549019605,12.195121951219512,-4.351984696317551
trust,word,4,5,9,51,41,7.8431372549019605,12.195121951219512,-4.351984696317551
tuesday it,phrase,4,5,9,51,41,7.8431372549019605,12.195121951219512,-4.351984696317551
visit,word,4,5,9,51,41,7.8431372549019605,12.195121951219512,-4.351984696317551
watched,word,4,5,9,51,41,7.8431372549019605,12.195121951219512,-4.351984696317551
wednesday that,phrase,4,5,9,51,41,7.8431372549019605,12.195121951219512,-4.351984696317551
week on,phrase,4,5,9,51,41,7.8431372549019605,12.195121951219512,-4.351984696317551
why it's,phrase,4,5,9,51,41,7.8431372549019605,12.195121951219512,-4.351984696317551
amid,word,45,38,83,51,41,88.23529411764706,92.6829268292683,-4.447632711621241
ceo,word,45,38,83,51,41,88.23529411764706,92.6829268292683,-4.447632711621241
price,word,45,38,83,51,41,88.23529411764706,92.6829268292683,-4.447632711621241
in ai,phrase,40,34,74,51,41,78.43137254901961,82.92682926829268,-4.495456719273072
due,word,30,26,56,51,41,58.8235294117647,63.41463414634146,-4.591104734576756
far,word,30,26,56,51,41,58.8235294117647,63.41463414634146,-4.591104734576756
long term,phrase,30,26,56,51,41,58.8235294117647,63.41463414634146,-4.591104734576756
made,word,30,26,56,51,41,58.8235294117647,63.41463414634146,-4.591104734576756
strategy,word,30,26,56,51,41,58.8235294117647,63.41463414634146,-4.591104734576756
bet,word,25,22,47,51,41,49.01960784313726,53.65853658536585,-4.638928742228604
demand and,phrase,25,22,47,51,41,49.01960784313726,53.65853658536585,-4.638928742228604
the tech,phrase,25,22,47,51,41,49.01960784313726,53.65853658536585,-4.638928742228604
what's,word,25,22,47,51,41,49.01960784313726,53.65853658536585,-4.638928742228604
anthropic,word,20,18,38,51,41,39.21568627450981,43.90243902439025,-4.686752749880441
cost,word,20,18,38,51,41,39.21568627450981,43.90243902439025,-4.686752749880441
delivered,word,20,18,38,51,41,39.21568627450981,43.90243902439025,-4.686752749880441
in recent,phrase,20,18,38,51,41,39.21568627450981,43.90243902439025,-4.686752749880441
nvidia's ai,phrase,20,18,38,51,41,39.21568627450981,43.90243902439025,-4.686752749880441
premarket,word,20,18,38,51,41,39.21568627450981,43.90243902439025,-4.686752749880441
backed by,phrase,15,14,29,51,41,29.41176470588235,34.146341463414636,-4.734576757532283
deepens,word,15,14,29,51,41,29.41176470588235,34.146341463414636,-4.734576757532283
deliver,word,15,14,29,51,41,29.41176470588235,34.146341463414636,-4.734576757532283
gets,word,15,14,29,51,41,29.41176470588235,34.146341463414636,-4.734576757532283
ideas,word,15,14,29,51,41,29.41176470588235,34.146341463414636,-4.734576757532283
impact,word,15,14,29,51,41,29.41176470588235,34.146341463414636,-4.734576757532283
nvidia apple,phrase,15,14,29,51,41,29.41176470588235,34.146341463414636,-4.734576757532283
signed,word,15,14,29,51,41,29.41176470588235,34.146341463414636,-4.734576757532283
the last,phrase,15,14,29,51,41,29.41176470588235,34.146341463414636,-4.734576757532283
to boost,phrase,15,14,29,51,41,29.41176470588235,34.146341463414636,-4.734576757532283
to know,phrase,15,14,29,51,41,29.41176470588235,34.146341463414636,-4.734576757532283
volatility,word,15,14,29,51,41,29.41176470588235,34.146341463414636,-4.734576757532283
with openai,phrase,15,14,29,51,41,29.41176470588235,34.146341463414636,-4.734576757532283
ai factories,phrase,10,10,20,51,41,19.607843137254903,24.390243902439025,-4.782400765184122
amd instinct,phrase,10,10,20,51,41,19.607843137254903,24.390243902439025,-4.782400765184122
continue to,phrase,10,10,20,51,41,19.607843137254903,24.390243902439025,-4.782400765184122
following the,phrase,10,10,20,51,41,19.607843137254903,24.390243902439025,-4.782400765184122
market share,phrase,10,10,20,51,41,19.607843137254903,24.390243902439025,-4.782400765184122
of america,phrase,10,10,20,51,41,19.607843137254903,24.390243902439025,-4.782400765184122
of earnings,phrase,10,10,20,51,41,19.607843137254903,24.390243902439025,-4.782400765184122
partnerships with,phrase,10,10,20,51,41,19.607843137254903,24.390243902439025,-4.782400765184122
quarter earnings,phrase,10,10,20,51,41,19.607843137254903,24.390243902439025,-4.782400765184122
rallies,word,10,10,20,51,41,19.607843137254903,24.390243902439025,-4.782400765184122
sam,word,10,10,20,51,41,19.607843137254903,24.390243902439025,-4.782400765184122
stocks on,phrase,10,10,20,51,41,19.607843137254903,24.390243902439025,-4.782400765184122
these moves,phrase,10,10,20,51,41,19.607843137254903,24.390243902439025,-4.782400765184122
trillion club,phrase,10,10,20,51,41,19.607843137254903,24.390243902439025,-4.782400765184122
valuation and,phrase,10,10,20,51,41,19.607843137254903,24.390243902439025,-4.782400765184122
valued at,phrase,10,10,20,51,41,19.607843137254903,24.390243902439025,-4.782400765184122
accelerate the,phrase,5,6,11,51,41,9.803921568627452,14.634146341463415,-4.830224772835963
access newswire,phrase,5,6,11,51,41,9.803921568627452,14.634146341463415,-4.830224772835963
ai fueled,phrase,5,6,11,51,41,9.803921568627452,14.634146341463415,-4.830224772835963
ai gpu,phrase,5,6,11,51,41,9.803921568627452,14.634146341463415,-4.830224772835963
ai technology,phrase,5,6,11,51,41,9.803921568627452,14.634146341463415,-4.830224772835963
ambitious,word,5,6,11,51,41,9.803921568627452,14.634146341463415,-4.830224772835963
application,word,5,6,11,51,41,9.803921568627452,14.634146341463415,-4.830224772835963
are expected,phrase,5,6,11,51,41,9.803921568627452,14.634146341463415,-4.830224772835963
beneficiary,word,5,6,11,51,41,9.803921568627452,14.634146341463415,-4.830224772835963
big on,phrase,5,6,11,51,41,9.803921568627452,14.634146341463415,-4.830224772835963
billion as,phrase,5,6,11,51,41,9.803921568627452,14.634146341463415,-4.830224772835963
bloomberg news,phrase,5,6,11,51,41,9.803921568627452,14.634146341463415,-4.830224772835963
broadcom are,phrase,5,6,11,51,41,9.803921568627452,14.634146341463415,-4.830224772835963
bytedance,word,5,6,11,51,41,9.803921568627452,14.634146341463415,-4.830224772835963
chip to,phrase,5,6,11,51,41,9.803921568627452,14.634146341463415,-4.830224772835963
chips could,phrase,5,6,11,51,41,9.803921568627452,14.634146341463415,-4.830224772835963
chips with,phrase,5,6,11,51,41,9.803921568627452,14.634146341463415,-4.830224772835963
cloud platform,phrase,5,6,11,51,41,9.803921568627452,14.634146341463415,-4.830224772835963
conversation,word,5,6,11,51,41,9.803921568627452,14.634146341463415,-4.830224772835963
cover,word,5,6,11,51,41,9.803921568627452,14.634146341463415,-4.830224772835963
cramer discussed,phrase,5,6,11,51,41,9.803921568627452,14.634146341463415,-4.830224772835963
day after,phrase,5,6,11,51,41,9.803921568627452,14.634146341463415,-4.830224772835963
done,word,5,6,11,51,41,9.803921568627452,14.634146341463415,-4.830224772835963
electric,word,5,6,11,51,41,9.803921568627452,14.634146341463415,-4.830224772835963
expanding ai,phrase,5,6,11,51,41,9.803921568627452,14.634146341463415,-4.830224772835963
for new,phrase,5,6,11,51,41,9.803921568627452,14.634146341463415,-4.830224772835963
helios,word,5,6,11,51,41,9.803921568627452,14.634146341463415,-4.830224772835963
highlighted in,phrase,5,6,11,51,41,9.803921568627452,14.634146341463415,-4.830224772835963
in chip,phrase,5,6,11,51,41,9.803921568627452,14.634146341463415,-4.830224772835963
in october,phrase,5,6,11,51,41,9.803921568627452,14.634146341463415,-4.830224772835963
interest rates,phrase,5,6,11,51,41,9.803921568627452,14.634146341463415,-4.830224772835963
investors will,phrase,5,6,11,51,41,9.803921568627452,14.634146341463415,-4.830224772835963
is facing,phrase,5,6,11,51,41,9.803921568627452,14.634146341463415,-4.830224772835963
job,word,5,6,11,51,41,9.803921568627452,14.634146341463415,-4.830224772835963
kind,word,5,6,11,51,41,9.803921568627452,14.634146341463415,-4.830224772835963
landscape,word,5,6,11,51,41,9.803921568627452,14.634146341463415,-4.830224772835963
machines,word,5,6,11,51,41,9.803921568627452,14.634146341463415,-4.830224772835963
macro,word,5,6,11,51,41,9.803921568627452,14.634146341463415,-4.830224772835963
major tech,phrase,5,6,11,51,41,9.803921568627452,14.634146341463415,-4.830224772835963
mean for,phrase,5,6,11,51,41,9.803921568627452,14.634146341463415,-4.830224772835963
nvidia chief,phrase,5,6,11,51,41,9.803921568627452,14.634146341463415,-4.830224772835963
nvidia meta,phrase,5,6,11,51,41,9.803921568627452,14.634146341463415,-4.830224772835963
on market,phrase,5,6,11,51,41,9.803921568627452,14.634146341463415,-4.830224772835963
oracle and,phrase,5,6,11,51,41,9.803921568627452,14.634146341463415,-4.830224772835963
pact,word,5,6,11,51,41,9.803921568627452,14.634146341463415,-4.830224772835963
partnerships and,phrase,5,6,11,51,41,9.803921568627452,14.634146341463415,-4.830224772835963
personal,word,5,6,11,51,41,9.803921568627452,14.634146341463415,-4.830224772835963
president of,phrase,5,6,11,51,41,9.803921568627452,14.634146341463415,-4.830224772835963
rebounded,word,5,6,11,51,41,9.803921568627452,14.634146341463415,-4.830224772835963
regulators,word,5,6,11,51,41,9.803921568627452,14.634146341463415,-4.830224772835963
room to,phrase,5,6,11,51,41,9.803921568627452,14.634146341463415,-4.830224772835963
seen as,phrase,5,6,11,51,41,9.803921568627452,14.634146341463415,-4.830224772835963
shed,word,5,6,11,51,41,9.803921568627452,14.634146341463415,-4.830224772835963
specifically,word,5,6,11,51,41,9.803921568627452,14.634146341463415,-4.830224772835963
stays,word,5,6,11,51,41,9.803921568627452,14.634146341463415,-4.830224772835963
stock on,phrase,5,6,11,51,41,9.803921568627452,14.634146341463415,-4.830224772835963
stocks with,phrase,5,6,11,51,41,9.803921568627452,14.634146341463415,-4.830224772835963
surging ai,phrase,5,6,11,51,41,9.803921568627452,14.634146341463415,-4.830224772835963
technology nasdaqgs,phrase,5,6,11,51,41,9.803921568627452,14.634146341463415,-4.830224772835963
terms of,phrase,5,6,11,51,41,9.803921568627452,14.634146341463415,-4.830224772835963
the chatgpt,phrase,5,6,11,51,41,9.803921568627452,14.634146341463415,-4.830224772835963
the h200,phrase,5,6,11,51,41,9.803921568627452,14.634146341463415,-4.830224772835963
the main,phrase,5,6,11,51,41,9.803921568627452,14.634146341463415,-4.830224772835963
to comment,phrase,5,6,11,51,41,9.803921568627452,14.634146341463415,-4.830224772835963
to cut,phrase,5,6,11,51,41,9.803921568627452,14.634146341463415,-4.830224772835963
to integrate,phrase,5,6,11,51,41,9.803921568627452,14.634146341463415,-4.830224772835963
up ai,phrase,5,6,11,51,41,9.803921568627452,14.634146341463415,-4.830224772835963
use in,phrase,5,6,11,51,41,9.803921568627452,14.634146341463415,-4.830224772835963
vice president,phrase,5,6,11,51,41,9.803921568627452,14.634146341463415,-4.830224772835963
warren,word,5,6,11,51,41,9.803921568627452,14.634146341463415,-4.830224772835963
worldwide,word,5,6,11,51,41,9.803921568627452,14.634146341463415,-4.830224772835963
growing,word,41,35,76,51,41,80.3921568627451,85.36585365853658,-4.973696795791483
ahead,word,36,31,67,51,41,70.58823529411765,75.60975609756098,-5.021520803443325
maker,word,36,31,67,51,41,70.58823529411765,75.60975609756098,-5.021520803443325
the company's,phrase,36,31,67,51,41,70.58823529411765,75.60975609756098,-5.021520803443325
is not,phrase,31,27,58,51,41,60.78431372549019,65.85365853658537,-5.069344811095178
the dow,phrase,31,27,58,51,41,60.78431372549019,65.85365853658537,-5.069344811095178
wednesday,word,31,27,58,51,41,60.78431372549019,65.85365853658537,-5.069344811095178
cap,word,26,23,49,51,41,50.98039215686274,56.09756097560975,-5.11716881874702
competition,word,26,23,49,51,41,50.98039215686274,56.09756097560975,-5.11716881874702
drive,word,26,23,49,51,41,50.98039215686274,56.09756097560975,-5.11716881874702
expanding,word,26,23,49,51,41,50.98039215686274,56.09756097560975,-5.11716881874702
fears,word,26,23,49,51,41,50.98039215686274,56.09756097560975,-5.11716881874702
full,word,26,23,49,51,41,50.98039215686274,56.09756097560975,-5.11716881874702
fund,word,26,23,49,51,41,50.98039215686274,56.09756097560975,-5.11716881874702
get,word,26,23,49,51,41,50.98039215686274,56.09756097560975,-5.11716881874702
names,word,26,23,49,51,41,50.98039215686274,56.09756097560975,-5.11716881874702
deploy,word,21,19,40,51,41,41.1764705882353,46.34146341463415,-5.164992826398857
donald,word,21,19,40,51,41,41.1764705882353,46.34146341463415,-5.164992826398857
leaders,word,21,19,40,51,41,41.1764705882353,46.34146341463415,-5.164992826398857
second,word,21,19,40,51,41,41.1764705882353,46.34146341463415,-5.164992826398857
signals,word,21,19,40,51,41,41.1764705882353,46.34146341463415,-5.164992826398857
the nvidia,phrase,21,19,40,51,41,41.1764705882353,46.34146341463415,-5.164992826398857
billion ai,phrase,16,15,31,51,41,31.372549019607842,36.58536585365854,-5.2128168340506935
cnbc's,word,16,15,31,51,41,31.372549019607842,36.58536585365854,-5.2128168340506935
losses,word,16,15,31,51,41,31.372549019607842,36.58536585365854,-5.2128168340506935
matter,word,16,15,31,51,41,31.372549019607842,36.58536585365854,-5.2128168340506935
powerful,word,16,15,31,51,41,31.372549019607842,36.58536585365854,-5.2128168340506935
ai buildout,phrase,11,11,22,51,41,21.568627450980394,26.829268292682926,-5.260640841702536
and strong,phrase,11,11,22,51,41,21.568627450980394,26.829268292682926,-5.260640841702536
asia,word,11,11,22,51,41,21.568627450980394,26.829268292682926,-5.260640841702536
becoming,word,11,11,22,51,41,21.568627450980394,26.829268292682926,-5.260640841702536
chip sales,phrase,11,11,22,51,41,21.568627450980394,26.829268292682926,-5.260640841702536
companies like,phrase,11,11,22,51,41,21.568627450980394,26.829268292682926,-5.260640841702536
company said,phrase,11,11,22,51,41,21.568627450980394,26.829268292682926,-5.260640841702536
h200 chips,phrase,11,11,22,51,41,21.568627450980394,26.829268292682926,-5.260640841702536
minute,word,11,11,22,51,41,21.568627450980394,26.829268292682926,-5.260640841702536
profits,word,11,11,22,51,41,21.568627450980394,26.829268292682926,-5.260640841702536
seeking,word,11,11,22,51,41,21.568627450980394,26.829268292682926,-5.260640841702536
terms,word,11,11,22,51,41,21.568627450980394,26.829268292682926,-5.260640841702536
things,word,11,11,22,51,41,21.568627450980394,26.829268292682926,-5.260640841702536
to read,phrase,11,11,22,51,41,21.568627450980394,26.829268292682926,-5.260640841702536
with yahoo,phrase,11,11,22,51,41,21.568627450980394,26.829268292682926,-5.260640841702536
alphabet googl,phrase,6,7,13,51,41,11.764705882352942,17.073170731707318,-5.308464849354378
and yahoo,phrase,6,7,13,51,41,11.764705882352942,17.073170731707318,-5.308464849354378
austin,word,6,7,13,51,41,11.764705882352942,17.073170731707318,-5.308464849354378
became the,phrase,6,7,13,51,41,11.764705882352942,17.073170731707318,-5.308464849354378
blackwell chips,phrase,6,7,13,51,41,11.764705882352942,17.073170731707318,-5.308464849354378
broadcom stock,phrase,6,7,13,51,41,11.764705882352942,17.073170731707318,-5.308464849354378
chatgpt maker,phrase,6,7,13,51,41,11.764705882352942,17.073170731707318,-5.308464849354378
chip maker's,phrase,6,7,13,51,41,11.764705882352942,17.073170731707318,-5.308464849354378
chips but,phrase,6,7,13,51,41,11.764705882352942,17.073170731707318,-5.308464849354378
citing people,phrase,6,7,13,51,41,11.764705882352942,17.073170731707318,-5.308464849354378
cluster,word,6,7,13,51,41,11.764705882352942,17.073170731707318,-5.308464849354378
companies and,phrase,6,7,13,51,41,11.764705882352942,17.073170731707318,-5.308464849354378
compute capacity,phrase,6,7,13,51,41,11.764705882352942,17.073170731707318,-5.308464849354378
conditions,word,6,7,13,51,41,11.764705882352942,17.073170731707318,-5.308464849354378
correction,word,6,7,13,51,41,11.764705882352942,17.073170731707318,-5.308464849354378
creating,word,6,7,13,51,41,11.764705882352942,17.073170731707318,-5.308464849354378
ease,word,6,7,13,51,41,11.764705882352942,17.073170731707318,-5.308464849354378
eli lilly,phrase,6,7,13,51,41,11.764705882352942,17.073170731707318,-5.308464849354378
ends,word,6,7,13,51,41,11.764705882352942,17.073170731707318,-5.308464849354378
exceptional,word,6,7,13,51,41,11.764705882352942,17.073170731707318,-5.308464849354378
flagship,word,6,7,13,51,41,11.764705882352942,17.073170731707318,-5.308464849354378
footprint,word,6,7,13,51,41,11.764705882352942,17.073170731707318,-5.308464849354378
higher in,phrase,6,7,13,51,41,11.764705882352942,17.073170731707318,-5.308464849354378
intel intc,phrase,6,7,13,51,41,11.764705882352942,17.073170731707318,-5.308464849354378
lilly,word,6,7,13,51,41,11.764705882352942,17.073170731707318,-5.308464849354378
millions,word,6,7,13,51,41,11.764705882352942,17.073170731707318,-5.308464849354378
momentum and,phrase,6,7,13,51,41,11.764705882352942,17.073170731707318,-5.308464849354378
next ai,phrase,6,7,13,51,41,11.764705882352942,17.073170731707318,-5.308464849354378
nvda update,phrase,6,7,13,51,41,11.764705882352942,17.073170731707318,-5.308464849354378
nvidia still,phrase,6,7,13,51,41,11.764705882352942,17.073170731707318,-5.308464849354378
nvidia's china,phrase,6,7,13,51,41,11.764705882352942,17.073170731707318,-5.308464849354378
of google,phrase,6,7,13,51,41,11.764705882352942,17.073170731707318,-5.308464849354378
palantir technologies,phrase,6,7,13,51,41,11.764705882352942,17.073170731707318,-5.308464849354378
probably,word,6,7,13,51,41,11.764705882352942,17.073170731707318,-5.308464849354378
profile,word,6,7,13,51,41,11.764705882352942,17.073170731707318,-5.308464849354378
require,word,6,7,13,51,41,11.764705882352942,17.073170731707318,-5.308464849354378
says it,phrase,6,7,13,51,41,11.764705882352942,17.073170731707318,-5.308464849354378
seems,word,6,7,13,51,41,11.764705882352942,17.073170731707318,-5.308464849354378
self,word,6,7,13,51,41,11.764705882352942,17.073170731707318,-5.308464849354378
series of,phrase,6,7,13,51,41,11.764705882352942,17.073170731707318,-5.308464849354378
sustainable,word,6,7,13,51,41,11.764705882352942,17.073170731707318,-5.308464849354378
team up,phrase,6,7,13,51,41,11.764705882352942,17.073170731707318,-5.308464849354378
tech names,phrase,6,7,13,51,41,11.764705882352942,17.073170731707318,-5.308464849354378
tensor,word,6,7,13,51,41,11.764705882352942,17.073170731707318,-5.308464849354378
territory,word,6,7,13,51,41,11.764705882352942,17.073170731707318,-5.308464849354378
tesla tsla,phrase,6,7,13,51,41,11.764705882352942,17.073170731707318,-5.308464849354378
their ai,phrase,6,7,13,51,41,11.764705882352942,17.073170731707318,-5.308464849354378
to reach,phrase,6,7,13,51,41,11.764705882352942,17.073170731707318,-5.308464849354378
transition,word,6,7,13,51,41,11.764705882352942,17.073170731707318,-5.308464849354378
united states,phrase,6,7,13,51,41,11.764705882352942,17.073170731707318,-5.308464849354378
unstoppable,word,6,7,13,51,41,11.764705882352942,17.073170731707318,-5.308464849354378
wednesday as,phrase,6,7,13,51,41,11.764705882352942,17.073170731707318,-5.308464849354378
why nvidia's,phrase,6,7,13,51,41,11.764705882352942,17.073170731707318,-5.308464849354378
within the,phrase,6,7,13,51,41,11.764705882352942,17.073170731707318,-5.308464849354378
ai infrastructure,phrase,47,40,87,51,41,92.15686274509804,97.5609756097561,-5.404112864658062
strong,word,47,40,87,51,41,92.15686274509804,97.5609756097561,-5.404112864658062
higher,word,42,36,78,51,41,82.3529411764706,87.8048780487805,-5.451936872309904
according,word,37,32,69,51,41,72.54901960784314,78.04878048780488,-5.499760879961746
around,word,37,32,69,51,41,72.54901960784314,78.04878048780488,-5.499760879961746
investor,word,37,32,69,51,41,72.54901960784314,78.04878048780488,-5.499760879961746
led,word,32,28,60,51,41,62.745098039215684,68.29268292682927,-5.5475848876135885
the best,phrase,32,28,60,51,41,62.745098039215684,68.29268292682927,-5.5475848876135885
fresh,word,27,24,51,51,41,52.94117647058823,58.53658536585366,-5.595408895265419
real,word,27,24,51,51,41,52.94117647058823,58.53658536585366,-5.595408895265419
current,word,22,20,42,51,41,43.13725490196079,48.78048780487805,-5.643232902917261
highlighted,word,22,20,42,51,41,43.13725490196079,48.78048780487805,-5.643232902917261
meet,word,22,20,42,51,41,43.13725490196079,48.78048780487805,-5.643232902917261
money,word,22,20,42,51,41,43.13725490196079,48.78048780487805,-5.643232902917261
rubin,word,22,20,42,51,41,43.13725490196079,48.78048780487805,-5.643232902917261
call,word,17,16,33,51,41,33.333333333333336,39.02439024390244,-5.691056910569109
continues to,phrase,17,16,33,51,41,33.333333333333336,39.02439024390244,-5.691056910569109
does not,phrase,17,16,33,51,41,33.333333333333336,39.02439024390244,-5.691056910569109
half,word,17,16,33,51,41,33.333333333333336,39.02439024390244,-5.691056910569109
in premarket,phrase,17,16,33,51,41,33.333333333333336,39.02439024390244,-5.691056910569109
short,word,17,16,33,51,41,33.333333333333336,39.02439024390244,-5.691056910569109
stay,word,17,16,33,51,41,33.333333333333336,39.02439024390244,-5.691056910569109
stock rises,phrase,17,16,33,51,41,33.333333333333336,39.02439024390244,-5.691056910569109
approval,word,12,12,24,51,41,23.529411764705884,29.26829268292683,-5.7388809182209455
buy rating,phrase,12,12,24,51,41,23.529411764705884,29.26829268292683,-5.7388809182209455
commitment,word,12,12,24,51,41,23.529411764705884,29.26829268292683,-5.7388809182209455
corporation nvda,phrase,12,12,24,51,41,23.529411764705884,29.26829268292683,-5.7388809182209455
filing,word,12,12,24,51,41,23.529411764705884,29.26829268292683,-5.7388809182209455
finance's,word,12,12,24,51,41,23.529411764705884,29.26829268292683,-5.7388809182209455
i'm,word,12,12,24,51,41,23.529411764705884,29.26829268292683,-5.7388809182209455
including nvidia,phrase,12,12,24,51,41,23.529411764705884,29.26829268292683,-5.7388809182209455
least,word,12,12,24,51,41,23.529411764705884,29.26829268292683,-5.7388809182209455
nvda has,phrase,12,12,24,51,41,23.529411764705884,29.26829268292683,-5.7388809182209455
rises on,phrase,12,12,24,51,41,23.529411764705884,29.26829268292683,-5.7388809182209455
saw,word,12,12,24,51,41,23.529411764705884,29.26829268292683,-5.7388809182209455
soared,word,12,12,24,51,41,23.529411764705884,29.26829268292683,-5.7388809182209455
the matter,phrase,12,12,24,51,41,23.529411764705884,29.26829268292683,-5.7388809182209455
the two,phrase,12,12,24,51,41,23.529411764705884,29.26829268292683,-5.7388809182209455
valued,word,12,12,24,51,41,23.529411764705884,29.26829268292683,-5.7388809182209455
yahoo finance's,phrase,12,12,24,51,41,23.529411764705884,29.26829268292683,-5.7388809182209455
california,word,7,8,15,51,41,13.72549019607843,19.51219512195122,-5.786704925872788
center infrastructure,phrase,7,8,15,51,41,13.72549019607843,19.51219512195122,-5.786704925872788
circular,word,7,8,15,51,41,13.72549019607843,19.51219512195122,-5.786704925872788
dan howley,phrase,7,8,15,51,41,13.72549019607843,19.51219512195122,-5.786704925872788
delivery,word,7,8,15,51,41,13.72549019607843,19.51219512195122,-5.786704925872788
disclosed,word,7,8,15,51,41,13.72549019607843,19.51219512195122,-5.786704925872788
enhance,word,7,8,15,51,41,13.72549019607843,19.51219512195122,-5.786704925872788
extends,word,7,8,15,51,41,13.72549019607843,19.51219512195122,-5.786704925872788
growth stock,phrase,7,8,15,51,41,13.72549019607843,19.51219512195122,-5.786704925872788
h200 chip,phrase,7,8,15,51,41,13.72549019607843,19.51219512195122,-5.786704925872788
has announced,phrase,7,8,15,51,41,13.72549019607843,19.51219512195122,-5.786704925872788
howley,word,7,8,15,51,41,13.72549019607843,19.51219512195122,-5.786704925872788
included,word,7,8,15,51,41,13.72549019607843,19.51219512195122,-5.786704925872788
intelligence boom,phrase,7,8,15,51,41,13.72549019607843,19.51219512195122,-5.786704925872788
involved,word,7,8,15,51,41,13.72549019607843,19.51219512195122,-5.786704925872788
mass,word,7,8,15,51,41,13.72549019607843,19.51219512195122,-5.786704925872788
mission,word,7,8,15,51,41,13.72549019607843,19.51219512195122,-5.786704925872788
national security,phrase,7,8,15,51,41,13.72549019607843,19.51219512195122,-5.786704925872788
nvidia chip,phrase,7,8,15,51,41,13.72549019607843,19.51219512195122,-5.786704925872788
of market,phrase,7,8,15,51,41,13.72549019607843,19.51219512195122,-5.786704925872788
of memory,phrase,7,8,15,51,41,13.72549019607843,19.51219512195122,-5.786704925872788
officials,word,7,8,15,51,41,13.72549019607843,19.51219512195122,-5.786704925872788
particularly,word,7,8,15,51,41,13.72549019607843,19.51219512195122,-5.786704925872788
providing,word,7,8,15,51,41,13.72549019607843,19.51219512195122,-5.786704925872788
report said,phrase,7,8,15,51,41,13.72549019607843,19.51219512195122,-5.786704925872788
securing,word,7,8,15,51,41,13.72549019607843,19.51219512195122,-5.786704925872788
stock update,phrase,7,8,15,51,41,13.72549019607843,19.51219512195122,-5.786704925872788
support for,phrase,7,8,15,51,41,13.72549019607843,19.51219512195122,-5.786704925872788
target of,phrase,7,8,15,51,41,13.72549019607843,19.51219512195122,-5.786704925872788
the likes,phrase,7,8,15,51,41,13.72549019607843,19.51219512195122,-5.786704925872788
tickers,word,7,8,15,51,41,13.72549019607843,19.51219512195122,-5.786704925872788
to chinese,phrase,7,8,15,51,41,13.72549019607843,19.51219512195122,-5.786704925872788
to hit,phrase,7,8,15,51,41,13.72549019607843,19.51219512195122,-5.786704925872788
train,word,7,8,15,51,41,13.72549019607843,19.51219512195122,-5.786704925872788
tuesday after,phrase,7,8,15,51,41,13.72549019607843,19.51219512195122,-5.786704925872788
after announcing,phrase,2,4,6,51,41,3.9215686274509802,9.75609756097561,-5.83452893352463
ahead to,phrase,2,4,6,51,41,3.9215686274509802,9.75609756097561,-5.83452893352463
ai darlings,phrase,2,4,6,51,41,3.9215686274509802,9.75609756097561,-5.83452893352463
ai leadership,phrase,2,4,6,51,41,3.9215686274509802,9.75609756097561,-5.83452893352463
ai revenues,phrase,2,4,6,51,41,3.9215686274509802,9.75609756097561,-5.83452893352463
ai startups,phrase,2,4,6,51,41,3.9215686274509802,9.75609756097561,-5.83452893352463
alibaba and,phrase,2,4,6,51,41,3.9215686274509802,9.75609756097561,-5.83452893352463
allowed,word,2,4,6,51,41,3.9215686274509802,9.75609756097561,-5.83452893352463
alongside nvidia,phrase,2,4,6,51,41,3.9215686274509802,9.75609756097561,-5.83452893352463
amd intel,phrase,2,4,6,51,41,3.9215686274509802,9.75609756097561,-5.83452893352463
amd meta,phrase,2,4,6,51,41,3.9215686274509802,9.75609756097561,-5.83452893352463
amid concerns,phrase,2,4,6,51,41,3.9215686274509802,9.75609756097561,-5.83452893352463
among others,phrase,2,4,6,51,41,3.9215686274509802,9.75609756097561,-5.83452893352463
an executive,phrase,2,4,6,51,41,3.9215686274509802,9.75609756097561,-5.83452893352463
analysts expect,phrase,2,4,6,51,41,3.9215686274509802,9.75609756097561,-5.83452893352463
anchor julie,phrase,2,4,6,51,41,3.9215686274509802,9.75609756097561,-5.83452893352463
and aws,phrase,2,4,6,51,41,3.9215686274509802,9.75609756097561,-5.83452893352463
and exchange,phrase,2,4,6,51,41,3.9215686274509802,9.75609756097561,-5.83452893352463
and financial,phrase,2,4,6,51,41,3.9215686274509802,9.75609756097561,-5.83452893352463
and manufacturing,phrase,2,4,6,51,41,3.9215686274509802,9.75609756097561,-5.83452893352463
and semiconductor,phrase,2,4,6,51,41,3.9215686274509802,9.75609756097561,-5.83452893352463
and services,phrase,2,4,6,51,41,3.9215686274509802,9.75609756097561,-5.83452893352463
and technology,phrase,2,4,6,51,41,3.9215686274509802,9.75609756097561,-5.83452893352463
and that's,phrase,2,4,6,51,41,3.9215686274509802,9.75609756097561,-5.83452893352463
and xai,phrase,2,4,6,51,41,3.9215686274509802,9.75609756097561,-5.83452893352463
announced in,phrase,2,4,6,51,41,3.9215686274509802,9.75609756097561,-5.83452893352463
announced new,phrase,2,4,6,51,41,3.9215686274509802,9.75609756097561,-5.83452893352463
approvals,word,2,4,6,51,41,3.9215686274509802,9.75609756097561,-5.83452893352463
around ai,phrase,2,4,6,51,41,3.9215686274509802,9.75609756097561,-5.83452893352463
around nvidia,phrase,2,4,6,51,41,3.9215686274509802,9.75609756097561,-5.83452893352463
as new,phrase,2,4,6,51,41,3.9215686274509802,9.75609756097561,-5.83452893352463
asian shares,phrase,2,4,6,51,41,3.9215686274509802,9.75609756097561,-5.83452893352463
aware,word,2,4,6,51,41,3.9215686274509802,9.75609756097561,-5.83452893352463
benefited from,phrase,2,4,6,51,41,3.9215686274509802,9.75609756097561,-5.83452893352463
between nvidia,phrase,2,4,6,51,41,3.9215686274509802,9.75609756097561,-5.83452893352463
biggest names,phrase,2,4,6,51,41,3.9215686274509802,9.75609756097561,-5.83452893352463
billion bet,phrase,2,4,6,51,41,3.9215686274509802,9.75609756097561,-5.83452893352463
billion nvidia,phrase,2,4,6,51,41,3.9215686274509802,9.75609756097561,-5.83452893352463
broadcom's ai,phrase,2,4,6,51,41,3.9215686274509802,9.75609756097561,-5.83452893352463
buildout of,phrase,2,4,6,51,41,3.9215686274509802,9.75609756097561,-5.83452893352463
bullish outlook,phrase,2,4,6,51,41,3.9215686274509802,9.75609756097561,-5.83452893352463
buy this,phrase,2,4,6,51,41,3.9215686274509802,9.75609756097561,-5.83452893352463
center chip,phrase,2,4,6,51,41,3.9215686274509802,9.75609756097561,-5.83452893352463
chip manufacturing,phrase,2,4,6,51,41,3.9215686274509802,9.75609756097561,-5.83452893352463
chip shipments,phrase,2,4,6,51,41,3.9215686274509802,9.75609756097561,-5.83452893352463
circular financing,phrase,2,4,6,51,41,3.9215686274509802,9.75609756097561,-5.83452893352463
cnbc's jim,phrase,2,4,6,51,41,3.9215686274509802,9.75609756097561,-5.83452893352463
company would,phrase,2,4,6,51,41,3.9215686274509802,9.75609756097561,-5.83452893352463
crossed,word,2,4,6,51,41,3.9215686274509802,9.75609756097561,-5.83452893352463
crwd,word,2,4,6,51,41,3.9215686274509802,9.75609756097561,-5.83452893352463
crwv is,phrase,2,4,6,51,41,3.9215686274509802,9.75609756097561,-5.83452893352463
customers including,phrase,2,4,6,51,41,3.9215686274509802,9.75609756097561,-5.83452893352463
dan ives,phrase,2,4,6,51,41,3.9215686274509802,9.75609756097561,-5.83452893352463
darlings,word,2,4,6,51,41,3.9215686274509802,9.75609756097561,-5.83452893352463
data from,phrase,2,4,6,51,41,3.9215686274509802,9.75609756097561,-5.83452893352463
deal as,phrase,2,4,6,51,41,3.9215686274509802,9.75609756097561,-5.83452893352463
deal between,phrase,2,4,6,51,41,3.9215686274509802,9.75609756097561,-5.83452893352463
deepening ties,phrase,2,4,6,51,41,3.9215686274509802,9.75609756097561,-5.83452893352463
defining,word,2,4,6,51,41,3.9215686274509802,9.75609756097561,-5.83452893352463
disney,word,2,4,6,51,41,3.9215686274509802,9.75609756097561,-5.83452893352463
dumped his,phrase,2,4,6,51,41,3.9215686274509802,9.75609756097561,-5.83452893352463
earnings season,phrase,2,4,6,51,41,3.9215686274509802,9.75609756097561,-5.83452893352463
edging,word,2,4,6,51,41,3.9215686274509802,9.75609756097561,-5.83452893352463
editor's,word,2,4,6,51,41,3.9215686274509802,9.75609756097561,-5.83452893352463
editor's note,phrase,2,4,6,51,41,3.9215686274509802,9.75609756097561,-5.83452893352463
engineered,word,2,4,6,51,41,3.9215686274509802,9.75609756097561,-5.83452893352463
enterprises to,phrase,2,4,6,51,41,3.9215686274509802,9.75609756097561,-5.83452893352463
es,word,2,4,6,51,41,3.9215686274509802,9.75609756097561,-5.83452893352463
established,word,2,4,6,51,41,3.9215686274509802,9.75609756097561,-5.83452893352463
evaluating nvidia,phrase,2,4,6,51,41,3.9215686274509802,9.75609756097561,-5.83452893352463
exchange commission,phrase,2,4,6,51,41,3.9215686274509802,9.75609756097561,-5.83452893352463
expands its,phrase,2,4,6,51,41,3.9215686274509802,9.75609756097561,-5.83452893352463
eyes are,phrase,2,4,6,51,41,3.9215686274509802,9.75609756097561,-5.83452893352463
failed to,phrase,2,4,6,51,41,3.9215686274509802,9.75609756097561,-5.83452893352463
fargo,word,2,4,6,51,41,3.9215686274509802,9.75609756097561,-5.83452893352463
feels,word,2,4,6,51,41,3.9215686274509802,9.75609756097561,-5.83452893352463
fierce,word,2,4,6,51,41,3.9215686274509802,9.75609756097561,-5.83452893352463
fixed,word,2,4,6,51,41,3.9215686274509802,9.75609756097561,-5.83452893352463
flight,word,2,4,6,51,41,3.9215686274509802,9.75609756097561,-5.83452893352463
for intel,phrase,2,4,6,51,41,3.9215686274509802,9.75609756097561,-5.83452893352463
for several,phrase,2,4,6,51,41,3.9215686274509802,9.75609756097561,-5.83452893352463
four years,phrase,2,4,6,51,41,3.9215686274509802,9.75609756097561,-5.83452893352463
gaming and,phrase,2,4,6,51,41,3.9215686274509802,9.75609756097561,-5.83452893352463
gdp,word,2,4,6,51,41,3.9215686274509802,9.75609756097561,-5.83452893352463
global markets,phrase,2,4,6,51,41,3.9215686274509802,9.75609756097561,-5.83452893352463
gpu technology,phrase,2,4,6,51,41,3.9215686274509802,9.75609756097561,-5.83452893352463
growth as,phrase,2,4,6,51,41,3.9215686274509802,9.75609756097561,-5.83452893352463
h200 sales,phrase,2,4,6,51,41,3.9215686274509802,9.75609756097561,-5.83452893352463
has long,phrase,2,4,6,51,41,3.9215686274509802,9.75609756097561,-5.83452893352463
hbm and,phrase,2,4,6,51,41,3.9215686274509802,9.75609756097561,-5.83452893352463
heavy ai,phrase,2,4,6,51,41,3.9215686274509802,9.75609756097561,-5.83452893352463
his company's,phrase,2,4,6,51,41,3.9215686274509802,9.75609756097561,-5.83452893352463
hit an,phrase,2,4,6,51,41,3.9215686274509802,9.75609756097561,-5.83452893352463
how investors,phrase,2,4,6,51,41,3.9215686274509802,9.75609756097561,-5.83452893352463
huang told,phrase,2,4,6,51,41,3.9215686274509802,9.75609756097561,-5.83452893352463
hyman to,phrase,2,4,6,51,41,3.9215686274509802,9.75609756097561,-5.83452893352463
in gpu,phrase,2,4,6,51,41,3.9215686274509802,9.75609756097561,-5.83452893352463
in midday,phrase,2,4,6,51,41,3.9215686274509802,9.75609756097561,-5.83452893352463
in shares,phrase,2,4,6,51,41,3.9215686274509802,9.75609756097561,-5.83452893352463
is creating,phrase,2,4,6,51,41,3.9215686274509802,9.75609756097561,-5.83452893352463
is leaning,phrase,2,4,6,51,41,3.9215686274509802,9.75609756097561,-5.83452893352463
issuance,word,2,4,6,51,41,3.9215686274509802,9.75609756097561,-5.83452893352463
its chip,phrase,2,4,6,51,41,3.9215686274509802,9.75609756097561,-5.83452893352463
its early,phrase,2,4,6,51,41,3.9215686274509802,9.75609756097561,-5.83452893352463
its long,phrase,2,4,6,51,41,3.9215686274509802,9.75609756097561,-5.83452893352463
its quarterly,phrase,2,4,6,51,41,3.9215686274509802,9.75609756097561,-5.83452893352463
its top,phrase,2,4,6,51,41,3.9215686274509802,9.75609756097561,-5.83452893352463
ives,word,2,4,6,51,41,3.9215686274509802,9.75609756097561,-5.83452893352463
kick,word,2,4,6,51,41,3.9215686274509802,9.75609756097561,-5.83452893352463
knowledge,word,2,4,6,51,41,3.9215686274509802,9.75609756097561,-5.83452893352463
knowledge of,phrase,2,4,6,51,41,3.9215686274509802,9.75609756097561,-5.83452893352463
labor,word,2,4,6,51,41,3.9215686274509802,9.75609756097561,-5.83452893352463
largest moves,phrase,2,4,6,51,41,3.9215686274509802,9.75609756097561,-5.83452893352463
leo,word,2,4,6,51,41,3.9215686274509802,9.75609756097561,-5.83452893352463
lifted the,phrase,2,4,6,51,41,3.9215686274509802,9.75609756097561,-5.83452893352463
lifts nvidia,phrase,2,4,6,51,41,3.9215686274509802,9.75609756097561,-5.83452893352463
lightspeed,word,2,4,6,51,41,3.9215686274509802,9.75609756097561,-5.83452893352463
lock in,phrase,2,4,6,51,41,3.9215686274509802,9.75609756097561,-5.83452893352463
long time,phrase,2,4,6,51,41,3.9215686274509802,9.75609756097561,-5.83452893352463
loses,word,2,4,6,51,41,3.9215686274509802,9.75609756097561,-5.83452893352463
major customer,phrase,2,4,6,51,41,3.9215686274509802,9.75609756097561,-5.83452893352463
mass production,phrase,2,4,6,51,41,3.9215686274509802,9.75609756097561,-5.83452893352463
megawatt,word,2,4,6,51,41,3.9215686274509802,9.75609756097561,-5.83452893352463
memory products,phrase,2,4,6,51,41,3.9215686274509802,9.75609756097561,-5.83452893352463
memory shortage,phrase,2,4,6,51,41,3.9215686274509802,9.75609756097561,-5.83452893352463
most investors,phrase,2,4,6,51,41,3.9215686274509802,9.75609756097561,-5.83452893352463
motor,word,2,4,6,51,41,3.9215686274509802,9.75609756097561,-5.83452893352463
mounting,word,2,4,6,51,41,3.9215686274509802,9.75609756097561,-5.83452893352463
newsletter,word,2,4,6,51,41,3.9215686274509802,9.75609756097561,-5.83452893352463
not make,phrase,2,4,6,51,41,3.9215686274509802,9.75609756097561,-5.83452893352463
not slowing,phrase,2,4,6,51,41,3.9215686274509802,9.75609756097561,-5.83452893352463
notable,word,2,4,6,51,41,3.9215686274509802,9.75609756097561,-5.83452893352463
nq,word,2,4,6,51,41,3.9215686274509802,9.75609756097561,-5.83452893352463
nvdy,word,2,4,6,51,41,3.9215686274509802,9.75609756097561,-5.83452893352463
nvidia amid,phrase,2,4,6,51,41,3.9215686274509802,9.75609756097561,-5.83452893352463
nvidia drive,phrase,2,4,6,51,41,3.9215686274509802,9.75609756097561,-5.83452893352463
nvidia position,phrase,2,4,6,51,41,3.9215686274509802,9.75609756097561,-5.83452893352463
nvidia rallies,phrase,2,4,6,51,41,3.9215686274509802,9.75609756097561,-5.83452893352463
nvidia that,phrase,2,4,6,51,41,3.9215686274509802,9.75609756097561,-5.83452893352463
of chips,phrase,2,4,6,51,41,3.9215686274509802,9.75609756097561,-5.83452893352463
of industry,phrase,2,4,6,51,41,3.9215686274509802,9.75609756097561,-5.83452893352463
on sunday,phrase,2,4,6,51,41,3.9215686274509802,9.75609756097561,-5.83452893352463
oracle shares,phrase,2,4,6,51,41,3.9215686274509802,9.75609756097561,-5.83452893352463
people with,phrase,2,4,6,51,41,3.9215686274509802,9.75609756097561,-5.83452893352463
percent and,phrase,2,4,6,51,41,3.9215686274509802,9.75609756097561,-5.83452893352463
performed,word,2,4,6,51,41,3.9215686274509802,9.75609756097561,-5.83452893352463
polymarket,word,2,4,6,51,41,3.9215686274509802,9.75609756097561,-5.83452893352463
portfolio of,phrase,2,4,6,51,41,3.9215686274509802,9.75609756097561,-5.83452893352463
positions in,phrase,2,4,6,51,41,3.9215686274509802,9.75609756097561,-5.83452893352463
posts strong,phrase,2,4,6,51,41,3.9215686274509802,9.75609756097561,-5.83452893352463
present,word,2,4,6,51,41,3.9215686274509802,9.75609756097561,-5.83452893352463
pressure from,phrase,2,4,6,51,41,3.9215686274509802,9.75609756097561,-5.83452893352463
procurement,word,2,4,6,51,41,3.9215686274509802,9.75609756097561,-5.83452893352463
projecting,word,2,4,6,51,41,3.9215686274509802,9.75609756097561,-5.83452893352463
prolonged,word,2,4,6,51,41,3.9215686274509802,9.75609756097561,-5.83452893352463
race for,phrase,2,4,6,51,41,3.9215686274509802,9.75609756097561,-5.83452893352463
races to,phrase,2,4,6,51,41,3.9215686274509802,9.75609756097561,-5.83452893352463
rally as,phrase,2,4,6,51,41,3.9215686274509802,9.75609756097561,-5.83452893352463
rally live,phrase,2,4,6,51,41,3.9215686274509802,9.75609756097561,-5.83452893352463
recent trading,phrase,2,4,6,51,41,3.9215686274509802,9.75609756097561,-5.83452893352463
record close,phrase,2,4,6,51,41,3.9215686274509802,9.75609756097561,-5.83452893352463
record q3,phrase,2,4,6,51,41,3.9215686274509802,9.75609756097561,-5.83452893352463
reinforcing,word,2,4,6,51,41,3.9215686274509802,9.75609756097561,-5.83452893352463
reiterated an,phrase,2,4,6,51,41,3.9215686274509802,9.75609756097561,-5.83452893352463
releasing,word,2,4,6,51,41,3.9215686274509802,9.75609756097561,-5.83452893352463
representing,word,2,4,6,51,41,3.9215686274509802,9.75609756097561,-5.83452893352463
requiring,word,2,4,6,51,41,3.9215686274509802,9.75609756097561,-5.83452893352463
results due,phrase,2,4,6,51,41,3.9215686274509802,9.75609756097561,-5.83452893352463
revenue forecast,phrase,2,4,6,51,41,3.9215686274509802,9.75609756097561,-5.83452893352463
reward,word,2,4,6,51,41,3.9215686274509802,9.75609756097561,-5.83452893352463
robust ai,phrase,2,4,6,51,41,3.9215686274509802,9.75609756097561,-5.83452893352463
rout,word,2,4,6,51,41,3.9215686274509802,9.75609756097561,-5.83452893352463
rtx pro,phrase,2,4,6,51,41,3.9215686274509802,9.75609756097561,-5.83452893352463
rubin chips,phrase,2,4,6,51,41,3.9215686274509802,9.75609756097561,-5.83452893352463
seems to,phrase,2,4,6,51,41,3.9215686274509802,9.75609756097561,-5.83452893352463
semiconductor sector,phrase,2,4,6,51,41,3.9215686274509802,9.75609756097561,-5.83452893352463
server maker,phrase,2,4,6,51,41,3.9215686274509802,9.75609756097561,-5.83452893352463
services to,phrase,2,4,6,51,41,3.9215686274509802,9.75609756097561,-5.83452893352463
several of,phrase,2,4,6,51,41,3.9215686274509802,9.75609756097561,-5.83452893352463
shift to,phrase,2,4,6,51,41,3.9215686274509802,9.75609756097561,-5.83452893352463
shipped,word,2,4,6,51,41,3.9215686274509802,9.75609756097561,-5.83452893352463
simulations,word,2,4,6,51,41,3.9215686274509802,9.75609756097561,-5.83452893352463
skyrocketing,word,2,4,6,51,41,3.9215686274509802,9.75609756097561,-5.83452893352463
slew,word,2,4,6,51,41,3.9215686274509802,9.75609756097561,-5.83452893352463
slew of,phrase,2,4,6,51,41,3.9215686274509802,9.75609756097561,-5.83452893352463
slight,word,2,4,6,51,41,3.9215686274509802,9.75609756097561,-5.83452893352463
slips after,phrase,2,4,6,51,41,3.9215686274509802,9.75609756097561,-5.83452893352463
slumped,word,2,4,6,51,41,3.9215686274509802,9.75609756097561,-5.83452893352463
sometimes,word,2,4,6,51,41,3.9215686274509802,9.75609756097561,-5.83452893352463
source ai,phrase,2,4,6,51,41,3.9215686274509802,9.75609756097561,-5.83452893352463
spent,word,2,4,6,51,41,3.9215686274509802,9.75609756097561,-5.83452893352463
squawk on,phrase,2,4,6,51,41,3.9215686274509802,9.75609756097561,-5.83452893352463
start the,phrase,2,4,6,51,41,3.9215686274509802,9.75609756097561,-5.83452893352463
start to,phrase,2,4,6,51,41,3.9215686274509802,9.75609756097561,-5.83452893352463
stock split,phrase,2,4,6,51,41,3.9215686274509802,9.75609756097561,-5.83452893352463
stocks dji,phrase,2,4,6,51,41,3.9215686274509802,9.75609756097561,-5.83452893352463
stocks posting,phrase,2,4,6,51,41,3.9215686274509802,9.75609756097561,-5.83452893352463
stopped,word,2,4,6,51,41,3.9215686274509802,9.75609756097561,-5.83452893352463
storage and,phrase,2,4,6,51,41,3.9215686274509802,9.75609756097561,-5.83452893352463
strategies,word,2,4,6,51,41,3.9215686274509802,9.75609756097561,-5.83452893352463
street loves,phrase,2,4,6,51,41,3.9215686274509802,9.75609756097561,-5.83452893352463
street recap,phrase,2,4,6,51,41,3.9215686274509802,9.75609756097561,-5.83452893352463
successfully,word,2,4,6,51,41,3.9215686274509802,9.75609756097561,-5.83452893352463
supercomputer,word,2,4,6,51,41,3.9215686274509802,9.75609756097561,-5.83452893352463
swing,word,2,4,6,51,41,3.9215686274509802,9.75609756097561,-5.83452893352463
taipei reuters,phrase,2,4,6,51,41,3.9215686274509802,9.75609756097561,-5.83452893352463
teams up,phrase,2,4,6,51,41,3.9215686274509802,9.75609756097561,-5.83452893352463
tech rally,phrase,2,4,6,51,41,3.9215686274509802,9.75609756097561,-5.83452893352463
tech titans,phrase,2,4,6,51,41,3.9215686274509802,9.75609756097561,-5.83452893352463
that demand,phrase,2,4,6,51,41,3.9215686274509802,9.75609756097561,-5.83452893352463
that it's,phrase,2,4,6,51,41,3.9215686274509802,9.75609756097561,-5.83452893352463
that makes,phrase,2,4,6,51,41,3.9215686274509802,9.75609756097561,-5.83452893352463
that openai,phrase,2,4,6,51,41,3.9215686274509802,9.75609756097561,-5.83452893352463
the amd,phrase,2,4,6,51,41,3.9215686274509802,9.75609756097561,-5.83452893352463
the call,phrase,2,4,6,51,41,3.9215686274509802,9.75609756097561,-5.83452893352463
the edge,phrase,2,4,6,51,41,3.9215686274509802,9.75609756097561,-5.83452893352463
the emerging,phrase,2,4,6,51,41,3.9215686274509802,9.75609756097561,-5.83452893352463
the highest,phrase,2,4,6,51,41,3.9215686274509802,9.75609756097561,-5.83452893352463
the money,phrase,2,4,6,51,41,3.9215686274509802,9.75609756097561,-5.83452893352463
the morning,phrase,2,4,6,51,41,3.9215686274509802,9.75609756097561,-5.83452893352463
the question,phrase,2,4,6,51,41,3.9215686274509802,9.75609756097561,-5.83452893352463
the table,phrase,2,4,6,51,41,3.9215686274509802,9.75609756097561,-5.83452893352463
the video,phrase,2,4,6,51,41,3.9215686274509802,9.75609756097561,-5.83452893352463
themes,word,2,4,6,51,41,3.9215686274509802,9.75609756097561,-5.83452893352463
things to,phrase,2,4,6,51,41,3.9215686274509802,9.75609756097561,-5.83452893352463
this expansion,phrase,2,4,6,51,41,3.9215686274509802,9.75609756097561,-5.83452893352463
thoughts on,phrase,2,4,6,51,41,3.9215686274509802,9.75609756097561,-5.83452893352463
tier,word,2,4,6,51,41,3.9215686274509802,9.75609756097561,-5.83452893352463
to deepen,phrase,2,4,6,51,41,3.9215686274509802,9.75609756097561,-5.83452893352463
to rally,phrase,2,4,6,51,41,3.9215686274509802,9.75609756097561,-5.83452893352463
to reshape,phrase,2,4,6,51,41,3.9215686274509802,9.75609756097561,-5.83452893352463
to share,phrase,2,4,6,51,41,3.9215686274509802,9.75609756097561,-5.83452893352463
told reporters,phrase,2,4,6,51,41,3.9215686274509802,9.75609756097561,-5.83452893352463
top line,phrase,2,4,6,51,41,3.9215686274509802,9.75609756097561,-5.83452893352463
transform,word,2,4,6,51,41,3.9215686274509802,9.75609756097561,-5.83452893352463
tremendous,word,2,4,6,51,41,3.9215686274509802,9.75609756097561,-5.83452893352463
trusted,word,2,4,6,51,41,3.9215686274509802,9.75609756097561,-5.83452893352463
understand,word,2,4,6,51,41,3.9215686274509802,9.75609756097561,-5.83452893352463
units and,phrase,2,4,6,51,41,3.9215686274509802,9.75609756097561,-5.83452893352463
valuations of,phrase,2,4,6,51,41,3.9215686274509802,9.75609756097561,-5.83452893352463
verification,word,2,4,6,51,41,3.9215686274509802,9.75609756097561,-5.83452893352463
wells,word,2,4,6,51,41,3.9215686274509802,9.75609756097561,-5.83452893352463
wells fargo,phrase,2,4,6,51,41,3.9215686274509802,9.75609756097561,-5.83452893352463
were big,phrase,2,4,6,51,41,3.9215686274509802,9.75609756097561,-5.83452893352463
when asked,phrase,2,4,6,51,41,3.9215686274509802,9.75609756097561,-5.83452893352463
will deploy,phrase,2,4,6,51,41,3.9215686274509802,9.75609756097561,-5.83452893352463
willing,word,2,4,6,51,41,3.9215686274509802,9.75609756097561,-5.83452893352463
willing to,phrase,2,4,6,51,41,3.9215686274509802,9.75609756097561,-5.83452893352463
win the,phrase,2,4,6,51,41,3.9215686274509802,9.75609756097561,-5.83452893352463
with market,phrase,2,4,6,51,41,3.9215686274509802,9.75609756097561,-5.83452893352463
world's leading,phrase,2,4,6,51,41,3.9215686274509802,9.75609756097561,-5.83452893352463
written,word,2,4,6,51,41,3.9215686274509802,9.75609756097561,-5.83452893352463
year old,phrase,2,4,6,51,41,3.9215686274509802,9.75609756097561,-5.83452893352463
yieldmax,word,2,4,6,51,41,3.9215686274509802,9.75609756097561,-5.83452893352463
ym,word,2,4,6,51,41,3.9215686274509802,9.75609756097561,-5.83452893352463
you read,phrase,2,4,6,51,41,3.9215686274509802,9.75609756097561,-5.83452893352463
you want,phrase,2,4,6,51,41,3.9215686274509802,9.75609756097561,-5.83452893352463
advanced,word,48,41,89,51,41,94.11764705882354,100.0,-5.882352941176472
apple,word,38,33,71,51,41,74.50980392156863,80.48780487804878,-5.978000956480156
company's,word,38,33,71,51,41,74.50980392156863,80.48780487804878,-5.978000956480156
day,word,38,33,71,51,41,74.50980392156863,80.48780487804878,-5.978000956480156
huang,word,38,33,71,51,41,74.50980392156863,80.48780487804878,-5.978000956480156
jensen huang,phrase,38,33,71,51,41,74.50980392156863,80.48780487804878,-5.978000956480156
long,word,38,33,71,51,41,74.50980392156863,80.48780487804878,-5.978000956480156
since,word,38,33,71,51,41,74.50980392156863,80.48780487804878,-5.978000956480156
palantir,word,33,29,62,51,41,64.70588235294117,70.73170731707317,-6.025824964131987
part,word,33,29,62,51,41,64.70588235294117,70.73170731707317,-6.025824964131987
to watch,phrase,33,29,62,51,41,64.70588235294117,70.73170731707317,-6.025824964131987
no,word,28,25,53,51,41,54.90196078431372,60.97560975609756,-6.073648971783829
to nvidia,phrase,28,25,53,51,41,54.90196078431372,60.97560975609756,-6.073648971783829
yahoo,word,28,25,53,51,41,54.90196078431372,60.97560975609756,-6.073648971783829
action check,phrase,23,21,44,51,41,45.09803921568628,51.21951219512195,-6.121472979435677
and analysis,phrase,23,21,44,51,41,45.09803921568628,51.21951219512195,-6.121472979435677
expert insights,phrase,23,21,44,51,41,45.09803921568628,51.21951219512195,-6.121472979435677
more expert,phrase,23,21,44,51,41,45.09803921568628,51.21951219512195,-6.121472979435677
right now,phrase,23,21,44,51,41,45.09803921568628,51.21951219512195,-6.121472979435677
watch more,phrase,23,21,44,51,41,45.09803921568628,51.21951219512195,-6.121472979435677
ai models,phrase,18,17,35,51,41,35.294117647058826,41.46341463414634,-6.169296987087513
bull,word,18,17,35,51,41,35.294117647058826,41.46341463414634,-6.169296987087513
h200,word,18,17,35,51,41,35.294117647058826,41.46341463414634,-6.169296987087513
means,word,18,17,35,51,41,35.294117647058826,41.46341463414634,-6.169296987087513
reportedly,word,18,17,35,51,41,35.294117647058826,41.46341463414634,-6.169296987087513
way,word,18,17,35,51,41,35.294117647058826,41.46341463414634,-6.169296987087513
ai chipmaker,phrase,13,13,26,51,41,25.49019607843137,31.70731707317073,-6.2171209947393615
blog,word,13,13,26,51,41,25.49019607843137,31.70731707317073,-6.2171209947393615
chips in,phrase,13,13,26,51,41,25.49019607843137,31.70731707317073,-6.2171209947393615
click here,phrase,13,13,26,51,41,25.49019607843137,31.70731707317073,-6.2171209947393615
crypto,word,13,13,26,51,41,25.49019607843137,31.70731707317073,-6.2171209947393615
custom ai,phrase,13,13,26,51,41,25.49019607843137,31.70731707317073,-6.2171209947393615
investment ideas,phrase,13,13,26,51,41,25.49019607843137,31.70731707317073,-6.2171209947393615
ipo,word,13,13,26,51,41,25.49019607843137,31.70731707317073,-6.2171209947393615
itself,word,13,13,26,51,41,25.49019607843137,31.70731707317073,-6.2171209947393615
mark,word,13,13,26,51,41,25.49019607843137,31.70731707317073,-6.2171209947393615
on wall,phrase,13,13,26,51,41,25.49019607843137,31.70731707317073,-6.2171209947393615
providers,word,13,13,26,51,41,25.49019607843137,31.70731707317073,-6.2171209947393615
rating on,phrase,13,13,26,51,41,25.49019607843137,31.70731707317073,-6.2171209947393615
red,word,13,13,26,51,41,25.49019607843137,31.70731707317073,-6.2171209947393615
shifts,word,13,13,26,51,41,25.49019607843137,31.70731707317073,-6.2171209947393615
stock and,phrase,13,13,26,51,41,25.49019607843137,31.70731707317073,-6.2171209947393615
add,word,8,9,17,51,41,15.686274509803921,21.951219512195124,-6.264945002391201
and nvidia's,phrase,8,9,17,51,41,15.686274509803921,21.951219512195124,-6.264945002391201
answer,word,8,9,17,51,41,15.686274509803921,21.951219512195124,-6.264945002391201
by strong,phrase,8,9,17,51,41,15.686274509803921,21.951219512195124,-6.264945002391201
china chip,phrase,8,9,17,51,41,15.686274509803921,21.951219512195124,-6.264945002391201
connectivity,word,8,9,17,51,41,15.686274509803921,21.951219512195124,-6.264945002391201
easing,word,8,9,17,51,41,15.686274509803921,21.951219512195124,-6.264945002391201
equities,word,8,9,17,51,41,15.686274509803921,21.951219512195124,-6.264945002391201
fuels,word,8,9,17,51,41,15.686274509803921,21.951219512195124,-6.264945002391201
fully,word,8,9,17,51,41,15.686274509803921,21.951219512195124,-6.264945002391201
innovations,word,8,9,17,51,41,15.686274509803921,21.951219512195124,-6.264945002391201
intelligent,word,8,9,17,51,41,15.686274509803921,21.951219512195124,-6.264945002391201
likely to,phrase,8,9,17,51,41,15.686274509803921,21.951219512195124,-6.264945002391201
multibillion,word,8,9,17,51,41,15.686274509803921,21.951219512195124,-6.264945002391201
number of,phrase,8,9,17,51,41,15.686274509803921,21.951219512195124,-6.264945002391201
order,word,8,9,17,51,41,15.686274509803921,21.951219512195124,-6.264945002391201
partnership to,phrase,8,9,17,51,41,15.686274509803921,21.951219512195124,-6.264945002391201
performing,word,8,9,17,51,41,15.686274509803921,21.951219512195124,-6.264945002391201
platform for,phrase,8,9,17,51,41,15.686274509803921,21.951219512195124,-6.264945002391201
pushed,word,8,9,17,51,41,15.686274509803921,21.951219512195124,-6.264945002391201
q3 earnings,phrase,8,9,17,51,41,15.686274509803921,21.951219512195124,-6.264945002391201
radar,word,8,9,17,51,41,15.686274509803921,21.951219512195124,-6.264945002391201
rates,word,8,9,17,51,41,15.686274509803921,21.951219512195124,-6.264945002391201
rather,word,8,9,17,51,41,15.686274509803921,21.951219512195124,-6.264945002391201
semiconductor stock,phrase,8,9,17,51,41,15.686274509803921,21.951219512195124,-6.264945002391201
showed,word,8,9,17,51,41,15.686274509803921,21.951219512195124,-6.264945002391201
sources,word,8,9,17,51,41,15.686274509803921,21.951219512195124,-6.264945002391201
stop,word,8,9,17,51,41,15.686274509803921,21.951219512195124,-6.264945002391201
the big,phrase,8,9,17,51,41,15.686274509803921,21.951219512195124,-6.264945002391201
the federal,phrase,8,9,17,51,41,15.686274509803921,21.951219512195124,-6.264945002391201
to raise,phrase,8,9,17,51,41,15.686274509803921,21.951219512195124,-6.264945002391201
500b,word,3,5,8,51,41,5.882352941176471,12.195121951219512,-6.312769010043041
acquiring,word,3,5,8,51,41,5.882352941176471,12.195121951219512,-6.312769010043041
act,word,3,5,8,51,41,5.882352941176471,12.195121951219512,-6.312769010043041
ai bellwether,phrase,3,5,8,51,41,5.882352941176471,12.195121951219512,-6.312769010043041
ai innovation,phrase,3,5,8,51,41,5.882352941176471,12.195121951219512,-6.312769010043041
ai into,phrase,3,5,8,51,41,5.882352941176471,12.195121951219512,-6.312769010043041
alleged,word,3,5,8,51,41,5.882352941176471,12.195121951219512,-6.312769010043041
allows,word,3,5,8,51,41,5.882352941176471,12.195121951219512,-6.312769010043041
amount,word,3,5,8,51,41,5.882352941176471,12.195121951219512,-6.312769010043041
an earnings,phrase,3,5,8,51,41,5.882352941176471,12.195121951219512,-6.312769010043041
an initial,phrase,3,5,8,51,41,5.882352941176471,12.195121951219512,-6.312769010043041
and buy,phrase,3,5,8,51,41,5.882352941176471,12.195121951219512,-6.312769010043041
and custom,phrase,3,5,8,51,41,5.882352941176471,12.195121951219512,-6.312769010043041
and gpu,phrase,3,5,8,51,41,5.882352941176471,12.195121951219512,-6.312769010043041
and shares,phrase,3,5,8,51,41,5.882352941176471,12.195121951219512,-6.312769010043041
apple is,phrase,3,5,8,51,41,5.882352941176471,12.195121951219512,-6.312769010043041
are rising,phrase,3,5,8,51,41,5.882352941176471,12.195121951219512,-6.312769010043041
as strong,phrase,3,5,8,51,41,5.882352941176471,12.195121951219512,-6.312769010043041
as valuation,phrase,3,5,8,51,41,5.882352941176471,12.195121951219512,-6.312769010043041
benefiting from,phrase,3,5,8,51,41,5.882352941176471,12.195121951219512,-6.312769010043041
better ai,phrase,3,5,8,51,41,5.882352941176471,12.195121951219512,-6.312769010043041
block,word,3,5,8,51,41,5.882352941176471,12.195121951219512,-6.312769010043041
brand,word,3,5,8,51,41,5.882352941176471,12.195121951219512,-6.312769010043041
build new,phrase,3,5,8,51,41,5.882352941176471,12.195121951219512,-6.312769010043041
but not,phrase,3,5,8,51,41,5.882352941176471,12.195121951219512,-6.312769010043041
capital expenditures,phrase,3,5,8,51,41,5.882352941176471,12.195121951219512,-6.312769010043041
charge,word,3,5,8,51,41,5.882352941176471,12.195121951219512,-6.312769010043041
chip business,phrase,3,5,8,51,41,5.882352941176471,12.195121951219512,-6.312769010043041
chip company,phrase,3,5,8,51,41,5.882352941176471,12.195121951219512,-6.312769010043041
cloud capacity,phrase,3,5,8,51,41,5.882352941176471,12.195121951219512,-6.312769010043041
cold,word,3,5,8,51,41,5.882352941176471,12.195121951219512,-6.312769010043041
competition from,phrase,3,5,8,51,41,5.882352941176471,12.195121951219512,-6.312769010043041
conviction,word,3,5,8,51,41,5.882352941176471,12.195121951219512,-6.312769010043041
crisis,word,3,5,8,51,41,5.882352941176471,12.195121951219512,-6.312769010043041
data editor,phrase,3,5,8,51,41,5.882352941176471,12.195121951219512,-6.312769010043041
demonstrating,word,3,5,8,51,41,5.882352941176471,12.195121951219512,-6.312769010043041
direction,word,3,5,8,51,41,5.882352941176471,12.195121951219512,-6.312769010043041
eased,word,3,5,8,51,41,5.882352941176471,12.195121951219512,-6.312769010043041
ed ludlow,phrase,3,5,8,51,41,5.882352941176471,12.195121951219512,-6.312769010043041
editor jared,phrase,3,5,8,51,41,5.882352941176471,12.195121951219512,-6.312769010043041
electricity,word,3,5,8,51,41,5.882352941176471,12.195121951219512,-6.312769010043041
estimated,word,3,5,8,51,41,5.882352941176471,12.195121951219512,-6.312769010043041
eventually,word,3,5,8,51,41,5.882352941176471,12.195121951219512,-6.312769010043041
expenditures,word,3,5,8,51,41,5.882352941176471,12.195121951219512,-6.312769010043041
exposed,word,3,5,8,51,41,5.882352941176471,12.195121951219512,-6.312769010043041
fall after,phrase,3,5,8,51,41,5.882352941176471,12.195121951219512,-6.312769010043041
finance markets,phrase,3,5,8,51,41,5.882352941176471,12.195121951219512,-6.312769010043041
focus as,phrase,3,5,8,51,41,5.882352941176471,12.195121951219512,-6.312769010043041
frenzy,word,3,5,8,51,41,5.882352941176471,12.195121951219512,-6.312769010043041
fund manager,phrase,3,5,8,51,41,5.882352941176471,12.195121951219512,-6.312769010043041
gen ai,phrase,3,5,8,51,41,5.882352941176471,12.195121951219512,-6.312769010043041
google stock,phrase,3,5,8,51,41,5.882352941176471,12.195121951219512,-6.312769010043041
gpu deal,phrase,3,5,8,51,41,5.882352941176471,12.195121951219512,-6.312769010043041
has started,phrase,3,5,8,51,41,5.882352941176471,12.195121951219512,-6.312769010043041
have not,phrase,3,5,8,51,41,5.882352941176471,12.195121951219512,-6.312769010043041
he's,word,3,5,8,51,41,5.882352941176471,12.195121951219512,-6.312769010043041
headwinds,word,3,5,8,51,41,5.882352941176471,12.195121951219512,-6.312769010043041
heavyweights,word,3,5,8,51,41,5.882352941176471,12.195121951219512,-6.312769010043041
high as,phrase,3,5,8,51,41,5.882352941176471,12.195121951219512,-6.312769010043041
hpe,word,3,5,8,51,41,5.882352941176471,12.195121951219512,-6.312769010043041
in pre,phrase,3,5,8,51,41,5.882352941176471,12.195121951219512,-6.312769010043041
influence,word,3,5,8,51,41,5.882352941176471,12.195121951219512,-6.312769010043041
innovation in,phrase,3,5,8,51,41,5.882352941176471,12.195121951219512,-6.312769010043041
intensive,word,3,5,8,51,41,5.882352941176471,12.195121951219512,-6.312769010043041
intraday,word,3,5,8,51,41,5.882352941176471,12.195121951219512,-6.312769010043041
investors with,phrase,3,5,8,51,41,5.882352941176471,12.195121951219512,-6.312769010043041
is far,phrase,3,5,8,51,41,5.882352941176471,12.195121951219512,-6.312769010043041
joins market,phrase,3,5,8,51,41,5.882352941176471,12.195121951219512,-6.312769010043041
later this,phrase,3,5,8,51,41,5.882352941176471,12.195121951219512,-6.312769010043041
lineup,word,3,5,8,51,41,5.882352941176471,12.195121951219512,-6.312769010043041
listing,word,3,5,8,51,41,5.882352941176471,12.195121951219512,-6.312769010043041
longtime,word,3,5,8,51,41,5.882352941176471,12.195121951219512,-6.312769010043041
love,word,3,5,8,51,41,5.882352941176471,12.195121951219512,-6.312769010043041
lower on,phrase,3,5,8,51,41,5.882352941176471,12.195121951219512,-6.312769010043041
ludlow,word,3,5,8,51,41,5.882352941176471,12.195121951219512,-6.312769010043041
mad money,phrase,3,5,8,51,41,5.882352941176471,12.195121951219512,-6.312769010043041
manufacturing nyse,phrase,3,5,8,51,41,5.882352941176471,12.195121951219512,-6.312769010043041
meta nvidia,phrase,3,5,8,51,41,5.882352941176471,12.195121951219512,-6.312769010043041
micron is,phrase,3,5,8,51,41,5.882352941176471,12.195121951219512,-6.312769010043041
more opening,phrase,3,5,8,51,41,5.882352941176471,12.195121951219512,-6.312769010043041
moving markets,phrase,3,5,8,51,41,5.882352941176471,12.195121951219512,-6.312769010043041
nvidia investment,phrase,3,5,8,51,41,5.882352941176471,12.195121951219512,-6.312769010043041
nvidia rtx,phrase,3,5,8,51,41,5.882352941176471,12.195121951219512,-6.312769010043041
nvidia's data,phrase,3,5,8,51,41,5.882352941176471,12.195121951219512,-6.312769010043041
nvidia's earnings,phrase,3,5,8,51,41,5.882352941176471,12.195121951219512,-6.312769010043041
of key,phrase,3,5,8,51,41,5.882352941176471,12.195121951219512,-6.312769010043041
on reports,phrase,3,5,8,51,41,5.882352941176471,12.195121951219512,-6.312769010043041
openai investment,phrase,3,5,8,51,41,5.882352941176471,12.195121951219512,-6.312769010043041
opening bid,phrase,3,5,8,51,41,5.882352941176471,12.195121951219512,-6.312769010043041
opportunities in,phrase,3,5,8,51,41,5.882352941176471,12.195121951219512,-6.312769010043041
over nvidia,phrase,3,5,8,51,41,5.882352941176471,12.195121951219512,-6.312769010043041
patience,word,3,5,8,51,41,5.882352941176471,12.195121951219512,-6.312769010043041
permission,word,3,5,8,51,41,5.882352941176471,12.195121951219512,-6.312769010043041
plunges,word,3,5,8,51,41,5.882352941176471,12.195121951219512,-6.312769010043041
productivity,word,3,5,8,51,41,5.882352941176471,12.195121951219512,-6.312769010043041
prominent,word,3,5,8,51,41,5.882352941176471,12.195121951219512,-6.312769010043041
prove,word,3,5,8,51,41,5.882352941176471,12.195121951219512,-6.312769010043041
pull,word,3,5,8,51,41,5.882352941176471,12.195121951219512,-6.312769010043041
region,word,3,5,8,51,41,5.882352941176471,12.195121951219512,-6.312769010043041
reiterated its,phrase,3,5,8,51,41,5.882352941176471,12.195121951219512,-6.312769010043041
reset,word,3,5,8,51,41,5.882352941176471,12.195121951219512,-6.312769010043041
revenue guidance,phrase,3,5,8,51,41,5.882352941176471,12.195121951219512,-6.312769010043041
reversal,word,3,5,8,51,41,5.882352941176471,12.195121951219512,-6.312769010043041
round led,phrase,3,5,8,51,41,5.882352941176471,12.195121951219512,-6.312769010043041
said its,phrase,3,5,8,51,41,5.882352941176471,12.195121951219512,-6.312769010043041
season,word,3,5,8,51,41,5.882352941176471,12.195121951219512,-6.312769010043041
share in,phrase,3,5,8,51,41,5.882352941176471,12.195121951219512,-6.312769010043041
shares jumped,phrase,3,5,8,51,41,5.882352941176471,12.195121951219512,-6.312769010043041
sight,word,3,5,8,51,41,5.882352941176471,12.195121951219512,-6.312769010043041
stake and,phrase,3,5,8,51,41,5.882352941176471,12.195121951219512,-6.312769010043041
status,word,3,5,8,51,41,5.882352941176471,12.195121951219512,-6.312769010043041
steady,word,3,5,8,51,41,5.882352941176471,12.195121951219512,-6.312769010043041
stock rally,phrase,3,5,8,51,41,5.882352941176471,12.195121951219512,-6.312769010043041
stocks instead,phrase,3,5,8,51,41,5.882352941176471,12.195121951219512,-6.312769010043041
strategy for,phrase,3,5,8,51,41,5.882352941176471,12.195121951219512,-6.312769010043041
strong q3,phrase,3,5,8,51,41,5.882352941176471,12.195121951219512,-6.312769010043041
supercomputers,word,3,5,8,51,41,5.882352941176471,12.195121951219512,-6.312769010043041
supplier to,phrase,3,5,8,51,41,5.882352941176471,12.195121951219512,-6.312769010043041
sure,word,3,5,8,51,41,5.882352941176471,12.195121951219512,-6.312769010043041
tailwind,word,3,5,8,51,41,5.882352941176471,12.195121951219512,-6.312769010043041
that's the,phrase,3,5,8,51,41,5.882352941176471,12.195121951219512,-6.312769010043041
the bell,phrase,3,5,8,51,41,5.882352941176471,12.195121951219512,-6.312769010043041
the number,phrase,3,5,8,51,41,5.882352941176471,12.195121951219512,-6.312769010043041
the startup,phrase,3,5,8,51,41,5.882352941176471,12.195121951219512,-6.312769010043041
the time,phrase,3,5,8,51,41,5.882352941176471,12.195121951219512,-6.312769010043041
to look,phrase,3,5,8,51,41,5.882352941176471,12.195121951219512,-6.312769010043041
to reduce,phrase,3,5,8,51,41,5.882352941176471,12.195121951219512,-6.312769010043041
to replace,phrase,3,5,8,51,41,5.882352941176471,12.195121951219512,-6.312769010043041
to soar,phrase,3,5,8,51,41,5.882352941176471,12.195121951219512,-6.312769010043041
too late,phrase,3,5,8,51,41,5.882352941176471,12.195121951219512,-6.312769010043041
tough,word,3,5,8,51,41,5.882352941176471,12.195121951219512,-6.312769010043041
unclear,word,3,5,8,51,41,5.882352941176471,12.195121951219512,-6.312769010043041
us equity,phrase,3,5,8,51,41,5.882352941176471,12.195121951219512,-6.312769010043041
use cases,phrase,3,5,8,51,41,5.882352941176471,12.195121951219512,-6.312769010043041
verify,word,3,5,8,51,41,5.882352941176471,12.195121951219512,-6.312769010043041
wealth,word,3,5,8,51,41,5.882352941176471,12.195121951219512,-6.312769010043041
will make,phrase,3,5,8,51,41,5.882352941176471,12.195121951219512,-6.312769010043041
with high,phrase,3,5,8,51,41,5.882352941176471,12.195121951219512,-6.312769010043041
with wall,phrase,3,5,8,51,41,5.882352941176471,12.195121951219512,-6.312769010043041
yield,word,3,5,8,51,41,5.882352941176471,12.195121951219512,-6.312769010043041
cloud,word,44,38,82,51,41,86.27450980392157,92.6829268292683,-6.408417025346724
revenue,word,44,38,82,51,41,86.27450980392157,92.6829268292683,-6.408417025346724
industry,word,39,34,73,51,41,76.47058823529412,82.92682926829268,-6.456241032998566
on ai,phrase,39,34,73,51,41,76.47058823529412,82.92682926829268,-6.456241032998566
systems,word,34,30,64,51,41,66.66666666666667,73.17073170731707,-6.504065040650408
the artificial,phrase,29,26,55,51,41,56.86274509803921,63.41463414634146,-6.55188904830225
keep,word,24,22,46,51,41,47.05882352941177,53.65853658536585,-6.599713055954092
prices,word,24,22,46,51,41,47.05882352941177,53.65853658536585,-6.599713055954092
margins,word,19,18,37,51,41,37.254901960784316,43.90243902439025,-6.647537063605929
surged,word,19,18,37,51,41,37.254901960784316,43.90243902439025,-6.647537063605929
system,word,19,18,37,51,41,37.254901960784316,43.90243902439025,-6.647537063605929
whether,word,19,18,37,51,41,37.254901960784316,43.90243902439025,-6.647537063605929
american,word,14,14,28,51,41,27.45098039215686,34.146341463414636,-6.695361071257771
and apple,phrase,14,14,28,51,41,27.45098039215686,34.146341463414636,-6.695361071257771
and google,phrase,14,14,28,51,41,27.45098039215686,34.146341463414636,-6.695361071257771
consumer,word,14,14,28,51,41,27.45098039215686,34.146341463414636,-6.695361071257771
dropped,word,14,14,28,51,41,27.45098039215686,34.146341463414636,-6.695361071257771
economy,word,14,14,28,51,41,27.45098039215686,34.146341463414636,-6.695361071257771
need to,phrase,14,14,28,51,41,27.45098039215686,34.146341463414636,-6.695361071257771
nvidia backed,phrase,14,14,28,51,41,27.45098039215686,34.146341463414636,-6.695361071257771
processor,word,14,14,28,51,41,27.45098039215686,34.146341463414636,-6.695361071257771
strength,word,14,14,28,51,41,27.45098039215686,34.146341463414636,-6.695361071257771
to deploy,phrase,14,14,28,51,41,27.45098039215686,34.146341463414636,-6.695361071257771
trump's,word,14,14,28,51,41,27.45098039215686,34.146341463414636,-6.695361071257771
within,word,14,14,28,51,41,27.45098039215686,34.146341463414636,-6.695361071257771
ai to,phrase,9,10,19,51,41,17.647058823529413,24.390243902439025,-6.743185078909611
beating,word,9,10,19,51,41,17.647058823529413,24.390243902439025,-6.743185078909611
blog highlights,phrase,9,10,19,51,41,17.647058823529413,24.390243902439025,-6.743185078909611
calif,word,9,10,19,51,41,17.647058823529413,24.390243902439025,-6.743185078909611
china and,phrase,9,10,19,51,41,17.647058823529413,24.390243902439025,-6.743185078909611
chip market,phrase,9,10,19,51,41,17.647058823529413,24.390243902439025,-6.743185078909611
country,word,9,10,19,51,41,17.647058823529413,24.390243902439025,-6.743185078909611
cramer says,phrase,9,10,19,51,41,17.647058823529413,24.390243902439025,-6.743185078909611
dominant,word,9,10,19,51,41,17.647058823529413,24.390243902439025,-6.743185078909611
enterprise ai,phrase,9,10,19,51,41,17.647058823529413,24.390243902439025,-6.743185078909611
exposure to,phrase,9,10,19,51,41,17.647058823529413,24.390243902439025,-6.743185078909611
facing,word,9,10,19,51,41,17.647058823529413,24.390243902439025,-6.743185078909611
fundamentals,word,9,10,19,51,41,17.647058823529413,24.390243902439025,-6.743185078909611
generative,word,9,10,19,51,41,17.647058823529413,24.390243902439025,-6.743185078909611
highlights nvidia,phrase,9,10,19,51,41,17.647058823529413,24.390243902439025,-6.743185078909611
holds,word,9,10,19,51,41,17.647058823529413,24.390243902439025,-6.743185078909611
korea,word,9,10,19,51,41,17.647058823529413,24.390243902439025,-6.743185078909611
learn more,phrase,9,10,19,51,41,17.647058823529413,24.390243902439025,-6.743185078909611
lot of,phrase,9,10,19,51,41,17.647058823529413,24.390243902439025,-6.743185078909611
moved,word,9,10,19,51,41,17.647058823529413,24.390243902439025,-6.743185078909611
people familiar,phrase,9,10,19,51,41,17.647058823529413,24.390243902439025,-6.743185078909611
profitable,word,9,10,19,51,41,17.647058823529413,24.390243902439025,-6.743185078909611
pullback,word,9,10,19,51,41,17.647058823529413,24.390243902439025,-6.743185078909611
slightly,word,9,10,19,51,41,17.647058823529413,24.390243902439025,-6.743185078909611
soon,word,9,10,19,51,41,17.647058823529413,24.390243902439025,-6.743185078909611
the stock's,phrase,9,10,19,51,41,17.647058823529413,24.390243902439025,-6.743185078909611
to fund,phrase,9,10,19,51,41,17.647058823529413,24.390243902439025,-6.743185078909611
1b,word,4,6,10,51,41,7.8431372549019605,14.634146341463415,-6.791009086561453
alphabet goog,phrase,4,6,10,51,41,7.8431372549019605,14.634146341463415,-6.791009086561453
always,word,4,6,10,51,41,7.8431372549019605,14.634146341463415,-6.791009086561453
amd has,phrase,4,6,10,51,41,7.8431372549019605,14.634146341463415,-6.791009086561453
and deploy,phrase,4,6,10,51,41,7.8431372549019605,14.634146341463415,-6.791009086561453
and global,phrase,4,6,10,51,41,7.8431372549019605,14.634146341463415,-6.791009086561453
and industrial,phrase,4,6,10,51,41,7.8431372549019605,14.634146341463415,-6.791009086561453
and taiwan,phrase,4,6,10,51,41,7.8431372549019605,14.634146341463415,-6.791009086561453
as jensen,phrase,4,6,10,51,41,7.8431372549019605,14.634146341463415,-6.791009086561453
as nasdaqgs,phrase,4,6,10,51,41,7.8431372549019605,14.634146341463415,-6.791009086561453
backed ai,phrase,4,6,10,51,41,7.8431372549019605,14.634146341463415,-6.791009086561453
backlog,word,4,6,10,51,41,7.8431372549019605,14.634146341463415,-6.791009086561453
backs,word,4,6,10,51,41,7.8431372549019605,14.634146341463415,-6.791009086561453
based ai,phrase,4,6,10,51,41,7.8431372549019605,14.634146341463415,-6.791009086561453
breaks down,phrase,4,6,10,51,41,7.8431372549019605,14.634146341463415,-6.791009086561453
capital management,phrase,4,6,10,51,41,7.8431372549019605,14.634146341463415,-6.791009086561453
chatter,word,4,6,10,51,41,7.8431372549019605,14.634146341463415,-6.791009086561453
data and,phrase,4,6,10,51,41,7.8431372549019605,14.634146341463415,-6.791009086561453
demand in,phrase,4,6,10,51,41,7.8431372549019605,14.634146341463415,-6.791009086561453
distributed,word,4,6,10,51,41,7.8431372549019605,14.634146341463415,-6.791009086561453
division,word,4,6,10,51,41,7.8431372549019605,14.634146341463415,-6.791009086561453
early on,phrase,4,6,10,51,41,7.8431372549019605,14.634146341463415,-6.791009086561453
earnings preview,phrase,4,6,10,51,41,7.8431372549019605,14.634146341463415,-6.791009086561453
earnings reports,phrase,4,6,10,51,41,7.8431372549019605,14.634146341463415,-6.791009086561453
ed,word,4,6,10,51,41,7.8431372549019605,14.634146341463415,-6.791009086561453
effectively,word,4,6,10,51,41,7.8431372549019605,14.634146341463415,-6.791009086561453
enthusiasm,word,4,6,10,51,41,7.8431372549019605,14.634146341463415,-6.791009086561453
expansion and,phrase,4,6,10,51,41,7.8431372549019605,14.634146341463415,-6.791009086561453
expects to,phrase,4,6,10,51,41,7.8431372549019605,14.634146341463415,-6.791009086561453
flags,word,4,6,10,51,41,7.8431372549019605,14.634146341463415,-6.791009086561453
foreign,word,4,6,10,51,41,7.8431372549019605,14.634146341463415,-6.791009086561453
from openai,phrase,4,6,10,51,41,7.8431372549019605,14.634146341463415,-6.791009086561453
gains on,phrase,4,6,10,51,41,7.8431372549019605,14.634146341463415,-6.791009086561453
highest,word,4,6,10,51,41,7.8431372549019605,14.634146341463415,-6.791009086561453
in line,phrase,4,6,10,51,41,7.8431372549019605,14.634146341463415,-6.791009086561453
intelligence and,phrase,4,6,10,51,41,7.8431372549019605,14.634146341463415,-6.791009086561453
it expects,phrase,4,6,10,51,41,7.8431372549019605,14.634146341463415,-6.791009086561453
its upcoming,phrase,4,6,10,51,41,7.8431372549019605,14.634146341463415,-6.791009086561453
jared,word,4,6,10,51,41,7.8431372549019605,14.634146341463415,-6.791009086561453
last quarter,phrase,4,6,10,51,41,7.8431372549019605,14.634146341463415,-6.791009086561453
lee,word,4,6,10,51,41,7.8431372549019605,14.634146341463415,-6.791009086561453
loves,word,4,6,10,51,41,7.8431372549019605,14.634146341463415,-6.791009086561453
machine,word,4,6,10,51,41,7.8431372549019605,14.634146341463415,-6.791009086561453
market and,phrase,4,6,10,51,41,7.8431372549019605,14.634146341463415,-6.791009086561453
market in,phrase,4,6,10,51,41,7.8431372549019605,14.634146341463415,-6.791009086561453
marketing,word,4,6,10,51,41,7.8431372549019605,14.634146341463415,-6.791009086561453
megacap,word,4,6,10,51,41,7.8431372549019605,14.634146341463415,-6.791009086561453
move to,phrase,4,6,10,51,41,7.8431372549019605,14.634146341463415,-6.791009086561453
moves in,phrase,4,6,10,51,41,7.8431372549019605,14.634146341463415,-6.791009086561453
mp,word,4,6,10,51,41,7.8431372549019605,14.634146341463415,-6.791009086561453
much you'd,phrase,4,6,10,51,41,7.8431372549019605,14.634146341463415,-6.791009086561453
never,word,4,6,10,51,41,7.8431372549019605,14.634146341463415,-6.791009086561453
new chip,phrase,4,6,10,51,41,7.8431372549019605,14.634146341463415,-6.791009086561453
nvda are,phrase,4,6,10,51,41,7.8431372549019605,14.634146341463415,-6.791009086561453
of data,phrase,4,6,10,51,41,7.8431372549019605,14.634146341463415,-6.791009086561453
old,word,4,6,10,51,41,7.8431372549019605,14.634146341463415,-6.791009086561453
on advanced,phrase,4,6,10,51,41,7.8431372549019605,14.634146341463415,-6.791009086561453
ownership,word,4,6,10,51,41,7.8431372549019605,14.634146341463415,-6.791009086561453
phase of,phrase,4,6,10,51,41,7.8431372549019605,14.634146341463415,-6.791009086561453
prepares,word,4,6,10,51,41,7.8431372549019605,14.634146341463415,-6.791009086561453
preparing for,phrase,4,6,10,51,41,7.8431372549019605,14.634146341463415,-6.791009086561453
print,word,4,6,10,51,41,7.8431372549019605,14.634146341463415,-6.791009086561453
recap,word,4,6,10,51,41,7.8431372549019605,14.634146341463415,-6.791009086561453
reports of,phrase,4,6,10,51,41,7.8431372549019605,14.634146341463415,-6.791009086561453
resources,word,4,6,10,51,41,7.8431372549019605,14.634146341463415,-6.791009086561453
rolling out,phrase,4,6,10,51,41,7.8431372549019605,14.634146341463415,-6.791009086561453
rose on,phrase,4,6,10,51,41,7.8431372549019605,14.634146341463415,-6.791009086561453
says it's,phrase,4,6,10,51,41,7.8431372549019605,14.634146341463415,-6.791009086561453
semiconductor etfs,phrase,4,6,10,51,41,7.8431372549019605,14.634146341463415,-6.791009086561453
similar,word,4,6,10,51,41,7.8431372549019605,14.634146341463415,-6.791009086561453
singapore,word,4,6,10,51,41,7.8431372549019605,14.634146341463415,-6.791009086561453
spending is,phrase,4,6,10,51,41,7.8431372549019605,14.634146341463415,-6.791009086561453
stand,word,4,6,10,51,41,7.8431372549019605,14.634146341463415,-6.791009086561453
stock fell,phrase,4,6,10,51,41,7.8431372549019605,14.634146341463415,-6.791009086561453
tencent,word,4,6,10,51,41,7.8431372549019605,14.634146341463415,-6.791009086561453
the numbers,phrase,4,6,10,51,41,7.8431372549019605,14.634146341463415,-6.791009086561453
the wall,phrase,4,6,10,51,41,7.8431372549019605,14.634146341463415,-6.791009086561453
three months,phrase,4,6,10,51,41,7.8431372549019605,14.634146341463415,-6.791009086561453
to analysts,phrase,4,6,10,51,41,7.8431372549019605,14.634146341463415,-6.791009086561453
to new,phrase,4,6,10,51,41,7.8431372549019605,14.634146341463415,-6.791009086561453
to rise,phrase,4,6,10,51,41,7.8431372549019605,14.634146341463415,-6.791009086561453
valuation of,phrase,4,6,10,51,41,7.8431372549019605,14.634146341463415,-6.791009086561453
veteran,word,4,6,10,51,41,7.8431372549019605,14.634146341463415,-6.791009086561453
wednesday's,word,4,6,10,51,41,7.8431372549019605,14.634146341463415,-6.791009086561453
what nvidia,phrase,4,6,10,51,41,7.8431372549019605,14.634146341463415,-6.791009086561453
white house,phrase,4,6,10,51,41,7.8431372549019605,14.634146341463415,-6.791009086561453
will likely,phrase,4,6,10,51,41,7.8431372549019605,14.634146341463415,-6.791009086561453
major,word,45,39,84,51,41,88.23529411764706,95.1219512195122,-6.886657101865135
analyst,word,40,35,75,51,41,78.43137254901961,85.36585365853658,-6.934481109516977
early,word,35,31,66,51,41,68.62745098039215,75.60975609756098,-6.982305117168819
nvda stock,phrase,35,31,66,51,41,68.62745098039215,75.60975609756098,-6.982305117168819
models,word,30,27,57,51,41,58.8235294117647,65.85365853658537,-7.030129124820661
backed,word,25,23,48,51,41,49.01960784313726,56.09756097560975,-7.0779531324725085
prediction,word,25,23,48,51,41,49.01960784313726,56.09756097560975,-7.0779531324725085
rival,word,25,23,48,51,41,49.01960784313726,56.09756097560975,-7.0779531324725085
well,word,25,23,48,51,41,49.01960784313726,56.09756097560975,-7.0779531324725085
yahoo finance,phrase,25,23,48,51,41,49.01960784313726,56.09756097560975,-7.0779531324725085
for investors,phrase,20,19,39,51,41,39.21568627450981,46.34146341463415,-7.125777140124345
nvidia's stock,phrase,20,19,39,51,41,39.21568627450981,46.34146341463415,-7.125777140124345
stock to,phrase,20,19,39,51,41,39.21568627450981,46.34146341463415,-7.125777140124345
ambitions,word,15,15,30,51,41,29.41176470588235,36.58536585365854,-7.173601147776182
and advanced,phrase,15,15,30,51,41,29.41176470588235,36.58536585365854,-7.173601147776182
came,word,15,15,30,51,41,29.41176470588235,36.58536585365854,-7.173601147776182
commerce,word,15,15,30,51,41,29.41176470588235,36.58536585365854,-7.173601147776182
custom silicon,phrase,15,15,30,51,41,29.41176470588235,36.58536585365854,-7.173601147776182
intc,word,15,15,30,51,41,29.41176470588235,36.58536585365854,-7.173601147776182
march,word,15,15,30,51,41,29.41176470588235,36.58536585365854,-7.173601147776182
nvidia just,phrase,15,15,30,51,41,29.41176470588235,36.58536585365854,-7.173601147776182
on friday,phrase,15,15,30,51,41,29.41176470588235,36.58536585365854,-7.173601147776182
operating,word,15,15,30,51,41,29.41176470588235,36.58536585365854,-7.173601147776182
public,word,15,15,30,51,41,29.41176470588235,36.58536585365854,-7.173601147776182
earnings on,phrase,10,11,21,51,41,19.607843137254903,26.829268292682926,-7.221425155428027
first time,phrase,10,11,21,51,41,19.607843137254903,26.829268292682926,-7.221425155428027
for advanced,phrase,10,11,21,51,41,19.607843137254903,26.829268292682926,-7.221425155428027
heading,word,10,11,21,51,41,19.607843137254903,26.829268292682926,-7.221425155428027
market minute,phrase,10,11,21,51,41,19.607843137254903,26.829268292682926,-7.221425155428027
moment,word,10,11,21,51,41,19.607843137254903,26.829268292682926,-7.221425155428027
multi billion,phrase,10,11,21,51,41,19.607843137254903,26.829268292682926,-7.221425155428027
nvidia on,phrase,10,11,21,51,41,19.607843137254903,26.829268292682926,-7.221425155428027
per share,phrase,10,11,21,51,41,19.607843137254903,26.829268292682926,-7.221425155428027
pltr,word,10,11,21,51,41,19.607843137254903,26.829268292682926,-7.221425155428027
pre,word,10,11,21,51,41,19.607843137254903,26.829268292682926,-7.221425155428027
reports that,phrase,10,11,21,51,41,19.607843137254903,26.829268292682926,-7.221425155428027
scrutiny,word,10,11,21,51,41,19.607843137254903,26.829268292682926,-7.221425155428027
stock price,phrase,10,11,21,51,41,19.607843137254903,26.829268292682926,-7.221425155428027
stock will,phrase,10,11,21,51,41,19.607843137254903,26.829268292682926,-7.221425155428027
supporting,word,10,11,21,51,41,19.607843137254903,26.829268292682926,-7.221425155428027
the launch,phrase,10,11,21,51,41,19.607843137254903,26.829268292682926,-7.221425155428027
united,word,10,11,21,51,41,19.607843137254903,26.829268292682926,-7.221425155428027
winner,word,10,11,21,51,41,19.607843137254903,26.829268292682926,-7.221425155428027
york,word,10,11,21,51,41,19.607843137254903,26.829268292682926,-7.221425155428027
ai solutions,phrase,5,7,12,51,41,9.803921568627452,17.073170731707318,-7.269249163079867
ai training,phrase,5,7,12,51,41,9.803921568627452,17.073170731707318,-7.269249163079867
analysts at,phrase,5,7,12,51,41,9.803921568627452,17.073170731707318,-7.269249163079867
and tsmc,phrase,5,7,12,51,41,9.803921568627452,17.073170731707318,-7.269249163079867
areas,word,5,7,12,51,41,9.803921568627452,17.073170731707318,-7.269249163079867
asian,word,5,7,12,51,41,9.803921568627452,17.073170731707318,-7.269249163079867
azure,word,5,7,12,51,41,9.803921568627452,17.073170731707318,-7.269249163079867
been highlighted,phrase,5,7,12,51,41,9.803921568627452,17.073170731707318,-7.269249163079867
began,word,5,7,12,51,41,9.803921568627452,17.073170731707318,-7.269249163079867
buying opportunity,phrase,5,7,12,51,41,9.803921568627452,17.073170731707318,-7.269249163079867
capture,word,5,7,12,51,41,9.803921568627452,17.073170731707318,-7.269249163079867
cases,word,5,7,12,51,41,9.803921568627452,17.073170731707318,-7.269249163079867
center revenue,phrase,5,7,12,51,41,9.803921568627452,17.073170731707318,-7.269249163079867
commitment to,phrase,5,7,12,51,41,9.803921568627452,17.073170731707318,-7.269249163079867
company and,phrase,5,7,12,51,41,9.803921568627452,17.073170731707318,-7.269249163079867
content,word,5,7,12,51,41,9.803921568627452,17.073170731707318,-7.269249163079867
demand as,phrase,5,7,12,51,41,9.803921568627452,17.073170731707318,-7.269249163079867
forget nvidia,phrase,5,7,12,51,41,9.803921568627452,17.073170731707318,-7.269249163079867
free,word,5,7,12,51,41,9.803921568627452,17.073170731707318,-7.269249163079867
gw,word,5,7,12,51,41,9.803921568627452,17.073170731707318,-7.269249163079867
head of,phrase,5,7,12,51,41,9.803921568627452,17.073170731707318,-7.269249163079867
hub,word,5,7,12,51,41,9.803921568627452,17.073170731707318,-7.269249163079867
lisa,word,5,7,12,51,41,9.803921568627452,17.073170731707318,-7.269249163079867
market to,phrase,5,7,12,51,41,9.803921568627452,17.073170731707318,-7.269249163079867
nvidia micron,phrase,5,7,12,51,41,9.803921568627452,17.073170731707318,-7.269249163079867
nvidia price,phrase,5,7,12,51,41,9.803921568627452,17.073170731707318,-7.269249163079867
nvidia's latest,phrase,5,7,12,51,41,9.803921568627452,17.073170731707318,-7.269249163079867
often,word,5,7,12,51,41,9.803921568627452,17.073170731707318,-7.269249163079867
oracle's,word,5,7,12,51,41,9.803921568627452,17.073170731707318,-7.269249163079867
pops,word,5,7,12,51,41,9.803921568627452,17.073170731707318,-7.269249163079867
publicly,word,5,7,12,51,41,9.803921568627452,17.073170731707318,-7.269249163079867
slipped,word,5,7,12,51,41,9.803921568627452,17.073170731707318,-7.269249163079867
star,word,5,7,12,51,41,9.803921568627452,17.073170731707318,-7.269249163079867
tech heavy,phrase,5,7,12,51,41,9.803921568627452,17.073170731707318,-7.269249163079867
that nvidia's,phrase,5,7,12,51,41,9.803921568627452,17.073170731707318,-7.269249163079867
the sector,phrase,5,7,12,51,41,9.803921568627452,17.073170731707318,-7.269249163079867
training and,phrase,5,7,12,51,41,9.803921568627452,17.073170731707318,-7.269249163079867
valley,word,5,7,12,51,41,9.803921568627452,17.073170731707318,-7.269249163079867
demand for,phrase,36,32,68,51,41,70.58823529411765,78.04878048780488,-7.46054519368723
record,word,36,32,68,51,41,70.58823529411765,78.04878048780488,-7.46054519368723
software,word,36,32,68,51,41,70.58823529411765,78.04878048780488,-7.46054519368723
expansion,word,31,28,59,51,41,60.78431372549019,68.29268292682927,-7.508369201339082
the world's,phrase,31,28,59,51,41,60.78431372549019,68.29268292682927,-7.508369201339082
latest market,phrase,26,24,50,51,41,50.98039215686274,58.53658536585366,-7.556193208990914
market action,phrase,26,24,50,51,41,50.98039215686274,58.53658536585366,-7.556193208990914
worth,word,26,24,50,51,41,50.98039215686274,58.53658536585366,-7.556193208990914
and amazon,phrase,21,20,41,51,41,41.1764705882353,48.78048780487805,-7.604017216642756
due to,phrase,21,20,41,51,41,41.1764705882353,48.78048780487805,-7.604017216642756
etf,word,21,20,41,51,41,41.1764705882353,48.78048780487805,-7.604017216642756
graphics,word,21,20,41,51,41,41.1764705882353,48.78048780487805,-7.604017216642756
robotics,word,21,20,41,51,41,41.1764705882353,48.78048780487805,-7.604017216642756
stories,word,21,20,41,51,41,41.1764705882353,48.78048780487805,-7.604017216642756
agreed,word,16,16,32,51,41,31.372549019607842,39.02439024390244,-7.651841224294598
broadcom and,phrase,16,16,32,51,41,31.372549019607842,39.02439024390244,-7.651841224294598
exports,word,16,16,32,51,41,31.372549019607842,39.02439024390244,-7.651841224294598
linked,word,16,16,32,51,41,31.372549019607842,39.02439024390244,-7.651841224294598
makes,word,16,16,32,51,41,31.372549019607842,39.02439024390244,-7.651841224294598
q3,word,16,16,32,51,41,31.372549019607842,39.02439024390244,-7.651841224294598
tech companies,phrase,16,16,32,51,41,31.372549019607842,39.02439024390244,-7.651841224294598
the nasdaq,phrase,16,16,32,51,41,31.372549019607842,39.02439024390244,-7.651841224294598
trending,word,16,16,32,51,41,31.372549019607842,39.02439024390244,-7.651841224294598
advances,word,11,12,23,51,41,21.568627450980394,29.26829268292683,-7.699665231946434
closer,word,11,12,23,51,41,21.568627450980394,29.26829268292683,-7.699665231946434
hyperscaler,word,11,12,23,51,41,21.568627450980394,29.26829268292683,-7.699665231946434
opening,word,11,12,23,51,41,21.568627450980394,29.26829268292683,-7.699665231946434
shareholders,word,11,12,23,51,41,21.568627450980394,29.26829268292683,-7.699665231946434
sharply,word,11,12,23,51,41,21.568627450980394,29.26829268292683,-7.699665231946434
warns,word,11,12,23,51,41,21.568627450980394,29.26829268292683,-7.699665231946434
amazon is,phrase,6,8,14,51,41,11.764705882352942,19.51219512195122,-7.747489239598279
and intel,phrase,6,8,14,51,41,11.764705882352942,19.51219512195122,-7.747489239598279
announcing,word,6,8,14,51,41,11.764705882352942,19.51219512195122,-7.747489239598279
billion deal,phrase,6,8,14,51,41,11.764705882352942,19.51219512195122,-7.747489239598279
capitalization,word,6,8,14,51,41,11.764705882352942,19.51219512195122,-7.747489239598279
caught,word,6,8,14,51,41,11.764705882352942,19.51219512195122,-7.747489239598279
compelling,word,6,8,14,51,41,11.764705882352942,19.51219512195122,-7.747489239598279
crash,word,6,8,14,51,41,11.764705882352942,19.51219512195122,-7.747489239598279
episode of,phrase,6,8,14,51,41,11.764705882352942,19.51219512195122,-7.747489239598279
fair,word,6,8,14,51,41,11.764705882352942,19.51219512195122,-7.747489239598279
figure,word,6,8,14,51,41,11.764705882352942,19.51219512195122,-7.747489239598279
finally,word,6,8,14,51,41,11.764705882352942,19.51219512195122,-7.747489239598279
five years,phrase,6,8,14,51,41,11.764705882352942,19.51219512195122,-7.747489239598279
generative ai,phrase,6,8,14,51,41,11.764705882352942,19.51219512195122,-7.747489239598279
ground,word,6,8,14,51,41,11.764705882352942,19.51219512195122,-7.747489239598279
growing ai,phrase,6,8,14,51,41,11.764705882352942,19.51219512195122,-7.747489239598279
has agreed,phrase,6,8,14,51,41,11.764705882352942,19.51219512195122,-7.747489239598279
heads,word,6,8,14,51,41,11.764705882352942,19.51219512195122,-7.747489239598279
integrating,word,6,8,14,51,41,11.764705882352942,19.51219512195122,-7.747489239598279
is ai,phrase,6,8,14,51,41,11.764705882352942,19.51219512195122,-7.747489239598279
is going,phrase,6,8,14,51,41,11.764705882352942,19.51219512195122,-7.747489239598279
its chips,phrase,6,8,14,51,41,11.764705882352942,19.51219512195122,-7.747489239598279
its cloud,phrase,6,8,14,51,41,11.764705882352942,19.51219512195122,-7.747489239598279
keeping,word,6,8,14,51,41,11.764705882352942,19.51219512195122,-7.747489239598279
latest ai,phrase,6,8,14,51,41,11.764705882352942,19.51219512195122,-7.747489239598279
looked,word,6,8,14,51,41,11.764705882352942,19.51219512195122,-7.747489239598279
market capitalization,phrase,6,8,14,51,41,11.764705882352942,19.51219512195122,-7.747489239598279
middle east,phrase,6,8,14,51,41,11.764705882352942,19.51219512195122,-7.747489239598279
nebius group,phrase,6,8,14,51,41,11.764705882352942,19.51219512195122,-7.747489239598279
nvidia which,phrase,6,8,14,51,41,11.764705882352942,19.51219512195122,-7.747489239598279
participation from,phrase,6,8,14,51,41,11.764705882352942,19.51219512195122,-7.747489239598279
past month,phrase,6,8,14,51,41,11.764705882352942,19.51219512195122,-7.747489239598279
posting,word,6,8,14,51,41,11.764705882352942,19.51219512195122,-7.747489239598279
primary,word,6,8,14,51,41,11.764705882352942,19.51219512195122,-7.747489239598279
prior,word,6,8,14,51,41,11.764705882352942,19.51219512195122,-7.747489239598279
rating upgrade,phrase,6,8,14,51,41,11.764705882352942,19.51219512195122,-7.747489239598279
response,word,6,8,14,51,41,11.764705882352942,19.51219512195122,-7.747489239598279
shares have,phrase,6,8,14,51,41,11.764705882352942,19.51219512195122,-7.747489239598279
sinks,word,6,8,14,51,41,11.764705882352942,19.51219512195122,-7.747489239598279
the announcement,phrase,6,8,14,51,41,11.764705882352942,19.51219512195122,-7.747489239598279
ticker,word,6,8,14,51,41,11.764705882352942,19.51219512195122,-7.747489239598279
video,word,6,8,14,51,41,11.764705882352942,19.51219512195122,-7.747489239598279
will nvidia,phrase,6,8,14,51,41,11.764705882352942,19.51219512195122,-7.747489239598279
50b,word,1,4,5,51,41,1.9607843137254901,9.75609756097561,-7.79531324725012
across industries,phrase,1,4,5,51,41,1.9607843137254901,9.75609756097561,-7.79531324725012
added that,phrase,1,4,5,51,41,1.9607843137254901,9.75609756097561,-7.79531324725012
after strong,phrase,1,4,5,51,41,1.9607843137254901,9.75609756097561,-7.79531324725012
ahead for,phrase,1,4,5,51,41,1.9607843137254901,9.75609756097561,-7.79531324725012
ai outlook,phrase,1,4,5,51,41,1.9607843137254901,9.75609756097561,-7.79531324725012
alleging,word,1,4,5,51,41,1.9607843137254901,9.75609756097561,-7.79531324725012
alongside its,phrase,1,4,5,51,41,1.9607843137254901,9.75609756097561,-7.79531324725012
analyst dan,phrase,1,4,5,51,41,1.9607843137254901,9.75609756097561,-7.79531324725012
and cisco,phrase,1,4,5,51,41,1.9607843137254901,9.75609756097561,-7.79531324725012
and enterprise,phrase,1,4,5,51,41,1.9607843137254901,9.75609756097561,-7.79531324725012
and product,phrase,1,4,5,51,41,1.9607843137254901,9.75609756097561,-7.79531324725012
and secure,phrase,1,4,5,51,41,1.9607843137254901,9.75609756097561,-7.79531324725012
annual sales,phrase,1,4,5,51,41,1.9607843137254901,9.75609756097561,-7.79531324725012
anxiety,word,1,4,5,51,41,1.9607843137254901,9.75609756097561,-7.79531324725012
approval from,phrase,1,4,5,51,41,1.9607843137254901,9.75609756097561,-7.79531324725012
are betting,phrase,1,4,5,51,41,1.9607843137254901,9.75609756097561,-7.79531324725012
are increasingly,phrase,1,4,5,51,41,1.9607843137254901,9.75609756097561,-7.79531324725012
are likely,phrase,1,4,5,51,41,1.9607843137254901,9.75609756097561,-7.79531324725012
as markets,phrase,1,4,5,51,41,1.9607843137254901,9.75609756097561,-7.79531324725012
as stock,phrase,1,4,5,51,41,1.9607843137254901,9.75609756097561,-7.79531324725012
attract,word,1,4,5,51,41,1.9607843137254901,9.75609756097561,-7.79531324725012
auto,word,1,4,5,51,41,1.9607843137254901,9.75609756097561,-7.79531324725012
backbone of,phrase,1,4,5,51,41,1.9607843137254901,9.75609756097561,-7.79531324725012
beijing has,phrase,1,4,5,51,41,1.9607843137254901,9.75609756097561,-7.79531324725012
billion at,phrase,1,4,5,51,41,1.9607843137254901,9.75609756097561,-7.79531324725012
boasting,word,1,4,5,51,41,1.9607843137254901,9.75609756097561,-7.79531324725012
bottlenecks,word,1,4,5,51,41,1.9607843137254901,9.75609756097561,-7.79531324725012
broadcom micron,phrase,1,4,5,51,41,1.9607843137254901,9.75609756097561,-7.79531324725012
brought,word,1,4,5,51,41,1.9607843137254901,9.75609756097561,-7.79531324725012
chats,word,1,4,5,51,41,1.9607843137254901,9.75609756097561,-7.79531324725012
chats with,phrase,1,4,5,51,41,1.9607843137254901,9.75609756097561,-7.79531324725012
climbed to,phrase,1,4,5,51,41,1.9607843137254901,9.75609756097561,-7.79531324725012
closed down,phrase,1,4,5,51,41,1.9607843137254901,9.75609756097561,-7.79531324725012
cloud for,phrase,1,4,5,51,41,1.9607843137254901,9.75609756097561,-7.79531324725012
company had,phrase,1,4,5,51,41,1.9607843137254901,9.75609756097561,-7.79531324725012
concerns and,phrase,1,4,5,51,41,1.9607843137254901,9.75609756097561,-7.79531324725012
conference call,phrase,1,4,5,51,41,1.9607843137254901,9.75609756097561,-7.79531324725012
construction of,phrase,1,4,5,51,41,1.9607843137254901,9.75609756097561,-7.79531324725012
corporation stock,phrase,1,4,5,51,41,1.9607843137254901,9.75609756097561,-7.79531324725012
could soar,phrase,1,4,5,51,41,1.9607843137254901,9.75609756097561,-7.79531324725012
court,word,1,4,5,51,41,1.9607843137254901,9.75609756097561,-7.79531324725012
cross,word,1,4,5,51,41,1.9607843137254901,9.75609756097561,-7.79531324725012
current ai,phrase,1,4,5,51,41,1.9607843137254901,9.75609756097561,-7.79531324725012
deck,word,1,4,5,51,41,1.9607843137254901,9.75609756097561,-7.79531324725012
delta,word,1,4,5,51,41,1.9607843137254901,9.75609756097561,-7.79531324725012
demand but,phrase,1,4,5,51,41,1.9607843137254901,9.75609756097561,-7.79531324725012
detail,word,1,4,5,51,41,1.9607843137254901,9.75609756097561,-7.79531324725012
did nvidia,phrase,1,4,5,51,41,1.9607843137254901,9.75609756097561,-7.79531324725012
discussion,word,1,4,5,51,41,1.9607843137254901,9.75609756097561,-7.79531324725012
dollar deal,phrase,1,4,5,51,41,1.9607843137254901,9.75609756097561,-7.79531324725012
dumps,word,1,4,5,51,41,1.9607843137254901,9.75609756097561,-7.79531324725012
earnings update,phrase,1,4,5,51,41,1.9607843137254901,9.75609756097561,-7.79531324725012
emerge as,phrase,1,4,5,51,41,1.9607843137254901,9.75609756097561,-7.79531324725012
expertise,word,1,4,5,51,41,1.9607843137254901,9.75609756097561,-7.79531324725012
fears and,phrase,1,4,5,51,41,1.9607843137254901,9.75609756097561,-7.79531324725012
fed's,word,1,4,5,51,41,1.9607843137254901,9.75609756097561,-7.79531324725012
federal reserve's,phrase,1,4,5,51,41,1.9607843137254901,9.75609756097561,-7.79531324725012
firmly,word,1,4,5,51,41,1.9607843137254901,9.75609756097561,-7.79531324725012
for strong,phrase,1,4,5,51,41,1.9607843137254901,9.75609756097561,-7.79531324725012
forecast for,phrase,1,4,5,51,41,1.9607843137254901,9.75609756097561,-7.79531324725012
free cash,phrase,1,4,5,51,41,1.9607843137254901,9.75609756097561,-7.79531324725012
fresh all,phrase,1,4,5,51,41,1.9607843137254901,9.75609756097561,-7.79531324725012
from companies,phrase,1,4,5,51,41,1.9607843137254901,9.75609756097561,-7.79531324725012
granted,word,1,4,5,51,41,1.9607843137254901,9.75609756097561,-7.79531324725012
has stalled,phrase,1,4,5,51,41,1.9607843137254901,9.75609756097561,-7.79531324725012
he says,phrase,1,4,5,51,41,1.9607843137254901,9.75609756097561,-7.79531324725012
heat,word,1,4,5,51,41,1.9607843137254901,9.75609756097561,-7.79531324725012
hewlett,word,1,4,5,51,41,1.9607843137254901,9.75609756097561,-7.79531324725012
hewlett packard,phrase,1,4,5,51,41,1.9607843137254901,9.75609756097561,-7.79531324725012
hyundai,word,1,4,5,51,41,1.9607843137254901,9.75609756097561,-7.79531324725012
implications,word,1,4,5,51,41,1.9607843137254901,9.75609756097561,-7.79531324725012
implications for,phrase,1,4,5,51,41,1.9607843137254901,9.75609756097561,-7.79531324725012
importance of,phrase,1,4,5,51,41,1.9607843137254901,9.75609756097561,-7.79531324725012
in europe,phrase,1,4,5,51,41,1.9607843137254901,9.75609756097561,-7.79531324725012
in markets,phrase,1,4,5,51,41,1.9607843137254901,9.75609756097561,-7.79531324725012
in q1,phrase,1,4,5,51,41,1.9607843137254901,9.75609756097561,-7.79531324725012
in software,phrase,1,4,5,51,41,1.9607843137254901,9.75609756097561,-7.79531324725012
individual stocks,phrase,1,4,5,51,41,1.9607843137254901,9.75609756097561,-7.79531324725012
industrial ai,phrase,1,4,5,51,41,1.9607843137254901,9.75609756097561,-7.79531324725012
instinct mi355x,phrase,1,4,5,51,41,1.9607843137254901,9.75609756097561,-7.79531324725012
intelligence in,phrase,1,4,5,51,41,1.9607843137254901,9.75609756097561,-7.79531324725012
investors await,phrase,1,4,5,51,41,1.9607843137254901,9.75609756097561,-7.79531324725012
investors brace,phrase,1,4,5,51,41,1.9607843137254901,9.75609756097561,-7.79531324725012
investors were,phrase,1,4,5,51,41,1.9607843137254901,9.75609756097561,-7.79531324725012
involve,word,1,4,5,51,41,1.9607843137254901,9.75609756097561,-7.79531324725012
its large,phrase,1,4,5,51,41,1.9607843137254901,9.75609756097561,-7.79531324725012
its potential,phrase,1,4,5,51,41,1.9607843137254901,9.75609756097561,-7.79531324725012
lagging,word,1,4,5,51,41,1.9607843137254901,9.75609756097561,-7.79531324725012
market dublin,phrase,1,4,5,51,41,1.9607843137254901,9.75609756097561,-7.79531324725012
market movers,phrase,1,4,5,51,41,1.9607843137254901,9.75609756097561,-7.79531324725012
matter said,phrase,1,4,5,51,41,1.9607843137254901,9.75609756097561,-7.79531324725012
memory market,phrase,1,4,5,51,41,1.9607843137254901,9.75609756097561,-7.79531324725012
millionaire maker,phrase,1,4,5,51,41,1.9607843137254901,9.75609756097561,-7.79531324725012
monday that,phrase,1,4,5,51,41,1.9607843137254901,9.75609756097561,-7.79531324725012
months and,phrase,1,4,5,51,41,1.9607843137254901,9.75609756097561,-7.79531324725012
more advanced,phrase,1,4,5,51,41,1.9607843137254901,9.75609756097561,-7.79531324725012
move is,phrase,1,4,5,51,41,1.9607843137254901,9.75609756097561,-7.79531324725012
movers monday,phrase,1,4,5,51,41,1.9607843137254901,9.75609756097561,-7.79531324725012
moves highlight,phrase,1,4,5,51,41,1.9607843137254901,9.75609756097561,-7.79531324725012
nebius is,phrase,1,4,5,51,41,1.9607843137254901,9.75609756097561,-7.79531324725012
new collaborations,phrase,1,4,5,51,41,1.9607843137254901,9.75609756097561,-7.79531324725012
news reported,phrase,1,4,5,51,41,1.9607843137254901,9.75609756097561,-7.79531324725012
now according,phrase,1,4,5,51,41,1.9607843137254901,9.75609756097561,-7.79531324725012
nvd,word,1,4,5,51,41,1.9607843137254901,9.75609756097561,-7.79531324725012
nvda presents,phrase,1,4,5,51,41,1.9607843137254901,9.75609756097561,-7.79531324725012
nvda remains,phrase,1,4,5,51,41,1.9607843137254901,9.75609756097561,-7.79531324725012
nvda which,phrase,1,4,5,51,41,1.9607843137254901,9.75609756097561,-7.79531324725012
nvda xetra,phrase,1,4,5,51,41,1.9607843137254901,9.75609756097561,-7.79531324725012
nvidia announces,phrase,1,4,5,51,41,1.9607843137254901,9.75609756097561,-7.79531324725012
nvidia can,phrase,1,4,5,51,41,1.9607843137254901,9.75609756097561,-7.79531324725012
nvidia plans,phrase,1,4,5,51,41,1.9607843137254901,9.75609756097561,-7.79531324725012
nvidia's advanced,phrase,1,4,5,51,41,1.9607843137254901,9.75609756097561,-7.79531324725012
nvidia's q3,phrase,1,4,5,51,41,1.9607843137254901,9.75609756097561,-7.79531324725012
of debt,phrase,1,4,5,51,41,1.9607843137254901,9.75609756097561,-7.79531324725012
of energy,phrase,1,4,5,51,41,1.9607843137254901,9.75609756097561,-7.79531324725012
of google's,phrase,1,4,5,51,41,1.9607843137254901,9.75609756097561,-7.79531324725012
of taiwan,phrase,1,4,5,51,41,1.9607843137254901,9.75609756097561,-7.79531324725012
openai ceo,phrase,1,4,5,51,41,1.9607843137254901,9.75609756097561,-7.79531324725012
openai funding,phrase,1,4,5,51,41,1.9607843137254901,9.75609756097561,-7.79531324725012
option income,phrase,1,4,5,51,41,1.9607843137254901,9.75609756097561,-7.79531324725012
or amd,phrase,1,4,5,51,41,1.9607843137254901,9.75609756097561,-7.79531324725012
otcid,word,1,4,5,51,41,1.9607843137254901,9.75609756097561,-7.79531324725012
packaging plant,phrase,1,4,5,51,41,1.9607843137254901,9.75609756097561,-7.79531324725012
packard,word,1,4,5,51,41,1.9607843137254901,9.75609756097561,-7.79531324725012
packard enterprise,phrase,1,4,5,51,41,1.9607843137254901,9.75609756097561,-7.79531324725012
partnership could,phrase,1,4,5,51,41,1.9607843137254901,9.75609756097561,-7.79531324725012
past the,phrase,1,4,5,51,41,1.9607843137254901,9.75609756097561,-7.79531324725012
policymakers,word,1,4,5,51,41,1.9607843137254901,9.75609756097561,-7.79531324725012
president and,phrase,1,4,5,51,41,1.9607843137254901,9.75609756097561,-7.79531324725012
purchases of,phrase,1,4,5,51,41,1.9607843137254901,9.75609756097561,-7.79531324725012
rebounding,word,1,4,5,51,41,1.9607843137254901,9.75609756097561,-7.79531324725012
recovery,word,1,4,5,51,41,1.9607843137254901,9.75609756097561,-7.79531324725012
reeltime,word,1,4,5,51,41,1.9607843137254901,9.75609756097561,-7.79531324725012
reeltime media,phrase,1,4,5,51,41,1.9607843137254901,9.75609756097561,-7.79531324725012
related stocks,phrase,1,4,5,51,41,1.9607843137254901,9.75609756097561,-7.79531324725012
related to,phrase,1,4,5,51,41,1.9607843137254901,9.75609756097561,-7.79531324725012
remain in,phrase,1,4,5,51,41,1.9607843137254901,9.75609756097561,-7.79531324725012
reported its,phrase,1,4,5,51,41,1.9607843137254901,9.75609756097561,-7.79531324725012
reported strong,phrase,1,4,5,51,41,1.9607843137254901,9.75609756097561,-7.79531324725012
reserve's,word,1,4,5,51,41,1.9607843137254901,9.75609756097561,-7.79531324725012
revenue outlook,phrase,1,4,5,51,41,1.9607843137254901,9.75609756097561,-7.79531324725012
rises ahead,phrase,1,4,5,51,41,1.9607843137254901,9.75609756097561,-7.79531324725012
rocm,word,1,4,5,51,41,1.9607843137254901,9.75609756097561,-7.79531324725012
round and,phrase,1,4,5,51,41,1.9607843137254901,9.75609756097561,-7.79531324725012
said monday,phrase,1,4,5,51,41,1.9607843137254901,9.75609756097561,-7.79531324725012
scenario,word,1,4,5,51,41,1.9607843137254901,9.75609756097561,-7.79531324725012
second generation,phrase,1,4,5,51,41,1.9607843137254901,9.75609756097561,-7.79531324725012
secretary howard,phrase,1,4,5,51,41,1.9607843137254901,9.75609756097561,-7.79531324725012
sells nvidia,phrase,1,4,5,51,41,1.9607843137254901,9.75609756097561,-7.79531324725012
senate,word,1,4,5,51,41,1.9607843137254901,9.75609756097561,-7.79531324725012
shared his,phrase,1,4,5,51,41,1.9607843137254901,9.75609756097561,-7.79531324725012
shares and,phrase,1,4,5,51,41,1.9607843137254901,9.75609756097561,-7.79531324725012
shares higher,phrase,1,4,5,51,41,1.9607843137254901,9.75609756097561,-7.79531324725012
shares hit,phrase,1,4,5,51,41,1.9607843137254901,9.75609756097561,-7.79531324725012
sharing,word,1,4,5,51,41,1.9607843137254901,9.75609756097561,-7.79531324725012
soar after,phrase,1,4,5,51,41,1.9607843137254901,9.75609756097561,-7.79531324725012
some nvidia,phrase,1,4,5,51,41,1.9607843137254901,9.75609756097561,-7.79531324725012
spring,word,1,4,5,51,41,1.9607843137254901,9.75609756097561,-7.79531324725012
stark,word,1,4,5,51,41,1.9607843137254901,9.75609756097561,-7.79531324725012
startup xai,phrase,1,4,5,51,41,1.9607843137254901,9.75609756097561,-7.79531324725012
stock forecast,phrase,1,4,5,51,41,1.9607843137254901,9.75609756097561,-7.79531324725012
stock markets,phrase,1,4,5,51,41,1.9607843137254901,9.75609756097561,-7.79531324725012
stocks nvidia,phrase,1,4,5,51,41,1.9607843137254901,9.75609756097561,-7.79531324725012
strong data,phrase,1,4,5,51,41,1.9607843137254901,9.75609756097561,-7.79531324725012
strong net,phrase,1,4,5,51,41,1.9607843137254901,9.75609756097561,-7.79531324725012
struggles,word,1,4,5,51,41,1.9607843137254901,9.75609756097561,-7.79531324725012
supercharged,word,1,4,5,51,41,1.9607843137254901,9.75609756097561,-7.79531324725012
surged to,phrase,1,4,5,51,41,1.9607843137254901,9.75609756097561,-7.79531324725012
tank,word,1,4,5,51,41,1.9607843137254901,9.75609756097561,-7.79531324725012
tariffs and,phrase,1,4,5,51,41,1.9607843137254901,9.75609756097561,-7.79531324725012
tenths,word,1,4,5,51,41,1.9607843137254901,9.75609756097561,-7.79531324725012
tenths of,phrase,1,4,5,51,41,1.9607843137254901,9.75609756097561,-7.79531324725012
that means,phrase,1,4,5,51,41,1.9607843137254901,9.75609756097561,-7.79531324725012
the cisco,phrase,1,4,5,51,41,1.9607843137254901,9.75609756097561,-7.79531324725012
the discussions,phrase,1,4,5,51,41,1.9607843137254901,9.75609756097561,-7.79531324725012
the effort,phrase,1,4,5,51,41,1.9607843137254901,9.75609756097561,-7.79531324725012
the facebook,phrase,1,4,5,51,41,1.9607843137254901,9.75609756097561,-7.79531324725012
the fund,phrase,1,4,5,51,41,1.9607843137254901,9.75609756097561,-7.79531324725012
the kind,phrase,1,4,5,51,41,1.9607843137254901,9.75609756097561,-7.79531324725012
the radar,phrase,1,4,5,51,41,1.9607843137254901,9.75609756097561,-7.79531324725012
think that,phrase,1,4,5,51,41,1.9607843137254901,9.75609756097561,-7.79531324725012
threat to,phrase,1,4,5,51,41,1.9607843137254901,9.75609756097561,-7.79531324725012
to generate,phrase,1,4,5,51,41,1.9607843137254901,9.75609756097561,-7.79531324725012
to roughly,phrase,1,4,5,51,41,1.9607843137254901,9.75609756097561,-7.79531324725012
top performers,phrase,1,4,5,51,41,1.9607843137254901,9.75609756097561,-7.79531324725012
tsla ceo,phrase,1,4,5,51,41,1.9607843137254901,9.75609756097561,-7.79531324725012
tsmc are,phrase,1,4,5,51,41,1.9607843137254901,9.75609756097561,-7.79531324725012
typically,word,1,4,5,51,41,1.9607843137254901,9.75609756097561,-7.79531324725012
uncertainty over,phrase,1,4,5,51,41,1.9607843137254901,9.75609756097561,-7.79531324725012
under new,phrase,1,4,5,51,41,1.9607843137254901,9.75609756097561,-7.79531324725012
valuation concerns,phrase,1,4,5,51,41,1.9607843137254901,9.75609756097561,-7.79531324725012
verify the,phrase,1,4,5,51,41,1.9607843137254901,9.75609756097561,-7.79531324725012
visibility into,phrase,1,4,5,51,41,1.9607843137254901,9.75609756097561,-7.79531324725012
vmware,word,1,4,5,51,41,1.9607843137254901,9.75609756097561,-7.79531324725012
waiting,word,1,4,5,51,41,1.9607843137254901,9.75609756097561,-7.79531324725012
were rising,phrase,1,4,5,51,41,1.9607843137254901,9.75609756097561,-7.79531324725012
with record,phrase,1,4,5,51,41,1.9607843137254901,9.75609756097561,-7.79531324725012
wsj reports,phrase,1,4,5,51,41,1.9607843137254901,9.75609756097561,-7.79531324725012
year deal,phrase,1,4,5,51,41,1.9607843137254901,9.75609756097561,-7.79531324725012
global,word,42,37,79,51,41,82.3529411764706,90.2439024390244,-7.890961262553809
as part,phrase,17,17,34,51,41,33.333333333333336,41.46341463414634,-8.130081300813007
aws,word,17,17,34,51,41,33.333333333333336,41.46341463414634,-8.130081300813007
beat,word,17,17,34,51,41,33.333333333333336,41.46341463414634,-8.130081300813007
nvidia will,phrase,17,17,34,51,41,33.333333333333336,41.46341463414634,-8.130081300813007
premarket trading,phrase,17,17,34,51,41,33.333333333333336,41.46341463414634,-8.130081300813007
related,word,17,17,34,51,41,33.333333333333336,41.46341463414634,-8.130081300813007
units,word,17,17,34,51,41,33.333333333333336,41.46341463414634,-8.130081300813007
climbed,word,12,13,25,51,41,23.529411764705884,31.70731707317073,-8.177905308464851
cuts,word,12,13,25,51,41,23.529411764705884,31.70731707317073,-8.177905308464851
feature highlights,phrase,12,13,25,51,41,23.529411764705884,31.70731707317073,-8.177905308464851
fuel,word,12,13,25,51,41,23.529411764705884,31.70731707317073,-8.177905308464851
ideas feature,phrase,12,13,25,51,41,23.529411764705884,31.70731707317073,-8.177905308464851
integrated,word,12,13,25,51,41,23.529411764705884,31.70731707317073,-8.177905308464851
pace,word,12,13,25,51,41,23.529411764705884,31.70731707317073,-8.177905308464851
palantir and,phrase,12,13,25,51,41,23.529411764705884,31.70731707317073,-8.177905308464851
percent,word,12,13,25,51,41,23.529411764705884,31.70731707317073,-8.177905308464851
release,word,12,13,25,51,41,23.529411764705884,31.70731707317073,-8.177905308464851
reshape,word,12,13,25,51,41,23.529411764705884,31.70731707317073,-8.177905308464851
why nvda,phrase,12,13,25,51,41,23.529411764705884,31.70731707317073,-8.177905308464851
ai company,phrase,7,9,16,51,41,13.72549019607843,21.951219512195124,-8.22572931611669
anchor,word,7,9,16,51,41,13.72549019607843,21.951219512195124,-8.22572931611669
and china,phrase,7,9,16,51,41,13.72549019607843,21.951219512195124,-8.22572931611669
bearish,word,7,9,16,51,41,13.72549019607843,21.951219512195124,-8.22572931611669
capacity to,phrase,7,9,16,51,41,13.72549019607843,21.951219512195124,-8.22572931611669
certain,word,7,9,16,51,41,13.72549019607843,21.951219512195124,-8.22572931611669
challenge nvidia,phrase,7,9,16,51,41,13.72549019607843,21.951219512195124,-8.22572931611669
commerce department,phrase,7,9,16,51,41,13.72549019607843,21.951219512195124,-8.22572931611669
devices and,phrase,7,9,16,51,41,13.72549019607843,21.951219512195124,-8.22572931611669
expanding its,phrase,7,9,16,51,41,13.72549019607843,21.951219512195124,-8.22572931611669
fueled by,phrase,7,9,16,51,41,13.72549019607843,21.951219512195124,-8.22572931611669
giant is,phrase,7,9,16,51,41,13.72549019607843,21.951219512195124,-8.22572931611669
goog googl,phrase,7,9,16,51,41,13.72549019607843,21.951219512195124,-8.22572931611669
google cloud,phrase,7,9,16,51,41,13.72549019607843,21.951219512195124,-8.22572931611669
john,word,7,9,16,51,41,13.72549019607843,21.951219512195124,-8.22572931611669
multibillion dollar,phrase,7,9,16,51,41,13.72549019607843,21.951219512195124,-8.22572931611669
new nvidia,phrase,7,9,16,51,41,13.72549019607843,21.951219512195124,-8.22572931611669
nvidia for,phrase,7,9,16,51,41,13.72549019607843,21.951219512195124,-8.22572931611669
nvidia partner,phrase,7,9,16,51,41,13.72549019607843,21.951219512195124,-8.22572931611669
popular,word,7,9,16,51,41,13.72549019607843,21.951219512195124,-8.22572931611669
riding,word,7,9,16,51,41,13.72549019607843,21.951219512195124,-8.22572931611669
rises as,phrase,7,9,16,51,41,13.72549019607843,21.951219512195124,-8.22572931611669
shape,word,7,9,16,51,41,13.72549019607843,21.951219512195124,-8.22572931611669
significantly,word,7,9,16,51,41,13.72549019607843,21.951219512195124,-8.22572931611669
tariffs,word,7,9,16,51,41,13.72549019607843,21.951219512195124,-8.22572931611669
term growth,phrase,7,9,16,51,41,13.72549019607843,21.951219512195124,-8.22572931611669
the long,phrase,7,9,16,51,41,13.72549019607843,21.951219512195124,-8.22572931611669
the major,phrase,7,9,16,51,41,13.72549019607843,21.951219512195124,-8.22572931611669
the rise,phrase,7,9,16,51,41,13.72549019607843,21.951219512195124,-8.22572931611669
this updated,phrase,7,9,16,51,41,13.72549019607843,21.951219512195124,-8.22572931611669
trading on,phrase,7,9,16,51,41,13.72549019607843,21.951219512195124,-8.22572931611669
went,word,7,9,16,51,41,13.72549019607843,21.951219512195124,-8.22572931611669
5t,word,2,5,7,51,41,3.9215686274509802,12.195121951219512,-8.273553323768532
after earnings,phrase,2,5,7,51,41,3.9215686274509802,12.195121951219512,-8.273553323768532
ai deployment,phrase,2,5,7,51,41,3.9215686274509802,12.195121951219512,-8.273553323768532
ai start,phrase,2,5,7,51,41,3.9215686274509802,12.195121951219512,-8.273553323768532
ai supercomputers,phrase,2,5,7,51,41,3.9215686274509802,12.195121951219512,-8.273553323768532
amd broadcom,phrase,2,5,7,51,41,3.9215686274509802,12.195121951219512,-8.273553323768532
amid nvidia,phrase,2,5,7,51,41,3.9215686274509802,12.195121951219512,-8.273553323768532
analysts remain,phrase,2,5,7,51,41,3.9215686274509802,12.195121951219512,-8.273553323768532
and full,phrase,2,5,7,51,41,3.9215686274509802,12.195121951219512,-8.273553323768532
and qualcomm,phrase,2,5,7,51,41,3.9215686274509802,12.195121951219512,-8.273553323768532
approves,word,2,5,7,51,41,3.9215686274509802,12.195121951219512,-8.273553323768532
arrived,word,2,5,7,51,41,3.9215686274509802,12.195121951219512,-8.273553323768532
as amazon,phrase,2,5,7,51,41,3.9215686274509802,12.195121951219512,-8.273553323768532
as data,phrase,2,5,7,51,41,3.9215686274509802,12.195121951219512,-8.273553323768532
as traders,phrase,2,5,7,51,41,3.9215686274509802,12.195121951219512,-8.273553323768532
assistant,word,2,5,7,51,41,3.9215686274509802,12.195121951219512,-8.273553323768532
b300,word,2,5,7,51,41,3.9215686274509802,12.195121951219512,-8.273553323768532
benefited,word,2,5,7,51,41,3.9215686274509802,12.195121951219512,-8.273553323768532
big tech's,phrase,2,5,7,51,41,3.9215686274509802,12.195121951219512,-8.273553323768532
blocked,word,2,5,7,51,41,3.9215686274509802,12.195121951219512,-8.273553323768532
brian,word,2,5,7,51,41,3.9215686274509802,12.195121951219512,-8.273553323768532
build the,phrase,2,5,7,51,41,3.9215686274509802,12.195121951219512,-8.273553323768532
called the,phrase,2,5,7,51,41,3.9215686274509802,12.195121951219512,-8.273553323768532
calls nvidia,phrase,2,5,7,51,41,3.9215686274509802,12.195121951219512,-8.273553323768532
ceo lisa,phrase,2,5,7,51,41,3.9215686274509802,12.195121951219512,-8.273553323768532
chip giant's,phrase,2,5,7,51,41,3.9215686274509802,12.195121951219512,-8.273553323768532
chip packaging,phrase,2,5,7,51,41,3.9215686274509802,12.195121951219512,-8.273553323768532
collaboration to,phrase,2,5,7,51,41,3.9215686274509802,12.195121951219512,-8.273553323768532
competing,word,2,5,7,51,41,3.9215686274509802,12.195121951219512,-8.273553323768532
cooperation,word,2,5,7,51,41,3.9215686274509802,12.195121951219512,-8.273553323768532
cramer on,phrase,2,5,7,51,41,3.9215686274509802,12.195121951219512,-8.273553323768532
credit,word,2,5,7,51,41,3.9215686274509802,12.195121951219512,-8.273553323768532
curb,word,2,5,7,51,41,3.9215686274509802,12.195121951219512,-8.273553323768532
demands,word,2,5,7,51,41,3.9215686274509802,12.195121951219512,-8.273553323768532
disclosures,word,2,5,7,51,41,3.9215686274509802,12.195121951219512,-8.273553323768532
doubt,word,2,5,7,51,41,3.9215686274509802,12.195121951219512,-8.273553323768532
drive growth,phrase,2,5,7,51,41,3.9215686274509802,12.195121951219512,-8.273553323768532
dynamic,word,2,5,7,51,41,3.9215686274509802,12.195121951219512,-8.273553323768532
elite,word,2,5,7,51,41,3.9215686274509802,12.195121951219512,-8.273553323768532
far more,phrase,2,5,7,51,41,3.9215686274509802,12.195121951219512,-8.273553323768532
following nvidia,phrase,2,5,7,51,41,3.9215686274509802,12.195121951219512,-8.273553323768532
for nvda,phrase,2,5,7,51,41,3.9215686274509802,12.195121951219512,-8.273553323768532
from chip,phrase,2,5,7,51,41,3.9215686274509802,12.195121951219512,-8.273553323768532
front,word,2,5,7,51,41,3.9215686274509802,12.195121951219512,-8.273553323768532
futures were,phrase,2,5,7,51,41,3.9215686274509802,12.195121951219512,-8.273553323768532
has received,phrase,2,5,7,51,41,3.9215686274509802,12.195121951219512,-8.273553323768532
heard on,phrase,2,5,7,51,41,3.9215686274509802,12.195121951219512,-8.273553323768532
high on,phrase,2,5,7,51,41,3.9215686274509802,12.195121951219512,-8.273553323768532
highlights ai,phrase,2,5,7,51,41,3.9215686274509802,12.195121951219512,-8.273553323768532
hiring,word,2,5,7,51,41,3.9215686274509802,12.195121951219512,-8.273553323768532
hit new,phrase,2,5,7,51,41,3.9215686274509802,12.195121951219512,-8.273553323768532
hits record,phrase,2,5,7,51,41,3.9215686274509802,12.195121951219512,-8.273553323768532
hope,word,2,5,7,51,41,3.9215686274509802,12.195121951219512,-8.273553323768532
host of,phrase,2,5,7,51,41,3.9215686274509802,12.195121951219512,-8.273553323768532
in coreweave,phrase,2,5,7,51,41,3.9215686274509802,12.195121951219512,-8.273553323768532
in global,phrase,2,5,7,51,41,3.9215686274509802,12.195121951219512,-8.273553323768532
in three,phrase,2,5,7,51,41,3.9215686274509802,12.195121951219512,-8.273553323768532
include nvidia,phrase,2,5,7,51,41,3.9215686274509802,12.195121951219512,-8.273553323768532
insights on,phrase,2,5,7,51,41,3.9215686274509802,12.195121951219512,-8.273553323768532
is growing,phrase,2,5,7,51,41,3.9215686274509802,12.195121951219512,-8.273553323768532
is planning,phrase,2,5,7,51,41,3.9215686274509802,12.195121951219512,-8.273553323768532
it joins,phrase,2,5,7,51,41,3.9215686274509802,12.195121951219512,-8.273553323768532
jose calif,phrase,2,5,7,51,41,3.9215686274509802,12.195121951219512,-8.273553323768532
lack,word,2,5,7,51,41,3.9215686274509802,12.195121951219512,-8.273553323768532
lack of,phrase,2,5,7,51,41,3.9215686274509802,12.195121951219512,-8.273553323768532
like the,phrase,2,5,7,51,41,3.9215686274509802,12.195121951219512,-8.273553323768532
making it,phrase,2,5,7,51,41,3.9215686274509802,12.195121951219512,-8.273553323768532
metrics,word,2,5,7,51,41,3.9215686274509802,12.195121951219512,-8.273553323768532
microsoft meta,phrase,2,5,7,51,41,3.9215686274509802,12.195121951219512,-8.273553323768532
milestone in,phrase,2,5,7,51,41,3.9215686274509802,12.195121951219512,-8.273553323768532
nbis stock,phrase,2,5,7,51,41,3.9215686274509802,12.195121951219512,-8.273553323768532
needed for,phrase,2,5,7,51,41,3.9215686274509802,12.195121951219512,-8.273553323768532
nvidia backs,phrase,2,5,7,51,41,3.9215686274509802,12.195121951219512,-8.273553323768532
of strong,phrase,2,5,7,51,41,3.9215686274509802,12.195121951219512,-8.273553323768532
other stocks,phrase,2,5,7,51,41,3.9215686274509802,12.195121951219512,-8.273553323768532
outs,word,2,5,7,51,41,3.9215686274509802,12.195121951219512,-8.273553323768532
paris,word,2,5,7,51,41,3.9215686274509802,12.195121951219512,-8.273553323768532
producer,word,2,5,7,51,41,3.9215686274509802,12.195121951219512,-8.273553323768532
product launches,phrase,2,5,7,51,41,3.9215686274509802,12.195121951219512,-8.273553323768532
profitability and,phrase,2,5,7,51,41,3.9215686274509802,12.195121951219512,-8.273553323768532
rally after,phrase,2,5,7,51,41,3.9215686274509802,12.195121951219512,-8.273553323768532
recover,word,2,5,7,51,41,3.9215686274509802,12.195121951219512,-8.273553323768532
remaining,word,2,5,7,51,41,3.9215686274509802,12.195121951219512,-8.273553323768532
required,word,2,5,7,51,41,3.9215686274509802,12.195121951219512,-8.273553323768532
results on,phrase,2,5,7,51,41,3.9215686274509802,12.195121951219512,-8.273553323768532
rising ai,phrase,2,5,7,51,41,3.9215686274509802,12.195121951219512,-8.273553323768532
rose after,phrase,2,5,7,51,41,3.9215686274509802,12.195121951219512,-8.273553323768532
secret,word,2,5,7,51,41,3.9215686274509802,12.195121951219512,-8.273553323768532
securities and,phrase,2,5,7,51,41,3.9215686274509802,12.195121951219512,-8.273553323768532
seeking to,phrase,2,5,7,51,41,3.9215686274509802,12.195121951219512,-8.273553323768532
segment,word,2,5,7,51,41,3.9215686274509802,12.195121951219512,-8.273553323768532
semi,word,2,5,7,51,41,3.9215686274509802,12.195121951219512,-8.273553323768532
seoul,word,2,5,7,51,41,3.9215686274509802,12.195121951219512,-8.273553323768532
situation,word,2,5,7,51,41,3.9215686274509802,12.195121951219512,-8.273553323768532
smartphone,word,2,5,7,51,41,3.9215686274509802,12.195121951219512,-8.273553323768532
stock of,phrase,2,5,7,51,41,3.9215686274509802,12.195121951219512,-8.273553323768532
stock still,phrase,2,5,7,51,41,3.9215686274509802,12.195121951219512,-8.273553323768532
stock surged,phrase,2,5,7,51,41,3.9215686274509802,12.195121951219512,-8.273553323768532
technologies nasdaq,phrase,2,5,7,51,41,3.9215686274509802,12.195121951219512,-8.273553323768532
the early,phrase,2,5,7,51,41,3.9215686274509802,12.195121951219512,-8.273553323768532
the focus,phrase,2,5,7,51,41,3.9215686274509802,12.195121951219512,-8.273553323768532
the hardware,phrase,2,5,7,51,41,3.9215686274509802,12.195121951219512,-8.273553323768532
the weekend,phrase,2,5,7,51,41,3.9215686274509802,12.195121951219512,-8.273553323768532
top stocks,phrase,2,5,7,51,41,3.9215686274509802,12.195121951219512,-8.273553323768532
top stories,phrase,2,5,7,51,41,3.9215686274509802,12.195121951219512,-8.273553323768532
topped,word,2,5,7,51,41,3.9215686274509802,12.195121951219512,-8.273553323768532
traders are,phrase,2,5,7,51,41,3.9215686274509802,12.195121951219512,-8.273553323768532
trading wednesday,phrase,2,5,7,51,41,3.9215686274509802,12.195121951219512,-8.273553323768532
trump said,phrase,2,5,7,51,41,3.9215686274509802,12.195121951219512,-8.273553323768532
uae,word,2,5,7,51,41,3.9215686274509802,12.195121951219512,-8.273553323768532
wait,word,2,5,7,51,41,3.9215686274509802,12.195121951219512,-8.273553323768532
warrants,word,2,5,7,51,41,3.9215686274509802,12.195121951219512,-8.273553323768532
what's moving,phrase,2,5,7,51,41,3.9215686274509802,12.195121951219512,-8.273553323768532
will build,phrase,2,5,7,51,41,3.9215686274509802,12.195121951219512,-8.273553323768532
will outperform,phrase,2,5,7,51,41,3.9215686274509802,12.195121951219512,-8.273553323768532
words,word,2,5,7,51,41,3.9215686274509802,12.195121951219512,-8.273553323768532
xai and,phrase,2,5,7,51,41,3.9215686274509802,12.195121951219512,-8.273553323768532
build,word,38,34,72,51,41,74.50980392156863,82.92682926829268,-8.41702534672405
nvidia nasdaq,phrase,38,34,72,51,41,74.50980392156863,82.92682926829268,-8.41702534672405
week,word,38,34,72,51,41,74.50980392156863,82.92682926829268,-8.41702534672405
as ai,phrase,33,30,63,51,41,64.70588235294117,73.17073170731707,-8.464849354375891
concerns,word,33,30,63,51,41,64.70588235294117,73.17073170731707,-8.464849354375891
its ai,phrase,33,30,63,51,41,64.70588235294117,73.17073170731707,-8.464849354375891
momentum,word,33,30,63,51,41,64.70588235294117,73.17073170731707,-8.464849354375891
ai boom,phrase,28,26,54,51,41,54.90196078431372,63.41463414634146,-8.512673362027734
run,word,28,26,54,51,41,54.90196078431372,63.41463414634146,-8.512673362027734
analysis on,phrase,23,22,45,51,41,45.09803921568628,53.65853658536585,-8.560497369679581
behind,word,18,18,36,51,41,35.294117647058826,43.90243902439025,-8.608321377331418
global ai,phrase,18,18,36,51,41,35.294117647058826,43.90243902439025,-8.608321377331418
globe newswire,phrase,18,18,36,51,41,35.294117647058826,43.90243902439025,-8.608321377331418
line,word,18,18,36,51,41,35.294117647058826,43.90243902439025,-8.608321377331418
need,word,18,18,36,51,41,35.294117647058826,43.90243902439025,-8.608321377331418
to power,phrase,18,18,36,51,41,35.294117647058826,43.90243902439025,-8.608321377331418
america,word,13,14,27,51,41,25.49019607843137,34.146341463414636,-8.656145384983265
believes,word,13,14,27,51,41,25.49019607843137,34.146341463414636,-8.656145384983265
challenges,word,13,14,27,51,41,25.49019607843137,34.146341463414636,-8.656145384983265
dip,word,13,14,27,51,41,25.49019607843137,34.146341463414636,-8.656145384983265
hynix,word,13,14,27,51,41,25.49019607843137,34.146341463414636,-8.656145384983265
positions,word,13,14,27,51,41,25.49019607843137,34.146341463414636,-8.656145384983265
san,word,13,14,27,51,41,25.49019607843137,34.146341463414636,-8.656145384983265
says nvidia,phrase,13,14,27,51,41,25.49019607843137,34.146341463414636,-8.656145384983265
sk hynix,phrase,13,14,27,51,41,25.49019607843137,34.146341463414636,-8.656145384983265
ai race,phrase,8,10,18,51,41,15.686274509803921,24.390243902439025,-8.703969392635102
analyst says,phrase,8,10,18,51,41,15.686274509803921,24.390243902439025,-8.703969392635102
companies that,phrase,8,10,18,51,41,15.686274509803921,24.390243902439025,-8.703969392635102
deepen,word,8,10,18,51,41,15.686274509803921,24.390243902439025,-8.703969392635102
despite the,phrase,8,10,18,51,41,15.686274509803921,24.390243902439025,-8.703969392635102
expand its,phrase,8,10,18,51,41,15.686274509803921,24.390243902439025,-8.703969392635102
from nvidia's,phrase,8,10,18,51,41,15.686274509803921,24.390243902439025,-8.703969392635102
in late,phrase,8,10,18,51,41,15.686274509803921,24.390243902439025,-8.703969392635102
intel and,phrase,8,10,18,51,41,15.686274509803921,24.390243902439025,-8.703969392635102
platforms meta,phrase,8,10,18,51,41,15.686274509803921,24.390243902439025,-8.703969392635102
plus,word,8,10,18,51,41,15.686274509803921,24.390243902439025,-8.703969392635102
positioning,word,8,10,18,51,41,15.686274509803921,24.390243902439025,-8.703969392635102
ramp,word,8,10,18,51,41,15.686274509803921,24.390243902439025,-8.703969392635102
social,word,8,10,18,51,41,15.686274509803921,24.390243902439025,-8.703969392635102
specific,word,8,10,18,51,41,15.686274509803921,24.390243902439025,-8.703969392635102
the real,phrase,8,10,18,51,41,15.686274509803921,24.390243902439025,-8.703969392635102
way to,phrase,8,10,18,51,41,15.686274509803921,24.390243902439025,-8.703969392635102
adobe,word,3,6,9,51,41,5.882352941176471,14.634146341463415,-8.751793400286942
after president,phrase,3,6,9,51,41,5.882352941176471,14.634146341463415,-8.751793400286942
ai rally,phrase,3,6,9,51,41,5.882352941176471,14.634146341463415,-8.751793400286942
america's,word,3,6,9,51,41,5.882352941176471,14.634146341463415,-8.751793400286942
and coreweave,phrase,3,6,9,51,41,5.882352941176471,14.634146341463415,-8.751793400286942
and potential,phrase,3,6,9,51,41,5.882352941176471,14.634146341463415,-8.751793400286942
astera,word,3,6,9,51,41,5.882352941176471,14.634146341463415,-8.751793400286942
astera labs,phrase,3,6,9,51,41,5.882352941176471,14.634146341463415,-8.751793400286942
bell on,phrase,3,6,9,51,41,5.882352941176471,14.634146341463415,-8.751793400286942
blikre,word,3,6,9,51,41,5.882352941176471,14.634146341463415,-8.751793400286942
bold,word,3,6,9,51,41,5.882352941176471,14.634146341463415,-8.751793400286942
building on,phrase,3,6,9,51,41,5.882352941176471,14.634146341463415,-8.751793400286942
center and,phrase,3,6,9,51,41,5.882352941176471,14.634146341463415,-8.751793400286942
center business,phrase,3,6,9,51,41,5.882352941176471,14.634146341463415,-8.751793400286942
company also,phrase,3,6,9,51,41,5.882352941176471,14.634146341463415,-8.751793400286942
company will,phrase,3,6,9,51,41,5.882352941176471,14.634146341463415,-8.751793400286942
complexity,word,3,6,9,51,41,5.882352941176471,14.634146341463415,-8.751793400286942
coreweave and,phrase,3,6,9,51,41,5.882352941176471,14.634146341463415,-8.751793400286942
deploy ai,phrase,3,6,9,51,41,5.882352941176471,14.634146341463415,-8.751793400286942
digital infrastructure,phrase,3,6,9,51,41,5.882352941176471,14.634146341463415,-8.751793400286942
discuss the,phrase,3,6,9,51,41,5.882352941176471,14.634146341463415,-8.751793400286942
diversified,word,3,6,9,51,41,5.882352941176471,14.634146341463415,-8.751793400286942
driven data,phrase,3,6,9,51,41,5.882352941176471,14.634146341463415,-8.751793400286942
evaluating,word,3,6,9,51,41,5.882352941176471,14.634146341463415,-8.751793400286942
evolution,word,3,6,9,51,41,5.882352941176471,14.634146341463415,-8.751793400286942
fair value,phrase,3,6,9,51,41,5.882352941176471,14.634146341463415,-8.751793400286942
for chips,phrase,3,6,9,51,41,5.882352941176471,14.634146341463415,-8.751793400286942
heavy nasdaq,phrase,3,6,9,51,41,5.882352941176471,14.634146341463415,-8.751793400286942
i'm not,phrase,3,6,9,51,41,5.882352941176471,14.634146341463415,-8.751793400286942
investment officer,phrase,3,6,9,51,41,5.882352941176471,14.634146341463415,-8.751793400286942
is worth,phrase,3,6,9,51,41,5.882352941176471,14.634146341463415,-8.751793400286942
jared blikre,phrase,3,6,9,51,41,5.882352941176471,14.634146341463415,-8.751793400286942
journal reported,phrase,3,6,9,51,41,5.882352941176471,14.634146341463415,-8.751793400286942
jumps on,phrase,3,6,9,51,41,5.882352941176471,14.634146341463415,-8.751793400286942
license,word,3,6,9,51,41,5.882352941176471,14.634146341463415,-8.751793400286942
manufacturing co,phrase,3,6,9,51,41,5.882352941176471,14.634146341463415,-8.751793400286942
nasdaq futures,phrase,3,6,9,51,41,5.882352941176471,14.634146341463415,-8.751793400286942
nvidia openai,phrase,3,6,9,51,41,5.882352941176471,14.634146341463415,-8.751793400286942
openai has,phrase,3,6,9,51,41,5.882352941176471,14.634146341463415,-8.751793400286942
outlook and,phrase,3,6,9,51,41,5.882352941176471,14.634146341463415,-8.751793400286942
prompting,word,3,6,9,51,41,5.882352941176471,14.634146341463415,-8.751793400286942
receive,word,3,6,9,51,41,5.882352941176471,14.634146341463415,-8.751793400286942
robotics and,phrase,3,6,9,51,41,5.882352941176471,14.634146341463415,-8.751793400286942
safe,word,3,6,9,51,41,5.882352941176471,14.634146341463415,-8.751793400286942
stock climbs,phrase,3,6,9,51,41,5.882352941176471,14.634146341463415,-8.751793400286942
stock pops,phrase,3,6,9,51,41,5.882352941176471,14.634146341463415,-8.751793400286942
strain,word,3,6,9,51,41,5.882352941176471,14.634146341463415,-8.751793400286942
tailwinds,word,3,6,9,51,41,5.882352941176471,14.634146341463415,-8.751793400286942
time in,phrase,3,6,9,51,41,5.882352941176471,14.634146341463415,-8.751793400286942
to adopt,phrase,3,6,9,51,41,5.882352941176471,14.634146341463415,-8.751793400286942
train and,phrase,3,6,9,51,41,5.882352941176471,14.634146341463415,-8.751793400286942
tuesday with,phrase,3,6,9,51,41,5.882352941176471,14.634146341463415,-8.751793400286942
upon,word,3,6,9,51,41,5.882352941176471,14.634146341463415,-8.751793400286942
weakness,word,3,6,9,51,41,5.882352941176471,14.634146341463415,-8.751793400286942
weekend,word,3,6,9,51,41,5.882352941176471,14.634146341463415,-8.751793400286942
workers,word,3,6,9,51,41,5.882352941176471,14.634146341463415,-8.751793400286942
xetra,word,3,6,9,51,41,5.882352941176471,14.634146341463415,-8.751793400286942
years to,phrase,3,6,9,51,41,5.882352941176471,14.634146341463415,-8.751793400286942
you'd have,phrase,3,6,9,51,41,5.882352941176471,14.634146341463415,-8.751793400286942
ytd,word,3,6,9,51,41,5.882352941176471,14.634146341463415,-8.751793400286942
services,word,29,27,56,51,41,56.86274509803921,65.85365853658537,-8.990913438546155
role,word,24,23,47,51,41,47.05882352941177,56.09756097560975,-9.038737446197997
develop,word,19,19,38,51,41,37.254901960784316,46.34146341463415,-9.086561453849834
friday,word,19,19,38,51,41,37.254901960784316,46.34146341463415,-9.086561453849834
revolution,word,19,19,38,51,41,37.254901960784316,46.34146341463415,-9.086561453849834
security,word,19,19,38,51,41,37.254901960784316,46.34146341463415,-9.086561453849834
feature,word,14,15,29,51,41,27.45098039215686,36.58536585365854,-9.13438546150167
openai and,phrase,14,15,29,51,41,27.45098039215686,36.58536585365854,-9.13438546150167
positioned,word,14,15,29,51,41,27.45098039215686,36.58536585365854,-9.13438546150167
robust,word,14,15,29,51,41,27.45098039215686,36.58536585365854,-9.13438546150167
to meet,phrase,14,15,29,51,41,27.45098039215686,36.58536585365854,-9.13438546150167
to sell,phrase,14,15,29,51,41,27.45098039215686,36.58536585365854,-9.13438546150167
action minute,phrase,9,11,20,51,41,17.647058823529413,26.829268292682926,-9.182209469153516
amd is,phrase,9,11,20,51,41,17.647058823529413,26.829268292682926,-9.182209469153516
bought,word,9,11,20,51,41,17.647058823529413,26.829268292682926,-9.182209469153516
bring,word,9,11,20,51,41,17.647058823529413,26.829268292682926,-9.182209469153516
bull case,phrase,9,11,20,51,41,17.647058823529413,26.829268292682926,-9.182209469153516
by minute,phrase,9,11,20,51,41,17.647058823529413,26.829268292682926,-9.182209469153516
clear,word,9,11,20,51,41,17.647058823529413,26.829268292682926,-9.182209469153516
co founder,phrase,9,11,20,51,41,17.647058823529413,26.829268292682926,-9.182209469153516
date on,phrase,9,11,20,51,41,17.647058823529413,26.829268292682926,-9.182209469153516
developer,word,9,11,20,51,41,17.647058823529413,26.829268292682926,-9.182209469153516
dropping,word,9,11,20,51,41,17.647058823529413,26.829268292682926,-9.182209469153516
enterprises,word,9,11,20,51,41,17.647058823529413,26.829268292682926,-9.182209469153516
executives,word,9,11,20,51,41,17.647058823529413,26.829268292682926,-9.182209469153516
facility,word,9,11,20,51,41,17.647058823529413,26.829268292682926,-9.182209469153516
finance's market,phrase,9,11,20,51,41,17.647058823529413,26.829268292682926,-9.182209469153516
from ai,phrase,9,11,20,51,41,17.647058823529413,26.829268292682926,-9.182209469153516
headline,word,9,11,20,51,41,17.647058823529413,26.829268292682926,-9.182209469153516
industrial average,phrase,9,11,20,51,41,17.647058823529413,26.829268292682926,-9.182209469153516
jones industrial,phrase,9,11,20,51,41,17.647058823529413,26.829268292682926,-9.182209469153516
launching,word,9,11,20,51,41,17.647058823529413,26.829268292682926,-9.182209469153516
lifted,word,9,11,20,51,41,17.647058823529413,26.829268292682926,-9.182209469153516
minute by,phrase,9,11,20,51,41,17.647058823529413,26.829268292682926,-9.182209469153516
minute with,phrase,9,11,20,51,41,17.647058823529413,26.829268292682926,-9.182209469153516
secured,word,9,11,20,51,41,17.647058823529413,26.829268292682926,-9.182209469153516
startups,word,9,11,20,51,41,17.647058823529413,26.829268292682926,-9.182209469153516
stay up,phrase,9,11,20,51,41,17.647058823529413,26.829268292682926,-9.182209469153516
will invest,phrase,9,11,20,51,41,17.647058823529413,26.829268292682926,-9.182209469153516
2b in,phrase,4,7,11,51,41,7.8431372549019605,17.073170731707318,-9.230033476805358
advancing,word,4,7,11,51,41,7.8431372549019605,17.073170731707318,-9.230033476805358
ai weekly,phrase,4,7,11,51,41,7.8431372549019605,17.073170731707318,-9.230033476805358
announced its,phrase,4,7,11,51,41,7.8431372549019605,17.073170731707318,-9.230033476805358
best performing,phrase,4,7,11,51,41,7.8431372549019605,17.073170731707318,-9.230033476805358
billion openai,phrase,4,7,11,51,41,7.8431372549019605,17.073170731707318,-9.230033476805358
bond,word,4,7,11,51,41,7.8431372549019605,17.073170731707318,-9.230033476805358
boost from,phrase,4,7,11,51,41,7.8431372549019605,17.073170731707318,-9.230033476805358
buy before,phrase,4,7,11,51,41,7.8431372549019605,17.073170731707318,-9.230033476805358
buying nvidia,phrase,4,7,11,51,41,7.8431372549019605,17.073170731707318,-9.230033476805358
clusters,word,4,7,11,51,41,7.8431372549019605,17.073170731707318,-9.230033476805358
could see,phrase,4,7,11,51,41,7.8431372549019605,17.073170731707318,-9.230033476805358
dominated by,phrase,4,7,11,51,41,7.8431372549019605,17.073170731707318,-9.230033476805358
eight,word,4,7,11,51,41,7.8431372549019605,17.073170731707318,-9.230033476805358
environment,word,4,7,11,51,41,7.8431372549019605,17.073170731707318,-9.230033476805358
giving,word,4,7,11,51,41,7.8431372549019605,17.073170731707318,-9.230033476805358
golden,word,4,7,11,51,41,7.8431372549019605,17.073170731707318,-9.230033476805358
heard,word,4,7,11,51,41,7.8431372549019605,17.073170731707318,-9.230033476805358
humanoid robots,phrase,4,7,11,51,41,7.8431372549019605,17.073170731707318,-9.230033476805358
if you'd,phrase,4,7,11,51,41,7.8431372549019605,17.073170731707318,-9.230033476805358
improve,word,4,7,11,51,41,7.8431372549019605,17.073170731707318,-9.230033476805358
in funding,phrase,4,7,11,51,41,7.8431372549019605,17.073170731707318,-9.230033476805358
initial public,phrase,4,7,11,51,41,7.8431372549019605,17.073170731707318,-9.230033476805358
iphone,word,4,7,11,51,41,7.8431372549019605,17.073170731707318,-9.230033476805358
is coming,phrase,4,7,11,51,41,7.8431372549019605,17.073170731707318,-9.230033476805358
is driving,phrase,4,7,11,51,41,7.8431372549019605,17.073170731707318,-9.230033476805358
issued,word,4,7,11,51,41,7.8431372549019605,17.073170731707318,-9.230033476805358
its earnings,phrase,4,7,11,51,41,7.8431372549019605,17.073170731707318,-9.230033476805358
lisa su,phrase,4,7,11,51,41,7.8431372549019605,17.073170731707318,-9.230033476805358
manufacturing and,phrase,4,7,11,51,41,7.8431372549019605,17.073170731707318,-9.230033476805358
monday after,phrase,4,7,11,51,41,7.8431372549019605,17.073170731707318,-9.230033476805358
north,word,4,7,11,51,41,7.8431372549019605,17.073170731707318,-9.230033476805358
nvidia at,phrase,4,7,11,51,41,7.8431372549019605,17.073170731707318,-9.230033476805358
nvidia rival,phrase,4,7,11,51,41,7.8431372549019605,17.073170731707318,-9.230033476805358
presents,word,4,7,11,51,41,7.8431372549019605,17.073170731707318,-9.230033476805358
proposed,word,4,7,11,51,41,7.8431372549019605,17.073170731707318,-9.230033476805358
provides,word,4,7,11,51,41,7.8431372549019605,17.073170731707318,-9.230033476805358
public offering,phrase,4,7,11,51,41,7.8431372549019605,17.073170731707318,-9.230033476805358
quarterly results,phrase,4,7,11,51,41,7.8431372549019605,17.073170731707318,-9.230033476805358
remained,word,4,7,11,51,41,7.8431372549019605,17.073170731707318,-9.230033476805358
revenue of,phrase,4,7,11,51,41,7.8431372549019605,17.073170731707318,-9.230033476805358
rolling,word,4,7,11,51,41,7.8431372549019605,17.073170731707318,-9.230033476805358
sold its,phrase,4,7,11,51,41,7.8431372549019605,17.073170731707318,-9.230033476805358
tens,word,4,7,11,51,41,7.8431372549019605,17.073170731707318,-9.230033476805358
tens of,phrase,4,7,11,51,41,7.8431372549019605,17.073170731707318,-9.230033476805358
the markets,phrase,4,7,11,51,41,7.8431372549019605,17.073170731707318,-9.230033476805358
the street,phrase,4,7,11,51,41,7.8431372549019605,17.073170731707318,-9.230033476805358
time when,phrase,4,7,11,51,41,7.8431372549019605,17.073170731707318,-9.230033476805358
to expect,phrase,4,7,11,51,41,7.8431372549019605,17.073170731707318,-9.230033476805358
tops,word,4,7,11,51,41,7.8431372549019605,17.073170731707318,-9.230033476805358
years ago,phrase,4,7,11,51,41,7.8431372549019605,17.073170731707318,-9.230033476805358
you'd invested,phrase,4,7,11,51,41,7.8431372549019605,17.073170731707318,-9.230033476805358
big,word,45,40,85,51,41,88.23529411764706,97.5609756097561,-9.32568149210904
best,word,40,36,76,51,41,78.43137254901961,87.8048780487805,-9.373505499760881
according to,phrase,35,32,67,51,41,68.62745098039215,78.04878048780488,-9.421329507412723
finance,word,30,28,58,51,41,58.8235294117647,68.29268292682927,-9.469153515064566
sector,word,30,28,58,51,41,58.8235294117647,68.29268292682927,-9.469153515064566
check out,phrase,25,24,49,51,41,49.01960784313726,58.53658536585366,-9.516977522716402
know,word,25,24,49,51,41,49.01960784313726,58.53658536585366,-9.516977522716402
chatgpt,word,20,20,40,51,41,39.21568627450981,48.78048780487805,-9.564801530368245
coming,word,20,20,40,51,41,39.21568627450981,48.78048780487805,-9.564801530368245
fall,word,20,20,40,51,41,39.21568627450981,48.78048780487805,-9.564801530368245
points,word,20,20,40,51,41,39.21568627450981,48.78048780487805,-9.564801530368245
pressure,word,20,20,40,51,41,39.21568627450981,48.78048780487805,-9.564801530368245
q4,word,20,20,40,51,41,39.21568627450981,48.78048780487805,-9.564801530368245
wave,word,20,20,40,51,41,39.21568627450981,48.78048780487805,-9.564801530368245
amd's,word,15,16,31,51,41,29.41176470588235,39.02439024390244,-9.612625538020087
competitors,word,15,16,31,51,41,29.41176470588235,39.02439024390244,-9.612625538020087
december,word,15,16,31,51,41,29.41176470588235,39.02439024390244,-9.612625538020087
electronics,word,15,16,31,51,41,29.41176470588235,39.02439024390244,-9.612625538020087
face,word,15,16,31,51,41,29.41176470588235,39.02439024390244,-9.612625538020087
leads,word,15,16,31,51,41,29.41176470588235,39.02439024390244,-9.612625538020087
national,word,15,16,31,51,41,29.41176470588235,39.02439024390244,-9.612625538020087
optimism,word,15,16,31,51,41,29.41176470588235,39.02439024390244,-9.612625538020087
president donald,phrase,15,16,31,51,41,29.41176470588235,39.02439024390244,-9.612625538020087
rate,word,15,16,31,51,41,29.41176470588235,39.02439024390244,-9.612625538020087
several,word,15,16,31,51,41,29.41176470588235,39.02439024390244,-9.612625538020087
to accelerate,phrase,15,16,31,51,41,29.41176470588235,39.02439024390244,-9.612625538020087
agent,word,10,12,22,51,41,19.607843137254903,29.26829268292683,-9.660449545671925
announced it,phrase,10,12,22,51,41,19.607843137254903,29.26829268292683,-9.660449545671925
central,word,10,12,22,51,41,19.607843137254903,29.26829268292683,-9.660449545671925
going to,phrase,10,12,22,51,41,19.607843137254903,29.26829268292683,-9.660449545671925
here's how,phrase,10,12,22,51,41,19.607843137254903,29.26829268292683,-9.660449545671925
preview,word,10,12,22,51,41,19.607843137254903,29.26829268292683,-9.660449545671925
record high,phrase,10,12,22,51,41,19.607843137254903,29.26829268292683,-9.660449545671925
smart,word,10,12,22,51,41,19.607843137254903,29.26829268292683,-9.660449545671925
to secure,phrase,10,12,22,51,41,19.607843137254903,29.26829268292683,-9.660449545671925
warning,word,10,12,22,51,41,19.607843137254903,29.26829268292683,-9.660449545671925
you buy,phrase,10,12,22,51,41,19.607843137254903,29.26829268292683,-9.660449545671925
accounting,word,5,8,13,51,41,9.803921568627452,19.51219512195122,-9.70827355332377
ai agent,phrase,5,8,13,51,41,9.803921568627452,19.51219512195122,-9.70827355332377
ai revenue,phrase,5,8,13,51,41,9.803921568627452,19.51219512195122,-9.70827355332377
ai sector,phrase,5,8,13,51,41,9.803921568627452,19.51219512195122,-9.70827355332377
an industry,phrase,5,8,13,51,41,9.803921568627452,19.51219512195122,-9.70827355332377
and revenue,phrase,5,8,13,51,41,9.803921568627452,19.51219512195122,-9.70827355332377
appeared,word,5,8,13,51,41,9.803921568627452,19.51219512195122,-9.70827355332377
as big,phrase,5,8,13,51,41,9.803921568627452,19.51219512195122,-9.70827355332377
buyers,word,5,8,13,51,41,9.803921568627452,19.51219512195122,-9.70827355332377
capital and,phrase,5,8,13,51,41,9.803921568627452,19.51219512195122,-9.70827355332377
countries,word,5,8,13,51,41,9.803921568627452,19.51219512195122,-9.70827355332377
features,word,5,8,13,51,41,9.803921568627452,19.51219512195122,-9.70827355332377
federal reserve,phrase,5,8,13,51,41,9.803921568627452,19.51219512195122,-9.70827355332377
for growth,phrase,5,8,13,51,41,9.803921568627452,19.51219512195122,-9.70827355332377
in nvidia's,phrase,5,8,13,51,41,9.803921568627452,19.51219512195122,-9.70827355332377
message,word,5,8,13,51,41,9.803921568627452,19.51219512195122,-9.70827355332377
most powerful,phrase,5,8,13,51,41,9.803921568627452,19.51219512195122,-9.70827355332377
openai deal,phrase,5,8,13,51,41,9.803921568627452,19.51219512195122,-9.70827355332377
optics,word,5,8,13,51,41,9.803921568627452,19.51219512195122,-9.70827355332377
option,word,5,8,13,51,41,9.803921568627452,19.51219512195122,-9.70827355332377
palantir pltr,phrase,5,8,13,51,41,9.803921568627452,19.51219512195122,-9.70827355332377
pc,word,5,8,13,51,41,9.803921568627452,19.51219512195122,-9.70827355332377
quarter and,phrase,5,8,13,51,41,9.803921568627452,19.51219512195122,-9.70827355332377
rather than,phrase,5,8,13,51,41,9.803921568627452,19.51219512195122,-9.70827355332377
reports on,phrase,5,8,13,51,41,9.803921568627452,19.51219512195122,-9.70827355332377
rtx,word,5,8,13,51,41,9.803921568627452,19.51219512195122,-9.70827355332377
same time,phrase,5,8,13,51,41,9.803921568627452,19.51219512195122,-9.70827355332377
shortages,word,5,8,13,51,41,9.803921568627452,19.51219512195122,-9.70827355332377
south korea,phrase,5,8,13,51,41,9.803921568627452,19.51219512195122,-9.70827355332377
su,word,5,8,13,51,41,9.803921568627452,19.51219512195122,-9.70827355332377
the third,phrase,5,8,13,51,41,9.803921568627452,19.51219512195122,-9.70827355332377
this stock,phrase,5,8,13,51,41,9.803921568627452,19.51219512195122,-9.70827355332377
vice,word,5,8,13,51,41,9.803921568627452,19.51219512195122,-9.70827355332377
wins,word,5,8,13,51,41,9.803921568627452,19.51219512195122,-9.70827355332377
worries about,phrase,5,8,13,51,41,9.803921568627452,19.51219512195122,-9.70827355332377
you'd,word,5,8,13,51,41,9.803921568627452,19.51219512195122,-9.70827355332377
move,word,41,37,78,51,41,80.3921568627451,90.2439024390244,-9.851745576279292
sell,word,36,33,69,51,41,70.58823529411765,80.48780487804878,-9.899569583931134
years,word,36,33,69,51,41,70.58823529411765,80.48780487804878,-9.899569583931134
management,word,26,25,51,51,41,50.98039215686274,60.97560975609756,-9.995217599234818
open,word,26,25,51,51,41,50.98039215686274,60.97560975609756,-9.995217599234818
products,word,26,25,51,51,41,50.98039215686274,60.97560975609756,-9.995217599234818
surging,word,26,25,51,51,41,50.98039215686274,60.97560975609756,-9.995217599234818
zacks,word,26,25,51,51,41,50.98039215686274,60.97560975609756,-9.995217599234818
newswire,word,21,21,42,51,41,41.1764705882353,51.21951219512195,-10.04304160688666
targets,word,21,21,42,51,41,41.1764705882353,51.21951219512195,-10.04304160688666
holding,word,16,17,33,51,41,31.372549019607842,41.46341463414634,-10.090865614538497
last year,phrase,16,17,33,51,41,31.372549019607842,41.46341463414634,-10.090865614538497
decision,word,11,13,24,51,41,21.568627450980394,31.70731707317073,-10.13868962219034
department,word,11,13,24,51,41,21.568627450980394,31.70731707317073,-10.13868962219034
launch of,phrase,11,13,24,51,41,21.568627450980394,31.70731707317073,-10.13868962219034
pick,word,11,13,24,51,41,21.568627450980394,31.70731707317073,-10.13868962219034
q1,word,11,13,24,51,41,21.568627450980394,31.70731707317073,-10.13868962219034
saying,word,11,13,24,51,41,21.568627450980394,31.70731707317073,-10.13868962219034
to help,phrase,11,13,24,51,41,21.568627450980394,31.70731707317073,-10.13868962219034
actually,word,6,9,15,51,41,11.764705882352942,21.951219512195124,-10.186513629842182
asic,word,6,9,15,51,41,11.764705882352942,21.951219512195124,-10.186513629842182
but nvidia,phrase,6,9,15,51,41,11.764705882352942,21.951219512195124,-10.186513629842182
comes as,phrase,6,9,15,51,41,11.764705882352942,21.951219512195124,-10.186513629842182
east,word,6,9,15,51,41,11.764705882352942,21.951219512195124,-10.186513629842182
epyc,word,6,9,15,51,41,11.764705882352942,21.951219512195124,-10.186513629842182
ibm,word,6,9,15,51,41,11.764705882352942,21.951219512195124,-10.186513629842182
invest up,phrase,6,9,15,51,41,11.764705882352942,21.951219512195124,-10.186513629842182
landmark,word,6,9,15,51,41,11.764705882352942,21.951219512195124,-10.186513629842182
meanwhile,word,6,9,15,51,41,11.764705882352942,21.951219512195124,-10.186513629842182
on china,phrase,6,9,15,51,41,11.764705882352942,21.951219512195124,-10.186513629842182
overall,word,6,9,15,51,41,11.764705882352942,21.951219512195124,-10.186513629842182
participation,word,6,9,15,51,41,11.764705882352942,21.951219512195124,-10.186513629842182
runs,word,6,9,15,51,41,11.764705882352942,21.951219512195124,-10.186513629842182
sending,word,6,9,15,51,41,11.764705882352942,21.951219512195124,-10.186513629842182
signs of,phrase,6,9,15,51,41,11.764705882352942,21.951219512195124,-10.186513629842182
the entire,phrase,6,9,15,51,41,11.764705882352942,21.951219512195124,-10.186513629842182
the leading,phrase,6,9,15,51,41,11.764705882352942,21.951219512195124,-10.186513629842182
to drive,phrase,6,9,15,51,41,11.764705882352942,21.951219512195124,-10.186513629842182
whether the,phrase,6,9,15,51,41,11.764705882352942,21.951219512195124,-10.186513629842182
2x,word,1,5,6,51,41,1.9607843137254901,12.195121951219512,-10.234337637494022
about nvidia's,phrase,1,5,6,51,41,1.9607843137254901,12.195121951219512,-10.234337637494022
about whether,phrase,1,5,6,51,41,1.9607843137254901,12.195121951219512,-10.234337637494022
after openai,phrase,1,5,6,51,41,1.9607843137254901,12.195121951219512,-10.234337637494022
analyst vivek,phrase,1,5,6,51,41,1.9607843137254901,12.195121951219512,-10.234337637494022
analysts see,phrase,1,5,6,51,41,1.9607843137254901,12.195121951219512,-10.234337637494022
and nvda,phrase,1,5,6,51,41,1.9607843137254901,12.195121951219512,-10.234337637494022
and record,phrase,1,5,6,51,41,1.9607843137254901,12.195121951219512,-10.234337637494022
and vertiv,phrase,1,5,6,51,41,1.9607843137254901,12.195121951219512,-10.234337637494022
arya,word,1,5,6,51,41,1.9607843137254901,12.195121951219512,-10.234337637494022
await,word,1,5,6,51,41,1.9607843137254901,12.195121951219512,-10.234337637494022
biggest tech,phrase,1,5,6,51,41,1.9607843137254901,12.195121951219512,-10.234337637494022
bloomberg reported,phrase,1,5,6,51,41,1.9607843137254901,12.195121951219512,-10.234337637494022
blunt,word,1,5,6,51,41,1.9607843137254901,12.195121951219512,-10.234337637494022
build an,phrase,1,5,6,51,41,1.9607843137254901,12.195121951219512,-10.234337637494022
build outs,phrase,1,5,6,51,41,1.9607843137254901,12.195121951219512,-10.234337637494022
buy these,phrase,1,5,6,51,41,1.9607843137254901,12.195121951219512,-10.234337637494022
capex surge,phrase,1,5,6,51,41,1.9607843137254901,12.195121951219512,-10.234337637494022
capital markets,phrase,1,5,6,51,41,1.9607843137254901,12.195121951219512,-10.234337637494022
ceo sam,phrase,1,5,6,51,41,1.9607843137254901,12.195121951219512,-10.234337637494022
commerce secretary,phrase,1,5,6,51,41,1.9607843137254901,12.195121951219512,-10.234337637494022
context,word,1,5,6,51,41,1.9607843137254901,12.195121951219512,-10.234337637494022
customers to,phrase,1,5,6,51,41,1.9607843137254901,12.195121951219512,-10.234337637494022
day for,phrase,1,5,6,51,41,1.9607843137254901,12.195121951219512,-10.234337637494022
dipped,word,1,5,6,51,41,1.9607843137254901,12.195121951219512,-10.234337637494022
energy and,phrase,1,5,6,51,41,1.9607843137254901,12.195121951219512,-10.234337637494022
firms such,phrase,1,5,6,51,41,1.9607843137254901,12.195121951219512,-10.234337637494022
fiscal year,phrase,1,5,6,51,41,1.9607843137254901,12.195121951219512,-10.234337637494022
forecasts for,phrase,1,5,6,51,41,1.9607843137254901,12.195121951219512,-10.234337637494022
forming,word,1,5,6,51,41,1.9607843137254901,12.195121951219512,-10.234337637494022
fy2026,word,1,5,6,51,41,1.9607843137254901,12.195121951219512,-10.234337637494022
green light,phrase,1,5,6,51,41,1.9607843137254901,12.195121951219512,-10.234337637494022
howard,word,1,5,6,51,41,1.9607843137254901,12.195121951219512,-10.234337637494022
howard lutnick,phrase,1,5,6,51,41,1.9607843137254901,12.195121951219512,-10.234337637494022
industry leading,phrase,1,5,6,51,41,1.9607843137254901,12.195121951219512,-10.234337637494022
innovation across,phrase,1,5,6,51,41,1.9607843137254901,12.195121951219512,-10.234337637494022
its strategic,phrase,1,5,6,51,41,1.9607843137254901,12.195121951219512,-10.234337637494022
judge,word,1,5,6,51,41,1.9607843137254901,12.195121951219512,-10.234337637494022
lipton to,phrase,1,5,6,51,41,1.9607843137254901,12.195121951219512,-10.234337637494022
lutnick,word,1,5,6,51,41,1.9607843137254901,12.195121951219512,-10.234337637494022
mi355x,word,1,5,6,51,41,1.9607843137254901,12.195121951219512,-10.234337637494022
milestones,word,1,5,6,51,41,1.9607843137254901,12.195121951219512,-10.234337637494022
my updated,phrase,1,5,6,51,41,1.9607843137254901,12.195121951219512,-10.234337637494022
news reports,phrase,1,5,6,51,41,1.9607843137254901,12.195121951219512,-10.234337637494022
nvidia systems,phrase,1,5,6,51,41,1.9607843137254901,12.195121951219512,-10.234337637494022
of america's,phrase,1,5,6,51,41,1.9607843137254901,12.195121951219512,-10.234337637494022
of compute,phrase,1,5,6,51,41,1.9607843137254901,12.195121951219512,-10.234337637494022
of slowing,phrase,1,5,6,51,41,1.9607843137254901,12.195121951219512,-10.234337637494022
offset,word,1,5,6,51,41,1.9607843137254901,12.195121951219512,-10.234337637494022
one stock,phrase,1,5,6,51,41,1.9607843137254901,12.195121951219512,-10.234337637494022
outline,word,1,5,6,51,41,1.9607843137254901,12.195121951219512,-10.234337637494022
overvalued,word,1,5,6,51,41,1.9607843137254901,12.195121951219512,-10.234337637494022
palantir stock,phrase,1,5,6,51,41,1.9607843137254901,12.195121951219512,-10.234337637494022
pick and,phrase,1,5,6,51,41,1.9607843137254901,12.195121951219512,-10.234337637494022
piling,word,1,5,6,51,41,1.9607843137254901,12.195121951219512,-10.234337637494022
price targets,phrase,1,5,6,51,41,1.9607843137254901,12.195121951219512,-10.234337637494022
quarter with,phrase,1,5,6,51,41,1.9607843137254901,12.195121951219512,-10.234337637494022
questioning,word,1,5,6,51,41,1.9607843137254901,12.195121951219512,-10.234337637494022
returned,word,1,5,6,51,41,1.9607843137254901,12.195121951219512,-10.234337637494022
scaled,word,1,5,6,51,41,1.9607843137254901,12.195121951219512,-10.234337637494022
stock rallied,phrase,1,5,6,51,41,1.9607843137254901,12.195121951219512,-10.234337637494022
supreme,word,1,5,6,51,41,1.9607843137254901,12.195121951219512,-10.234337637494022
surging on,phrase,1,5,6,51,41,1.9607843137254901,12.195121951219512,-10.234337637494022
television,word,1,5,6,51,41,1.9607843137254901,12.195121951219512,-10.234337637494022
that's according,phrase,1,5,6,51,41,1.9607843137254901,12.195121951219512,-10.234337637494022
to outline,phrase,1,5,6,51,41,1.9607843137254901,12.195121951219512,-10.234337637494022
to surpass,phrase,1,5,6,51,41,1.9607843137254901,12.195121951219512,-10.234337637494022
two ai,phrase,1,5,6,51,41,1.9607843137254901,12.195121951219512,-10.234337637494022
upgrading,word,1,5,6,51,41,1.9607843137254901,12.195121951219512,-10.234337637494022
vivek,word,1,5,6,51,41,1.9607843137254901,12.195121951219512,-10.234337637494022
vivek arya,phrase,1,5,6,51,41,1.9607843137254901,12.195121951219512,-10.234337637494022
wednesday it,phrase,1,5,6,51,41,1.9607843137254901,12.195121951219512,-10.234337637494022
weighed down,phrase,1,5,6,51,41,1.9607843137254901,12.195121951219512,-10.234337637494022
were higher,phrase,1,5,6,51,41,1.9607843137254901,12.195121951219512,-10.234337637494022
you forget,phrase,1,5,6,51,41,1.9607843137254901,12.195121951219512,-10.234337637494022
here's,word,37,34,71,51,41,72.54901960784314,82.92682926829268,-10.377809660449543
on nvidia,phrase,37,34,71,51,41,72.54901960784314,82.92682926829268,-10.377809660449543
million,word,32,30,62,51,41,62.745098039215684,73.17073170731707,-10.425633668101387
customer,word,22,22,44,51,41,43.13725490196079,53.65853658536585,-10.521281683405071
futures,word,22,22,44,51,41,43.13725490196079,53.65853658536585,-10.521281683405071
hyperscalers,word,22,22,44,51,41,43.13725490196079,53.65853658536585,-10.521281683405071
significant,word,22,22,44,51,41,43.13725490196079,53.65853658536585,-10.521281683405071
taiwan,word,22,22,44,51,41,43.13725490196079,53.65853658536585,-10.521281683405071
toward,word,22,22,44,51,41,43.13725490196079,53.65853658536585,-10.521281683405071
away,word,17,18,35,51,41,33.333333333333336,43.90243902439025,-10.569105691056912
capabilities,word,17,18,35,51,41,33.333333333333336,43.90243902439025,-10.569105691056912
secure,word,17,18,35,51,41,33.333333333333336,43.90243902439025,-10.569105691056912
alliance,word,12,14,26,51,41,23.529411764705884,34.146341463414636,-10.616929698708756
eyes,word,12,14,26,51,41,23.529411764705884,34.146341463414636,-10.616929698708756
four,word,12,14,26,51,41,23.529411764705884,34.146341463414636,-10.616929698708756
nvidia palantir,phrase,12,14,26,51,41,23.529411764705884,34.146341463414636,-10.616929698708756
stock here,phrase,12,14,26,51,41,23.529411764705884,34.146341463414636,-10.616929698708756
the chipmaker's,phrase,12,14,26,51,41,23.529411764705884,34.146341463414636,-10.616929698708756
the deal,phrase,12,14,26,51,41,23.529411764705884,34.146341463414636,-10.616929698708756
zacks investment,phrase,12,14,26,51,41,23.529411764705884,34.146341463414636,-10.616929698708756
adoption of,phrase,7,10,17,51,41,13.72549019607843,24.390243902439025,-10.66475370636059
ai ecosystem,phrase,7,10,17,51,41,13.72549019607843,24.390243902439025,-10.66475370636059
benchmark,word,7,10,17,51,41,13.72549019607843,24.390243902439025,-10.66475370636059
designs,word,7,10,17,51,41,13.72549019607843,24.390243902439025,-10.66475370636059
developers,word,7,10,17,51,41,13.72549019607843,24.390243902439025,-10.66475370636059
fueling,word,7,10,17,51,41,13.72549019607843,24.390243902439025,-10.66475370636059
hitting,word,7,10,17,51,41,13.72549019607843,24.390243902439025,-10.66475370636059
is no,phrase,7,10,17,51,41,13.72549019607843,24.390243902439025,-10.66475370636059
micron and,phrase,7,10,17,51,41,13.72549019607843,24.390243902439025,-10.66475370636059
most advanced,phrase,7,10,17,51,41,13.72549019607843,24.390243902439025,-10.66475370636059
reached,word,7,10,17,51,41,13.72549019607843,24.390243902439025,-10.66475370636059
reduce,word,7,10,17,51,41,13.72549019607843,24.390243902439025,-10.66475370636059
sales of,phrase,7,10,17,51,41,13.72549019607843,24.390243902439025,-10.66475370636059
tech firms,phrase,7,10,17,51,41,13.72549019607843,24.390243902439025,-10.66475370636059
the country,phrase,7,10,17,51,41,13.72549019607843,24.390243902439025,-10.66475370636059
to grow,phrase,7,10,17,51,41,13.72549019607843,24.390243902439025,-10.66475370636059
us stocks,phrase,7,10,17,51,41,13.72549019607843,24.390243902439025,-10.66475370636059
weak,word,7,10,17,51,41,13.72549019607843,24.390243902439025,-10.66475370636059
with major,phrase,7,10,17,51,41,13.72549019607843,24.390243902439025,-10.66475370636059
worth of,phrase,7,10,17,51,41,13.72549019607843,24.390243902439025,-10.66475370636059
advisory,word,2,6,8,51,41,3.9215686274509802,14.634146341463415,-10.712577714012433
ago here's,phrase,2,6,8,51,41,3.9215686274509802,14.634146341463415,-10.712577714012433
and instinct,phrase,2,6,8,51,41,3.9215686274509802,14.634146341463415,-10.712577714012433
and one,phrase,2,6,8,51,41,3.9215686274509802,14.634146341463415,-10.712577714012433
autonomous driving,phrase,2,6,8,51,41,3.9215686274509802,14.634146341463415,-10.712577714012433
be one,phrase,2,6,8,51,41,3.9215686274509802,14.634146341463415,-10.712577714012433
biggest moves,phrase,2,6,8,51,41,3.9215686274509802,14.634146341463415,-10.712577714012433
billion worth,phrase,2,6,8,51,41,3.9215686274509802,14.634146341463415,-10.712577714012433
business as,phrase,2,6,8,51,41,3.9215686274509802,14.634146341463415,-10.712577714012433
confident,word,2,6,8,51,41,3.9215686274509802,14.634146341463415,-10.712577714012433
creative,word,2,6,8,51,41,3.9215686274509802,14.634146341463415,-10.712577714012433
curbs,word,2,6,8,51,41,3.9215686274509802,14.634146341463415,-10.712577714012433
earnings after,phrase,2,6,8,51,41,3.9215686274509802,14.634146341463415,-10.712577714012433
facebook parent,phrase,2,6,8,51,41,3.9215686274509802,14.634146341463415,-10.712577714012433
fidelity,word,2,6,8,51,41,3.9215686274509802,14.634146341463415,-10.712577714012433
filed,word,2,6,8,51,41,3.9215686274509802,14.634146341463415,-10.712577714012433
flexible,word,2,6,8,51,41,3.9215686274509802,14.634146341463415,-10.712577714012433
gains and,phrase,2,6,8,51,41,3.9215686274509802,14.634146341463415,-10.712577714012433
ground on,phrase,2,6,8,51,41,3.9215686274509802,14.634146341463415,-10.712577714012433
guide,word,2,6,8,51,41,3.9215686274509802,14.634146341463415,-10.712577714012433
has signed,phrase,2,6,8,51,41,3.9215686274509802,14.634146341463415,-10.712577714012433
infrastructure build,phrase,2,6,8,51,41,3.9215686274509802,14.634146341463415,-10.712577714012433
leader's,word,2,6,8,51,41,3.9215686274509802,14.634146341463415,-10.712577714012433
let,word,2,6,8,51,41,3.9215686274509802,14.634146341463415,-10.712577714012433
make or,phrase,2,6,8,51,41,3.9215686274509802,14.634146341463415,-10.712577714012433
monday on,phrase,2,6,8,51,41,3.9215686274509802,14.634146341463415,-10.712577714012433
nvidia's growth,phrase,2,6,8,51,41,3.9215686274509802,14.634146341463415,-10.712577714012433
on next,phrase,2,6,8,51,41,3.9215686274509802,14.634146341463415,-10.712577714012433
or break,phrase,2,6,8,51,41,3.9215686274509802,14.634146341463415,-10.712577714012433
platform and,phrase,2,6,8,51,41,3.9215686274509802,14.634146341463415,-10.712577714012433
rate cut,phrase,2,6,8,51,41,3.9215686274509802,14.634146341463415,-10.712577714012433
scales,word,2,6,8,51,41,3.9215686274509802,14.634146341463415,-10.712577714012433
sec,word,2,6,8,51,41,3.9215686274509802,14.634146341463415,-10.712577714012433
see more,phrase,2,6,8,51,41,3.9215686274509802,14.634146341463415,-10.712577714012433
snowflake,word,2,6,8,51,41,3.9215686274509802,14.634146341463415,-10.712577714012433
the dominant,phrase,2,6,8,51,41,3.9215686274509802,14.634146341463415,-10.712577714012433
these two,phrase,2,6,8,51,41,3.9215686274509802,14.634146341463415,-10.712577714012433
trade tensions,phrase,2,6,8,51,41,3.9215686274509802,14.634146341463415,-10.712577714012433
trump says,phrase,2,6,8,51,41,3.9215686274509802,14.634146341463415,-10.712577714012433
views,word,2,6,8,51,41,3.9215686274509802,14.634146341463415,-10.712577714012433
zuckerberg,word,2,6,8,51,41,3.9215686274509802,14.634146341463415,-10.712577714012433
gpu,word,38,35,73,51,41,74.50980392156863,85.36585365853658,-10.856049736967954
reported,word,33,31,64,51,41,64.70588235294117,75.60975609756098,-10.903873744619796
stocks to,phrase,33,31,64,51,41,64.70588235294117,75.60975609756098,-10.903873744619796
the market,phrase,33,31,64,51,41,64.70588235294117,75.60975609756098,-10.903873744619796
make,word,28,27,55,51,41,54.90196078431372,65.85365853658537,-10.951697752271638
research,word,28,27,55,51,41,54.90196078431372,65.85365853658537,-10.951697752271638
risk,word,28,27,55,51,41,54.90196078431372,65.85365853658537,-10.951697752271638
sees,word,28,27,55,51,41,54.90196078431372,65.85365853658537,-10.951697752271638
late,word,23,23,46,51,41,45.09803921568628,56.09756097560975,-10.999521759923486
architecture,word,18,19,37,51,41,35.294117647058826,46.34146341463415,-11.047345767575322
used,word,18,19,37,51,41,35.294117647058826,46.34146341463415,-11.047345767575322
chip stock,phrase,13,15,28,51,41,25.49019607843137,36.58536585365854,-11.095169775227165
last week,phrase,13,15,28,51,41,25.49019607843137,36.58536585365854,-11.095169775227165
put,word,13,15,28,51,41,25.49019607843137,36.58536585365854,-11.095169775227165
to develop,phrase,13,15,28,51,41,25.49019607843137,36.58536585365854,-11.095169775227165
amazon amzn,phrase,8,11,19,51,41,15.686274509803921,26.829268292682926,-11.142993782879007
around the,phrase,8,11,19,51,41,15.686274509803921,26.829268292682926,-11.142993782879007
brief,word,8,11,19,51,41,15.686274509803921,26.829268292682926,-11.142993782879007
clients,word,8,11,19,51,41,15.686274509803921,26.829268292682926,-11.142993782879007
climbs,word,8,11,19,51,41,15.686274509803921,26.829268292682926,-11.142993782879007
dominated,word,8,11,19,51,41,15.686274509803921,26.829268292682926,-11.142993782879007
explosive,word,8,11,19,51,41,15.686274509803921,26.829268292682926,-11.142993782879007
industries,word,8,11,19,51,41,15.686274509803921,26.829268292682926,-11.142993782879007
its stock,phrase,8,11,19,51,41,15.686274509803921,26.829268292682926,-11.142993782879007
jpmorgan,word,8,11,19,51,41,15.686274509803921,26.829268292682926,-11.142993782879007
microsoft's,word,8,11,19,51,41,15.686274509803921,26.829268292682926,-11.142993782879007
moving the,phrase,8,11,19,51,41,15.686274509803921,26.829268292682926,-11.142993782879007
nvidia are,phrase,8,11,19,51,41,15.686274509803921,26.829268292682926,-11.142993782879007
nvidia's h200,phrase,8,11,19,51,41,15.686274509803921,26.829268292682926,-11.142993782879007
period,word,8,11,19,51,41,15.686274509803921,26.829268292682926,-11.142993782879007
and softbank,phrase,3,7,10,51,41,5.882352941176471,17.073170731707318,-11.190817790530847
be downloaded,phrase,3,7,10,51,41,5.882352941176471,17.073170731707318,-11.190817790530847
british,word,3,7,10,51,41,5.882352941176471,17.073170731707318,-11.190817790530847
cash flow,phrase,3,7,10,51,41,5.882352941176471,17.073170731707318,-11.190817790530847
ces,word,3,7,10,51,41,5.882352941176471,17.073170731707318,-11.190817790530847
chipmaker nvidia,phrase,3,7,10,51,41,5.882352941176471,17.073170731707318,-11.190817790530847
compliance,word,3,7,10,51,41,5.882352941176471,17.073170731707318,-11.190817790530847
concerned,word,3,7,10,51,41,5.882352941176471,17.073170731707318,-11.190817790530847
consider,word,3,7,10,51,41,5.882352941176471,17.073170731707318,-11.190817790530847
copy,word,3,7,10,51,41,5.882352941176471,17.073170731707318,-11.190817790530847
copy of,phrase,3,7,10,51,41,5.882352941176471,17.073170731707318,-11.190817790530847
could reshape,phrase,3,7,10,51,41,5.882352941176471,17.073170731707318,-11.190817790530847
counts,word,3,7,10,51,41,5.882352941176471,17.073170731707318,-11.190817790530847
downloaded,word,3,7,10,51,41,5.882352941176471,17.073170731707318,-11.190817790530847
downloaded here,phrase,3,7,10,51,41,5.882352941176471,17.073170731707318,-11.190817790530847
early trading,phrase,3,7,10,51,41,5.882352941176471,17.073170731707318,-11.190817790530847
engine,word,3,7,10,51,41,5.882352941176471,17.073170731707318,-11.190817790530847
engineers,word,3,7,10,51,41,5.882352941176471,17.073170731707318,-11.190817790530847
exports of,phrase,3,7,10,51,41,5.882352941176471,17.073170731707318,-11.190817790530847
few years,phrase,3,7,10,51,41,5.882352941176471,17.073170731707318,-11.190817790530847
growth is,phrase,3,7,10,51,41,5.882352941176471,17.073170731707318,-11.190817790530847
growth prospects,phrase,3,7,10,51,41,5.882352941176471,17.073170731707318,-11.190817790530847
hype,word,3,7,10,51,41,5.882352941176471,17.073170731707318,-11.190817790530847
in december,phrase,3,7,10,51,41,5.882352941176471,17.073170731707318,-11.190817790530847
investor letter,phrase,3,7,10,51,41,5.882352941176471,17.073170731707318,-11.190817790530847
jose,word,3,7,10,51,41,5.882352941176471,17.073170731707318,-11.190817790530847
kept,word,3,7,10,51,41,5.882352941176471,17.073170731707318,-11.190817790530847
legal,word,3,7,10,51,41,5.882352941176471,17.073170731707318,-11.190817790530847
letter can,phrase,3,7,10,51,41,5.882352941176471,17.073170731707318,-11.190817790530847
make the,phrase,3,7,10,51,41,5.882352941176471,17.073170731707318,-11.190817790530847
new highs,phrase,3,7,10,51,41,5.882352941176471,17.073170731707318,-11.190817790530847
news to,phrase,3,7,10,51,41,5.882352941176471,17.073170731707318,-11.190817790530847
nvda in,phrase,3,7,10,51,41,5.882352941176471,17.073170731707318,-11.190817790530847
of major,phrase,3,7,10,51,41,5.882352941176471,17.073170731707318,-11.190817790530847
organizations,word,3,7,10,51,41,5.882352941176471,17.073170731707318,-11.190817790530847
partner to,phrase,3,7,10,51,41,5.882352941176471,17.073170731707318,-11.190817790530847
pressures,word,3,7,10,51,41,5.882352941176471,17.073170731707318,-11.190817790530847
represents,word,3,7,10,51,41,5.882352941176471,17.073170731707318,-11.190817790530847
reveal,word,3,7,10,51,41,5.882352941176471,17.073170731707318,-11.190817790530847
revenues and,phrase,3,7,10,51,41,5.882352941176471,17.073170731707318,-11.190817790530847
robotaxi,word,3,7,10,51,41,5.882352941176471,17.073170731707318,-11.190817790530847
role as,phrase,3,7,10,51,41,5.882352941176471,17.073170731707318,-11.190817790530847
san jose,phrase,3,7,10,51,41,5.882352941176471,17.073170731707318,-11.190817790530847
secretary,word,3,7,10,51,41,5.882352941176471,17.073170731707318,-11.190817790530847
slump,word,3,7,10,51,41,5.882352941176471,17.073170731707318,-11.190817790530847
stellar,word,3,7,10,51,41,5.882352941176471,17.073170731707318,-11.190817790530847
sunday,word,3,7,10,51,41,5.882352941176471,17.073170731707318,-11.190817790530847
sustained,word,3,7,10,51,41,5.882352941176471,17.073170731707318,-11.190817790530847
tech's,word,3,7,10,51,41,5.882352941176471,17.073170731707318,-11.190817790530847
the key,phrase,3,7,10,51,41,5.882352941176471,17.073170731707318,-11.190817790530847
thoughts,word,3,7,10,51,41,5.882352941176471,17.073170731707318,-11.190817790530847
time high,phrase,3,7,10,51,41,5.882352941176471,17.073170731707318,-11.190817790530847
to export,phrase,3,7,10,51,41,5.882352941176471,17.073170731707318,-11.190817790530847
upcoming earnings,phrase,3,7,10,51,41,5.882352941176471,17.073170731707318,-11.190817790530847
upgraded to,phrase,3,7,10,51,41,5.882352941176471,17.073170731707318,-11.190817790530847
use of,phrase,3,7,10,51,41,5.882352941176471,17.073170731707318,-11.190817790530847
vast,word,3,7,10,51,41,5.882352941176471,17.073170731707318,-11.190817790530847
via,word,3,7,10,51,41,5.882352941176471,17.073170731707318,-11.190817790530847
wants to,phrase,3,7,10,51,41,5.882352941176471,17.073170731707318,-11.190817790530847
says,word,44,40,84,51,41,86.27450980392157,97.5609756097561,-11.286465805834522
last,word,39,36,75,51,41,76.47058823529412,87.8048780487805,-11.334289813486375
partner,word,24,24,48,51,41,47.05882352941177,58.53658536585366,-11.477761836441891
continues,word,19,20,39,51,41,37.254901960784316,48.78048780487805,-11.525585844093733
point,word,19,20,39,51,41,37.254901960784316,48.78048780487805,-11.525585844093733
agentic ai,phrase,14,16,30,51,41,27.45098039215686,39.02439024390244,-11.573409851745575
ai revolution,phrase,14,16,30,51,41,27.45098039215686,39.02439024390244,-11.573409851745575
in house,phrase,14,16,30,51,41,27.45098039215686,39.02439024390244,-11.573409851745575
means for,phrase,14,16,30,51,41,27.45098039215686,39.02439024390244,-11.573409851745575
november,word,14,16,30,51,41,27.45098039215686,39.02439024390244,-11.573409851745575
sk,word,14,16,30,51,41,27.45098039215686,39.02439024390244,-11.573409851745575
tech giant,phrase,14,16,30,51,41,27.45098039215686,39.02439024390244,-11.573409851745575
to make,phrase,14,16,30,51,41,27.45098039215686,39.02439024390244,-11.573409851745575
upgrade,word,14,16,30,51,41,27.45098039215686,39.02439024390244,-11.573409851745575
ai platform,phrase,9,12,21,51,41,17.647058823529413,29.26829268292683,-11.621233859397414
are moving,phrase,9,12,21,51,41,17.647058823529413,29.26829268292683,-11.621233859397414
effort,word,9,12,21,51,41,17.647058823529413,29.26829268292683,-11.621233859397414
possible,word,9,12,21,51,41,17.647058823529413,29.26829268292683,-11.621233859397414
regulatory,word,9,12,21,51,41,17.647058823529413,29.26829268292683,-11.621233859397414
advancements,word,4,8,12,51,41,7.8431372549019605,19.51219512195122,-11.66905786704926
ai processors,phrase,4,8,12,51,41,7.8431372549019605,19.51219512195122,-11.66905786704926
an open,phrase,4,8,12,51,41,7.8431372549019605,19.51219512195122,-11.66905786704926
and power,phrase,4,8,12,51,41,7.8431372549019605,19.51219512195122,-11.66905786704926
benefiting,word,4,8,12,51,41,7.8431372549019605,19.51219512195122,-11.66905786704926
both companies,phrase,4,8,12,51,41,7.8431372549019605,19.51219512195122,-11.66905786704926
chief investment,phrase,4,8,12,51,41,7.8431372549019605,19.51219512195122,-11.66905786704926
cisco systems,phrase,4,8,12,51,41,7.8431372549019605,19.51219512195122,-11.66905786704926
cloud providers,phrase,4,8,12,51,41,7.8431372549019605,19.51219512195122,-11.66905786704926
growth with,phrase,4,8,12,51,41,7.8431372549019605,19.51219512195122,-11.66905786704926
humanoid,word,4,8,12,51,41,7.8431372549019605,19.51219512195122,-11.66905786704926
india,word,4,8,12,51,41,7.8431372549019605,19.51219512195122,-11.66905786704926
major cloud,phrase,4,8,12,51,41,7.8431372549019605,19.51219512195122,-11.66905786704926
networking and,phrase,4,8,12,51,41,7.8431372549019605,19.51219512195122,-11.66905786704926
quarters,word,4,8,12,51,41,7.8431372549019605,19.51219512195122,-11.66905786704926
recent years,phrase,4,8,12,51,41,7.8431372549019605,19.51219512195122,-11.66905786704926
released its,phrase,4,8,12,51,41,7.8431372549019605,19.51219512195122,-11.66905786704926
solutions for,phrase,4,8,12,51,41,7.8431372549019605,19.51219512195122,-11.66905786704926
stalled,word,4,8,12,51,41,7.8431372549019605,19.51219512195122,-11.66905786704926
standard,word,4,8,12,51,41,7.8431372549019605,19.51219512195122,-11.66905786704926
street journal,phrase,4,8,12,51,41,7.8431372549019605,19.51219512195122,-11.66905786704926
substantial,word,4,8,12,51,41,7.8431372549019605,19.51219512195122,-11.66905786704926
the growing,phrase,4,8,12,51,41,7.8431372549019605,19.51219512195122,-11.66905786704926
the story,phrase,4,8,12,51,41,7.8431372549019605,19.51219512195122,-11.66905786704926
thinking,word,4,8,12,51,41,7.8431372549019605,19.51219512195122,-11.66905786704926
to play,phrase,4,8,12,51,41,7.8431372549019605,19.51219512195122,-11.66905786704926
trading day,phrase,4,8,12,51,41,7.8431372549019605,19.51219512195122,-11.66905786704926
openai,word,40,37,77,51,41,78.43137254901961,90.2439024390244,-11.812529890004786
back,word,35,33,68,51,41,68.62745098039215,80.48780487804878,-11.860353897656628
massive,word,35,33,68,51,41,68.62745098039215,80.48780487804878,-11.860353897656628
story,word,35,33,68,51,41,68.62745098039215,80.48780487804878,-11.860353897656628
ai stock,phrase,30,29,59,51,41,58.8235294117647,70.73170731707317,-11.90817790530846
invest,word,30,29,59,51,41,58.8235294117647,70.73170731707317,-11.90817790530846
check,word,25,25,50,51,41,49.01960784313726,60.97560975609756,-11.956001912960307
like nvidia,phrase,25,25,50,51,41,49.01960784313726,60.97560975609756,-11.956001912960307
new ai,phrase,25,25,50,51,41,49.01960784313726,60.97560975609756,-11.956001912960307
advanced ai,phrase,20,21,41,51,41,39.21568627450981,51.21951219512195,-12.00382592061215
conference,word,20,21,41,51,41,39.21568627450981,51.21951219512195,-12.00382592061215
driven by,phrase,20,21,41,51,41,39.21568627450981,51.21951219512195,-12.00382592061215
senior,word,20,21,41,51,41,39.21568627450981,51.21951219512195,-12.00382592061215
autonomous,word,15,17,32,51,41,29.41176470588235,41.46341463414634,-12.051649928263986
continued,word,15,17,32,51,41,29.41176470588235,41.46341463414634,-12.051649928263986
deal to,phrase,15,17,32,51,41,29.41176470588235,41.46341463414634,-12.051649928263986
dan,word,10,13,23,51,41,19.607843137254903,31.70731707317073,-12.09947393591583
editor,word,10,13,23,51,41,19.607843137254903,31.70731707317073,-12.09947393591583
highlighting,word,10,13,23,51,41,19.607843137254903,31.70731707317073,-12.09947393591583
it means,phrase,10,13,23,51,41,19.607843137254903,31.70731707317073,-12.09947393591583
meeting,word,10,13,23,51,41,19.607843137254903,31.70731707317073,-12.09947393591583
nvidia tesla,phrase,10,13,23,51,41,19.607843137254903,31.70731707317073,-12.09947393591583
performance computing,phrase,10,13,23,51,41,19.607843137254903,31.70731707317073,-12.09947393591583
posts,word,10,13,23,51,41,19.607843137254903,31.70731707317073,-12.09947393591583
qualcomm,word,10,13,23,51,41,19.607843137254903,31.70731707317073,-12.09947393591583
traders,word,10,13,23,51,41,19.607843137254903,31.70731707317073,-12.09947393591583
ai capex,phrase,5,9,14,51,41,9.803921568627452,21.951219512195124,-12.147297943567672
ai era,phrase,5,9,14,51,41,9.803921568627452,21.951219512195124,-12.147297943567672
and oracle,phrase,5,9,14,51,41,9.803921568627452,21.951219512195124,-12.147297943567672
bubble fears,phrase,5,9,14,51,41,9.803921568627452,21.951219512195124,-12.147297943567672
concerns over,phrase,5,9,14,51,41,9.803921568627452,21.951219512195124,-12.147297943567672
design and,phrase,5,9,14,51,41,9.803921568627452,21.951219512195124,-12.147297943567672
experience,word,5,9,14,51,41,9.803921568627452,21.951219512195124,-12.147297943567672
generate,word,5,9,14,51,41,9.803921568627452,21.951219512195124,-12.147297943567672
grade,word,5,9,14,51,41,9.803921568627452,21.951219512195124,-12.147297943567672
he said,phrase,5,9,14,51,41,9.803921568627452,21.951219512195124,-12.147297943567672
heading into,phrase,5,9,14,51,41,9.803921568627452,21.951219512195124,-12.147297943567672
index rose,phrase,5,9,14,51,41,9.803921568627452,21.951219512195124,-12.147297943567672
investment and,phrase,5,9,14,51,41,9.803921568627452,21.951219512195124,-12.147297943567672
making the,phrase,5,9,14,51,41,9.803921568627452,21.951219512195124,-12.147297943567672
net income,phrase,5,9,14,51,41,9.803921568627452,21.951219512195124,-12.147297943567672
non,word,5,9,14,51,41,9.803921568627452,21.951219512195124,-12.147297943567672
not the,phrase,5,9,14,51,41,9.803921568627452,21.951219512195124,-12.147297943567672
reflects,word,5,9,14,51,41,9.803921568627452,21.951219512195124,-12.147297943567672
reserve,word,5,9,14,51,41,9.803921568627452,21.951219512195124,-12.147297943567672
stock futures,phrase,5,9,14,51,41,9.803921568627452,21.951219512195124,-12.147297943567672
unveiling,word,5,9,14,51,41,9.803921568627452,21.951219512195124,-12.147297943567672
weighed,word,5,9,14,51,41,9.803921568627452,21.951219512195124,-12.147297943567672
after hitting,phrase,0,5,5,51,41,0.0,12.195121951219512,-12.195121951219512
an eye,phrase,0,5,5,51,41,0.0,12.195121951219512,-12.195121951219512
and customer,phrase,0,5,5,51,41,0.0,12.195121951219512,-12.195121951219512
begun,word,0,5,5,51,41,0.0,12.195121951219512,-12.195121951219512
benchmark indices,phrase,0,5,5,51,41,0.0,12.195121951219512,-12.195121951219512
blackwell gpu,phrase,0,5,5,51,41,0.0,12.195121951219512,-12.195121951219512
can build,phrase,0,5,5,51,41,0.0,12.195121951219512,-12.195121951219512
caroline,word,0,5,5,51,41,0.0,12.195121951219512,-12.195121951219512
chip deals,phrase,0,5,5,51,41,0.0,12.195121951219512,-12.195121951219512
department of,phrase,0,5,5,51,41,0.0,12.195121951219512,-12.195121951219512
drama,word,0,5,5,51,41,0.0,12.195121951219512,-12.195121951219512
eye on,phrase,0,5,5,51,41,0.0,12.195121951219512,-12.195121951219512
for chip,phrase,0,5,5,51,41,0.0,12.195121951219512,-12.195121951219512
fujitsu,word,0,5,5,51,41,0.0,12.195121951219512,-12.195121951219512
futures of,phrase,0,5,5,51,41,0.0,12.195121951219512,-12.195121951219512
his thoughts,phrase,0,5,5,51,41,0.0,12.195121951219512,-12.195121951219512
impress,word,0,5,5,51,41,0.0,12.195121951219512,-12.195121951219512
in part,phrase,0,5,5,51,41,0.0,12.195121951219512,-12.195121951219512
in stocks,phrase,0,5,5,51,41,0.0,12.195121951219512,-12.195121951219512
in taipei,phrase,0,5,5,51,41,0.0,12.195121951219512,-12.195121951219512
intelligence chipmaker,phrase,0,5,5,51,41,0.0,12.195121951219512,-12.195121951219512
introduced the,phrase,0,5,5,51,41,0.0,12.195121951219512,-12.195121951219512
is trying,phrase,0,5,5,51,41,0.0,12.195121951219512,-12.195121951219512
is upgraded,phrase,0,5,5,51,41,0.0,12.195121951219512,-12.195121951219512
listed as,phrase,0,5,5,51,41,0.0,12.195121951219512,-12.195121951219512
load,word,0,5,5,51,41,0.0,12.195121951219512,-12.195121951219512
look ahead,phrase,0,5,5,51,41,0.0,12.195121951219512,-12.195121951219512
major benchmark,phrase,0,5,5,51,41,0.0,12.195121951219512,-12.195121951219512
market open,phrase,0,5,5,51,41,0.0,12.195121951219512,-12.195121951219512
miners,word,0,5,5,51,41,0.0,12.195121951219512,-12.195121951219512
months after,phrase,0,5,5,51,41,0.0,12.195121951219512,-12.195121951219512
pay for,phrase,0,5,5,51,41,0.0,12.195121951219512,-12.195121951219512
profitable ai,phrase,0,5,5,51,41,0.0,12.195121951219512,-12.195121951219512
propel,word,0,5,5,51,41,0.0,12.195121951219512,-12.195121951219512
rise with,phrase,0,5,5,51,41,0.0,12.195121951219512,-12.195121951219512
sidelines of,phrase,0,5,5,51,41,0.0,12.195121951219512,-12.195121951219512
strong revenue,phrase,0,5,5,51,41,0.0,12.195121951219512,-12.195121951219512
the uae,phrase,0,5,5,51,41,0.0,12.195121951219512,-12.195121951219512
to two,phrase,0,5,5,51,41,0.0,12.195121951219512,-12.195121951219512
two people,phrase,0,5,5,51,41,0.0,12.195121951219512,-12.195121951219512
us 2b,phrase,0,5,5,51,41,0.0,12.195121951219512,-12.195121951219512
wednesday morning,phrase,0,5,5,51,41,0.0,12.195121951219512,-12.195121951219512
world's top,phrase,0,5,5,51,41,0.0,12.195121951219512,-12.195121951219512
worse,word,0,5,5,51,41,0.0,12.195121951219512,-12.195121951219512
investments,word,31,30,61,51,41,60.78431372549019,73.17073170731707,-12.386417981826881
co,word,26,26,52,51,41,50.98039215686274,63.41463414634146,-12.434241989478723
that's,word,26,26,52,51,41,50.98039215686274,63.41463414634146,-12.434241989478723
the stocks,phrase,21,22,43,51,41,41.1764705882353,53.65853658536585,-12.482065997130565
contract,word,16,18,34,51,41,31.372549019607842,43.90243902439025,-12.529890004782402
heavy,word,16,18,34,51,41,31.372549019607842,43.90243902439025,-12.529890004782402
helped,word,16,18,34,51,41,31.372549019607842,43.90243902439025,-12.529890004782402
hits,word,16,18,34,51,41,31.372549019607842,43.90243902439025,-12.529890004782402
product,word,16,18,34,51,41,31.372549019607842,43.90243902439025,-12.529890004782402
rallied,word,16,18,34,51,41,31.372549019607842,43.90243902439025,-12.529890004782402
signs,word,16,18,34,51,41,31.372549019607842,43.90243902439025,-12.529890004782402
approved,word,11,14,25,51,41,21.568627450980394,34.146341463414636,-12.577714012434244
backing,word,11,14,25,51,41,21.568627450980394,34.146341463414636,-12.577714012434244
program,word,11,14,25,51,41,21.568627450980394,34.146341463414636,-12.577714012434244
rapidly,word,11,14,25,51,41,21.568627450980394,34.146341463414636,-12.577714012434244
stocks jim,phrase,11,14,25,51,41,21.568627450980394,34.146341463414636,-12.577714012434244
team,word,11,14,25,51,41,21.568627450980394,34.146341463414636,-12.577714012434244
the center,phrase,11,14,25,51,41,21.568627450980394,34.146341463414636,-12.577714012434244
unveils,word,11,14,25,51,41,21.568627450980394,34.146341463414636,-12.577714012434244
alphabet inc,phrase,6,10,16,51,41,11.764705882352942,24.390243902439025,-12.625538020086083
cloud services,phrase,6,10,16,51,41,11.764705882352942,24.390243902439025,-12.625538020086083
concentration,word,6,10,16,51,41,11.764705882352942,24.390243902439025,-12.625538020086083
discussions,word,6,10,16,51,41,11.764705882352942,24.390243902439025,-12.625538020086083
drives,word,6,10,16,51,41,11.764705882352942,24.390243902439025,-12.625538020086083
eye,word,6,10,16,51,41,11.764705882352942,24.390243902439025,-12.625538020086083
flow,word,6,10,16,51,41,11.764705882352942,24.390243902439025,-12.625538020086083
gemini,word,6,10,16,51,41,11.764705882352942,24.390243902439025,-12.625538020086083
in openai,phrase,6,10,16,51,41,11.764705882352942,24.390243902439025,-12.625538020086083
margins and,phrase,6,10,16,51,41,11.764705882352942,24.390243902439025,-12.625538020086083
the united,phrase,6,10,16,51,41,11.764705882352942,24.390243902439025,-12.625538020086083
analyst sees,phrase,1,6,7,51,41,1.9607843137254901,14.634146341463415,-12.673362027737923
and beyond,phrase,1,6,7,51,41,1.9607843137254901,14.634146341463415,-12.673362027737923
and innovation,phrase,1,6,7,51,41,1.9607843137254901,14.634146341463415,-12.673362027737923
brace,word,1,6,7,51,41,1.9607843137254901,14.634146341463415,-12.673362027737923
brace for,phrase,1,6,7,51,41,1.9607843137254901,14.634146341463415,-12.673362027737923
from google,phrase,1,6,7,51,41,1.9607843137254901,14.634146341463415,-12.673362027737923
funded,word,1,6,7,51,41,1.9607843137254901,14.634146341463415,-12.673362027737923
global technology,phrase,1,6,7,51,41,1.9607843137254901,14.634146341463415,-12.673362027737923
growth at,phrase,1,6,7,51,41,1.9607843137254901,14.634146341463415,-12.673362027737923
income ratios,phrase,1,6,7,51,41,1.9607843137254901,14.634146341463415,-12.673362027737923
investors need,phrase,1,6,7,51,41,1.9607843137254901,14.634146341463415,-12.673362027737923
mark zuckerberg,phrase,1,6,7,51,41,1.9607843137254901,14.634146341463415,-12.673362027737923
more news,phrase,1,6,7,51,41,1.9607843137254901,14.634146341463415,-12.673362027737923
nvda alphabet,phrase,1,6,7,51,41,1.9607843137254901,14.634146341463415,-12.673362027737923
nvidia's new,phrase,1,6,7,51,41,1.9607843137254901,14.634146341463415,-12.673362027737923
oracle nvidia,phrase,1,6,7,51,41,1.9607843137254901,14.634146341463415,-12.673362027737923
premier,word,1,6,7,51,41,1.9607843137254901,14.634146341463415,-12.673362027737923
record revenue,phrase,1,6,7,51,41,1.9607843137254901,14.634146341463415,-12.673362027737923
respectively,word,1,6,7,51,41,1.9607843137254901,14.634146341463415,-12.673362027737923
senior analyst,phrase,1,6,7,51,41,1.9607843137254901,14.634146341463415,-12.673362027737923
share of,phrase,1,6,7,51,41,1.9607843137254901,14.634146341463415,-12.673362027737923
showcasing,word,1,6,7,51,41,1.9607843137254901,14.634146341463415,-12.673362027737923
sidelines,word,1,6,7,51,41,1.9607843137254901,14.634146341463415,-12.673362027737923
start your,phrase,1,6,7,51,41,1.9607843137254901,14.634146341463415,-12.673362027737923
this morning,phrase,1,6,7,51,41,1.9607843137254901,14.634146341463415,-12.673362027737923
week for,phrase,1,6,7,51,41,1.9607843137254901,14.634146341463415,-12.673362027737923
wsj,word,1,6,7,51,41,1.9607843137254901,14.634146341463415,-12.673362027737923
billion in,phrase,37,35,72,51,41,72.54901960784314,85.36585365853658,-12.816834050693448
lead,word,27,27,54,51,41,52.94117647058823,65.85365853658537,-12.912482065997132
months,word,27,27,54,51,41,52.94117647058823,65.85365853658537,-12.912482065997132
nvidia in,phrase,27,27,54,51,41,52.94117647058823,65.85365853658537,-12.912482065997132
buildout,word,22,23,45,51,41,43.13725490196079,56.09756097560975,-12.960306073648976
growth and,phrase,22,23,45,51,41,43.13725490196079,56.09756097560975,-12.960306073648976
oracle,word,22,23,45,51,41,43.13725490196079,56.09756097560975,-12.960306073648976
and new,phrase,12,15,27,51,41,23.529411764705884,36.58536585365854,-13.055954088952653
cut,word,12,15,27,51,41,23.529411764705884,36.58536585365854,-13.055954088952653
era,word,12,15,27,51,41,23.529411764705884,36.58536585365854,-13.055954088952653
event,word,12,15,27,51,41,23.529411764705884,36.58536585365854,-13.055954088952653
posted,word,12,15,27,51,41,23.529411764705884,36.58536585365854,-13.055954088952653
powering,word,12,15,27,51,41,23.529411764705884,36.58536585365854,-13.055954088952653
revenues,word,12,15,27,51,41,23.529411764705884,36.58536585365854,-13.055954088952653
strong growth,phrase,12,15,27,51,41,23.529411764705884,36.58536585365854,-13.055954088952653
ai investment,phrase,7,11,18,51,41,13.72549019607843,26.829268292682926,-13.103778096604495
buy for,phrase,7,11,18,51,41,13.72549019607843,26.829268292682926,-13.103778096604495
closely,word,7,11,18,51,41,13.72549019607843,26.829268292682926,-13.103778096604495
episode,word,7,11,18,51,41,13.72549019607843,26.829268292682926,-13.103778096604495
infrastructure spending,phrase,7,11,18,51,41,13.72549019607843,26.829268292682926,-13.103778096604495
memory and,phrase,7,11,18,51,41,13.72549019607843,26.829268292682926,-13.103778096604495
new york,phrase,7,11,18,51,41,13.72549019607843,26.829268292682926,-13.103778096604495
options,word,7,11,18,51,41,13.72549019607843,26.829268292682926,-13.103778096604495
sandisk,word,7,11,18,51,41,13.72549019607843,26.829268292682926,-13.103778096604495
sits at,phrase,7,11,18,51,41,13.72549019607843,26.829268292682926,-13.103778096604495
than nvidia,phrase,7,11,18,51,41,13.72549019607843,26.829268292682926,-13.103778096604495
wednesday after,phrase,7,11,18,51,41,13.72549019607843,26.829268292682926,-13.103778096604495
ai build,phrase,2,7,9,51,41,3.9215686274509802,17.073170731707318,-13.151602104256337
amazon's cloud,phrase,2,7,9,51,41,3.9215686274509802,17.073170731707318,-13.151602104256337
become one,phrase,2,7,9,51,41,3.9215686274509802,17.073170731707318,-13.151602104256337
believes that,phrase,2,7,9,51,41,3.9215686274509802,17.073170731707318,-13.151602104256337
company released,phrase,2,7,9,51,41,3.9215686274509802,17.073170731707318,-13.151602104256337
involved in,phrase,2,7,9,51,41,3.9215686274509802,17.073170731707318,-13.151602104256337
its buy,phrase,2,7,9,51,41,3.9215686274509802,17.073170731707318,-13.151602104256337
key ai,phrase,2,7,9,51,41,3.9215686274509802,17.073170731707318,-13.151602104256337
management company,phrase,2,7,9,51,41,3.9215686274509802,17.073170731707318,-13.151602104256337
millionaire,word,2,7,9,51,41,3.9215686274509802,17.073170731707318,-13.151602104256337
oct,word,2,7,9,51,41,3.9215686274509802,17.073170731707318,-13.151602104256337
peer,word,2,7,9,51,41,3.9215686274509802,17.073170731707318,-13.151602104256337
ratios,word,2,7,9,51,41,3.9215686274509802,17.073170731707318,-13.151602104256337
rise in,phrase,2,7,9,51,41,3.9215686274509802,17.073170731707318,-13.151602104256337
shares fall,phrase,2,7,9,51,41,3.9215686274509802,17.073170731707318,-13.151602104256337
slowing down,phrase,2,7,9,51,41,3.9215686274509802,17.073170731707318,-13.151602104256337
stock prospects,phrase,2,7,9,51,41,3.9215686274509802,17.073170731707318,-13.151602104256337
the headline,phrase,2,7,9,51,41,3.9215686274509802,17.073170731707318,-13.151602104256337
the white,phrase,2,7,9,51,41,3.9215686274509802,17.073170731707318,-13.151602104256337
yesterday,word,2,7,9,51,41,3.9215686274509802,17.073170731707318,-13.151602104256337
joins,word,23,24,47,51,41,45.09803921568628,58.53658536585366,-13.43854615016738
tech stocks,phrase,23,24,47,51,41,45.09803921568628,58.53658536585366,-13.43854615016738
globe,word,18,20,38,51,41,35.294117647058826,48.78048780487805,-13.486370157819222
in focus,phrase,18,20,38,51,41,35.294117647058826,48.78048780487805,-13.486370157819222
likely,word,18,20,38,51,41,35.294117647058826,48.78048780487805,-13.486370157819222
poised,word,18,20,38,51,41,35.294117647058826,48.78048780487805,-13.486370157819222
takes,word,18,20,38,51,41,35.294117647058826,48.78048780487805,-13.486370157819222
announced the,phrase,13,16,29,51,41,25.49019607843137,39.02439024390244,-13.53419416547107
graphics processing,phrase,13,16,29,51,41,25.49019607843137,39.02439024390244,-13.53419416547107
limited,word,13,16,29,51,41,25.49019607843137,39.02439024390244,-13.53419416547107
media,word,13,16,29,51,41,25.49019607843137,39.02439024390244,-13.53419416547107
opportunities,word,13,16,29,51,41,25.49019607843137,39.02439024390244,-13.53419416547107
sell off,phrase,13,16,29,51,41,25.49019607843137,39.02439024390244,-13.53419416547107
taking,word,13,16,29,51,41,25.49019607843137,39.02439024390244,-13.53419416547107
infrastructure for,phrase,8,12,20,51,41,15.686274509803921,29.26829268292683,-13.582018173122906
introduced,word,8,12,20,51,41,15.686274509803921,29.26829268292683,-13.582018173122906
powers,word,8,12,20,51,41,15.686274509803921,29.26829268292683,-13.582018173122906
reported on,phrase,8,12,20,51,41,15.686274509803921,29.26829268292683,-13.582018173122906
targeting,word,8,12,20,51,41,15.686274509803921,29.26829268292683,-13.582018173122906
architectures,word,3,8,11,51,41,5.882352941176471,19.51219512195122,-13.629842180774748
as tech,phrase,3,8,11,51,41,5.882352941176471,19.51219512195122,-13.629842180774748
center chips,phrase,3,8,11,51,41,5.882352941176471,19.51219512195122,-13.629842180774748
enterprise and,phrase,3,8,11,51,41,5.882352941176471,19.51219512195122,-13.629842180774748
firms to,phrase,3,8,11,51,41,5.882352941176471,19.51219512195122,-13.629842180774748
in india,phrase,3,8,11,51,41,5.882352941176471,19.51219512195122,-13.629842180774748
is due,phrase,3,8,11,51,41,5.882352941176471,19.51219512195122,-13.629842180774748
no longer,phrase,3,8,11,51,41,5.882352941176471,19.51219512195122,-13.629842180774748
purchases,word,3,8,11,51,41,5.882352941176471,19.51219512195122,-13.629842180774748
record highs,phrase,3,8,11,51,41,5.882352941176471,19.51219512195122,-13.629842180774748
the letter,phrase,3,8,11,51,41,5.882352941176471,19.51219512195122,-13.629842180774748
time,word,39,37,76,51,41,76.47058823529412,90.2439024390244,-13.77331420373028
insights,word,29,29,58,51,41,56.86274509803921,70.73170731707317,-13.868962219033953
making,word,29,29,58,51,41,56.86274509803921,70.73170731707317,-13.868962219033953
innovation,word,19,21,40,51,41,37.254901960784316,51.21951219512195,-13.964610234337638
donald trump,phrase,14,17,31,51,41,27.45098039215686,41.46341463414634,-14.012434241989475
etfs,word,14,17,31,51,41,27.45098039215686,41.46341463414634,-14.012434241989475
to discuss,phrase,14,17,31,51,41,27.45098039215686,41.46341463414634,-14.012434241989475
build ai,phrase,9,13,22,51,41,17.647058823529413,31.70731707317073,-14.060258249641318
future of,phrase,9,13,22,51,41,17.647058823529413,31.70731707317073,-14.060258249641318
lab,word,9,13,22,51,41,17.647058823529413,31.70731707317073,-14.060258249641318
policy,word,9,13,22,51,41,17.647058823529413,31.70731707317073,-14.060258249641318
see why,phrase,9,13,22,51,41,17.647058823529413,31.70731707317073,-14.060258249641318
third quarter,phrase,9,13,22,51,41,17.647058823529413,31.70731707317073,-14.060258249641318
world's largest,phrase,9,13,22,51,41,17.647058823529413,31.70731707317073,-14.060258249641318
betting on,phrase,4,9,13,51,41,7.8431372549019605,21.951219512195124,-14.10808225729316
competitor,word,4,9,13,51,41,7.8431372549019605,21.951219512195124,-14.10808225729316
economic data,phrase,4,9,13,51,41,7.8431372549019605,21.951219512195124,-14.10808225729316
facebook,word,4,9,13,51,41,7.8431372549019605,21.951219512195124,-14.10808225729316
futures rise,phrase,4,9,13,51,41,7.8431372549019605,21.951219512195124,-14.10808225729316
historic,word,4,9,13,51,41,7.8431372549019605,21.951219512195124,-14.10808225729316
journal,word,4,9,13,51,41,7.8431372549019605,21.951219512195124,-14.10808225729316
quite,word,4,9,13,51,41,7.8431372549019605,21.951219512195124,-14.10808225729316
stock trades,phrase,4,9,13,51,41,7.8431372549019605,21.951219512195124,-14.10808225729316
boost,word,30,30,60,51,41,58.8235294117647,73.17073170731707,-14.347202295552364
end,word,30,30,60,51,41,58.8235294117647,73.17073170731707,-14.347202295552364
big tech,phrase,25,26,51,51,41,49.01960784313726,63.41463414634146,-14.395026303204212
monday,word,25,26,51,51,41,49.01960784313726,63.41463414634146,-14.395026303204212
cash,word,15,18,33,51,41,29.41176470588235,43.90243902439025,-14.49067431850789
chipmaker's,word,15,18,33,51,41,29.41176470588235,43.90243902439025,-14.49067431850789
cloud infrastructure,phrase,15,18,33,51,41,29.41176470588235,43.90243902439025,-14.49067431850789
computer,word,15,18,33,51,41,29.41176470588235,43.90243902439025,-14.49067431850789
fueled,word,15,18,33,51,41,29.41176470588235,43.90243902439025,-14.49067431850789
said the,phrase,15,18,33,51,41,29.41176470588235,43.90243902439025,-14.49067431850789
stocks in,phrase,15,18,33,51,41,29.41176470588235,43.90243902439025,-14.49067431850789
find,word,10,14,24,51,41,19.607843137254903,34.146341463414636,-14.538498326159734
increasingly,word,10,14,24,51,41,19.607843137254903,34.146341463414636,-14.538498326159734
semiconductor manufacturing,phrase,10,14,24,51,41,19.607843137254903,34.146341463414636,-14.538498326159734
trends,word,10,14,24,51,41,19.607843137254903,34.146341463414636,-14.538498326159734
tsm,word,10,14,24,51,41,19.607843137254903,34.146341463414636,-14.538498326159734
valuations,word,10,14,24,51,41,19.607843137254903,34.146341463414636,-14.538498326159734
ai partnerships,phrase,5,10,15,51,41,9.803921568627452,24.390243902439025,-14.586322333811575
delayed,word,5,10,15,51,41,9.803921568627452,24.390243902439025,-14.586322333811575
full year,phrase,5,10,15,51,41,9.803921568627452,24.390243902439025,-14.586322333811575
larger,word,5,10,15,51,41,9.803921568627452,24.390243902439025,-14.586322333811575
processing unit,phrase,5,10,15,51,41,9.803921568627452,24.390243902439025,-14.586322333811575
trillion market,phrase,5,10,15,51,41,9.803921568627452,24.390243902439025,-14.586322333811575
boom with,phrase,0,6,6,51,41,0.0,14.634146341463415,-14.634146341463413
class action,phrase,0,6,6,51,41,0.0,14.634146341463415,-14.634146341463413
described the,phrase,0,6,6,51,41,0.0,14.634146341463415,-14.634146341463413
microsoft in,phrase,0,6,6,51,41,0.0,14.634146341463415,-14.634146341463413
powers the,phrase,0,6,6,51,41,0.0,14.634146341463415,-14.634146341463413
purchase of,phrase,0,6,6,51,41,0.0,14.634146341463415,-14.634146341463413
resilience,word,0,6,6,51,41,0.0,14.634146341463415,-14.634146341463413
spotlighting,word,0,6,6,51,41,0.0,14.634146341463415,-14.634146341463413
starts,word,0,6,6,51,41,0.0,14.634146341463415,-14.634146341463413
the sidelines,phrase,0,6,6,51,41,0.0,14.634146341463415,-14.634146341463413
unveiled its,phrase,0,6,6,51,41,0.0,14.634146341463415,-14.634146341463413
for nvidia,phrase,36,35,71,51,41,70.58823529411765,85.36585365853658,-14.777618364418931
moves,word,26,27,53,51,41,50.98039215686274,65.85365853658537,-14.873266379722628
look at,phrase,21,23,44,51,41,41.1764705882353,56.09756097560975,-14.92109038737447
ai growth,phrase,16,19,35,51,41,31.372549019607842,46.34146341463415,-14.968914395026307
grow,word,16,19,35,51,41,31.372549019607842,46.34146341463415,-14.968914395026307
reiterated,word,11,15,26,51,41,21.568627450980394,36.58536585365854,-15.016738402678143
deal and,phrase,6,11,17,51,41,11.764705882352942,26.829268292682926,-15.064562410329987
engineering,word,6,11,17,51,41,11.764705882352942,26.829268292682926,-15.064562410329987
loom,word,6,11,17,51,41,11.764705882352942,26.829268292682926,-15.064562410329987
more morning,phrase,6,11,17,51,41,11.764705882352942,26.829268292682926,-15.064562410329987
morning brief,phrase,6,11,17,51,41,11.764705882352942,26.829268292682926,-15.064562410329987
nvidia partnership,phrase,6,11,17,51,41,11.764705882352942,26.829268292682926,-15.064562410329987
pro,word,6,11,17,51,41,11.764705882352942,26.829268292682926,-15.064562410329987
trying,word,6,11,17,51,41,11.764705882352942,26.829268292682926,-15.064562410329987
wedbush,word,6,11,17,51,41,11.764705882352942,26.829268292682926,-15.064562410329987
with strong,phrase,6,11,17,51,41,11.764705882352942,26.829268292682926,-15.064562410329987
at ces,phrase,1,7,8,51,41,1.9607843137254901,17.073170731707318,-15.112386417981828
autonomous vehicle,phrase,1,7,8,51,41,1.9607843137254901,17.073170731707318,-15.112386417981828
expectations for,phrase,1,7,8,51,41,1.9607843137254901,17.073170731707318,-15.112386417981828
first ai,phrase,1,7,8,51,41,1.9607843137254901,17.073170731707318,-15.112386417981828
in annual,phrase,1,7,8,51,41,1.9607843137254901,17.073170731707318,-15.112386417981828
in buy,phrase,1,7,8,51,41,1.9607843137254901,17.073170731707318,-15.112386417981828
led to,phrase,1,7,8,51,41,1.9607843137254901,17.073170731707318,-15.112386417981828
perplexity,word,1,7,8,51,41,1.9607843137254901,17.073170731707318,-15.112386417981828
reasonable,word,1,7,8,51,41,1.9607843137254901,17.073170731707318,-15.112386417981828
stories on,phrase,1,7,8,51,41,1.9607843137254901,17.073170731707318,-15.112386417981828
your day,phrase,1,7,8,51,41,1.9607843137254901,17.073170731707318,-15.112386417981828
and high,phrase,12,16,28,51,41,23.529411764705884,39.02439024390244,-15.494978479196558
chip demand,phrase,12,16,28,51,41,23.529411764705884,39.02439024390244,-15.494978479196558
confidence,word,12,16,28,51,41,23.529411764705884,39.02439024390244,-15.494978479196558
sits,word,12,16,28,51,41,23.529411764705884,39.02439024390244,-15.494978479196558
speed,word,12,16,28,51,41,23.529411764705884,39.02439024390244,-15.494978479196558
breaks,word,7,12,19,51,41,13.72549019607843,29.26829268292683,-15.542802486848394
confidence in,phrase,7,12,19,51,41,13.72549019607843,29.26829268292683,-15.542802486848394
custom chips,phrase,7,12,19,51,41,13.72549019607843,29.26829268292683,-15.542802486848394
domestic,word,7,12,19,51,41,13.72549019607843,29.26829268292683,-15.542802486848394
quickly,word,7,12,19,51,41,13.72549019607843,29.26829268292683,-15.542802486848394
reported that,phrase,7,12,19,51,41,13.72549019607843,29.26829268292683,-15.542802486848394
testing,word,7,12,19,51,41,13.72549019607843,29.26829268292683,-15.542802486848394
described,word,2,8,10,51,41,3.9215686274509802,19.51219512195122,-15.59062649450024
for china,phrase,2,8,10,51,41,3.9215686274509802,19.51219512195122,-15.59062649450024
indices,word,2,8,10,51,41,3.9215686274509802,19.51219512195122,-15.59062649450024
lofty,word,2,8,10,51,41,3.9215686274509802,19.51219512195122,-15.59062649450024
release of,phrase,2,8,10,51,41,3.9215686274509802,19.51219512195122,-15.59062649450024
set for,phrase,2,8,10,51,41,3.9215686274509802,19.51219512195122,-15.59062649450024
tries,word,2,8,10,51,41,3.9215686274509802,19.51219512195122,-15.59062649450024
tries to,phrase,2,8,10,51,41,3.9215686274509802,19.51219512195122,-15.59062649450024
and nvidia,phrase,43,41,84,51,41,84.31372549019608,100.0,-15.686274509803921
biggest,word,33,33,66,51,41,64.70588235294117,80.48780487804878,-15.781922525107605
and data,phrase,18,21,39,51,41,35.294117647058826,51.21951219512195,-15.925394548063126
discuss,word,18,21,39,51,41,35.294117647058826,51.21951219512195,-15.925394548063126
and openai,phrase,13,17,30,51,41,25.49019607843137,41.46341463414634,-15.973218555714968
expect,word,13,17,30,51,41,25.49019607843137,41.46341463414634,-15.973218555714968
nvidia's nvda,phrase,13,17,30,51,41,25.49019607843137,41.46341463414634,-15.973218555714968
prospects,word,13,17,30,51,41,25.49019607843137,41.46341463414634,-15.973218555714968
strong buy,phrase,13,17,30,51,41,25.49019607843137,41.46341463414634,-15.973218555714968
strong earnings,phrase,8,13,21,51,41,15.686274509803921,31.70731707317073,-16.021042563366812
broadcom nvidia,phrase,3,9,12,51,41,5.882352941176471,21.951219512195124,-16.068866571018653
green,word,3,9,12,51,41,5.882352941176471,21.951219512195124,-16.068866571018653
house ai,phrase,3,9,12,51,41,5.882352941176471,21.951219512195124,-16.068866571018653
its market,phrase,3,9,12,51,41,5.882352941176471,21.951219512195124,-16.068866571018653
nvidia by,phrase,3,9,12,51,41,5.882352941176471,21.951219512195124,-16.068866571018653
time highs,phrase,3,9,12,51,41,5.882352941176471,21.951219512195124,-16.068866571018653
xai,word,3,9,12,51,41,5.882352941176471,21.951219512195124,-16.068866571018653
called,word,19,22,41,51,41,37.254901960784316,53.65853658536585,-16.403634624581542
plan,word,19,22,41,51,41,37.254901960784316,53.65853658536585,-16.403634624581542
the global,phrase,19,22,41,51,41,37.254901960784316,53.65853658536585,-16.403634624581542
jones futures,phrase,14,18,32,51,41,27.45098039215686,43.90243902439025,-16.45145863223338
released,word,14,18,32,51,41,27.45098039215686,43.90243902439025,-16.45145863223338
announced that,phrase,9,14,23,51,41,17.647058823529413,34.146341463414636,-16.499282639885223
boosts,word,9,14,23,51,41,17.647058823529413,34.146341463414636,-16.499282639885223
cisco,word,9,14,23,51,41,17.647058823529413,34.146341463414636,-16.499282639885223
concerns about,phrase,9,14,23,51,41,17.647058823529413,34.146341463414636,-16.499282639885223
hyman,word,9,14,23,51,41,17.647058823529413,34.146341463414636,-16.499282639885223
julie,word,9,14,23,51,41,17.647058823529413,34.146341463414636,-16.499282639885223
julie hyman,phrase,9,14,23,51,41,17.647058823529413,34.146341463414636,-16.499282639885223
spending on,phrase,9,14,23,51,41,17.647058823529413,34.146341463414636,-16.499282639885223
wave of,phrase,9,14,23,51,41,17.647058823529413,34.146341463414636,-16.499282639885223
at nvda,phrase,4,10,14,51,41,7.8431372549019605,24.390243902439025,-16.547106647537063
european,word,4,10,14,51,41,7.8431372549019605,24.390243902439025,-16.547106647537063
grew,word,4,10,14,51,41,7.8431372549019605,24.390243902439025,-16.547106647537063
healthcare,word,4,10,14,51,41,7.8431372549019605,24.390243902439025,-16.547106647537063
licenses,word,4,10,14,51,41,7.8431372549019605,24.390243902439025,-16.547106647537063
nvidia's jensen,phrase,4,10,14,51,41,7.8431372549019605,24.390243902439025,-16.547106647537063
over year,phrase,4,10,14,51,41,7.8431372549019605,24.390243902439025,-16.547106647537063
spending and,phrase,4,10,14,51,41,7.8431372549019605,24.390243902439025,-16.547106647537063
to benefit,phrase,4,10,14,51,41,7.8431372549019605,24.390243902439025,-16.547106647537063
white,word,4,10,14,51,41,7.8431372549019605,24.390243902439025,-16.547106647537063
year over,phrase,4,10,14,51,41,7.8431372549019605,24.390243902439025,-16.547106647537063
nvidia amd,phrase,20,23,43,51,41,39.21568627450981,56.09756097560975,-16.881874701099957
host,word,15,19,34,51,41,29.41176470588235,46.34146341463415,-16.929698708751793
center of,phrase,10,15,25,51,41,19.607843137254903,36.58536585365854,-16.977522716403634
in early,phrase,10,15,25,51,41,19.607843137254903,36.58536585365854,-16.977522716403634
income,word,10,15,25,51,41,19.607843137254903,36.58536585365854,-16.977522716403634
invest in,phrase,10,15,25,51,41,19.607843137254903,36.58536585365854,-16.977522716403634
ongoing,word,10,15,25,51,41,19.607843137254903,36.58536585365854,-16.977522716403634
plays,word,10,15,25,51,41,19.607843137254903,36.58536585365854,-16.977522716403634
analysts are,phrase,5,11,16,51,41,9.803921568627452,26.829268292682926,-17.025346724055478
class,word,5,11,16,51,41,9.803921568627452,26.829268292682926,-17.025346724055478
earnings from,phrase,5,11,16,51,41,9.803921568627452,26.829268292682926,-17.025346724055478
global leader,phrase,5,11,16,51,41,9.803921568627452,26.829268292682926,-17.025346724055478
light,word,5,11,16,51,41,9.803921568627452,26.829268292682926,-17.025346724055478
profitability,word,5,11,16,51,41,9.803921568627452,26.829268292682926,-17.025346724055478
q4 earnings,phrase,5,11,16,51,41,9.803921568627452,26.829268292682926,-17.025346724055478
split,word,5,11,16,51,41,9.803921568627452,26.829268292682926,-17.025346724055478
success,word,5,11,16,51,41,9.803921568627452,26.829268292682926,-17.025346724055478
trying to,phrase,5,11,16,51,41,9.803921568627452,26.829268292682926,-17.025346724055478
been one,phrase,0,7,7,51,41,0.0,17.073170731707318,-17.073170731707318
launch,word,26,28,54,51,41,50.98039215686274,68.29268292682927,-17.31229076996653
race,word,26,28,54,51,41,50.98039215686274,68.29268292682927,-17.31229076996653
on monday,phrase,16,20,36,51,41,31.372549019607842,48.78048780487805,-17.407938785270204
unveiled,word,16,20,36,51,41,31.372549019607842,48.78048780487805,-17.407938785270204
soar,word,11,16,27,51,41,21.568627450980394,39.02439024390244,-17.455762792922048
benefit from,phrase,6,12,18,51,41,11.764705882352942,29.26829268292683,-17.503586800573885
enters,word,6,12,18,51,41,11.764705882352942,29.26829268292683,-17.503586800573885
letter,word,6,12,18,51,41,11.764705882352942,29.26829268292683,-17.503586800573885
read why,phrase,6,12,18,51,41,11.764705882352942,29.26829268292683,-17.503586800573885
wants,word,6,12,18,51,41,11.764705882352942,29.26829268292683,-17.503586800573885
the release,phrase,1,8,9,51,41,1.9607843137254901,19.51219512195122,-17.551410808225732
action,word,27,29,56,51,41,52.94117647058823,70.73170731707317,-17.79053084648493
become,word,22,25,47,51,41,43.13725490196079,60.97560975609756,-17.838354854136774
government,word,22,25,47,51,41,43.13725490196079,60.97560975609756,-17.838354854136774
powered by,phrase,17,21,38,51,41,33.333333333333336,51.21951219512195,-17.886178861788622
federal,word,12,17,29,51,41,23.529411764705884,41.46341463414634,-17.93400286944046
in data,phrase,12,17,29,51,41,23.529411764705884,41.46341463414634,-17.93400286944046
poised to,phrase,12,17,29,51,41,23.529411764705884,41.46341463414634,-17.93400286944046
milestone,word,7,13,20,51,41,13.72549019607843,31.70731707317073,-17.9818268770923
started,word,7,13,20,51,41,13.72549019607843,31.70731707317073,-17.9818268770923
updated look,phrase,7,13,20,51,41,13.72549019607843,31.70731707317073,-17.9818268770923
ai dominance,phrase,2,9,11,51,41,3.9215686274509802,21.951219512195124,-18.029650884744143
commission,word,2,9,11,51,41,3.9215686274509802,21.951219512195124,-18.029650884744143
salesforce,word,2,9,11,51,41,3.9215686274509802,21.951219512195124,-18.029650884744143
stocks making,phrase,2,9,11,51,41,3.9215686274509802,21.951219512195124,-18.029650884744143
surpass,word,2,9,11,51,41,3.9215686274509802,21.951219512195124,-18.029650884744143
reports,word,38,38,76,51,41,74.50980392156863,92.6829268292683,-18.173122907699668
ai demand,phrase,23,26,49,51,41,45.09803921568628,63.41463414634146,-18.31659493065519
of nvidia's,phrase,13,18,31,51,41,25.49019607843137,43.90243902439025,-18.412242945958873
role in,phrase,13,18,31,51,41,25.49019607843137,43.90243902439025,-18.412242945958873
approach,word,8,14,22,51,41,15.686274509803921,34.146341463414636,-18.460066953610717
betting,word,8,14,22,51,41,15.686274509803921,34.146341463414636,-18.460066953610717
it's not,phrase,8,14,22,51,41,15.686274509803921,34.146341463414636,-18.460066953610717
nvidia says,phrase,3,10,13,51,41,5.882352941176471,24.390243902439025,-18.507890961262554
update,word,24,27,51,51,41,47.05882352941177,65.85365853658537,-18.794835007173603
expectations,word,19,23,42,51,41,37.254901960784316,56.09756097560975,-18.842659014825447
morning,word,19,23,42,51,41,37.254901960784316,56.09756097560975,-18.842659014825447
supplier,word,19,23,42,51,41,37.254901960784316,56.09756097560975,-18.842659014825447
on artificial,phrase,9,15,24,51,41,17.647058823529413,36.58536585365854,-18.938307030129124
sharp,word,9,15,24,51,41,17.647058823529413,36.58536585365854,-18.938307030129124
ceo of,phrase,4,11,15,51,41,7.8431372549019605,26.829268292682926,-18.986131037780968
nvidia corporation's,phrase,4,11,15,51,41,7.8431372549019605,26.829268292682926,-18.986131037780968
path,word,4,11,15,51,41,7.8431372549019605,26.829268292682926,-18.986131037780968
positioned to,phrase,4,11,15,51,41,7.8431372549019605,26.829268292682926,-18.986131037780968
quarter results,phrase,4,11,15,51,41,7.8431372549019605,26.829268292682926,-18.986131037780968
taipei,word,4,11,15,51,41,7.8431372549019605,26.829268292682926,-18.986131037780968
vehicle,word,4,11,15,51,41,7.8431372549019605,26.829268292682926,-18.986131037780968
wrong,word,4,11,15,51,41,7.8431372549019605,26.829268292682926,-18.986131037780968
spending,word,35,36,71,51,41,68.62745098039215,87.8048780487805,-19.17742706838833
leader,word,25,28,53,51,41,49.01960784313726,68.29268292682927,-19.27307508369202
offering,word,20,24,44,51,41,39.21568627450981,58.53658536585366,-19.32089909134385
third,word,20,24,44,51,41,39.21568627450981,58.53658536585366,-19.32089909134385
instinct,word,15,20,35,51,41,29.41176470588235,48.78048780487805,-19.368723098995694
2b,word,10,16,26,51,41,19.607843137254903,39.02439024390244,-19.41654710664754
fiscal,word,10,16,26,51,41,19.607843137254903,39.02439024390244,-19.41654710664754
net,word,10,16,26,51,41,19.607843137254903,39.02439024390244,-19.41654710664754
numbers,word,10,16,26,51,41,19.607843137254903,39.02439024390244,-19.41654710664754
step,word,5,12,17,51,41,9.803921568627452,29.26829268292683,-19.46437111429938
here's what,phrase,16,21,37,51,41,31.372549019607842,51.21951219512195,-19.84696317551411
of artificial,phrase,11,17,28,51,41,21.568627450980394,41.46341463414634,-19.894787183165946
all time,phrase,6,13,19,51,41,11.764705882352942,31.70731707317073,-19.94261119081779
delivers,word,6,13,19,51,41,11.764705882352942,31.70731707317073,-19.94261119081779
its data,phrase,6,13,19,51,41,11.764705882352942,31.70731707317073,-19.94261119081779
longer,word,6,13,19,51,41,11.764705882352942,31.70731707317073,-19.94261119081779
outperforming,word,1,9,10,51,41,1.9607843137254901,21.951219512195124,-19.99043519846963
points to,phrase,1,9,10,51,41,1.9607843137254901,21.951219512195124,-19.99043519846963
results,word,27,30,57,51,41,52.94117647058823,73.17073170731707,-20.229555236728835
coreweave,word,17,22,39,51,41,33.333333333333336,53.65853658536585,-20.325203252032527
adoption,word,12,18,30,51,41,23.529411764705884,43.90243902439025,-20.373027259684363
revenue growth,phrase,12,18,30,51,41,23.529411764705884,43.90243902439025,-20.373027259684363
broad,word,7,14,21,51,41,13.72549019607843,34.146341463414636,-20.420851267336204
week and,phrase,2,10,12,51,41,3.9215686274509802,24.390243902439025,-20.468675274988044
ecosystem,word,18,23,41,51,41,35.294117647058826,56.09756097560975,-20.803443328550937
house,word,18,23,41,51,41,35.294117647058826,56.09756097560975,-20.803443328550937
highs,word,13,19,32,51,41,25.49019607843137,46.34146341463415,-20.851267336202778
washington,word,13,19,32,51,41,25.49019607843137,46.34146341463415,-20.851267336202778
benefit,word,8,15,23,51,41,15.686274509803921,36.58536585365854,-20.899091343854614
investments in,phrase,8,15,23,51,41,15.686274509803921,36.58536585365854,-20.899091343854614
to openai,phrase,3,11,14,51,41,5.882352941176471,26.829268292682926,-20.946915351506455
sales,word,34,36,70,51,41,66.66666666666667,87.8048780487805,-21.138211382113823
the biggest,phrase,19,24,43,51,41,37.254901960784316,58.53658536585366,-21.28168340506934
taiwan semiconductor,phrase,14,20,34,51,41,27.45098039215686,48.78048780487805,-21.32950741272118
corporation's,word,4,12,16,51,41,7.8431372549019605,29.26829268292683,-21.425155428024866
market cap,phrase,15,21,36,51,41,29.41176470588235,51.21951219512195,-21.8077474892396
remain,word,15,21,36,51,41,29.41176470588235,51.21951219512195,-21.8077474892396
growth in,phrase,10,17,27,51,41,19.607843137254903,41.46341463414634,-21.85557149689144
has become,phrase,5,13,18,51,41,9.803921568627452,31.70731707317073,-21.903395504543283
and big,phrase,0,9,9,51,41,0.0,21.951219512195124,-21.951219512195124
chair,word,0,9,9,51,41,0.0,21.951219512195124,-21.951219512195124
nvidia to,phrase,26,30,56,51,41,50.98039215686274,73.17073170731707,-22.19033955045433
bloomberg,word,16,22,38,51,41,31.372549019607842,53.65853658536585,-22.285987565758013
fed,word,6,14,20,51,41,11.764705882352942,34.146341463414636,-22.381635581061694
to run,phrase,6,14,20,51,41,11.764705882352942,34.146341463414636,-22.381635581061694
china sales,phrase,1,10,11,51,41,1.9607843137254901,24.390243902439025,-22.429459588713534
ai spending,phrase,12,19,31,51,41,23.529411764705884,46.34146341463415,-22.812051649928268
expects,word,12,19,31,51,41,23.529411764705884,46.34146341463415,-22.812051649928268
ai momentum,phrase,2,11,13,51,41,3.9215686274509802,26.829268292682926,-22.90769966523195
industrial,word,23,28,51,51,41,45.09803921568628,68.29268292682927,-23.194643711142998
updated,word,13,20,33,51,41,25.49019607843137,48.78048780487805,-23.290291726446675
listed,word,3,12,15,51,41,5.882352941176471,29.26829268292683,-23.385939741750356
despite,word,29,33,62,51,41,56.86274509803921,80.48780487804878,-23.625059780009572
firms,word,19,25,44,51,41,37.254901960784316,60.97560975609756,-23.720707795313245
leader in,phrase,9,17,26,51,41,17.647058823529413,41.46341463414634,-23.816355810616926
enterprise,word,20,26,46,51,41,39.21568627450981,63.41463414634146,-24.19894787183166
to invest,phrase,20,26,46,51,41,39.21568627450981,63.41463414634146,-24.19894787183166
buy nvidia,phrase,10,18,28,51,41,19.607843137254903,43.90243902439025,-24.294595887135344
slowing,word,5,14,19,51,41,9.803921568627452,34.146341463414636,-24.342419894787188
needs,word,11,19,30,51,41,21.568627450980394,46.34146341463415,-24.772835963653755
stocks like,phrase,6,15,21,51,41,11.764705882352942,36.58536585365854,-24.820659971305595
cramer,word,22,28,50,51,41,43.13725490196079,68.29268292682927,-25.15542802486849
the future,phrase,12,20,32,51,41,23.529411764705884,48.78048780487805,-25.251076040172165
jim,word,24,30,54,51,41,47.05882352941177,73.17073170731707,-26.111908177905306
operational,word,4,14,18,51,41,7.8431372549019605,34.146341463414636,-26.303204208512675
jim cramer,phrase,21,28,49,51,41,41.1764705882353,68.29268292682927,-27.116212338593982
nvidia could,phrase,3,14,17,51,41,5.882352941176471,34.146341463414636,-28.263988522238165
securities,word,6,17,23,51,41,11.764705882352942,41.46341463414634,-29.6987087517934
hit,word,27,34,61,51,41,52.94117647058823,82.92682926829268,-29.985652797704443
deals,word,22,30,52,51,41,43.13725490196079,73.17073170731707,-30.033476805356287
