trading_timestamp,ticker,open,high,low,close,adjusted_close,volume,dividends,stock_splits
2025-10-01T09:30:00-0400,NVDA,185.2100067138672,186.6699981689453,183.89999389648438,186.65499877929688,186.65499877929688,36094855,0.0,0.0
2025-10-01T10:30:00-0400,NVDA,186.65499877929688,187.86500549316406,186.314697265625,186.55999755859375,186.55999755859375,22794271,0.0,0.0
2025-10-01T11:30:00-0400,NVDA,186.55999755859375,187.52999877929688,186.4199981689453,186.60499572753906,186.60499572753906,10682992,0.0,0.0
2025-10-01T12:30:00-0400,NVDA,186.61500549316406,188.13999938964844,186.48500061035156,187.57000732421875,187.57000732421875,12818212,0.0,0.0
2025-10-01T13:30:00-0400,NVDA,187.5800018310547,187.9499969482422,187.3000030517578,187.48440551757812,187.48440551757812,44723479,0.0,0.0
2025-10-01T14:30:00-0400,NVDA,187.48500061035156,187.69000244140625,187.14999389648438,187.18350219726562,187.18350219726562,10013033,0.0,0.0
2025-10-01T15:30:00-0400,NVDA,187.17999267578125,187.4600067138672,186.36000061035156,187.1699981689453,187.1699981689453,15197176,0.0,0.0
2025-10-02T09:30:00-0400,NVDA,189.6199951171875,191.0500030517578,188.26499938964844,190.1049041748047,190.1049041748047,51136746,0.0,0.0
2025-10-02T10:30:00-0400,NVDA,190.10499572753906,190.4199981689453,188.89999389648438,189.85499572753906,189.85499572753906,20569176,0.0,0.0
2025-10-02T11:30:00-0400,NVDA,189.85499572753906,189.89169311523438,188.9499969482422,189.2100067138672,189.2100067138672,13336605,0.0,0.0
2025-10-02T12:30:00-0400,NVDA,189.18499755859375,189.47999572753906,188.77000427246094,189.11929321289062,189.11929321289062,10186660,0.0,0.0
2025-10-02T13:30:00-0400,NVDA,189.1199951171875,189.24000549316406,188.61000061035156,188.87510681152344,188.87510681152344,9326052,0.0,0.0
2025-10-02T14:30:00-0400,NVDA,188.8699951171875,189.30499267578125,188.71009826660156,189.18499755859375,189.18499755859375,10060451,0.0,0.0
2025-10-02T15:30:00-0400,NVDA,189.18499755859375,189.24000549316406,188.5,188.9199981689453,188.9199981689453,10344240,0.0,0.0
2025-10-03T09:30:00-0400,NVDA,189.18499755859375,190.36000061035156,188.3300018310547,188.94369506835938,188.94369506835938,31867298,0.0,0.0
2025-10-03T10:30:00-0400,NVDA,188.9499969482422,189.8000030517578,188.3699951171875,189.47390747070312,189.47390747070312,15378728,0.0,0.0
2025-10-03T11:30:00-0400,NVDA,189.47000122070312,189.54930114746094,188.4199981689453,188.7001953125,188.7001953125,12735312,0.0,0.0
2025-10-03T12:30:00-0400,NVDA,188.6999969482422,188.6999969482422,186.9499969482422,187.17750549316406,187.17750549316406,16666788,0.0,0.0
2025-10-03T13:30:00-0400,NVDA,187.16000366210938,187.52000427246094,185.3800048828125,187.47500610351562,187.47500610351562,20766990,0.0,0.0
2025-10-03T14:30:00-0400,NVDA,187.47999572753906,187.7449951171875,187.02999877929688,187.3249969482422,187.3249969482422,11927924,0.0,0.0
2025-10-03T15:30:00-0400,NVDA,187.32000732421875,188.0,186.22999572753906,187.62100219726562,187.62100219726562,11488859,0.0,0.0
2025-10-06T09:30:00-0400,NVDA,185.55999755859375,187.2299041748047,183.3300018310547,185.5,185.5,59311744,0.0,0.0
2025-10-06T10:30:00-0400,NVDA,185.5399932861328,186.19000244140625,184.2100067138672,185.9698944091797,185.9698944091797,22980670,0.0,0.0
2025-10-06T11:30:00-0400,NVDA,185.97999572753906,187.22999572753906,185.97999572753906,186.92999267578125,186.92999267578125,16569881,0.0,0.0
2025-10-06T12:30:00-0400,NVDA,186.93370056152344,186.9600067138672,186.00999450683594,186.14990234375,186.14990234375,9813634,0.0,0.0
2025-10-06T13:30:00-0400,NVDA,186.14999389648438,186.2100067138672,185.38999938964844,185.58999633789062,185.58999633789062,11195919,0.0,0.0
2025-10-06T14:30:00-0400,NVDA,185.59719848632812,186.0500030517578,185.49000549316406,185.80999755859375,185.80999755859375,9944365,0.0,0.0
2025-10-06T15:30:00-0400,NVDA,185.80999755859375,186.02810668945312,185.42999267578125,185.52999877929688,185.52999877929688,11119569,0.0,0.0
2025-10-07T09:30:00-0400,NVDA,186.25999450683594,189.05999755859375,186.1999969482422,188.01510620117188,188.01510620117188,36576448,0.0,0.0
2025-10-07T10:30:00-0400,NVDA,188.02000427246094,188.57000732421875,184.7801055908203,185.24000549316406,185.24000549316406,30950863,0.0,0.0
2025-10-07T11:30:00-0400,NVDA,185.24000549316406,186.1699981689453,184.40499877929688,185.47000122070312,185.47000122070312,22823701,0.0,0.0
2025-10-07T12:30:00-0400,NVDA,185.47000122070312,186.4149932861328,185.46499633789062,185.90980529785156,185.90980529785156,12411681,0.0,0.0
2025-10-07T13:30:00-0400,NVDA,185.86500549316406,186.0399932861328,185.14999389648438,185.89500427246094,185.89500427246094,8840682,0.0,0.0
2025-10-07T14:30:00-0400,NVDA,185.91000366210938,185.96499633789062,185.4250946044922,185.5863037109375,185.5863037109375,7925630,0.0,0.0
2025-10-07T15:30:00-0400,NVDA,185.58999633789062,185.67999267578125,184.50999450683594,184.9600067138672,184.9600067138672,9331222,0.0,0.0
2025-10-08T09:30:00-0400,NVDA,186.6300048828125,189.4199981689453,186.5399932861328,189.0449981689453,189.0449981689453,45810785,0.0,0.0
2025-10-08T10:30:00-0400,NVDA,189.0449981689453,189.2261962890625,187.7449951171875,188.27000427246094,188.27000427246094,16475937,0.0,0.0
2025-10-08T11:30:00-0400,NVDA,188.27000427246094,188.39500427246094,187.61380004882812,188.18499755859375,188.18499755859375,11866256,0.0,0.0
2025-10-08T12:30:00-0400,NVDA,188.17999267578125,188.48980712890625,187.76499938964844,188.14999389648438,188.14999389648438,9095911,0.0,0.0
2025-10-08T13:30:00-0400,NVDA,188.16000366210938,188.88999938964844,188.1199951171875,188.42239379882812,188.42239379882812,10444809,0.0,0.0
2025-10-08T14:30:00-0400,NVDA,188.42999267578125,188.75,187.98500061035156,188.58999633789062,188.58999633789062,9523320,0.0,0.0
2025-10-08T15:30:00-0400,NVDA,188.58999633789062,189.19000244140625,188.2949981689453,189.07000732421875,189.07000732421875,13031125,0.0,0.0
2025-10-09T09:30:00-0400,NVDA,192.27999877929688,195.3000030517578,191.05999755859375,193.68499755859375,193.68499755859375,69029669,0.0,0.0
2025-10-09T10:30:00-0400,NVDA,193.6842041015625,194.7198944091797,192.19000244140625,193.75999450683594,193.75999450683594,28515373,0.0,0.0
2025-10-09T11:30:00-0400,NVDA,193.76499938964844,194.5800018310547,193.36500549316406,193.88499450683594,193.88499450683594,17397407,0.0,0.0
2025-10-09T12:30:00-0400,NVDA,193.8800048828125,194.0500030517578,192.43910217285156,192.66009521484375,192.66009521484375,13991184,0.0,0.0
2025-10-09T13:30:00-0400,NVDA,192.67999267578125,193.1699981689453,192.17999267578125,192.5449981689453,192.5449981689453,12688036,0.0,0.0
2025-10-09T14:30:00-0400,NVDA,192.53500366210938,193.5395050048828,192.1300048828125,192.74000549316406,192.74000549316406,15942400,0.0,0.0
2025-10-09T15:30:00-0400,NVDA,192.72999572753906,193.00999450683594,191.89999389648438,192.5399932861328,192.5399932861328,12018618,0.0,0.0
2025-10-10T09:30:00-0400,NVDA,193.5050048828125,195.49000549316406,192.22000122070312,195.24830627441406,195.24830627441406,46230258,0.0,0.0
2025-10-10T10:30:00-0400,NVDA,195.2449951171875,195.6199951171875,188.33990478515625,188.83160400390625,188.83160400390625,51916107,0.0,0.0
2025-10-10T11:30:00-0400,NVDA,188.85000610351562,190.1999053955078,186.3800048828125,189.14999389648438,189.14999389648438,42140895,0.0,0.0
2025-10-10T12:30:00-0400,NVDA,189.13999938964844,189.66000366210938,186.64089965820312,188.16000366210938,188.16000366210938,22149826,0.0,0.0
2025-10-10T13:30:00-0400,NVDA,188.14999389648438,188.4600067138672,186.97999572753906,187.72000122070312,187.72000122070312,15772022,0.0,0.0
2025-10-10T14:30:00-0400,NVDA,187.72000122070312,187.9600067138672,186.11000061035156,186.39999389648438,186.39999389648438,17485987,0.0,0.0
2025-10-10T15:30:00-0400,NVDA,186.4199981689453,186.55999755859375,182.8000030517578,183.13999938964844,183.13999938964844,35832393,0.0,0.0
2025-10-13T09:30:00-0400,NVDA,187.96499633789062,190.10989379882812,187.38999938964844,188.49000549316406,188.49000549316406,53451703,0.0,0.0
2025-10-13T10:30:00-0400,NVDA,188.5,188.77499389648438,185.97000122070312,188.27499389648438,188.27499389648438,24205593,0.0,0.0
2025-10-13T11:30:00-0400,NVDA,188.27999877929688,188.64999389648438,187.69000244140625,188.43179321289062,188.43179321289062,13795160,0.0,0.0
2025-10-13T12:30:00-0400,NVDA,188.4208984375,189.42999267578125,188.2700958251953,188.5500030517578,188.5500030517578,11823453,0.0,0.0
2025-10-13T13:30:00-0400,NVDA,188.5500030517578,188.6558074951172,187.66000366210938,187.9250030517578,187.9250030517578,10396598,0.0,0.0
2025-10-13T14:30:00-0400,NVDA,187.9250030517578,188.17999267578125,187.25,187.80259704589844,187.80259704589844,10500602,0.0,0.0
2025-10-13T15:30:00-0400,NVDA,187.8000030517578,188.89999389648438,187.52000427246094,188.32000732421875,188.32000732421875,13567029,0.0,0.0
2025-10-14T09:30:00-0400,NVDA,184.77999877929688,184.8000030517578,179.6999969482422,182.38499450683594,182.38499450683594,61673542,0.0,0.0
2025-10-14T10:30:00-0400,NVDA,182.3800048828125,182.42999267578125,180.94500732421875,181.5500030517578,181.5500030517578,24869258,0.0,0.0
2025-10-14T11:30:00-0400,NVDA,181.55999755859375,183.53599548339844,181.35000610351562,183.43629455566406,183.43629455566406,21469144,0.0,0.0
2025-10-14T12:30:00-0400,NVDA,183.44000244140625,184.1999969482422,182.91000366210938,183.22500610351562,183.22500610351562,20202579,0.0,0.0
2025-10-14T13:30:00-0400,NVDA,183.22999572753906,183.30999755859375,181.52349853515625,182.17999267578125,182.17999267578125,17686398,0.0,0.0
2025-10-14T14:30:00-0400,NVDA,182.17999267578125,182.3699951171875,181.72000122070312,181.89990234375,181.89990234375,13423471,0.0,0.0
2025-10-14T15:30:00-0400,NVDA,181.89599609375,181.9199981689453,179.8300018310547,180.07000732421875,180.07000732421875,26666011,0.0,0.0
2025-10-15T09:30:00-0400,NVDA,184.83999633789062,184.8699951171875,181.02000427246094,182.36990356445312,182.36990356445312,52916810,0.0,0.0
2025-10-15T10:30:00-0400,NVDA,182.3697967529297,183.2100067138672,181.5,181.71090698242188,181.71090698242188,28256632,0.0,0.0
2025-10-15T11:30:00-0400,NVDA,181.7100067138672,181.73899841308594,179.86090087890625,180.69020080566406,180.69020080566406,29801481,0.0,0.0
2025-10-15T12:30:00-0400,NVDA,180.69000244140625,180.74000549316406,177.2899932861328,178.17999267578125,178.17999267578125,27094307,0.0,0.0
2025-10-15T13:30:00-0400,NVDA,178.17999267578125,180.0207061767578,178.0850067138672,179.79490661621094,179.79490661621094,18813172,0.0,0.0
2025-10-15T14:30:00-0400,NVDA,179.7949981689453,180.67999267578125,179.6999969482422,180.16000366210938,180.16000366210938,13746081,0.0,0.0
2025-10-15T15:30:00-0400,NVDA,180.1699981689453,180.3699951171875,178.60459899902344,179.8699951171875,179.8699951171875,19911874,0.0,0.0
2025-10-16T09:30:00-0400,NVDA,182.19000244140625,183.02000427246094,181.24000549316406,182.41000366210938,182.41000366210938,41938632,0.0,0.0
2025-10-16T10:30:00-0400,NVDA,182.4199981689453,183.27999877929688,181.97000122070312,182.32139587402344,182.32139587402344,22390005,0.0,0.0
2025-10-16T11:30:00-0400,NVDA,182.32249450683594,182.7899932861328,180.82000732421875,180.96499633789062,180.96499633789062,20255390,0.0,0.0
2025-10-16T12:30:00-0400,NVDA,180.97000122070312,182.35000610351562,179.77000427246094,182.3300018310547,182.3300018310547,23943118,0.0,0.0
2025-10-16T13:30:00-0400,NVDA,182.3249969482422,182.52000427246094,179.8800048828125,180.33999633789062,180.33999633789062,19387187,0.0,0.0
2025-10-16T14:30:00-0400,NVDA,180.34010314941406,181.61000061035156,179.82000732421875,180.78500366210938,180.78500366210938,18685762,0.0,0.0
2025-10-16T15:30:00-0400,NVDA,180.8000030517578,182.00999450683594,180.49000549316406,181.81100463867188,181.81100463867188,13969567,0.0,0.0
2025-10-17T09:30:00-0400,NVDA,179.86000061035156,183.52999877929688,179.8000030517578,183.27999877929688,183.27999877929688,52215912,0.0,0.0
2025-10-17T10:30:00-0400,NVDA,183.27999877929688,183.35499572753906,180.57000732421875,180.8719940185547,180.8719940185547,27029244,0.0,0.0
2025-10-17T11:30:00-0400,NVDA,180.8800048828125,182.78509521484375,180.02000427246094,182.6300048828125,182.6300048828125,20595635,0.0,0.0
2025-10-17T12:30:00-0400,NVDA,182.6199951171875,182.97000122070312,182.00999450683594,182.36000061035156,182.36000061035156,13910035,0.0,0.0
2025-10-17T13:30:00-0400,NVDA,182.3699951171875,183.86500549316406,181.92999267578125,183.69000244140625,183.69000244140625,16815195,0.0,0.0
2025-10-17T14:30:00-0400,NVDA,183.6909942626953,184.10000610351562,183.2550048828125,183.7100067138672,183.7100067138672,15059096,0.0,0.0
2025-10-17T15:30:00-0400,NVDA,183.7100067138672,183.7899932861328,182.83999633789062,183.24000549316406,183.24000549316406,12278827,0.0,0.0
2025-10-20T09:30:00-0400,NVDA,183.07000732421875,185.05499267578125,181.72999572753906,184.94400024414062,184.94400024414062,39741770,0.0,0.0
2025-10-20T10:30:00-0400,NVDA,184.94000244140625,185.1999969482422,183.1300048828125,183.78500366210938,183.78500366210938,21790430,0.0,0.0
2025-10-20T11:30:00-0400,NVDA,183.77999877929688,183.8800048828125,183.02999877929688,183.80999755859375,183.80999755859375,12556026,0.0,0.0
2025-10-20T12:30:00-0400,NVDA,183.80999755859375,184.25990295410156,183.47999572753906,183.8159942626953,183.8159942626953,10187702,0.0,0.0
2025-10-20T13:30:00-0400,NVDA,183.80999755859375,183.96499633789062,183.47000122070312,183.63409423828125,183.63409423828125,7966091,0.0,0.0
2025-10-20T14:30:00-0400,NVDA,183.62530517578125,183.7949981689453,182.60000610351562,182.95530700683594,182.95530700683594,11984910,0.0,0.0
2025-10-20T15:30:00-0400,NVDA,182.9600067138672,183.1300048828125,182.4499969482422,182.57000732421875,182.57000732421875,11294009,0.0,0.0
2025-10-21T09:30:00-0400,NVDA,182.77999877929688,182.77999877929688,179.93499755859375,180.18499755859375,180.18499755859375,36389148,0.0,0.0
2025-10-21T10:30:00-0400,NVDA,180.1959991455078,182.18649291992188,179.8000030517578,181.91000366210938,181.91000366210938,20754684,0.0,0.0
2025-10-21T11:30:00-0400,NVDA,181.91000366210938,182.6510009765625,181.46009826660156,182.49000549316406,182.49000549316406,12199927,0.0,0.0
2025-10-21T12:30:00-0400,NVDA,182.49000549316406,182.49549865722656,181.0601043701172,181.47999572753906,181.47999572753906,11885756,0.0,0.0
2025-10-21T13:30:00-0400,NVDA,181.4801025390625,181.68499755859375,180.97000122070312,181.22999572753906,181.22999572753906,8908090,0.0,0.0
2025-10-21T14:30:00-0400,NVDA,181.22999572753906,181.47000122070312,180.92999267578125,181.3350067138672,181.3350067138672,9096058,0.0,0.0
2025-10-21T15:30:00-0400,NVDA,181.3350067138672,181.61990356445312,181.0800018310547,181.13999938964844,181.13999938964844,7546853,0.0,0.0
2025-10-22T09:30:00-0400,NVDA,181.1300048828125,183.44000244140625,180.2899932861328,180.3968963623047,180.3968963623047,34186154,0.0,0.0
2025-10-22T10:30:00-0400,NVDA,180.4199981689453,180.88999938964844,178.7899932861328,178.87010192871094,178.87010192871094,29126012,0.0,0.0
2025-10-22T11:30:00-0400,NVDA,178.89999389648438,179.9600067138672,177.89999389648438,179.22000122070312,179.22000122070312,19190846,0.0,0.0
2025-10-22T12:30:00-0400,NVDA,179.22000122070312,179.4387969970703,177.22999572753906,177.69000244140625,177.69000244140625,19775065,0.0,0.0
2025-10-22T13:30:00-0400,NVDA,177.67999267578125,178.04600524902344,176.77000427246094,177.7050018310547,177.7050018310547,17739839,0.0,0.0
2025-10-22T14:30:00-0400,NVDA,177.69000244140625,179.6300048828125,177.58999633789062,179.47669982910156,179.47669982910156,15270067,0.0,0.0
2025-10-22T15:30:00-0400,NVDA,179.47999572753906,180.38999938964844,179.4600067138672,180.2899932861328,180.2899932861328,11283433,0.0,0.0
2025-10-23T09:30:00-0400,NVDA,180.375,181.75999450683594,179.79010009765625,181.58009338378906,181.58009338378906,31763740,0.0,0.0
2025-10-23T10:30:00-0400,NVDA,181.5800018310547,182.39999389648438,181.22500610351562,181.9949951171875,181.9949951171875,16283069,0.0,0.0
2025-10-23T11:30:00-0400,NVDA,182.0,182.5,181.35409545898438,181.82000732421875,181.82000732421875,10578688,0.0,0.0
2025-10-23T12:30:00-0400,NVDA,181.82000732421875,182.2899932861328,181.57000732421875,181.78500366210938,181.78500366210938,9233407,0.0,0.0
2025-10-23T13:30:00-0400,NVDA,181.77999877929688,182.9409942626953,181.7440948486328,182.7100067138672,182.7100067138672,10330473,0.0,0.0
2025-10-23T14:30:00-0400,NVDA,182.7100067138672,183.02999877929688,182.64999389648438,182.78500366210938,182.78500366210938,9634220,0.0,0.0
2025-10-23T15:30:00-0400,NVDA,182.78500366210938,182.7899932861328,181.8800048828125,182.1999969482422,182.1999969482422,8583605,0.0,0.0
2025-10-24T09:30:00-0400,NVDA,183.8350067138672,186.02999877929688,183.5,184.61500549316406,184.61500549316406,37413753,0.0,0.0
2025-10-24T10:30:00-0400,NVDA,184.60000610351562,185.52999877929688,184.3300018310547,185.19000244140625,185.19000244140625,16357048,0.0,0.0
2025-10-24T11:30:00-0400,NVDA,185.19000244140625,185.60000610351562,185.0800018310547,185.08999633789062,185.08999633789062,11016169,0.0,0.0
2025-10-24T12:30:00-0400,NVDA,185.08999633789062,185.39999389648438,184.89999389648438,185.0,185.0,7696934,0.0,0.0
2025-10-24T13:30:00-0400,NVDA,185.00999450683594,185.64999389648438,184.99009704589844,185.27499389648438,185.27499389648438,9319098,0.0,0.0
2025-10-24T14:30:00-0400,NVDA,185.27000427246094,187.47000122070312,185.01499938964844,186.91000366210938,186.91000366210938,21613138,0.0,0.0
2025-10-24T15:30:00-0400,NVDA,186.91000366210938,187.0,186.06500244140625,186.25999450683594,186.25999450683594,14808808,0.0,0.0
2025-10-27T09:30:00-0400,NVDA,189.97999572753906,191.27000427246094,188.43179321289062,189.8800048828125,189.8800048828125,47161860,0.0,0.0
2025-10-27T10:30:00-0400,NVDA,189.8800048828125,191.47000122070312,189.6999969482422,190.92449951171875,190.92449951171875,20726049,0.0,0.0
2025-10-27T11:30:00-0400,NVDA,190.92410278320312,191.25,190.72149658203125,190.9250030517578,190.9250030517578,12818888,0.0,0.0
2025-10-27T12:30:00-0400,NVDA,190.92999267578125,191.77499389648438,190.77999877929688,191.3341064453125,191.3341064453125,12280428,0.0,0.0
2025-10-27T13:30:00-0400,NVDA,191.3350067138672,191.4499969482422,190.5399932861328,190.55999755859375,190.55999755859375,11050962,0.0,0.0
2025-10-27T14:30:00-0400,NVDA,190.55499267578125,190.9250030517578,190.27000427246094,190.7252960205078,190.7252960205078,13555691,0.0,0.0
2025-10-27T15:30:00-0400,NVDA,190.72999572753906,191.75,190.7100067138672,191.42999267578125,191.42999267578125,15074766,0.0,0.0
2025-10-28T09:30:00-0400,NVDA,193.0500030517578,195.468994140625,192.5601043701172,192.8249969482422,192.8249969482422,45569836,0.0,0.0
2025-10-28T10:30:00-0400,NVDA,192.8249969482422,193.34500122070312,192.1999969482422,192.80499267578125,192.80499267578125,15309085,0.0,0.0
2025-10-28T11:30:00-0400,NVDA,192.8000030517578,194.2100067138672,191.91000366210938,193.70010375976562,193.70010375976562,21440152,0.0,0.0
2025-10-28T12:30:00-0400,NVDA,193.7050018310547,196.57000732421875,193.26820373535156,194.58929443359375,194.58929443359375,44808829,0.0,0.0
2025-10-28T13:30:00-0400,NVDA,194.58999633789062,199.5399932861328,194.5,199.31199645996094,199.31199645996094,51096684,0.0,0.0
2025-10-28T14:30:00-0400,NVDA,199.31500244140625,202.20590209960938,199.05999755859375,202.01499938964844,202.01499938964844,58853278,0.0,0.0
2025-10-28T15:30:00-0400,NVDA,202.01499938964844,203.14999389648438,200.64999389648438,201.02999877929688,201.02999877929688,35924486,0.0,0.0
2025-10-29T09:30:00-0400,NVDA,207.97999572753906,212.1898956298828,207.08999633789062,210.61000061035156,210.61000061035156,113829055,0.0,0.0
2025-10-29T10:30:00-0400,NVDA,210.6199951171875,211.60000610351562,207.86500549316406,208.7949981689453,208.7949981689453,39423803,0.0,0.0
2025-10-29T11:30:00-0400,NVDA,208.7899932861328,209.07000732421875,205.02999877929688,206.58999633789062,206.58999633789062,34968460,0.0,0.0
2025-10-29T12:30:00-0400,NVDA,206.57899475097656,207.7899932861328,205.4499969482422,206.78900146484375,206.78900146484375,22268708,0.0,0.0
2025-10-29T13:30:00-0400,NVDA,206.77999877929688,208.02499389648438,206.22999572753906,206.94000244140625,206.94000244140625,20595473,0.0,0.0
2025-10-29T14:30:00-0400,NVDA,206.94000244140625,207.39999389648438,204.77999877929688,207.0399932861328,207.0399932861328,34988953,0.0,0.0
2025-10-29T15:30:00-0400,NVDA,207.02499389648438,208.0500030517578,206.52000427246094,207.0500030517578,207.0500030517578,19062261,0.0,0.0
2025-10-30T09:30:00-0400,NVDA,205.2050018310547,206.14999389648438,201.41000366210938,202.20590209960938,202.20590209960938,40981766,0.0,0.0
2025-10-30T10:30:00-0400,NVDA,202.1999969482422,203.85000610351562,202.0500030517578,203.0749969482422,203.0749969482422,16584564,0.0,0.0
2025-10-30T11:30:00-0400,NVDA,203.0800018310547,203.83999633789062,202.05999755859375,203.42990112304688,203.42990112304688,12480897,0.0,0.0
2025-10-30T12:30:00-0400,NVDA,203.42999267578125,203.82989501953125,202.44070434570312,203.05499267578125,203.05499267578125,9224051,0.0,0.0
2025-10-30T13:30:00-0400,NVDA,203.05999755859375,204.4799041748047,202.77999877929688,203.5904998779297,203.5904998779297,10066606,0.0,0.0
2025-10-30T14:30:00-0400,NVDA,203.5850067138672,204.27000427246094,201.8800048828125,202.54989624023438,202.54989624023438,11030647,0.0,0.0
2025-10-30T15:30:00-0400,NVDA,202.55999755859375,203.13999938964844,201.97999572753906,202.8000030517578,202.8000030517578,9738038,0.0,0.0
2025-10-31T09:30:00-0400,NVDA,206.4499969482422,207.97000122070312,204.6199951171875,205.47999572753906,205.47999572753906,26815362,0.0,0.0
2025-10-31T10:30:00-0400,NVDA,205.49000549316406,206.6199951171875,204.9600067138672,205.2801055908203,205.2801055908203,12951916,0.0,0.0
2025-10-31T11:30:00-0400,NVDA,205.2899932861328,205.6699981689453,203.22999572753906,203.98500061035156,203.98500061035156,14396998,0.0,0.0
2025-10-31T12:30:00-0400,NVDA,203.97999572753906,204.3800048828125,202.07000732421875,202.8365020751953,202.8365020751953,12054501,0.0,0.0
2025-10-31T13:30:00-0400,NVDA,202.80999755859375,204.36990356445312,202.42999267578125,204.27000427246094,204.27000427246094,9275762,0.0,0.0
2025-10-31T14:30:00-0400,NVDA,204.27999877929688,204.77000427246094,203.33999633789062,204.41000366210938,204.41000366210938,9598288,0.0,0.0
2025-10-31T15:30:00-0400,NVDA,204.41000366210938,204.6699981689453,202.38999938964844,202.39999389648438,202.39999389648438,12011826,0.0,0.0
2025-11-03T09:30:00-0500,NVDA,208.05499267578125,209.4499969482422,206.8000030517578,207.7949981689453,207.7949981689453,31975951,0.0,0.0
2025-11-03T10:30:00-0500,NVDA,207.7949981689453,208.5399932861328,207.02999877929688,207.9149932861328,207.9149932861328,13106502,0.0,0.0
2025-11-03T11:30:00-0500,NVDA,207.91000366210938,209.88999938964844,207.6999969482422,209.4199981689453,209.4199981689453,13815297,0.0,0.0
2025-11-03T12:30:00-0500,NVDA,209.4199981689453,211.3350067138672,209.38999938964844,210.95989990234375,210.95989990234375,17314585,0.0,0.0
2025-11-03T13:30:00-0500,NVDA,210.9550018310547,211.0500030517578,207.5,207.7050018310547,207.7050018310547,17239185,0.0,0.0
2025-11-03T14:30:00-0500,NVDA,207.69000244140625,208.42999267578125,206.8300018310547,207.0749969482422,207.0749969482422,15544676,0.0,0.0
2025-11-03T15:30:00-0500,NVDA,207.0800018310547,207.38999938964844,206.3300018310547,207.02000427246094,207.02000427246094,10320475,0.0,0.0
2025-11-04T09:30:00-0500,NVDA,202.94500732421875,203.9698944091797,200.89999389648438,201.6595001220703,201.6595001220703,31537039,0.0,0.0
2025-11-04T10:30:00-0500,NVDA,201.64500427246094,202.39999389648438,200.92410278320312,201.85000610351562,201.85000610351562,17357235,0.0,0.0
2025-11-04T11:30:00-0500,NVDA,201.85000610351562,202.3000030517578,199.8000030517578,200.97500610351562,200.97500610351562,15379806,0.0,0.0
2025-11-04T12:30:00-0500,NVDA,200.97760009765625,201.24000549316406,199.8000030517578,199.82510375976562,199.82510375976562,10260122,0.0,0.0
2025-11-04T13:30:00-0500,NVDA,199.82000732421875,200.85000610351562,199.20010375976562,200.19000244140625,200.19000244140625,12554670,0.0,0.0
2025-11-04T14:30:00-0500,NVDA,200.17999267578125,200.22999572753906,198.5800018310547,199.88499450683594,199.88499450683594,13670302,0.0,0.0
2025-11-04T15:30:00-0500,NVDA,199.88999938964844,200.25999450683594,197.92999267578125,198.5399932861328,198.5399932861328,13531541,0.0,0.0
2025-11-05T09:30:00-0500,NVDA,198.72000122070312,201.02000427246094,196.97999572753906,200.6300048828125,200.6300048828125,29256410,0.0,0.0
2025-11-05T10:30:00-0500,NVDA,200.63009643554688,202.9199981689453,200.33999633789062,202.33999633789062,202.33999633789062,15957621,0.0,0.0
2025-11-05T11:30:00-0500,NVDA,202.34010314941406,202.39999389648438,201.13999938964844,201.27000427246094,201.27000427246094,9158713,0.0,0.0
2025-11-05T12:30:00-0500,NVDA,201.27499389648438,201.8000030517578,200.67999267578125,200.9499969482422,200.9499969482422,7174505,0.0,0.0
2025-11-05T13:30:00-0500,NVDA,200.9499969482422,202.27499389648438,200.82000732421875,201.03500366210938,201.03500366210938,8374576,0.0,0.0
2025-11-05T14:30:00-0500,NVDA,201.0399932861328,201.52999877929688,199.14999389648438,199.5301055908203,199.5301055908203,9942383,0.0,0.0
2025-11-05T15:30:00-0500,NVDA,199.52999877929688,199.53500366210938,194.97000122070312,195.14999389648438,195.14999389648438,20756871,0.0,0.0
2025-11-06T09:30:00-0500,NVDA,196.35499572753906,197.6199951171875,192.00999450683594,193.06500244140625,193.06500244140625,34294010,0.0,0.0
2025-11-06T10:30:00-0500,NVDA,193.0782012939453,193.30999755859375,189.4499969482422,190.6999969482422,190.6999969482422,25489219,0.0,0.0
2025-11-06T11:30:00-0500,NVDA,190.68499755859375,190.75,186.3800048828125,186.82000732421875,186.82000732421875,23698146,0.0,0.0
2025-11-06T12:30:00-0500,NVDA,186.80999755859375,189.68499755859375,186.57000732421875,189.20640563964844,189.20640563964844,17626398,0.0,0.0
2025-11-06T13:30:00-0500,NVDA,189.19000244140625,190.58999633789062,188.335205078125,190.5,190.5,14197269,0.0,0.0
2025-11-06T14:30:00-0500,NVDA,190.49000549316406,190.69000244140625,189.28500366210938,189.82000732421875,189.82000732421875,12207324,0.0,0.0
2025-11-06T15:30:00-0500,NVDA,189.81500244140625,189.97999572753906,187.10000610351562,188.1699981689453,188.1699981689453,15254119,0.0,0.0
2025-11-07T09:30:00-0500,NVDA,184.86000061035156,185.6999969482422,181.75999450683594,182.42799377441406,182.42799377441406,43489348,0.0,0.0
2025-11-07T10:30:00-0500,NVDA,182.4346923828125,182.82000732421875,178.9199981689453,180.11219787597656,180.11219787597656,31031004,0.0,0.0
2025-11-07T11:30:00-0500,NVDA,180.10000610351562,182.61500549316406,179.6999969482422,182.05999755859375,182.05999755859375,18278444,0.0,0.0
2025-11-07T12:30:00-0500,NVDA,182.0399932861328,184.5,181.52999877929688,184.44000244140625,184.44000244140625,16835961,0.0,0.0
2025-11-07T13:30:00-0500,NVDA,184.44000244140625,185.47999572753906,183.67019653320312,184.98500061035156,184.98500061035156,18717862,0.0,0.0
2025-11-07T14:30:00-0500,NVDA,184.99000549316406,187.47000122070312,184.9499969482422,186.13499450683594,186.13499450683594,21454529,0.0,0.0
2025-11-07T15:30:00-0500,NVDA,186.13499450683594,188.30999755859375,186.13499450683594,188.2449951171875,188.2449951171875,13946409,0.0,0.0
2025-11-10T09:30:00-0500,NVDA,195.11000061035156,197.0500030517578,193.9199981689453,196.6199951171875,196.6199951171875,38233320,0.0,0.0
2025-11-10T10:30:00-0500,NVDA,196.6199951171875,197.6699981689453,194.02999877929688,194.12179565429688,194.12179565429688,23017353,0.0,0.0
2025-11-10T11:30:00-0500,NVDA,194.1199951171875,196.1199951171875,193.7899932861328,195.8656005859375,195.8656005859375,13943848,0.0,0.0
2025-11-10T12:30:00-0500,NVDA,195.88499450683594,197.2689971923828,195.860107421875,196.71180725097656,196.71180725097656,10659812,0.0,0.0
2025-11-10T13:30:00-0500,NVDA,196.72500610351562,198.0800018310547,196.5850067138672,197.9199981689453,197.9199981689453,13268511,0.0,0.0
2025-11-10T14:30:00-0500,NVDA,197.9138946533203,198.9199981689453,197.68499755859375,198.74000549316406,198.74000549316406,14263479,0.0,0.0
2025-11-10T15:30:00-0500,NVDA,198.73500061035156,199.94000244140625,198.6300048828125,199.0399932861328,199.0399932861328,16182022,0.0,0.0
2025-11-11T09:30:00-0500,NVDA,195.15499877929688,195.4199981689453,192.08999633789062,192.52999877929688,192.52999877929688,37526712,0.0,0.0
2025-11-11T10:30:00-0500,NVDA,192.5399932861328,193.28990173339844,191.55999755859375,192.375,192.375,18843337,0.0,0.0
2025-11-11T11:30:00-0500,NVDA,192.3800048828125,193.22000122070312,191.3000030517578,192.4199981689453,192.4199981689453,15368429,0.0,0.0
2025-11-11T12:30:00-0500,NVDA,192.4149932861328,193.97000122070312,192.27499389648438,193.64999389648438,193.64999389648438,12973699,0.0,0.0
2025-11-11T13:30:00-0500,NVDA,193.66000366210938,194.6300048828125,193.13499450683594,193.97509765625,193.97509765625,12912352,0.0,0.0
2025-11-11T14:30:00-0500,NVDA,193.97979736328125,194.33990478515625,193.55999755859375,194.10499572753906,194.10499572753906,9579599,0.0,0.0
2025-11-11T15:30:00-0500,NVDA,194.10499572753906,194.3000030517578,192.8300018310547,193.22999572753906,193.22999572753906,10666270,0.0,0.0
2025-11-12T09:30:00-0500,NVDA,195.69500732421875,195.88999938964844,191.59010314941406,192.69000244140625,192.69000244140625,32595058,0.0,0.0
2025-11-12T10:30:00-0500,NVDA,192.69000244140625,193.1470947265625,191.4600067138672,193.10000610351562,193.10000610351562,16898205,0.0,0.0
2025-11-12T11:30:00-0500,NVDA,193.0850067138672,193.55999755859375,191.6699981689453,192.0500030517578,192.0500030517578,13500602,0.0,0.0
2025-11-12T12:30:00-0500,NVDA,192.0399932861328,193.11500549316406,191.75999450683594,192.6300048828125,192.6300048828125,10499784,0.0,0.0
2025-11-12T13:30:00-0500,NVDA,192.6082000732422,193.26589965820312,192.02000427246094,192.12989807128906,192.12989807128906,9617343,0.0,0.0
2025-11-12T14:30:00-0500,NVDA,192.1300048828125,192.47999572753906,191.1300048828125,192.41000366210938,192.41000366210938,10740232,0.0,0.0
2025-11-12T15:30:00-0500,NVDA,192.39999389648438,193.8800048828125,192.32069396972656,193.85000610351562,193.85000610351562,10004331,0.0,0.0
2025-11-13T09:30:00-0500,NVDA,191.0399932861328,191.44000244140625,186.9499969482422,188.09609985351562,188.09609985351562,34364805,0.0,0.0
2025-11-13T10:30:00-0500,NVDA,188.10000610351562,188.13999938964844,185.3800048828125,186.2899932861328,186.2899932861328,23729370,0.0,0.0
2025-11-13T11:30:00-0500,NVDA,186.2949981689453,187.1699981689453,185.35000610351562,186.92990112304688,186.92990112304688,15881795,0.0,0.0
2025-11-13T12:30:00-0500,NVDA,186.9199981689453,187.22999572753906,184.56500244140625,184.86500549316406,184.86500549316406,14047159,0.0,0.0
2025-11-13T13:30:00-0500,NVDA,184.86000061035156,186.0449981689453,183.85000610351562,186.00999450683594,186.00999450683594,57161519,0.0,0.0
2025-11-13T14:30:00-0500,NVDA,186.0,186.4866943359375,185.02000427246094,185.9499969482422,185.9499969482422,0,0.0,0.0
2025-11-13T15:30:00-0500,NVDA,185.9600067138672,187.1999969482422,185.72000122070312,186.9499969482422,186.9499969482422,13785838,0.0,0.0
2025-11-14T09:30:00-0500,NVDA,182.86000061035156,187.82000732421875,180.5800018310547,186.9644012451172,186.9644012451172,45071493,0.0,0.0
2025-11-14T10:30:00-0500,NVDA,186.95509338378906,190.57000732421875,186.85000610351562,189.97979736328125,189.97979736328125,20026763,0.0,0.0
2025-11-14T11:30:00-0500,NVDA,189.97999572753906,190.68179321289062,189.33999633789062,190.03500366210938,190.03500366210938,12795289,0.0,0.0
2025-11-14T12:30:00-0500,NVDA,190.0399932861328,190.27999877929688,188.6300048828125,189.1999969482422,189.1999969482422,11150771,0.0,0.0
2025-11-14T13:30:00-0500,NVDA,189.19000244140625,190.02000427246094,188.39999389648438,189.9600067138672,189.9600067138672,10931312,0.0,0.0
2025-11-14T14:30:00-0500,NVDA,189.97999572753906,191.00999450683594,189.75,190.10000610351562,190.10000610351562,11899532,0.0,0.0
2025-11-14T15:30:00-0500,NVDA,190.10000610351562,190.4600067138672,189.36000061035156,190.22999572753906,190.22999572753906,10109310,0.0,0.0
2025-11-17T09:30:00-0500,NVDA,185.89999389648438,189.0,184.92999267578125,187.5500030517578,187.5500030517578,32446940,0.0,0.0
2025-11-17T10:30:00-0500,NVDA,187.5500030517578,187.88999938964844,185.74000549316406,187.1999969482422,187.1999969482422,15318699,0.0,0.0
2025-11-17T11:30:00-0500,NVDA,187.20010375976562,188.3000030517578,186.5,187.5800018310547,187.5800018310547,13228969,0.0,0.0
2025-11-17T12:30:00-0500,NVDA,187.58999633789062,187.9199981689453,186.27000427246094,186.72999572753906,186.72999572753906,10873398,0.0,0.0
2025-11-17T13:30:00-0500,NVDA,186.72000122070312,187.5500030517578,184.8800048828125,185.3300018310547,185.3300018310547,12268419,0.0,0.0
2025-11-17T14:30:00-0500,NVDA,185.3300018310547,185.60000610351562,184.32000732421875,184.93499755859375,184.93499755859375,14051559,0.0,0.0
2025-11-17T15:30:00-0500,NVDA,184.94000244140625,186.7899932861328,184.66000366210938,186.58999633789062,186.58999633789062,11922157,0.0,0.0
2025-11-18T09:30:00-0500,NVDA,183.3300018310547,184.27000427246094,179.64999389648438,181.85000610351562,181.85000610351562,48839802,0.0,0.0
2025-11-18T10:30:00-0500,NVDA,181.86000061035156,183.0800018310547,180.17010498046875,182.88999938964844,182.88999938964844,23708753,0.0,0.0
2025-11-18T11:30:00-0500,NVDA,182.89999389648438,183.7100067138672,181.4344940185547,181.5800018310547,181.5800018310547,17762717,0.0,0.0
2025-11-18T12:30:00-0500,NVDA,181.57000732421875,184.61000061035156,181.39999389648438,183.6199951171875,183.6199951171875,14657409,0.0,0.0
2025-11-18T13:30:00-0500,NVDA,183.63999938964844,184.5,183.1300048828125,183.4499969482422,183.4499969482422,12177112,0.0,0.0
2025-11-18T14:30:00-0500,NVDA,183.4698944091797,184.64999389648438,182.39999389648438,182.91000366210938,182.91000366210938,13305432,0.0,0.0
2025-11-18T15:30:00-0500,NVDA,182.88999938964844,183.10000610351562,181.19000244140625,181.3699951171875,181.3699951171875,60434304,0.0,0.0
2025-11-19T09:30:00-0500,NVDA,184.8000030517578,187.80999755859375,183.27999877929688,187.6300048828125,187.6300048828125,38469108,0.0,0.0
2025-11-19T10:30:00-0500,NVDA,187.63589477539062,187.85409545898438,184.8699951171875,185.38999938964844,185.38999938964844,21336004,0.0,0.0
2025-11-19T11:30:00-0500,NVDA,185.3800048828125,185.49000549316406,183.89039611816406,184.38999938964844,184.38999938964844,15792899,0.0,0.0
2025-11-19T12:30:00-0500,NVDA,184.38490295410156,185.60000610351562,182.83009338378906,184.25999450683594,184.25999450683594,16969053,0.0,0.0
2025-11-19T13:30:00-0500,NVDA,184.25,185.8800048828125,184.1199951171875,184.6300048828125,184.6300048828125,13831848,0.0,0.0
2025-11-19T14:30:00-0500,NVDA,184.6300048828125,187.05999755859375,184.36000061035156,186.7050018310547,186.7050018310547,17271695,0.0,0.0
2025-11-19T15:30:00-0500,NVDA,186.71499633789062,187.3459014892578,185.75,186.77999877929688,186.77999877929688,16646317,0.0,0.0
2025-11-20T09:30:00-0500,NVDA,195.9499969482422,196.0,192.2899932861328,193.9199981689453,193.9199981689453,62106291,0.0,0.0
2025-11-20T10:30:00-0500,NVDA,193.91000366210938,194.64999389648438,188.49000549316406,189.75999450683594,189.75999450683594,34578314,0.0,0.0
2025-11-20T11:30:00-0500,NVDA,189.7301025390625,189.9499053955078,182.35000610351562,183.68519592285156,183.68519592285156,45694421,0.0,0.0
2025-11-20T12:30:00-0500,NVDA,183.685302734375,185.8800048828125,181.77999877929688,184.50999450683594,184.50999450683594,28824890,0.0,0.0
2025-11-20T13:30:00-0500,NVDA,184.5,184.8699951171875,180.9499969482422,182.72000122070312,182.72000122070312,22398571,0.0,0.0
2025-11-20T14:30:00-0500,NVDA,182.7100067138672,183.75,181.3699951171875,182.3800048828125,182.3800048828125,19768242,0.0,0.0
2025-11-20T15:30:00-0500,NVDA,182.38499450683594,182.99000549316406,179.85000610351562,180.94000244140625,180.94000244140625,18988723,0.0,0.0
2025-11-21T09:30:00-0500,NVDA,181.23500061035156,182.3000030517578,175.47999572753906,175.7899932861328,175.7899932861328,67502729,0.0,0.0
2025-11-21T10:30:00-0500,NVDA,175.80999755859375,178.94000244140625,172.94000244140625,178.86000061035156,178.86000061035156,46262440,0.0,0.0
2025-11-21T11:30:00-0500,NVDA,178.85470581054688,181.41000366210938,178.8000030517578,181.07000732421875,181.07000732421875,29829294,0.0,0.0
2025-11-21T12:30:00-0500,NVDA,181.0800018310547,181.9550018310547,178.61000061035156,179.33470153808594,179.33470153808594,19462417,0.0,0.0
2025-11-21T13:30:00-0500,NVDA,179.32000732421875,184.55999755859375,179.1300048828125,184.19000244140625,184.19000244140625,30711523,0.0,0.0
2025-11-21T14:30:00-0500,NVDA,184.19349670410156,184.4550018310547,180.35000610351562,180.38999938964844,180.38999938964844,22276052,0.0,0.0
2025-11-21T15:30:00-0500,NVDA,180.3699951171875,180.91000366210938,178.1999969482422,178.94000244140625,178.94000244140625,17142253,0.0,0.0
2025-11-24T09:30:00-0500,NVDA,179.5,180.8699951171875,176.47999572753906,178.0,178.0,43370401,0.0,0.0
2025-11-24T10:30:00-0500,NVDA,178.00860595703125,182.32000732421875,177.67999267578125,182.08999633789062,182.08999633789062,24840299,0.0,0.0
2025-11-24T11:30:00-0500,NVDA,182.05999755859375,183.1300048828125,181.61000061035156,182.47000122070312,182.47000122070312,17332798,0.0,0.0
2025-11-24T12:30:00-0500,NVDA,182.46499633789062,183.3699951171875,181.8350067138672,182.10000610351562,182.10000610351562,12407053,0.0,0.0
2025-11-24T13:30:00-0500,NVDA,182.09500122070312,182.55999755859375,181.27999877929688,181.8699951171875,181.8699951171875,12475956,0.0,0.0
2025-11-24T14:30:00-0500,NVDA,181.87620544433594,182.47999572753906,181.08399963378906,181.6699981689453,181.6699981689453,13511330,0.0,0.0
2025-11-24T15:30:00-0500,NVDA,181.6699981689453,183.47999572753906,181.2100067138672,182.5500030517578,182.5500030517578,65119838,0.0,0.0
2025-11-25T09:30:00-0500,NVDA,174.91000366210938,175.0,169.5500030517578,171.0749969482422,171.0749969482422,79887076,0.0,0.0
2025-11-25T10:30:00-0500,NVDA,171.07000732421875,174.8800048828125,171.0281982421875,174.7238006591797,174.7238006591797,33770896,0.0,0.0
2025-11-25T11:30:00-0500,NVDA,174.72000122070312,175.99000549316406,174.13009643554688,175.53500366210938,175.53500366210938,22733351,0.0,0.0
2025-11-25T12:30:00-0500,NVDA,175.52999877929688,176.47999572753906,175.07020568847656,176.2050018310547,176.2050018310547,16279741,0.0,0.0
2025-11-25T13:30:00-0500,NVDA,176.2050018310547,176.83999633789062,174.33999633789062,174.77499389648438,174.77499389648438,17449279,0.0,0.0
2025-11-25T14:30:00-0500,NVDA,174.77999877929688,176.97000122070312,173.6199951171875,176.84170532226562,176.84170532226562,23100143,0.0,0.0
2025-11-25T15:30:00-0500,NVDA,176.84500122070312,178.16000366210938,176.7100067138672,177.8000030517578,177.8000030517578,15031963,0.0,0.0
2025-11-26T09:30:00-0500,NVDA,181.6300048828125,182.91000366210938,178.24000549316406,179.5850067138672,179.5850067138672,45946959,0.0,0.0
2025-11-26T10:30:00-0500,NVDA,179.5850067138672,181.11000061035156,179.5850067138672,180.91000366210938,180.91000366210938,16924615,0.0,0.0
2025-11-26T11:30:00-0500,NVDA,180.9199981689453,181.72999572753906,180.125,180.77999877929688,180.77999877929688,14050216,0.0,0.0
2025-11-26T12:30:00-0500,NVDA,180.78030395507812,181.5,180.38999938964844,180.80999755859375,180.80999755859375,11563205,0.0,0.0
2025-11-26T13:30:00-0500,NVDA,180.80999755859375,180.84500122070312,179.793701171875,180.5500030517578,180.5500030517578,10619635,0.0,0.0
2025-11-26T14:30:00-0500,NVDA,180.5500030517578,180.75999450683594,179.92999267578125,180.50999450683594,180.50999450683594,10611517,0.0,0.0
2025-11-26T15:30:00-0500,NVDA,180.5050048828125,180.75,179.875,180.19000244140625,180.19000244140625,9278599,0.0,0.0
2025-11-28T09:30:00-0500,NVDA,178.99000549316406,179.2899932861328,176.97000122070312,177.2899932861328,177.2899932861328,30011592,0.0,0.0
2025-11-28T10:30:00-0500,NVDA,177.24000549316406,178.0800018310547,176.75,177.08140563964844,177.08140563964844,17490994,0.0,0.0
2025-11-28T11:30:00-0500,NVDA,177.0850067138672,177.33999633789062,176.53140258789062,177.1342010498047,177.1342010498047,14456367,0.0,0.0
2025-11-28T12:30:00-0500,NVDA,,,,,,0,0.0,0.0
2025-12-01T09:30:00-0500,NVDA,174.6999969482422,179.13999938964844,173.67999267578125,178.86000061035156,178.86000061035156,41192309,0.0,0.0
2025-12-01T10:30:00-0500,NVDA,178.85000610351562,180.00999450683594,178.22000122070312,178.9600067138672,178.9600067138672,19055485,0.0,0.0
2025-12-01T11:30:00-0500,NVDA,178.94000244140625,180.0800018310547,178.8300018310547,179.8350067138672,179.8350067138672,13512472,0.0,0.0
2025-12-01T12:30:00-0500,NVDA,179.8350067138672,180.3000030517578,179.1699981689453,179.40499877929688,179.40499877929688,11026020,0.0,0.0
2025-12-01T13:30:00-0500,NVDA,179.41000366210938,179.9853973388672,178.86000061035156,179.08999633789062,179.08999633789062,9463328,0.0,0.0
2025-12-01T14:30:00-0500,NVDA,179.08999633789062,179.47999572753906,178.62489318847656,179.37989807128906,179.37989807128906,10803646,0.0,0.0
2025-12-01T15:30:00-0500,NVDA,179.3800048828125,180.0,179.22000122070312,179.99000549316406,179.99000549316406,9755933,0.0,0.0
2025-12-02T09:30:00-0500,NVDA,181.72000122070312,185.66000366210938,181.58999633789062,183.2550048828125,183.2550048828125,40993279,0.0,0.0
2025-12-02T10:30:00-0500,NVDA,183.22500610351562,184.63999938964844,180.1699981689453,180.55999755859375,180.55999755859375,26987007,0.0,0.0
2025-12-02T11:30:00-0500,NVDA,180.52999877929688,182.25999450683594,180.0,182.16000366210938,182.16000366210938,16599118,0.0,0.0
2025-12-02T12:30:00-0500,NVDA,182.16000366210938,182.3800048828125,181.08009338378906,181.71499633789062,181.71499633789062,11681277,0.0,0.0
2025-12-02T13:30:00-0500,NVDA,181.7100067138672,181.84500122070312,180.75,181.0,181.0,8886433,0.0,0.0
2025-12-02T14:30:00-0500,NVDA,180.97999572753906,181.77999877929688,180.93499755859375,181.42999267578125,181.42999267578125,8959159,0.0,0.0
2025-12-02T15:30:00-0500,NVDA,181.41749572753906,181.6999969482422,181.0,181.36000061035156,181.36000061035156,7888265,0.0,0.0
2025-12-03T09:30:00-0500,NVDA,181.06500244140625,181.2191925048828,179.110107421875,180.3300018310547,180.3300018310547,31808430,0.0,0.0
2025-12-03T10:30:00-0500,NVDA,180.32000732421875,182.4199981689453,179.9300994873047,180.5500030517578,180.5500030517578,18136013,0.0,0.0
2025-12-03T11:30:00-0500,NVDA,180.5449981689453,181.22000122070312,179.82000732421875,180.375,180.375,10736030,0.0,0.0
2025-12-03T12:30:00-0500,NVDA,180.3699951171875,180.97999572753906,180.0644989013672,180.64999389648438,180.64999389648438,7611606,0.0,0.0
2025-12-03T13:30:00-0500,NVDA,180.66000366210938,181.27999877929688,180.4420928955078,180.7449951171875,180.7449951171875,9127929,0.0,0.0
2025-12-03T14:30:00-0500,NVDA,180.7440948486328,180.9600067138672,179.91000366210938,180.02000427246094,180.02000427246094,10015000,0.0,0.0
2025-12-03T15:30:00-0500,NVDA,180.02000427246094,180.02999877929688,179.27999877929688,179.63999938964844,179.63999938964844,49322097,0.0,0.0
2025-12-04T09:30:00-0500,NVDA,181.5500030517578,183.11000061035156,179.97000122070312,181.08009338378906,181.08009338378906,32979831,0.01,0.0
2025-12-04T10:30:00-0500,NVDA,181.0850067138672,183.02000427246094,181.00999450683594,182.63510131835938,182.63510131835938,18829532,0.0,0.0
2025-12-04T11:30:00-0500,NVDA,182.63259887695312,184.51499938964844,182.4949951171875,183.5449981689453,183.5449981689453,17920525,0.0,0.0
2025-12-04T12:30:00-0500,NVDA,183.5399932861328,184.11000061035156,183.05999755859375,183.61500549316406,183.61500549316406,9241513,0.0,0.0
2025-12-04T13:30:00-0500,NVDA,183.60000610351562,183.7899932861328,182.0,182.31500244140625,182.31500244140625,9737123,0.0,0.0
2025-12-04T14:30:00-0500,NVDA,182.3101043701172,183.23590087890625,182.25,182.32350158691406,182.32350158691406,9446805,0.0,0.0
2025-12-04T15:30:00-0500,NVDA,182.3249969482422,183.47999572753906,182.27999877929688,183.39999389648438,183.39999389648438,7290764,0.0,0.0
2025-12-05T09:30:00-0500,NVDA,183.86000061035156,184.66000366210938,180.91000366210938,182.7698974609375,182.7698974609375,31800007,0.0,0.0
2025-12-05T10:30:00-0500,NVDA,182.75,183.34500122070312,181.50999450683594,182.05999755859375,182.05999755859375,15107397,0.0,0.0
2025-12-05T11:30:00-0500,NVDA,182.07000732421875,182.50999450683594,181.4949951171875,181.77980041503906,181.77980041503906,9661576,0.0,0.0
2025-12-05T12:30:00-0500,NVDA,181.77999877929688,182.3699951171875,181.50999450683594,182.24000549316406,182.24000549316406,7846279,0.0,0.0
2025-12-05T13:30:00-0500,NVDA,182.22999572753906,182.49000549316406,181.14999389648438,181.45509338378906,181.45509338378906,9682336,0.0,0.0
2025-12-05T14:30:00-0500,NVDA,181.47000122070312,182.0800018310547,181.32000732421875,181.8574981689453,181.8574981689453,7419949,0.0,0.0
2025-12-05T15:30:00-0500,NVDA,181.83999633789062,182.63999938964844,181.3000030517578,182.35000610351562,182.35000610351562,9289965,0.0,0.0
2025-12-08T09:30:00-0500,NVDA,182.6300048828125,185.6999969482422,182.39999389648438,183.05059814453125,183.05059814453125,31629584,0.0,0.0
2025-12-08T10:30:00-0500,NVDA,183.0500030517578,184.53990173339844,182.86000061035156,183.48500061035156,183.48500061035156,15218096,0.0,0.0
2025-12-08T11:30:00-0500,NVDA,183.47000122070312,183.6898956298828,182.91000366210938,183.40499877929688,183.40499877929688,8622856,0.0,0.0
2025-12-08T12:30:00-0500,NVDA,183.40390014648438,187.99000549316406,182.89999389648438,185.89410400390625,185.89410400390625,28598668,0.0,0.0
2025-12-08T13:30:00-0500,NVDA,185.8800048828125,186.0800018310547,183.72999572753906,184.7064971923828,184.7064971923828,16919547,0.0,0.0
2025-12-08T14:30:00-0500,NVDA,184.70010375976562,185.0800018310547,184.31019592285156,184.88499450683594,184.88499450683594,11168209,0.0,0.0
2025-12-08T15:30:00-0500,NVDA,184.89999389648438,185.60000610351562,184.22999572753906,185.5800018310547,185.5800018310547,10293098,0.0,0.0
2025-12-09T09:30:00-0500,NVDA,185.5500030517578,185.59249877929688,183.32000732421875,184.6300048828125,184.6300048828125,34498889,0.0,0.0
2025-12-09T10:30:00-0500,NVDA,184.6300048828125,185.71670532226562,184.14999389648438,185.07000732421875,185.07000732421875,16816492,0.0,0.0
2025-12-09T11:30:00-0500,NVDA,185.07000732421875,185.14999389648438,184.27999877929688,184.88800048828125,184.88800048828125,9798280,0.0,0.0
2025-12-09T12:30:00-0500,NVDA,184.88999938964844,185.17999267578125,184.75,184.8582000732422,184.8582000732422,6431260,0.0,0.0
2025-12-09T13:30:00-0500,NVDA,184.85000610351562,184.97999572753906,184.47999572753906,184.5449981689453,184.5449981689453,6781968,0.0,0.0
2025-12-09T14:30:00-0500,NVDA,184.5449981689453,184.75,184.02000427246094,184.3300018310547,184.3300018310547,7998590,0.0,0.0
2025-12-09T15:30:00-0500,NVDA,184.3300018310547,185.5500030517578,184.19479370117188,184.97000122070312,184.97000122070312,42282644,0.0,0.0
2025-12-10T09:30:00-0500,NVDA,184.99000549316406,185.47999572753906,183.66000366210938,183.85960388183594,183.85960388183594,23220830,0.0,0.0
2025-12-10T10:30:00-0500,NVDA,183.85000610351562,184.02000427246094,182.03500366210938,182.8455047607422,182.8455047607422,16910743,0.0,0.0
2025-12-10T11:30:00-0500,NVDA,182.83999633789062,182.94000244140625,182.14010620117188,182.57000732421875,182.57000732421875,9730722,0.0,0.0
2025-12-10T12:30:00-0500,NVDA,182.56500244140625,183.42999267578125,182.36000061035156,182.61000061035156,182.61000061035156,8737291,0.0,0.0
2025-12-10T13:30:00-0500,NVDA,182.61000061035156,183.86000061035156,182.4499969482422,183.09579467773438,183.09579467773438,12230964,0.0,0.0
2025-12-10T14:30:00-0500,NVDA,183.1300048828125,184.6999969482422,182.4949951171875,183.7899932861328,183.7899932861328,17627934,0.0,0.0
2025-12-10T15:30:00-0500,NVDA,183.7899932861328,184.0500030517578,183.46499633789062,183.77999877929688,183.77999877929688,9467558,0.0,0.0
2025-12-11T09:30:00-0500,NVDA,180.27499389648438,180.4199981689453,176.6199951171875,178.0850067138672,178.0850067138672,37363624,0.0,0.0
2025-12-11T10:30:00-0500,NVDA,178.10000610351562,178.27000427246094,176.83200073242188,177.05990600585938,177.05990600585938,17316464,0.0,0.0
2025-12-11T11:30:00-0500,NVDA,177.0500030517578,178.77000427246094,176.9250030517578,178.4862060546875,178.4862060546875,12621994,0.0,0.0
2025-12-11T12:30:00-0500,NVDA,178.49000549316406,179.77099609375,178.49000549316406,179.30499267578125,179.30499267578125,10408848,0.0,0.0
2025-12-11T13:30:00-0500,NVDA,179.3000030517578,180.99000549316406,179.02000427246094,180.906494140625,180.906494140625,12558029,0.0,0.0
2025-12-11T14:30:00-0500,NVDA,180.91000366210938,181.32000732421875,179.97000122070312,180.36990356445312,180.36990356445312,12050067,0.0,0.0
2025-12-11T15:30:00-0500,NVDA,180.36000061035156,181.08999633789062,180.1342010498047,180.9355010986328,180.9355010986328,7710478,0.0,0.0
2025-12-12T09:30:00-0500,NVDA,181.5,182.82000732421875,179.32000732421875,179.5399932861328,179.5399932861328,29530704,0.0,0.0
2025-12-12T10:30:00-0500,NVDA,179.52999877929688,180.14999389648438,175.83999633789062,176.63499450683594,176.63499450683594,26510600,0.0,0.0
2025-12-12T11:30:00-0500,NVDA,176.60000610351562,177.38999938964844,175.2100067138672,176.52000427246094,176.52000427246094,17972854,0.0,0.0
2025-12-12T12:30:00-0500,NVDA,176.52999877929688,178.17999267578125,176.2100067138672,177.4499969482422,177.4499969482422,17539226,0.0,0.0
2025-12-12T13:30:00-0500,NVDA,177.45150756835938,177.78579711914062,176.03500366210938,176.2136993408203,176.2136993408203,9884365,0.0,0.0
2025-12-12T14:30:00-0500,NVDA,176.2100067138672,176.6750030517578,175.67999267578125,175.90499877929688,175.90499877929688,10780310,0.0,0.0
2025-12-12T15:30:00-0500,NVDA,175.89999389648438,176.01499938964844,174.6199951171875,174.99000549316406,174.99000549316406,13955635,0.0,0.0
2025-12-15T09:30:00-0500,NVDA,177.08999633789062,178.33990478515625,175.031005859375,175.45159912109375,175.45159912109375,33169711,0.0,0.0
2025-12-15T10:30:00-0500,NVDA,175.44000244140625,178.4149932861328,175.33999633789062,178.2519989013672,178.2519989013672,15840736,0.0,0.0
2025-12-15T11:30:00-0500,NVDA,178.25999450683594,178.32000732421875,177.17999267578125,177.59500122070312,177.59500122070312,10379090,0.0,0.0
2025-12-15T12:30:00-0500,NVDA,177.5998992919922,177.97000122070312,176.80999755859375,177.125,177.125,9608800,0.0,0.0
2025-12-15T13:30:00-0500,NVDA,177.11000061035156,177.66000366210938,176.67999267578125,177.13999938964844,177.13999938964844,8950468,0.0,0.0
2025-12-15T14:30:00-0500,NVDA,177.14999389648438,177.2449951171875,176.1199951171875,176.3300018310547,176.3300018310547,11198952,0.0,0.0
2025-12-15T15:30:00-0500,NVDA,176.3300018310547,176.8300018310547,175.91000366210938,176.22999572753906,176.22999572753906,11393170,0.0,0.0
2025-12-16T09:30:00-0500,NVDA,176.25999450683594,177.49000549316406,174.89999389648438,176.1501007080078,176.1501007080078,26259399,0.0,0.0
2025-12-16T10:30:00-0500,NVDA,176.14999389648438,177.30499267578125,175.57000732421875,176.02000427246094,176.02000427246094,14639694,0.0,0.0
2025-12-16T11:30:00-0500,NVDA,176.02000427246094,177.0915985107422,175.69009399414062,176.48500061035156,176.48500061035156,11094691,0.0,0.0
2025-12-16T12:30:00-0500,NVDA,176.47999572753906,176.97500610351562,176.10000610351562,176.22000122070312,176.22000122070312,8514374,0.0,0.0
2025-12-16T13:30:00-0500,NVDA,176.22000122070312,177.67999267578125,176.02000427246094,176.74000549316406,176.74000549316406,11202122,0.0,0.0
2025-12-16T14:30:00-0500,NVDA,176.7449951171875,177.19000244140625,176.5050048828125,177.17880249023438,177.17880249023438,8161125,0.0,0.0
2025-12-16T15:30:00-0500,NVDA,177.1750030517578,178.19500732421875,177.1699981689453,177.50999450683594,177.50999450683594,9954348,0.0,0.0
2025-12-17T09:30:00-0500,NVDA,176.10000610351562,176.1300048828125,173.38499450683594,174.3800048828125,174.3800048828125,35267097,0.0,0.0
2025-12-17T10:30:00-0500,NVDA,174.3699951171875,174.4499969482422,170.6300048828125,171.13499450683594,171.13499450683594,28410068,0.0,0.0
2025-12-17T11:30:00-0500,NVDA,171.1300048828125,171.72999572753906,170.30999755859375,171.4499053955078,171.4499053955078,18913757,0.0,0.0
2025-12-17T12:30:00-0500,NVDA,171.4499969482422,172.82000732421875,171.30999755859375,172.25,172.25,15329123,0.0,0.0
2025-12-17T13:30:00-0500,NVDA,172.24000549316406,172.3300018310547,170.85009765625,170.9499053955078,170.9499053955078,12530990,0.0,0.0
2025-12-17T14:30:00-0500,NVDA,170.92999267578125,171.69000244140625,170.66009521484375,171.19000244140625,171.19000244140625,13027015,0.0,0.0
2025-12-17T15:30:00-0500,NVDA,171.19000244140625,171.82000732421875,170.75,170.9199981689453,170.9199981689453,13015782,0.0,0.0
2025-12-18T09:30:00-0500,NVDA,174.52999877929688,175.25,171.82000732421875,175.0399932861328,175.0399932861328,34559711,0.0,0.0
2025-12-18T10:30:00-0500,NVDA,175.0399932861328,176.14999389648438,174.75999450683594,174.88009643554688,174.88009643554688,18553063,0.0,0.0
2025-12-18T11:30:00-0500,NVDA,174.8699951171875,176.0399932861328,173.72999572753906,174.0399932861328,174.0399932861328,14253404,0.0,0.0
2025-12-18T12:30:00-0500,NVDA,174.02999877929688,175.3800048828125,173.91000366210938,174.91439819335938,174.91439819335938,9934049,0.0,0.0
2025-12-18T13:30:00-0500,NVDA,174.91000366210938,175.22999572753906,174.24000549316406,174.5500030517578,174.5500030517578,8742821,0.0,0.0
2025-12-18T14:30:00-0500,NVDA,174.55999755859375,174.89999389648438,173.66000366210938,174.6750030517578,174.6750030517578,9852863,0.0,0.0
2025-12-18T15:30:00-0500,NVDA,174.67250061035156,174.9600067138672,173.92999267578125,174.00999450683594,174.00999450683594,9023413,0.0,0.0
2025-12-19T09:30:00-0500,NVDA,176.6649932861328,180.6999969482422,176.35000610351562,178.66000366210938,178.66000366210938,59589348,0.0,0.0
2025-12-19T10:30:00-0500,NVDA,178.63999938964844,179.57000732421875,178.35000610351562,179.3000030517578,179.3000030517578,18218903,0.0,0.0
2025-12-19T11:30:00-0500,NVDA,179.32000732421875,180.99000549316406,179.27000427246094,180.5200958251953,180.5200958251953,17015994,0.0,0.0
2025-12-19T12:30:00-0500,NVDA,180.5200958251953,181.07000732421875,179.76499938964844,179.96499633789062,179.96499633789062,12073476,0.0,0.0
2025-12-19T13:30:00-0500,NVDA,179.96400451660156,180.8000030517578,179.42999267578125,180.57420349121094,180.57420349121094,10984702,0.0,0.0
2025-12-19T14:30:00-0500,NVDA,180.57000732421875,180.97999572753906,180.22999572753906,180.44850158691406,180.44850158691406,11564864,0.0,0.0
2025-12-19T15:30:00-0500,NVDA,180.44000244140625,181.4499969482422,179.94009399414062,180.99000549316406,180.99000549316406,15328254,0.0,0.0
2025-12-22T09:30:00-0500,NVDA,183.3800048828125,183.94000244140625,182.35000610351562,183.39999389648438,183.39999389648438,27990203,0.0,0.0
2025-12-22T10:30:00-0500,NVDA,183.41000366210938,184.16000366210938,182.6699981689453,183.6300048828125,183.6300048828125,13547290,0.0,0.0
2025-12-22T11:30:00-0500,NVDA,183.6199951171875,183.6649932861328,183.00999450683594,183.10000610351562,183.10000610351562,8157060,0.0,0.0
2025-12-22T12:30:00-0500,NVDA,183.10499572753906,183.3000030517578,182.7899932861328,183.22560119628906,183.22560119628906,6320882,0.0,0.0
2025-12-22T13:30:00-0500,NVDA,183.22999572753906,183.48500061035156,182.99000549316406,183.3800048828125,183.3800048828125,6294933,0.0,0.0
2025-12-22T14:30:00-0500,NVDA,183.38999938964844,183.57679748535156,183.1999969482422,183.28500366210938,183.28500366210938,6554015,0.0,0.0
2025-12-22T15:30:00-0500,NVDA,183.28500366210938,183.8000030517578,183.23500061035156,183.61000061035156,183.61000061035156,6999578,0.0,0.0
2025-12-23T09:30:00-0500,NVDA,184.39480590820312,185.47999572753906,183.5,185.27499389648438,185.27499389648438,26864696,0.0,0.0
2025-12-23T10:30:00-0500,NVDA,185.27999877929688,188.0500030517578,185.10000610351562,187.91009521484375,187.91009521484375,22108447,0.0,0.0
2025-12-23T11:30:00-0500,NVDA,187.9149932861328,188.6300048828125,187.1199951171875,188.2144012451172,188.2144012451172,16947493,0.0,0.0
2025-12-23T12:30:00-0500,NVDA,188.22000122070312,188.47999572753906,187.77999877929688,187.9949951171875,187.9949951171875,10350335,0.0,0.0
2025-12-23T13:30:00-0500,NVDA,187.9949951171875,188.8000030517578,187.89999389648438,188.61810302734375,188.61810302734375,9891144,0.0,0.0
2025-12-23T14:30:00-0500,NVDA,188.61000061035156,188.86000061035156,188.3800048828125,188.78640747070312,188.78640747070312,9766022,0.0,0.0
2025-12-23T15:30:00-0500,NVDA,188.77999877929688,189.3300018310547,188.7100067138672,189.2100067138672,189.2100067138672,11919210,0.0,0.0
2025-12-24T09:30:00-0500,NVDA,188.00010681152344,188.72000122070312,186.58999633789062,187.22999572753906,187.22999572753906,21232093,0.0,0.0
2025-12-24T10:30:00-0500,NVDA,187.22650146484375,188.02999877929688,186.95089721679688,187.94500732421875,187.94500732421875,10515515,0.0,0.0
2025-12-24T11:30:00-0500,NVDA,187.94500732421875,188.47999572753906,187.9199981689453,188.22500610351562,188.22500610351562,9095497,0.0,0.0
2025-12-24T12:30:00-0500,NVDA,,,,,,0,0.0,0.0
2025-12-26T09:30:00-0500,NVDA,190.0,192.2899932861328,189.61000061035156,191.5800018310547,191.5800018310547,32978539,0.0,0.0
2025-12-26T10:30:00-0500,NVDA,191.57000732421875,192.19000244140625,190.8300018310547,191.02499389648438,191.02499389648438,13650116,0.0,0.0
2025-12-26T11:30:00-0500,NVDA,191.03700256347656,191.35000610351562,190.4600067138672,190.77969360351562,190.77969360351562,8711783,0.0,0.0
2025-12-26T12:30:00-0500,NVDA,190.77000427246094,191.55999755859375,190.6300048828125,191.53289794921875,191.53289794921875,10091526,0.0,0.0
2025-12-26T13:30:00-0500,NVDA,191.53500366210938,192.69000244140625,191.49000549316406,192.24000549316406,192.24000549316406,12249349,0.0,0.0
2025-12-26T14:30:00-0500,NVDA,192.24440002441406,192.30999755859375,191.38380432128906,191.42999267578125,191.42999267578125,8713789,0.0,0.0
2025-12-26T15:30:00-0500,NVDA,191.4199981689453,191.67300415039062,190.4199981689453,190.5399932861328,190.5399932861328,41818252,0.0,0.0
2025-12-29T09:30:00-0500,NVDA,187.6999969482422,188.7550048828125,185.91000366210938,187.2550048828125,187.2550048828125,29356608,0.0,0.0
2025-12-29T10:30:00-0500,NVDA,187.25999450683594,187.73500061035156,186.47999572753906,187.24459838867188,187.24459838867188,13079563,0.0,0.0
2025-12-29T11:30:00-0500,NVDA,187.24000549316406,187.5800018310547,186.7899932861328,186.8800048828125,186.8800048828125,7754465,0.0,0.0
2025-12-29T12:30:00-0500,NVDA,186.87989807128906,187.639892578125,186.80999755859375,187.45989990234375,187.45989990234375,6845200,0.0,0.0
2025-12-29T13:30:00-0500,NVDA,187.4550018310547,187.83999633789062,187.0500030517578,187.375,187.375,6599620,0.0,0.0
2025-12-29T14:30:00-0500,NVDA,187.3800048828125,188.10499572753906,187.3699951171875,187.96449279785156,187.96449279785156,7541351,0.0,0.0
2025-12-29T15:30:00-0500,NVDA,187.97000122070312,188.39999389648438,187.74009704589844,188.22999572753906,188.22999572753906,36852071,0.0,0.0
2025-12-30T09:30:00-0500,NVDA,188.45770263671875,188.92999267578125,186.92999267578125,187.17030334472656,187.17030334472656,19456481,0.0,0.0
2025-12-30T10:30:00-0500,NVDA,187.1699981689453,188.50999450683594,187.10499572753906,188.25999450683594,188.25999450683594,11898733,0.0,0.0
2025-12-30T11:30:00-0500,NVDA,188.25,188.41000366210938,187.72999572753906,187.90989685058594,187.90989685058594,7392734,0.0,0.0
2025-12-30T12:30:00-0500,NVDA,187.90499877929688,188.25,187.6999969482422,188.21600341796875,188.21600341796875,6543003,0.0,0.0
2025-12-30T13:30:00-0500,NVDA,188.2100067138672,188.35499572753906,187.9001007080078,188.15420532226562,188.15420532226562,5905084,0.0,0.0
2025-12-30T14:30:00-0500,NVDA,188.14999389648438,188.1999969482422,187.41000366210938,187.5800018310547,187.5800018310547,7428329,0.0,0.0
2025-12-30T15:30:00-0500,NVDA,187.5800018310547,187.9250030517578,187.5,187.5500030517578,187.5500030517578,5948220,0.0,0.0
2025-12-31T09:30:00-0500,NVDA,189.47000122070312,190.55999755859375,188.08999633789062,189.01499938964844,189.01499938964844,24722821,0.0,0.0
2025-12-31T10:30:00-0500,NVDA,189.00999450683594,189.13999938964844,188.158203125,188.8459930419922,188.8459930419922,10366144,0.0,0.0
2025-12-31T11:30:00-0500,NVDA,188.84500122070312,189.27999877929688,188.67999267578125,188.91990661621094,188.91990661621094,8109664,0.0,0.0
2025-12-31T12:30:00-0500,NVDA,188.91600036621094,189.02000427246094,188.5,188.97000122070312,188.97000122070312,6642986,0.0,0.0
2025-12-31T13:30:00-0500,NVDA,188.96499633789062,189.05499267578125,188.00999450683594,188.0449981689453,188.0449981689453,7697467,0.0,0.0
2025-12-31T14:30:00-0500,NVDA,188.0500030517578,188.0998992919922,187.08999633789062,187.13499450683594,187.13499450683594,8876958,0.0,0.0
2025-12-31T15:30:00-0500,NVDA,187.13999938964844,187.47000122070312,186.49000549316406,186.49000549316406,186.49000549316406,8547159,0.0,0.0
2026-01-02T09:30:00-0500,NVDA,190.17999267578125,192.92990112304688,189.7301025390625,190.58900451660156,190.58900451660156,32940503,0.0,0.0
2026-01-02T10:30:00-0500,NVDA,190.57000732421875,191.73500061035156,188.2899932861328,189.59939575195312,189.59939575195312,18539784,0.0,0.0
2026-01-02T11:30:00-0500,NVDA,189.60000610351562,190.06500244140625,189.0800018310547,189.47999572753906,189.47999572753906,9782720,0.0,0.0
2026-01-02T12:30:00-0500,NVDA,189.5,189.94000244140625,189.16000366210938,189.3616943359375,189.3616943359375,8182942,0.0,0.0
2026-01-02T13:30:00-0500,NVDA,189.3699951171875,189.6999969482422,188.25999450683594,189.20570373535156,189.20570373535156,10067165,0.0,0.0
2026-01-02T14:30:00-0500,NVDA,189.2050018310547,189.6199951171875,188.5500030517578,188.9550018310547,188.9550018310547,9185520,0.0,0.0
2026-01-02T15:30:00-0500,NVDA,188.9499969482422,189.0399932861328,188.47999572753906,188.80990600585938,188.80990600585938,7525907,0.0,0.0
2026-01-05T09:30:00-0500,NVDA,192.75,193.6300048828125,189.38999938964844,190.0749969482422,190.0749969482422,32125631,0.0,0.0
2026-01-05T10:30:00-0500,NVDA,190.07000732421875,190.88999938964844,189.25999450683594,190.19000244140625,190.19000244140625,16588778,0.0,0.0
2026-01-05T11:30:00-0500,NVDA,190.18499755859375,190.49000549316406,187.07000732421875,187.6199951171875,187.6199951171875,18571029,0.0,0.0
2026-01-05T12:30:00-0500,NVDA,187.61000061035156,188.10000610351562,186.9949951171875,187.78500366210938,187.78500366210938,13995168,0.0,0.0
2026-01-05T13:30:00-0500,NVDA,187.77999877929688,188.24000549316406,186.3800048828125,186.64320373535156,186.64320373535156,13535787,0.0,0.0
2026-01-05T14:30:00-0500,NVDA,186.64999389648438,187.57000732421875,186.14999389648438,187.47000122070312,187.47000122070312,14354077,0.0,0.0
2026-01-05T15:30:00-0500,NVDA,187.47000122070312,188.16000366210938,187.27999877929688,188.11000061035156,188.11000061035156,11088428,0.0,0.0
2026-01-06T09:30:00-0500,NVDA,190.5,192.1739959716797,188.97999572753906,191.39999389648438,191.39999389648438,34692681,0.0,0.0
2026-01-06T10:30:00-0500,NVDA,191.3896026611328,191.52499389648438,187.8699951171875,188.58999633789062,188.58999633789062,21434069,0.0,0.0
2026-01-06T11:30:00-0500,NVDA,188.58999633789062,190.02999877929688,188.39500427246094,189.03990173339844,189.03990173339844,16404130,0.0,0.0
2026-01-06T12:30:00-0500,NVDA,189.0399932861328,189.6999969482422,188.27000427246094,188.2899932861328,188.2899932861328,10313216,0.0,0.0
2026-01-06T13:30:00-0500,NVDA,188.17999267578125,188.3000030517578,187.52000427246094,187.9600067138672,187.9600067138672,11187185,0.0,0.0
2026-01-06T14:30:00-0500,NVDA,188.0500030517578,188.27999877929688,186.87010192871094,186.94000244140625,186.94000244140625,11264316,0.0,0.0
2026-01-06T15:30:00-0500,NVDA,186.94000244140625,187.64999389648438,186.82000732421875,187.25,187.25,6829507,0.0,0.0
2026-01-07T09:30:00-0500,NVDA,188.57000732421875,191.36000061035156,186.55999755859375,191.01499938964844,191.01499938964844,32512869,0.0,0.0
2026-01-07T10:30:00-0500,NVDA,191.02000427246094,191.0709991455078,188.47000122070312,189.5800018310547,189.5800018310547,20307873,0.0,0.0
2026-01-07T11:30:00-0500,NVDA,189.57000732421875,190.60000610351562,189.46499633789062,190.0030059814453,190.0030059814453,10444458,0.0,0.0
2026-01-07T12:30:00-0500,NVDA,190.0050048828125,190.2100067138672,189.5800018310547,189.625,189.625,6648717,0.0,0.0
2026-01-07T13:30:00-0500,NVDA,189.625,190.0,189.1999969482422,189.2801055908203,189.2801055908203,8125097,0.0,0.0
2026-01-07T14:30:00-0500,NVDA,189.28500366210938,189.77999877929688,188.75,188.99000549316406,188.99000549316406,8539006,0.0,0.0
2026-01-07T15:30:00-0500,NVDA,188.97999572753906,189.25999450683594,188.77499389648438,189.24000549316406,189.24000549316406,6965360,0.0,0.0
2026-01-08T09:30:00-0500,NVDA,189.0,189.3800048828125,184.66009521484375,186.10000610351562,186.10000610351562,31476671,0.0,0.0
2026-01-08T10:30:00-0500,NVDA,186.0800018310547,186.9499969482422,184.6199951171875,184.8800048828125,184.8800048828125,20521041,0.0,0.0
2026-01-08T11:30:00-0500,NVDA,184.8699951171875,185.44500732421875,184.05999755859375,184.25579833984375,184.25579833984375,12549620,0.0,0.0
2026-01-08T12:30:00-0500,NVDA,184.2550048828125,184.8800048828125,183.8300018310547,184.75,184.75,11927382,0.0,0.0
2026-01-08T13:30:00-0500,NVDA,184.74000549316406,184.88999938964844,183.7100067138672,184.14999389648438,184.14999389648438,10808506,0.0,0.0
2026-01-08T14:30:00-0500,NVDA,184.15499877929688,185.27000427246094,184.13999938964844,185.18649291992188,185.18649291992188,11122410,0.0,0.0
2026-01-08T15:30:00-0500,NVDA,185.2100067138672,185.33999633789062,184.64999389648438,185.1300048828125,185.1300048828125,51790464,0.0,0.0
2026-01-09T09:30:00-0500,NVDA,185.0,185.82000732421875,183.67010498046875,184.96200561523438,184.96200561523438,24696951,0.0,0.0
2026-01-09T10:30:00-0500,NVDA,184.99000549316406,185.61000061035156,184.30999755859375,185.30999755859375,185.30999755859375,13379947,0.0,0.0
2026-01-09T11:30:00-0500,NVDA,185.30499267578125,185.6999969482422,184.69000244140625,184.9541015625,184.9541015625,9302538,0.0,0.0
2026-01-09T12:30:00-0500,NVDA,184.9499969482422,185.22999572753906,184.63999938964844,185.18499755859375,185.18499755859375,8385501,0.0,0.0
2026-01-09T13:30:00-0500,NVDA,185.18499755859375,186.33999633789062,185.0800018310547,185.88009643554688,185.88009643554688,10340638,0.0,0.0
2026-01-09T14:30:00-0500,NVDA,185.88499450683594,186.0800018310547,185.50999450683594,185.55499267578125,185.55499267578125,8241985,0.0,0.0
2026-01-09T15:30:00-0500,NVDA,185.5500030517578,185.63999938964844,184.80999755859375,184.85000610351562,184.85000610351562,7572604,0.0,0.0
2026-01-12T09:30:00-0500,NVDA,183.19000244140625,186.1999969482422,183.0200958251953,184.6199951171875,184.6199951171875,22194605,0.0,0.0
2026-01-12T10:30:00-0500,NVDA,184.61549377441406,185.28500366210938,183.72999572753906,185.23989868164062,185.23989868164062,13447414,0.0,0.0
2026-01-12T11:30:00-0500,NVDA,185.23500061035156,186.89500427246094,184.63999938964844,186.28500366210938,186.28500366210938,12658198,0.0,0.0
2026-01-12T12:30:00-0500,NVDA,186.27999877929688,186.8800048828125,185.8000030517578,186.7801055908203,186.7801055908203,9970852,0.0,0.0
2026-01-12T13:30:00-0500,NVDA,186.77999877929688,187.1199951171875,186.51499938964844,186.99000549316406,186.99000549316406,9084157,0.0,0.0
2026-01-12T14:30:00-0500,NVDA,186.99240112304688,187.0,185.92010498046875,186.00999450683594,186.00999450683594,8960960,0.0,0.0
2026-01-12T15:30:00-0500,NVDA,186.0050048828125,186.03750610351562,184.5500030517578,184.89999389648438,184.89999389648438,7250258,0.0,0.0
2026-01-13T09:30:00-0500,NVDA,184.9600067138672,185.13999938964844,183.6313018798828,183.91749572753906,183.91749572753906,23396967,0.0,0.0
2026-01-13T10:30:00-0500,NVDA,183.91000366210938,185.8000030517578,183.41000366210938,185.22999572753906,185.22999572753906,17247104,0.0,0.0
2026-01-13T11:30:00-0500,NVDA,185.24000549316406,188.10989379882812,185.08999633789062,186.39999389648438,186.39999389648438,18595078,0.0,0.0
2026-01-13T12:30:00-0500,NVDA,186.39999389648438,186.5865020751953,184.58999633789062,185.0699005126953,185.0699005126953,12037560,0.0,0.0
2026-01-13T13:30:00-0500,NVDA,185.07000732421875,185.1699981689453,184.42999267578125,184.78990173339844,184.78990173339844,9161964,0.0,0.0
2026-01-13T14:30:00-0500,NVDA,184.77999877929688,184.8800048828125,184.21499633789062,184.72000122070312,184.72000122070312,10894475,0.0,0.0
2026-01-13T15:30:00-0500,NVDA,184.7227020263672,185.85000610351562,184.50010681152344,185.82000732421875,185.82000732421875,9301670,0.0,0.0
2026-01-14T09:30:00-0500,NVDA,183.78500366210938,184.0,180.91000366210938,181.6750030517578,181.6750030517578,31179261,0.0,0.0
2026-01-14T10:30:00-0500,NVDA,181.65460205078125,182.6300048828125,181.23500061035156,181.98500061035156,181.98500061035156,13745617,0.0,0.0
2026-01-14T11:30:00-0500,NVDA,181.99169921875,182.1300048828125,181.3625030517578,182.10000610351562,182.10000610351562,10577549,0.0,0.0
2026-01-14T12:30:00-0500,NVDA,182.08999633789062,182.32000732421875,181.5449981689453,182.22000122070312,182.22000122070312,9658660,0.0,0.0
2026-01-14T13:30:00-0500,NVDA,182.22000122070312,182.25,181.5500946044922,181.82000732421875,181.82000732421875,8195076,0.0,0.0
2026-01-14T14:30:00-0500,NVDA,181.83999633789062,182.61000061035156,180.8300018310547,182.14999389648438,182.14999389648438,12799407,0.0,0.0
2026-01-14T15:30:00-0500,NVDA,182.14999389648438,183.3300018310547,182.07000732421875,183.1699981689453,183.1699981689453,10193733,0.0,0.0
2026-01-15T09:30:00-0500,NVDA,186.86000061035156,189.17999267578125,186.38499450683594,187.60000610351562,187.60000610351562,41062050,0.0,0.0
2026-01-15T10:30:00-0500,NVDA,187.60000610351562,188.5500030517578,186.83009338378906,187.5200958251953,187.5200958251953,15913647,0.0,0.0
2026-01-15T11:30:00-0500,NVDA,187.50999450683594,189.2899932861328,187.3300018310547,188.61349487304688,188.61349487304688,17182601,0.0,0.0
2026-01-15T12:30:00-0500,NVDA,188.6199951171875,189.24000549316406,188.14999389648438,189.2301025390625,189.2301025390625,11251165,0.0,0.0
2026-01-15T13:30:00-0500,NVDA,189.22999572753906,189.6999969482422,188.23500061035156,188.39500427246094,188.39500427246094,13200932,0.0,0.0
2026-01-15T14:30:00-0500,NVDA,188.38999938964844,189.38499450683594,187.17999267578125,187.4250030517578,187.4250030517578,16006085,0.0,0.0
2026-01-15T15:30:00-0500,NVDA,187.4199981689453,187.52999877929688,186.3300018310547,187.13999938964844,187.13999938964844,11812011,0.0,0.0
2026-01-16T09:30:00-0500,NVDA,188.83999633789062,190.44000244140625,187.62010192871094,187.63839721679688,187.63839721679688,38626121,0.0,0.0
2026-01-16T10:30:00-0500,NVDA,187.63009643554688,188.1696014404297,187.08999633789062,187.99000549316406,187.99000549316406,14426542,0.0,0.0
2026-01-16T11:30:00-0500,NVDA,187.98500061035156,188.375,187.6300048828125,188.02999877929688,188.02999877929688,10840609,0.0,0.0
2026-01-16T12:30:00-0500,NVDA,188.02000427246094,188.25,187.42999267578125,187.93499755859375,187.93499755859375,10212531,0.0,0.0
2026-01-16T13:30:00-0500,NVDA,187.94000244140625,188.4136962890625,187.64500427246094,187.69000244140625,187.69000244140625,8760813,0.0,0.0
2026-01-16T14:30:00-0500,NVDA,187.6800994873047,188.02499389648438,187.61500549316406,187.74000549316406,187.74000549316406,9080726,0.0,0.0
2026-01-16T15:30:00-0500,NVDA,187.74000549316406,187.86000061035156,186.0800018310547,186.22999572753906,186.22999572753906,11380197,0.0,0.0
2026-01-20T09:30:00-0500,NVDA,181.89999389648438,182.375,179.58999633789062,180.8000030517578,180.8000030517578,43771661,0.0,0.0
2026-01-20T10:30:00-0500,NVDA,180.77000427246094,181.62269592285156,179.81500244140625,180.3199005126953,180.3199005126953,22206399,0.0,0.0
2026-01-20T11:30:00-0500,NVDA,180.31500244140625,180.47999572753906,179.55999755859375,180.0198974609375,180.0198974609375,17266194,0.0,0.0
2026-01-20T12:30:00-0500,NVDA,180.00999450683594,180.08999633789062,179.27000427246094,179.52000427246094,179.52000427246094,11847931,0.0,0.0
2026-01-20T13:30:00-0500,NVDA,179.5,179.97999572753906,178.89999389648438,179.43499755859375,179.43499755859375,12605910,0.0,0.0
2026-01-20T14:30:00-0500,NVDA,179.41000366210938,179.63999938964844,178.35499572753906,178.4949951171875,178.4949951171875,12805916,0.0,0.0
2026-01-20T15:30:00-0500,NVDA,178.4949951171875,178.92999267578125,177.6199951171875,178.2100067138672,178.2100067138672,15204088,0.0,0.0
2026-01-21T09:30:00-0500,NVDA,179.0500030517578,180.96009826660156,178.39999389648438,180.80999755859375,180.80999755859375,29335836,0.0,0.0
2026-01-21T10:30:00-0500,NVDA,180.80999755859375,183.74000549316406,180.6999969482422,182.73550415039062,182.73550415039062,20623670,0.0,0.0
2026-01-21T11:30:00-0500,NVDA,182.72000122070312,182.75,179.35000610351562,179.43499755859375,179.43499755859375,17371067,0.0,0.0
2026-01-21T12:30:00-0500,NVDA,179.43499755859375,180.50999450683594,179.19500732421875,180.2449951171875,180.2449951171875,11214251,0.0,0.0
2026-01-21T13:30:00-0500,NVDA,180.26010131835938,183.08999633789062,180.14010620117188,182.97999572753906,182.97999572753906,11543309,0.0,0.0
2026-01-21T14:30:00-0500,NVDA,182.97999572753906,185.37899780273438,182.86000061035156,183.7899932861328,183.7899932861328,23163020,0.0,0.0
2026-01-21T15:30:00-0500,NVDA,183.77999877929688,184.72000122070312,183.18499755859375,183.32000732421875,183.32000732421875,12393974,0.0,0.0
2026-01-22T09:30:00-0500,NVDA,184.7449951171875,186.16000366210938,183.92999267578125,184.8699951171875,184.8699951171875,28406345,0.0,0.0
2026-01-22T10:30:00-0500,NVDA,184.8699951171875,185.8350067138672,184.47999572753906,185.73550415039062,185.73550415039062,12426040,0.0,0.0
2026-01-22T11:30:00-0500,NVDA,185.73399353027344,186.1699981689453,184.66000366210938,184.97500610351562,184.97500610351562,12791084,0.0,0.0
2026-01-22T12:30:00-0500,NVDA,184.97999572753906,185.23500061035156,184.4149932861328,184.72549438476562,184.72549438476562,10627960,0.0,0.0
2026-01-22T13:30:00-0500,NVDA,184.7100067138672,184.8800048828125,184.2805938720703,184.65499877929688,184.65499877929688,7722254,0.0,0.0
2026-01-22T14:30:00-0500,NVDA,184.64999389648438,184.86000061035156,184.08999633789062,184.11000061035156,184.11000061035156,9579552,0.0,0.0
2026-01-22T15:30:00-0500,NVDA,184.10000610351562,184.8699951171875,183.92999267578125,184.8300018310547,184.8300018310547,7630030,0.0,0.0
2026-01-23T09:30:00-0500,NVDA,187.48500061035156,189.60000610351562,186.82330322265625,187.65499877929688,187.65499877929688,31955472,0.0,0.0
2026-01-23T10:30:00-0500,NVDA,187.64500427246094,188.08999633789062,187.1300048828125,187.75999450683594,187.75999450683594,11124846,0.0,0.0
2026-01-23T11:30:00-0500,NVDA,187.75,188.23609924316406,187.19500732421875,187.74009704589844,187.74009704589844,10929600,0.0,0.0
2026-01-23T12:30:00-0500,NVDA,187.75,188.09500122070312,187.14500427246094,187.89500427246094,187.89500427246094,9086987,0.0,0.0
2026-01-23T13:30:00-0500,NVDA,187.89999389648438,188.41000366210938,187.51499938964844,187.8300018310547,187.8300018310547,8542009,0.0,0.0
2026-01-23T14:30:00-0500,NVDA,187.80999755859375,188.02999877929688,187.11000061035156,187.22999572753906,187.22999572753906,9352649,0.0,0.0
2026-01-23T15:30:00-0500,NVDA,187.22000122070312,187.9149932861328,187.13999938964844,187.6699981689453,187.6699981689453,7833862,0.0,0.0
2026-01-26T09:30:00-0500,NVDA,187.07000732421875,189.1199951171875,186.85000610351562,187.3459930419922,187.3459930419922,26709879,0.0,0.0
2026-01-26T10:30:00-0500,NVDA,187.33450317382812,187.61000061035156,186.00999450683594,186.80499267578125,186.80499267578125,14032874,0.0,0.0
2026-01-26T11:30:00-0500,NVDA,186.7899932861328,187.24000549316406,186.44000244140625,186.66000366210938,186.66000366210938,8942861,0.0,0.0
2026-01-26T12:30:00-0500,NVDA,186.63999938964844,186.7100067138672,185.99000549316406,186.42999267578125,186.42999267578125,8131157,0.0,0.0
2026-01-26T13:30:00-0500,NVDA,186.41000366210938,187.0800018310547,186.41000366210938,186.5749969482422,186.5749969482422,7632265,0.0,0.0
2026-01-26T14:30:00-0500,NVDA,186.56869506835938,186.67999267578125,186.0,186.44500732421875,186.44500732421875,7964393,0.0,0.0
2026-01-26T15:30:00-0500,NVDA,186.4499969482422,186.8000030517578,186.24000549316406,186.38999938964844,186.38999938964844,6378125,0.0,0.0
2026-01-27T09:30:00-0500,NVDA,187.24000549316406,189.5050048828125,185.6999969482422,188.91510009765625,188.91510009765625,26462339,0.0,0.0
2026-01-27T10:30:00-0500,NVDA,188.9199981689453,190.0,188.88999938964844,189.70579528808594,189.70579528808594,15491427,0.0,0.0
2026-01-27T11:30:00-0500,NVDA,189.7100067138672,190.0,189.41000366210938,189.68499755859375,189.68499755859375,9426192,0.0,0.0
2026-01-27T12:30:00-0500,NVDA,189.69000244140625,190.0,188.89999389648438,189.48500061035156,189.48500061035156,11268576,0.0,0.0
2026-01-27T13:30:00-0500,NVDA,189.49000549316406,189.77999877929688,189.0449981689453,189.125,189.125,9872166,0.0,0.0
2026-01-27T14:30:00-0500,NVDA,189.1300048828125,189.72000122070312,188.9499969482422,189.4250030517578,189.4250030517578,10276591,0.0,0.0
2026-01-27T15:30:00-0500,NVDA,189.4199981689453,189.42999267578125,188.47279357910156,188.5399932861328,188.5399932861328,7688049,0.0,0.0
2026-01-28T09:30:00-0500,NVDA,191.2899932861328,192.35000610351562,190.1300048828125,191.40499877929688,191.40499877929688,29505783,0.0,0.0
2026-01-28T10:30:00-0500,NVDA,191.40499877929688,192.03990173339844,190.72300720214844,191.77999877929688,191.77999877929688,14818854,0.0,0.0
2026-01-28T11:30:00-0500,NVDA,191.77000427246094,191.77000427246094,189.83999633789062,191.09579467773438,191.09579467773438,14169875,0.0,0.0
2026-01-28T12:30:00-0500,NVDA,191.0850067138672,191.78799438476562,190.8249969482422,191.72000122070312,191.72000122070312,9289559,0.0,0.0
2026-01-28T13:30:00-0500,NVDA,191.73500061035156,192.2100067138672,191.3800048828125,191.52000427246094,191.52000427246094,10051502,0.0,0.0
2026-01-28T14:30:00-0500,NVDA,191.50999450683594,192.32000732421875,190.90370178222656,191.6230010986328,191.6230010986328,12697817,0.0,0.0
2026-01-28T15:30:00-0500,NVDA,191.6199951171875,191.7899932861328,190.8699951171875,191.5399932861328,191.5399932861328,8804660,0.0,0.0
2026-01-29T09:30:00-0500,NVDA,191.33999633789062,193.47999572753906,188.35000610351562,188.92999267578125,188.92999267578125,31030481,0.0,0.0
2026-01-29T10:30:00-0500,NVDA,188.92999267578125,189.0,186.05999755859375,187.8350067138672,187.8350067138672,21813216,0.0,0.0
2026-01-29T11:30:00-0500,NVDA,187.8300018310547,189.83999633789062,187.69000244140625,189.5449981689453,189.5449981689453,13577127,0.0,0.0
2026-01-29T12:30:00-0500,NVDA,189.5399932861328,190.69000244140625,189.1699981689453,190.05499267578125,190.05499267578125,12734523,0.0,0.0
2026-01-29T13:30:00-0500,NVDA,190.05999755859375,190.77999877929688,189.7050018310547,190.36000061035156,190.36000061035156,9429560,0.0,0.0
2026-01-29T14:30:00-0500,NVDA,190.36000061035156,191.4499969482422,190.02000427246094,190.94500732421875,190.94500732421875,10769502,0.0,0.0
2026-01-29T15:30:00-0500,NVDA,190.93499755859375,192.75,190.86000061035156,192.42999267578125,192.42999267578125,12608559,0.0,0.0
2026-01-30T09:30:00-0500,NVDA,191.21499633789062,193.42999267578125,190.90960693359375,191.65499877929688,191.65499877929688,26075854,0.0,0.0
2026-01-30T10:30:00-0500,NVDA,191.64500427246094,192.17999267578125,191.22500610351562,192.01939392089844,192.01939392089844,1626247,0.0,0.0
2026-01-30T11:30:00-0500,NVDA,,,,,,0,0.0,0.0
2026-01-30T12:30:00-0500,NVDA,,,,,,0,0.0,0.0
2026-01-30T13:30:00-0500,NVDA,,,,,,0,0.0,0.0
2026-01-30T14:30:00-0500,NVDA,,,,,,0,0.0,0.0
2026-01-30T15:30:00-0500,NVDA,,,,,,0,0.0,0.0
2026-02-02T09:30:00-0500,NVDA,,,,,,0,0.0,0.0
2026-02-02T10:30:00-0500,NVDA,,,,,,0,0.0,0.0
2026-02-02T11:30:00-0500,NVDA,,,,,,0,0.0,0.0
2026-02-02T12:30:00-0500,NVDA,,,,,,0,0.0,0.0
2026-02-02T13:30:00-0500,NVDA,189.86000061035156,190.10000610351562,189.5800018310547,189.9199981689453,189.9199981689453,41108232,0.0,0.0
2026-02-02T14:30:00-0500,NVDA,189.9149932861328,189.9600067138672,186.08009338378906,186.1750030517578,186.1750030517578,16398097,0.0,0.0
2026-02-02T15:30:00-0500,NVDA,186.18499755859375,186.30999755859375,184.8800048828125,185.69000244140625,185.69000244140625,14576292,0.0,0.0
2026-02-03T09:30:00-0500,NVDA,186.23500061035156,186.24000549316406,179.55999755859375,180.29989624023438,180.29989624023438,36764666,0.0,0.0
2026-02-03T10:30:00-0500,NVDA,180.27999877929688,180.9600067138672,179.0800018310547,179.10000610351562,179.10000610351562,18459623,0.0,0.0
2026-02-03T11:30:00-0500,NVDA,179.09010314941406,180.49000549316406,179.09010314941406,180.00010681152344,180.00010681152344,13626585,0.0,0.0
2026-02-03T12:30:00-0500,NVDA,180.0,180.0749969482422,178.64999389648438,179.1584930419922,179.1584930419922,50779155,0.0,0.0
2026-02-03T13:30:00-0500,NVDA,179.14500427246094,179.52000427246094,178.0500030517578,178.69500732421875,178.69500732421875,0,0.0,0.0
2026-02-03T14:30:00-0500,NVDA,178.6750030517578,179.02000427246094,176.22999572753906,178.69700622558594,178.69700622558594,19572051,0.0,0.0
2026-02-03T15:30:00-0500,NVDA,178.69509887695312,180.48500061035156,178.67999267578125,180.3300018310547,180.3300018310547,12029640,0.0,0.0
2026-02-04T09:30:00-0500,NVDA,179.44000244140625,179.57000732421875,176.6199951171875,177.19520568847656,177.19520568847656,26799337,0.0,0.0
2026-02-04T10:30:00-0500,NVDA,177.1999969482422,177.55999755859375,174.4842071533203,175.25,175.25,20952975,0.0,0.0
2026-02-04T11:30:00-0500,NVDA,175.24000549316406,175.3000030517578,173.27000427246094,173.35000610351562,173.35000610351562,16589189,0.0,0.0
2026-02-04T12:30:00-0500,NVDA,173.33999633789062,174.32000732421875,171.91000366210938,174.12660217285156,174.12660217285156,18911010,0.0,0.0
2026-02-04T13:30:00-0500,NVDA,174.13999938964844,175.00999450683594,172.89999389648438,174.94009399414062,174.94009399414062,13287616,0.0,0.0
2026-02-04T14:30:00-0500,NVDA,174.92999267578125,176.13999938964844,174.25,175.27099609375,175.27099609375,15314438,0.0,0.0
2026-02-04T15:30:00-0500,NVDA,175.27110290527344,175.88999938964844,174.19500732421875,174.1999969482422,174.1999969482422,11531460,0.0,0.0
2026-02-05T09:30:00-0500,NVDA,174.9250030517578,176.80999755859375,171.30999755859375,171.5850067138672,171.5850067138672,35556583,0.0,0.0
2026-02-05T10:30:00-0500,NVDA,171.5800018310547,174.25999450683594,171.44000244140625,174.2550048828125,174.2550048828125,18782253,0.0,0.0
2026-02-05T11:30:00-0500,NVDA,174.27000427246094,175.77479553222656,174.17999267578125,175.28500366210938,175.28500366210938,14405499,0.0,0.0
2026-02-05T12:30:00-0500,NVDA,175.29989624023438,175.6999969482422,174.02000427246094,174.3300018310547,174.3300018310547,9909346,0.0,0.0
2026-02-05T13:30:00-0500,NVDA,174.30999755859375,174.74000549316406,172.89999389648438,173.6699981689453,173.6699981689453,11166823,0.0,0.0
2026-02-05T14:30:00-0500,NVDA,173.65499877929688,174.22000122070312,172.1699981689453,172.26010131835938,172.26010131835938,11241371,0.0,0.0
2026-02-05T15:30:00-0500,NVDA,172.25,172.5,171.02999877929688,171.82000732421875,171.82000732421875,11583645,0.0,0.0
2026-02-06T09:30:00-0500,NVDA,176.69000244140625,182.88499450683594,174.60000610351562,182.64999389648438,182.64999389648438,43992598,0.0,0.0
2026-02-06T10:30:00-0500,NVDA,182.6425018310547,184.25,181.9250030517578,183.97999572753906,183.97999572753906,23254485,0.0,0.0
2026-02-06T11:30:00-0500,NVDA,183.97999572753906,184.64500427246094,182.91000366210938,184.5312042236328,184.5312042236328,16217369,0.0,0.0
2026-02-06T12:30:00-0500,NVDA,184.52000427246094,185.1699981689453,184.2100067138672,184.5102996826172,184.5102996826172,13680434,0.0,0.0
2026-02-06T13:30:00-0500,NVDA,184.5135040283203,185.02000427246094,184.13499450683594,184.44500732421875,184.44500732421875,9404085,0.0,0.0
2026-02-06T14:30:00-0500,NVDA,184.4499969482422,185.58999633789062,184.3000030517578,185.3350067138672,185.3350067138672,14219330,0.0,0.0
2026-02-06T15:30:00-0500,NVDA,185.3300018310547,187.0,185.1999969482422,185.41000366210938,185.41000366210938,15861985,0.0,0.0
2026-02-09T09:30:00-0500,NVDA,184.10000610351562,193.66000366210938,184.0,190.66000366210938,190.66000366210938,52895611,0.0,0.0
2026-02-09T10:30:00-0500,NVDA,190.6999969482422,192.14999389648438,190.6999969482422,191.8249969482422,191.8249969482422,16568890,0.0,0.0
2026-02-09T11:30:00-0500,NVDA,191.80999755859375,192.52000427246094,191.30499267578125,191.58999633789062,191.58999633789062,13787785,0.0,0.0
2026-02-09T12:30:00-0500,NVDA,191.58999633789062,192.05990600585938,190.77999877929688,190.9929962158203,190.9929962158203,9397729,0.0,0.0
2026-02-09T13:30:00-0500,NVDA,190.985107421875,191.5,190.63999938964844,191.00999450683594,191.00999450683594,9257464,0.0,0.0
2026-02-09T14:30:00-0500,NVDA,191.0050048828125,198.72500610351562,189.6300048828125,189.89999389648438,189.89999389648438,12988392,0.0,0.0
2026-02-09T15:30:00-0500,NVDA,189.88999938964844,190.5,189.53500366210938,189.7899932861328,189.7899932861328,10705934,0.0,0.0
2026-02-10T09:30:00-0500,NVDA,191.40499877929688,192.47999572753906,188.1199951171875,189.17320251464844,189.17320251464844,29239093,0.0,0.0
2026-02-10T10:30:00-0500,NVDA,189.16000366210938,190.3300018310547,188.84500122070312,189.12010192871094,189.12010192871094,13633209,0.0,0.0
2026-02-10T11:30:00-0500,NVDA,189.1199951171875,190.16000366210938,188.91000366210938,189.69000244140625,189.69000244140625,8843117,0.0,0.0
2026-02-10T12:30:00-0500,NVDA,189.67999267578125,190.44000244140625,189.19000244140625,189.2449951171875,189.2449951171875,8346711,0.0,0.0
2026-02-10T13:30:00-0500,NVDA,189.24000549316406,189.60000610351562,189.07000732421875,189.21499633789062,189.21499633789062,6039719,0.0,0.0
2026-02-10T14:30:00-0500,NVDA,189.22000122070312,189.55499267578125,188.4199981689453,189.10000610351562,189.10000610351562,9308355,0.0,0.0
2026-02-10T15:30:00-0500,NVDA,189.10000610351562,189.42999267578125,188.3800048828125,188.61000061035156,188.61000061035156,6982075,0.0,0.0
2026-02-11T09:30:00-0500,NVDA,192.4199981689453,193.25999450683594,188.77000427246094,188.9199981689453,188.9199981689453,32129202,0.0,0.0
2026-02-11T10:30:00-0500,NVDA,188.9250030517578,192.18499755859375,188.8699951171875,191.289794921875,191.289794921875,18144329,0.0,0.0
2026-02-11T11:30:00-0500,NVDA,191.27999877929688,192.10499572753906,190.3699951171875,191.98500061035156,191.98500061035156,11344285,0.0,0.0
2026-02-11T12:30:00-0500,NVDA,191.97999572753906,192.27999877929688,191.10000610351562,191.43099975585938,191.43099975585938,8748863,0.0,0.0
2026-02-11T13:30:00-0500,NVDA,191.44000244140625,192.2100067138672,190.97000122070312,192.0449981689453,192.0449981689453,7656291,0.0,0.0
2026-02-11T14:30:00-0500,NVDA,192.0399932861328,192.15499877929688,190.9550018310547,191.05999755859375,191.05999755859375,7857075,0.0,0.0
2026-02-11T15:30:00-0500,NVDA,191.0500030517578,191.36000061035156,189.9600067138672,190.02999877929688,190.02999877929688,7713715,0.0,0.0
2026-02-12T09:30:00-0500,NVDA,193.02999877929688,193.60000610351562,190.52000427246094,191.69000244140625,191.69000244140625,27666471,0.0,0.0
2026-02-12T10:30:00-0500,NVDA,191.70069885253906,191.8199005126953,187.24000549316406,187.30499267578125,187.30499267578125,20283149,0.0,0.0
2026-02-12T11:30:00-0500,NVDA,187.32000732421875,189.97999572753906,187.22999572753906,189.5749969482422,189.5749969482422,14914347,0.0,0.0
2026-02-12T12:30:00-0500,NVDA,189.55999755859375,190.52999877929688,188.5399932861328,189.25,189.25,12965171,0.0,0.0
2026-02-12T13:30:00-0500,NVDA,189.25,190.0,188.9199981689453,189.0500030517578,189.0500030517578,9508266,0.0,0.0
2026-02-12T14:30:00-0500,NVDA,189.07000732421875,189.47999572753906,187.50999450683594,187.60000610351562,187.60000610351562,10523188,0.0,0.0
2026-02-12T15:30:00-0500,NVDA,187.58999633789062,187.97999572753906,186.50999450683594,186.91000366210938,186.91000366210938,11600879,0.0,0.0
2026-02-13T09:30:00-0500,NVDA,187.46499633789062,187.47000122070312,182.17999267578125,184.0800018310547,184.0800018310547,36099600,0.0,0.0
2026-02-13T10:30:00-0500,NVDA,184.05999755859375,185.17999267578125,182.30130004882812,183.59500122070312,183.59500122070312,16832869,0.0,0.0
2026-02-13T11:30:00-0500,NVDA,183.58999633789062,184.7100067138672,183.0850067138672,184.5500030517578,184.5500030517578,9913912,0.0,0.0
2026-02-13T12:30:00-0500,NVDA,184.55999755859375,184.97999572753906,183.4600067138672,184.22000122070312,184.22000122070312,8906348,0.0,0.0
2026-02-13T13:30:00-0500,NVDA,184.24000549316406,184.86000061035156,183.55999755859375,183.69000244140625,183.69000244140625,6974694,0.0,0.0
2026-02-13T14:30:00-0500,NVDA,183.72000122070312,184.27999877929688,182.0500030517578,182.30589294433594,182.30589294433594,11523863,0.0,0.0
2026-02-13T15:30:00-0500,NVDA,182.2949981689453,183.1199951171875,181.58999633789062,182.78500366210938,182.78500366210938,11695004,0.0,0.0
2026-02-17T09:30:00-0500,NVDA,181.72000122070312,183.4199981689453,179.17999267578125,180.41000366210938,180.41000366210938,27099755,0.0,0.0
2026-02-17T10:30:00-0500,NVDA,180.39999389648438,184.3699951171875,179.27000427246094,183.5800018310547,183.5800018310547,18859264,0.0,0.0
2026-02-17T11:30:00-0500,NVDA,183.57000732421875,184.75,183.19000244140625,184.7050018310547,184.7050018310547,12755043,0.0,0.0
2026-02-17T12:30:00-0500,NVDA,184.7449951171875,185.5,183.6199951171875,185.35000610351562,185.35000610351562,12008333,0.0,0.0
2026-02-17T13:30:00-0500,NVDA,185.36000061035156,186.4499053955078,185.0,186.41700744628906,186.41700744628906,10075969,0.0,0.0
2026-02-17T14:30:00-0500,NVDA,186.42999267578125,187.14999389648438,185.3300018310547,185.4250030517578,185.4250030517578,11583987,0.0,0.0
2026-02-17T15:30:00-0500,NVDA,185.3800048828125,185.5,184.36000061035156,184.97999572753906,184.97999572753906,9243775,0.0,0.0
2026-02-18T09:30:00-0500,NVDA,188.75,190.2299041748047,187.35000610351562,189.77569580078125,189.77569580078125,45553682,0.0,0.0
2026-02-18T10:30:00-0500,NVDA,189.77000427246094,190.3699951171875,189.25,189.77499389648438,189.77499389648438,0,0.0,0.0
2026-02-18T11:30:00-0500,NVDA,189.77000427246094,189.9550018310547,188.66000366210938,189.139892578125,189.139892578125,11122908,0.0,0.0
2026-02-18T12:30:00-0500,NVDA,189.139892578125,189.69500732421875,188.89500427246094,188.94000244140625,188.94000244140625,6705103,0.0,0.0
2026-02-18T13:30:00-0500,NVDA,188.94000244140625,189.12989807128906,188.1999969482422,188.56419372558594,188.56419372558594,9756650,0.0,0.0
2026-02-18T14:30:00-0500,NVDA,188.55499267578125,188.6699981689453,186.75999450683594,186.97000122070312,186.97000122070312,13920476,0.0,0.0
2026-02-18T15:30:00-0500,NVDA,186.9600067138672,188.5,186.91000366210938,187.88999938964844,187.88999938964844,55898935,0.0,0.0
2026-02-19T09:30:00-0500,NVDA,187.02999877929688,188.2899932861328,185.66000366210938,187.6190948486328,187.6190948486328,20569888,0.0,0.0
2026-02-19T10:30:00-0500,NVDA,187.61000061035156,188.42999267578125,186.9199981689453,187.30999755859375,187.30999755859375,12628047,0.0,0.0
2026-02-19T11:30:00-0500,NVDA,187.3300018310547,187.7899932861328,186.39999389648438,186.6300048828125,186.6300048828125,9760430,0.0,0.0
2026-02-19T12:30:00-0500,NVDA,186.6199951171875,186.6750030517578,185.7899932861328,186.19940185546875,186.19940185546875,8553635,0.0,0.0
2026-02-19T13:30:00-0500,NVDA,186.17999267578125,187.05999755859375,186.15939331054688,186.52999877929688,186.52999877929688,7010595,0.0,0.0
2026-02-19T14:30:00-0500,NVDA,186.52149963378906,187.06500244140625,186.3625946044922,186.79510498046875,186.79510498046875,7527474,0.0,0.0
2026-02-19T15:30:00-0500,NVDA,186.7899932861328,187.93899536132812,186.72000122070312,187.88999938964844,187.88999938964844,6612222,0.0,0.0
2026-02-20T09:30:00-0500,NVDA,186.52000427246094,189.33999633789062,185.93780517578125,187.81500244140625,187.81500244140625,27799788,0.0,0.0
2026-02-20T10:30:00-0500,NVDA,187.83999633789062,190.3300018310547,187.51499938964844,188.7949981689453,188.7949981689453,19072274,0.0,0.0
2026-02-20T11:30:00-0500,NVDA,188.7949981689453,190.1999969482422,187.6300048828125,187.94000244140625,187.94000244140625,14472955,0.0,0.0
2026-02-20T12:30:00-0500,NVDA,187.93499755859375,188.97999572753906,187.86000061035156,188.67999267578125,188.67999267578125,11926040,0.0,0.0
2026-02-20T13:30:00-0500,NVDA,188.6999969482422,190.08999633789062,188.3300018310547,189.36500549316406,189.36500549316406,11532581,0.0,0.0
2026-02-20T14:30:00-0500,NVDA,189.36000061035156,189.88999938964844,188.94000244140625,189.4199981689453,189.4199981689453,8798931,0.0,0.0
2026-02-20T15:30:00-0500,NVDA,189.42999267578125,190.0,189.3699951171875,189.8300018310547,189.8300018310547,7619446,0.0,0.0
2026-02-23T09:30:00-0500,NVDA,191.44500732421875,193.9499969482422,190.9199981689453,191.32000732421875,191.32000732421875,34473317,0.0,0.0
2026-02-23T10:30:00-0500,NVDA,191.3300018310547,191.6696014404297,189.5749969482422,190.49659729003906,190.49659729003906,17744253,0.0,0.0
2026-02-23T11:30:00-0500,NVDA,190.49000549316406,191.32000732421875,190.42230224609375,190.9499969482422,190.9499969482422,11613687,0.0,0.0
2026-02-23T12:30:00-0500,NVDA,190.94000244140625,191.74000549316406,189.72500610351562,191.4600067138672,191.4600067138672,12495769,0.0,0.0
2026-02-23T13:30:00-0500,NVDA,191.45590209960938,191.75,190.57000732421875,190.5800018310547,190.5800018310547,9658558,0.0,0.0
2026-02-23T14:30:00-0500,NVDA,190.57000732421875,190.9499969482422,190.19000244140625,190.88999938964844,190.88999938964844,10203395,0.0,0.0
2026-02-23T15:30:00-0500,NVDA,190.88999938964844,191.64999389648438,190.64999389648438,191.61000061035156,191.61000061035156,10753581,0.0,0.0
2026-02-24T09:30:00-0500,NVDA,191.48500061035156,192.07000732421875,187.39999389648438,192.00999450683594,192.00999450683594,31917690,0.0,0.0
2026-02-24T10:30:00-0500,NVDA,192.0,193.25,191.71499633789062,192.14999389648438,192.14999389648438,16931266,0.0,0.0
2026-02-24T11:30:00-0500,NVDA,192.1501007080078,193.75,191.8800048828125,193.23500061035156,193.23500061035156,13263753,0.0,0.0
2026-02-24T12:30:00-0500,NVDA,193.23989868164062,193.60000610351562,192.8800048828125,192.94009399414062,192.94009399414062,8116758,0.0,0.0
2026-02-24T13:30:00-0500,NVDA,192.94500732421875,193.08999633789062,192.16000366210938,192.42999267578125,192.42999267578125,8644384,0.0,0.0
2026-02-24T14:30:00-0500,NVDA,192.43499755859375,193.0500030517578,192.4001007080078,192.78500366210938,192.78500366210938,9349318,0.0,0.0
2026-02-24T15:30:00-0500,NVDA,192.7899932861328,193.77000427246094,192.66000366210938,192.8699951171875,192.8699951171875,10170522,0.0,0.0
2026-02-25T09:30:00-0500,NVDA,194.47000122070312,196.55999755859375,193.8000030517578,196.04510498046875,196.04510498046875,55504706,0.0,0.0
2026-02-25T10:30:00-0500,NVDA,196.04010009765625,196.6199951171875,195.5,196.33999633789062,196.33999633789062,0,0.0,0.0
2026-02-25T11:30:00-0500,NVDA,196.3300018310547,197.62989807128906,196.3300018310547,197.36000061035156,197.36000061035156,17167407,0.0,0.0
2026-02-25T12:30:00-0500,NVDA,197.35009765625,197.52999877929688,196.60499572753906,196.7299041748047,196.7299041748047,48572207,0.0,0.0
2026-02-25T13:30:00-0500,NVDA,196.72500610351562,197.4499969482422,196.4810028076172,197.0998992919922,197.0998992919922,0,0.0,0.0
2026-02-25T14:30:00-0500,NVDA,197.08900451660156,197.3699951171875,196.67999267578125,196.89500427246094,196.89500427246094,13553001,0.0,0.0
2026-02-25T15:30:00-0500,NVDA,196.88999938964844,197.2100067138672,195.52000427246094,195.8800048828125,195.8800048828125,16776117,0.0,0.0
2026-02-26T09:30:00-0500,NVDA,194.2100067138672,194.2100067138672,185.5800018310547,186.09500122070312,186.09500122070312,79010681,0.0,0.0
2026-02-26T10:30:00-0500,NVDA,186.10000610351562,187.93980407714844,184.5800018310547,187.8249969482422,187.8249969482422,37958256,0.0,0.0
2026-02-26T11:30:00-0500,NVDA,187.77999877929688,187.97000122070312,185.85000610351562,187.5749969482422,187.5749969482422,21772751,0.0,0.0
2026-02-26T12:30:00-0500,NVDA,187.57000732421875,188.1199951171875,184.86000061035156,185.35499572753906,185.35499572753906,20471972,0.0,0.0
2026-02-26T13:30:00-0500,NVDA,185.34500122070312,186.6999969482422,184.822998046875,185.29989624023438,185.29989624023438,20354965,0.0,0.0
2026-02-26T14:30:00-0500,NVDA,185.2949981689453,185.82000732421875,184.31500244140625,184.6898956298828,184.6898956298828,20238432,0.0,0.0
2026-02-26T15:30:00-0500,NVDA,184.67999267578125,185.5500030517578,184.33999633789062,184.89999389648438,184.89999389648438,17624324,0.0,0.0
2026-02-27T09:30:00-0500,NVDA,181.22000122070312,182.5800018310547,179.57000732421875,181.8350067138672,181.8350067138672,51155508,0.0,0.0
2026-02-27T10:30:00-0500,NVDA,181.83999633789062,182.25,181.0,181.02000427246094,181.02000427246094,17238608,0.0,0.0
2026-02-27T11:30:00-0500,NVDA,181.02999877929688,181.4600067138672,179.0500030517578,179.9149932861328,179.9149932861328,17647740,0.0,0.0
2026-02-27T12:30:00-0500,NVDA,179.9250030517578,180.2899932861328,178.64999389648438,178.97000122070312,178.97000122070312,14614608,0.0,0.0
2026-02-27T13:30:00-0500,NVDA,178.97889709472656,179.30999755859375,178.10000610351562,178.6649932861328,178.6649932861328,16081199,0.0,0.0
2026-02-27T14:30:00-0500,NVDA,178.6699981689453,179.6999969482422,178.4199981689453,178.89999389648438,178.89999389648438,16816888,0.0,0.0
2026-02-27T15:30:00-0500,NVDA,178.88999938964844,178.98500061035156,176.3800048828125,177.16000366210938,177.16000366210938,26068673,0.0,0.0
2026-03-02T09:30:00-0500,NVDA,174.8000030517578,181.3800048828125,174.63999938964844,180.5,180.5,45254437,0.0,0.0
2026-03-02T10:30:00-0500,NVDA,180.49000549316406,181.80999755859375,180.00999450683594,180.9199981689453,180.9199981689453,49699069,0.0,0.0
2026-03-02T11:30:00-0500,NVDA,180.93499755859375,183.4600067138672,180.83999633789062,183.05999755859375,183.05999755859375,0,0.0,0.0
2026-03-02T12:30:00-0500,NVDA,183.05499267578125,183.05599975585938,182.2100067138672,182.44509887695312,182.44509887695312,10237938,0.0,0.0
2026-03-02T13:30:00-0500,NVDA,182.4499969482422,182.91000366210938,181.9499969482422,182.64500427246094,182.64500427246094,55594090,0.0,0.0
2026-03-02T14:30:00-0500,NVDA,182.64500427246094,183.0500030517578,181.64500427246094,182.14999389648438,182.14999389648438,16411672,0.0,0.0
2026-03-02T15:30:00-0500,NVDA,182.1699981689453,182.8300018310547,181.99000549316406,182.35000610351562,182.35000610351562,15836427,0.0,0.0
2026-03-03T09:30:00-0500,NVDA,178.4774932861328,180.52999877929688,177.72000122070312,177.77000427246094,177.77000427246094,50710924,0.0,0.0
2026-03-03T10:30:00-0500,NVDA,177.75999450683594,180.0050048828125,176.9199981689453,179.31500244140625,179.31500244140625,31236634,0.0,0.0
2026-03-03T11:30:00-0500,NVDA,179.31500244140625,180.64999389648438,178.94000244140625,180.10499572753906,180.10499572753906,19302177,0.0,0.0
2026-03-03T12:30:00-0500,NVDA,180.10000610351562,180.39999389648438,178.97999572753906,180.14999389648438,180.14999389648438,14349165,0.0,0.0
2026-03-03T13:30:00-0500,NVDA,180.1699981689453,180.89999389648438,179.44000244140625,179.5500030517578,179.5500030517578,13694732,0.0,0.0
2026-03-03T14:30:00-0500,NVDA,179.55999755859375,180.8699951171875,179.14999389648438,180.2050018310547,180.2050018310547,17047547,0.0,0.0
2026-03-03T15:30:00-0500,NVDA,180.1999969482422,180.56500244140625,179.89999389648438,180.0800018310547,180.0800018310547,12169048,0.0,0.0
2026-03-04T09:30:00-0500,NVDA,180.3699951171875,183.5500030517578,180.05999755859375,183.47000122070312,183.47000122070312,49537596,0.0,0.0
2026-03-04T10:30:00-0500,NVDA,183.47999572753906,183.63999938964844,181.8000030517578,182.39999389648438,182.39999389648438,22335669,0.0,0.0
2026-03-04T11:30:00-0500,NVDA,182.39999389648438,183.14500427246094,182.32080078125,182.48500061035156,182.48500061035156,14459566,0.0,0.0
2026-03-04T12:30:00-0500,NVDA,182.49000549316406,183.36000061035156,182.19000244140625,183.04989624023438,183.04989624023438,13044050,0.0,0.0
2026-03-04T13:30:00-0500,NVDA,183.0399932861328,184.6999969482422,182.97999572753906,184.30499267578125,184.30499267578125,21891737,0.0,0.0
2026-03-04T14:30:00-0500,NVDA,184.30499267578125,184.33999633789062,182.60000610351562,183.07000732421875,183.07000732421875,17483899,0.0,0.0
2026-03-04T15:30:00-0500,NVDA,183.0749969482422,183.33999633789062,182.60000610351562,182.91000366210938,182.91000366210938,17451882,0.0,0.0
2026-03-05T09:30:00-0500,NVDA,181.1699981689453,182.7899932861328,180.80999755859375,181.69500732421875,181.69500732421875,39187846,0.0,0.0
2026-03-05T10:30:00-0500,NVDA,181.6999969482422,184.05999755859375,180.85499572753906,182.77999877929688,182.77999877929688,26866863,0.0,0.0
2026-03-05T11:30:00-0500,NVDA,182.8000030517578,183.8300018310547,181.07000732421875,181.07000732421875,181.07000732421875,17633964,0.0,0.0
2026-03-05T12:30:00-0500,NVDA,181.07000732421875,181.22000122070312,177.88999938964844,178.87989807128906,178.87989807128906,36802356,0.0,0.0
2026-03-05T13:30:00-0500,NVDA,178.8699951171875,181.02000427246094,178.8000030517578,180.72999572753906,180.72999572753906,17972462,0.0,0.0
2026-03-05T14:30:00-0500,NVDA,180.72999572753906,182.38999938964844,179.88999938964844,181.875,181.875,20068545,0.0,0.0
2026-03-05T15:30:00-0500,NVDA,181.8800048828125,183.4199981689453,181.70010375976562,183.3300018310547,183.3300018310547,20535969,0.0,0.0
2026-03-06T09:30:00-0500,NVDA,179.83999633789062,182.756103515625,179.63999938964844,181.82009887695312,181.82009887695312,42314271,0.0,0.0
2026-03-06T10:30:00-0500,NVDA,181.82000732421875,182.40499877929688,180.89999389648438,181.7100067138672,181.7100067138672,20012304,0.0,0.0
2026-03-06T11:30:00-0500,NVDA,181.718505859375,182.49000549316406,181.02999877929688,181.13999938964844,181.13999938964844,17253066,0.0,0.0
2026-03-06T12:30:00-0500,NVDA,181.13999938964844,181.8249969482422,180.52000427246094,181.46009826660156,181.46009826660156,14392829,0.0,0.0
2026-03-06T13:30:00-0500,NVDA,181.4499969482422,181.7698974609375,180.19000244140625,180.52999877929688,180.52999877929688,15056438,0.0,0.0
2026-03-06T14:30:00-0500,NVDA,180.52000427246094,180.77000427246094,176.9499969482422,177.1300048828125,177.1300048828125,25886766,0.0,0.0
2026-03-06T15:30:00-0500,NVDA,177.13999938964844,178.37989807128906,176.82009887695312,177.69000244140625,177.69000244140625,26255790,0.0,0.0
2026-03-09T09:30:00-0400,NVDA,176.8300018310547,178.50999450683594,175.55999755859375,178.11000061035156,178.11000061035156,43221028,0.0,0.0
2026-03-09T10:30:00-0400,NVDA,178.08999633789062,179.47999572753906,177.99000549316406,179.18499755859375,179.18499755859375,19919743,0.0,0.0
2026-03-09T11:30:00-0400,NVDA,179.16000366210938,180.62730407714844,178.8000030517578,180.49000549316406,180.49000549316406,16780073,0.0,0.0
2026-03-09T12:30:00-0400,NVDA,180.49000549316406,180.91000366210938,179.17999267578125,179.38999938964844,179.38999938964844,15945158,0.0,0.0
2026-03-09T13:30:00-0400,NVDA,179.39999389648438,180.22000122070312,179.02000427246094,179.91000366210938,179.91000366210938,12583605,0.0,0.0
2026-03-09T14:30:00-0400,NVDA,179.89999389648438,182.07000732421875,179.2899932861328,182.02609252929688,182.02609252929688,21985315,0.0,0.0
2026-03-09T15:30:00-0400,NVDA,182.02999877929688,182.91000366210938,181.4499969482422,182.63999938964844,182.63999938964844,22182613,0.0,0.0
2026-03-10T09:30:00-0400,NVDA,182.39999389648438,184.22500610351562,182.01010131835938,184.0449981689453,184.0449981689453,36549411,0.0,0.0
2026-03-10T10:30:00-0400,NVDA,184.0399932861328,186.44000244140625,184.00999450683594,185.9499969482422,185.9499969482422,31283932,0.0,0.0
2026-03-10T11:30:00-0400,NVDA,185.97000122070312,186.1199951171875,185.04969787597656,185.3076934814453,185.3076934814453,19945381,0.0,0.0
2026-03-10T12:30:00-0400,NVDA,185.32000732421875,186.22500610351562,185.22999572753906,186.13499450683594,186.13499450683594,13122732,0.0,0.0
2026-03-10T13:30:00-0400,NVDA,186.1300048828125,186.1300048828125,184.10000610351562,184.889892578125,184.889892578125,17940859,0.0,0.0
2026-03-10T14:30:00-0400,NVDA,184.88999938964844,185.27000427246094,184.02000427246094,184.39999389648438,184.39999389648438,17479430,0.0,0.0
2026-03-10T15:30:00-0400,NVDA,184.39999389648438,184.83999633789062,183.25,184.75999450683594,184.75999450683594,20492139,0.0,0.0
2026-03-11T09:30:00-0400,NVDA,185.9199981689453,187.6199951171875,184.94000244140625,186.91000366210938,186.91000366210938,39795140,0.01,0.0
2026-03-11T10:30:00-0400,NVDA,186.89010620117188,186.94000244140625,185.06080627441406,185.0749969482422,185.0749969482422,20362143,0.0,0.0
2026-03-11T11:30:00-0400,NVDA,185.0760955810547,185.80650329589844,184.83999633789062,185.55499267578125,185.55499267578125,14151413,0.0,0.0
2026-03-11T12:30:00-0400,NVDA,185.5500030517578,186.0699005126953,185.25,185.61000061035156,185.61000061035156,10355965,0.0,0.0
2026-03-11T13:30:00-0400,NVDA,185.6199951171875,185.6999969482422,184.45010375976562,185.1540069580078,185.1540069580078,12728588,0.0,0.0
2026-03-11T14:30:00-0400,NVDA,185.16000366210938,185.74000549316406,185.02000427246094,185.36000061035156,185.36000061035156,10974433,0.0,0.0
2026-03-11T15:30:00-0400,NVDA,185.36990356445312,186.0399932861328,185.22999572753906,186.00999450683594,186.00999450683594,10325194,0.0,0.0
2026-03-12T09:30:00-0400,NVDA,184.0500030517578,184.86000061035156,182.0500030517578,182.0850067138672,182.0850067138672,36646581,0.0,0.0
2026-03-12T10:30:00-0400,NVDA,182.0850067138672,182.9600067138672,181.75,182.8800048828125,182.8800048828125,21123869,0.0,0.0
2026-03-12T11:30:00-0400,NVDA,182.8699951171875,184.94000244140625,182.7700958251953,184.25999450683594,184.25999450683594,21620770,0.0,0.0
2026-03-12T12:30:00-0400,NVDA,184.25999450683594,184.72000122070312,183.53500366210938,183.75999450683594,183.75999450683594,13929708,0.0,0.0
2026-03-12T13:30:00-0400,NVDA,183.77000427246094,184.19000244140625,183.1699981689453,183.55499267578125,183.55499267578125,12712518,0.0,0.0
2026-03-12T14:30:00-0400,NVDA,183.5399932861328,183.6199951171875,182.77999877929688,183.44000244140625,183.44000244140625,14025360,0.0,0.0
2026-03-12T15:30:00-0400,NVDA,183.43499755859375,183.6699981689453,182.7200927734375,183.00999450683594,183.00999450683594,12544443,0.0,0.0
2026-03-13T09:30:00-0400,NVDA,184.91000366210938,186.08999633789062,183.61000061035156,183.92210388183594,183.92210388183594,38715340,0.0,0.0
2026-03-13T10:30:00-0400,NVDA,183.9250030517578,184.25,181.66000366210938,181.88340759277344,181.88340759277344,27389127,0.0,0.0
2026-03-13T11:30:00-0400,NVDA,181.88999938964844,182.25,180.72000122070312,181.13999938964844,181.13999938964844,21151599,0.0,0.0
2026-03-13T12:30:00-0400,NVDA,181.13499450683594,181.75999450683594,180.92999267578125,181.5399932861328,181.5399932861328,14321948,0.0,0.0
2026-03-13T13:30:00-0400,NVDA,181.5399932861328,181.58920288085938,180.00999450683594,180.5449981689453,180.5449981689453,14153135,0.0,0.0
2026-03-13T14:30:00-0400,NVDA,180.5399932861328,181.13999938964844,180.27999877929688,180.6999969482422,180.6999969482422,14593908,0.0,0.0
2026-03-13T15:30:00-0400,NVDA,180.7100067138672,180.8249969482422,179.94000244140625,180.26499938964844,180.26499938964844,16337302,0.0,0.0
2026-03-16T09:30:00-0400,NVDA,182.97000122070312,185.0500030517578,182.87440490722656,184.07000732421875,184.07000732421875,25160321,0.0,0.0
2026-03-16T10:30:00-0400,NVDA,184.07000732421875,184.9199981689453,183.30499267578125,184.72779846191406,184.72779846191406,13947723,0.0,0.0
2026-03-16T11:30:00-0400,NVDA,184.72000122070312,184.94000244140625,183.6300048828125,183.89500427246094,183.89500427246094,10572265,0.0,0.0
2026-03-16T12:30:00-0400,NVDA,183.90499877929688,185.05999755859375,183.78500366210938,184.76010131835938,184.76010131835938,9780571,0.0,0.0
2026-03-16T13:30:00-0400,NVDA,184.77000427246094,185.52999877929688,184.27000427246094,184.93499755859375,184.93499755859375,12380863,0.0,0.0
2026-03-16T14:30:00-0400,NVDA,184.9398956298828,188.8699951171875,181.67999267578125,181.83380126953125,181.83380126953125,41293367,0.0,0.0
2026-03-16T15:30:00-0400,NVDA,181.85000610351562,183.65499877929688,181.41000366210938,183.1300048828125,183.1300048828125,18558112,0.0,0.0
2026-03-17T09:30:00-0400,NVDA,185.0500030517578,185.39999389648438,181.89999389648438,183.08999633789062,183.08999633789062,35838393,0.0,0.0
2026-03-17T10:30:00-0400,NVDA,183.0800018310547,183.41000366210938,182.24029541015625,182.43499755859375,182.43499755859375,36924089,0.0,0.0
2026-03-17T11:30:00-0400,NVDA,182.43499755859375,183.10000610351562,181.68040466308594,182.69830322265625,182.69830322265625,0,0.0,0.0
2026-03-17T12:30:00-0400,NVDA,182.6999969482422,182.9499969482422,181.8699951171875,182.41000366210938,182.41000366210938,43422500,0.0,0.0
2026-03-17T13:30:00-0400,NVDA,182.41000366210938,183.47000122070312,182.39999389648438,183.0399932861328,183.0399932861328,0,0.0,0.0
2026-03-17T14:30:00-0400,NVDA,183.02999877929688,183.15989685058594,182.05999755859375,182.64010620117188,182.64010620117188,10839212,0.0,0.0
2026-03-17T15:30:00-0400,NVDA,182.63009643554688,182.92999267578125,181.80999755859375,181.9600067138672,181.9600067138672,10549153,0.0,0.0
2026-03-18T09:30:00-0400,NVDA,182.49000549316406,183.3800048828125,180.72999572753906,182.2794952392578,182.2794952392578,27757729,0.0,0.0
2026-03-18T10:30:00-0400,NVDA,182.2805938720703,183.23500061035156,181.83999633789062,182.5399932861328,182.5399932861328,15580633,0.0,0.0
2026-03-18T11:30:00-0400,NVDA,182.5399932861328,182.85000610351562,182.32000732421875,182.74000549316406,182.74000549316406,9596417,0.0,0.0
2026-03-18T12:30:00-0400,NVDA,182.74000549316406,182.7550048828125,181.8300018310547,182.07000732421875,182.07000732421875,8508642,0.0,0.0
2026-03-18T13:30:00-0400,NVDA,182.07000732421875,183.14999389648438,181.82000732421875,182.31500244140625,182.31500244140625,10044595,0.0,0.0
2026-03-18T14:30:00-0400,NVDA,182.30999755859375,182.39500427246094,180.8800048828125,181.2449951171875,181.2449951171875,14439661,0.0,0.0
2026-03-18T15:30:00-0400,NVDA,181.22999572753906,181.38499450683594,180.3300018310547,180.35000610351562,180.35000610351562,9305558,0.0,0.0
2026-03-19T09:30:00-0400,NVDA,178.00999450683594,178.39930725097656,175.78500366210938,177.58999633789062,177.58999633789062,33648796,0.0,0.0
2026-03-19T10:30:00-0400,NVDA,177.58999633789062,179.0500030517578,177.55499267578125,178.23219299316406,178.23219299316406,15448637,0.0,0.0
2026-03-19T11:30:00-0400,NVDA,178.24000549316406,178.94000244140625,177.6649932861328,178.78500366210938,178.78500366210938,11424087,0.0,0.0
2026-03-19T12:30:00-0400,NVDA,178.7899932861328,178.89999389648438,177.55999755859375,178.5449981689453,178.5449981689453,41821467,0.0,0.0
2026-03-19T13:30:00-0400,NVDA,178.5399932861328,179.24000549316406,177.97000122070312,178.9698944091797,178.9698944091797,0,0.0,0.0
2026-03-19T14:30:00-0400,NVDA,178.97999572753906,179.97999572753906,178.08999633789062,179.13499450683594,179.13499450683594,13879376,0.0,0.0
2026-03-19T15:30:00-0400,NVDA,179.1300048828125,179.14990234375,177.91000366210938,178.5,178.5,10911447,0.0,0.0
2026-03-20T09:30:00-0400,NVDA,178.0,178.25999450683594,175.42999267578125,175.73500061035156,175.73500061035156,54718351,0.0,0.0
2026-03-20T10:30:00-0400,NVDA,175.75,176.25,175.0,175.69500732421875,175.69500732421875,27274362,0.0,0.0
2026-03-20T11:30:00-0400,NVDA,175.6999969482422,176.4499969482422,175.55999755859375,175.98849487304688,175.98849487304688,14754297,0.0,0.0
2026-03-20T12:30:00-0400,NVDA,175.98500061035156,175.98500061035156,175.02999877929688,175.07000732421875,175.07000732421875,12073349,0.0,0.0
2026-03-20T13:30:00-0400,NVDA,175.06500244140625,175.08999633789062,173.9600067138672,174.26010131835938,174.26010131835938,20076641,0.0,0.0
2026-03-20T14:30:00-0400,NVDA,174.26499938964844,174.33999633789062,172.37010192871094,172.42999267578125,172.42999267578125,23159557,0.0,0.0
2026-03-20T15:30:00-0400,NVDA,172.4250030517578,173.0399932861328,171.72500610351562,173.0,173.0,24605650,0.0,0.0
2026-03-23T09:30:00-0400,NVDA,177.25,178.2279052734375,175.87010192871094,177.875,177.875,55566937,0.0,0.0
2026-03-23T10:30:00-0400,NVDA,177.86500549316406,178.3699951171875,177.22999572753906,177.5800018310547,177.5800018310547,23567711,0.0,0.0
2026-03-23T11:30:00-0400,NVDA,177.58999633789062,177.77000427246094,174.75999450683594,174.80999755859375,174.80999755859375,26157500,0.0,0.0
2026-03-23T12:30:00-0400,NVDA,174.81500244140625,175.88999938964844,174.80349731445312,175.2949981689453,175.2949981689453,14902798,0.0,0.0
2026-03-23T13:30:00-0400,NVDA,175.27999877929688,176.41000366210938,175.27999877929688,176.10499572753906,176.10499572753906,13473293,0.0,0.0
2026-03-23T14:30:00-0400,NVDA,176.10000610351562,176.9600067138672,176.08999633789062,176.22999572753906,176.22999572753906,15340354,0.0,0.0
2026-03-23T15:30:00-0400,NVDA,176.22500610351562,176.6999969482422,175.5,175.50999450683594,175.50999450683594,14875311,0.0,0.0
2026-03-24T09:30:00-0400,NVDA,174.76199340820312,175.89990234375,173.97999572753906,174.25,174.25,31849095,0.0,0.0
2026-03-24T10:30:00-0400,NVDA,174.2550048828125,176.16000366210938,174.13499450683594,175.61500549316406,175.61500549316406,25114276,0.0,0.0
2026-03-24T11:30:00-0400,NVDA,175.61000061035156,175.89939880371094,174.9199981689453,175.3249969482422,175.3249969482422,14868329,0.0,0.0
2026-03-24T12:30:00-0400,NVDA,175.3300018310547,175.47999572753906,174.38499450683594,174.70730590820312,174.70730590820312,12064410,0.0,0.0
2026-03-24T13:30:00-0400,NVDA,174.6999969482422,175.60000610351562,174.41990661621094,175.4250030517578,175.4250030517578,11873453,0.0,0.0
2026-03-24T14:30:00-0400,NVDA,175.42999267578125,176.22000122070312,175.3000030517578,175.51499938964844,175.51499938964844,13983547,0.0,0.0
2026-03-24T15:30:00-0400,NVDA,175.51780700683594,175.6199951171875,174.86000061035156,175.30999755859375,175.30999755859375,13261358,0.0,0.0
2026-03-25T09:30:00-0400,NVDA,177.10000610351562,180.30999755859375,176.86000061035156,180.05999755859375,180.05999755859375,47087931,0.0,0.0
2026-03-25T10:30:00-0400,NVDA,180.0500030517578,181.21499633789062,179.1999969482422,180.0,180.0,31111269,0.0,0.0
2026-03-25T11:30:00-0400,NVDA,179.9949951171875,180.05589294433594,178.73500061035156,179.1199951171875,179.1199951171875,18161118,0.0,0.0
2026-03-25T12:30:00-0400,NVDA,179.11000061035156,179.33970642089844,178.50999450683594,178.92999267578125,178.92999267578125,12018365,0.0,0.0
2026-03-25T13:30:00-0400,NVDA,178.94000244140625,179.57000732421875,178.66000366210938,179.02000427246094,179.02000427246094,12686862,0.0,0.0
2026-03-25T14:30:00-0400,NVDA,179.02000427246094,179.1999969482422,177.8300018310547,178.60000610351562,178.60000610351562,15914397,0.0,0.0
2026-03-25T15:30:00-0400,NVDA,178.59500122070312,179.1199951171875,178.25,178.6699981689453,178.6699981689453,10187015,0.0,0.0
2026-03-26T09:30:00-0400,NVDA,176.1699981689453,176.5,174.80990600585938,174.82000732421875,174.82000732421875,36029353,0.0,0.0
2026-03-26T10:30:00-0400,NVDA,174.81500244140625,175.15989685058594,173.0399932861328,174.07009887695312,174.07009887695312,29537109,0.0,0.0
2026-03-26T11:30:00-0400,NVDA,174.06500244140625,174.8300018310547,173.7050018310547,173.77499389648438,173.77499389648438,18378166,0.0,0.0
2026-03-26T12:30:00-0400,NVDA,173.77499389648438,174.0,173.33999633789062,173.54010009765625,173.54010009765625,13236281,0.0,0.0
2026-03-26T13:30:00-0400,NVDA,173.5399932861328,173.7100067138672,171.83999633789062,172.09500122070312,172.09500122070312,22153880,0.0,0.0
2026-03-26T14:30:00-0400,NVDA,172.09500122070312,172.5,171.5500030517578,172.125,172.125,18593403,0.0,0.0
2026-03-26T15:30:00-0400,NVDA,172.12319946289062,172.14999389648438,171.13999938964844,171.22999572753906,171.22999572753906,17202750,0.0,0.0
2026-03-27T09:30:00-0400,NVDA,169.99000549316406,170.97000122070312,167.8000030517578,167.85000610351562,167.85000610351562,56166225,0.0,0.0
2026-03-27T10:30:00-0400,NVDA,167.8300018310547,169.5699005126953,167.5500030517578,169.5699005126953,169.5699005126953,27603646,0.0,0.0
2026-03-27T11:30:00-0400,NVDA,169.55999755859375,169.94000244140625,168.7100067138672,168.82000732421875,168.82000732421875,17521361,0.0,0.0
2026-03-27T12:30:00-0400,NVDA,168.80999755859375,169.27000427246094,167.8300018310547,167.83999633789062,167.83999633789062,16758151,0.0,0.0
2026-03-27T13:30:00-0400,NVDA,167.83999633789062,168.24000549316406,167.61000061035156,168.0,168.0,15062395,0.0,0.0
2026-03-27T14:30:00-0400,NVDA,168.0050048828125,168.27000427246094,167.22000122070312,167.42999267578125,167.42999267578125,17650366,0.0,0.0
2026-03-27T15:30:00-0400,NVDA,167.44000244140625,167.92999267578125,167.00999450683594,167.4600067138672,167.4600067138672,18119318,0.0,0.0
2026-03-30T09:30:00-0400,NVDA,168.73500061035156,169.4499969482422,166.2100067138672,166.91000366210938,166.91000366210938,44328928,0.0,0.0
2026-03-30T10:30:00-0400,NVDA,166.90499877929688,168.25,166.27000427246094,167.0050048828125,167.0050048828125,25106249,0.0,0.0
2026-03-30T11:30:00-0400,NVDA,167.0,168.02000427246094,166.35000610351562,166.47500610351562,166.47500610351562,19964516,0.0,0.0
2026-03-30T12:30:00-0400,NVDA,166.47999572753906,166.9199981689453,165.80999755859375,165.875,165.875,16368311,0.0,0.0
2026-03-30T13:30:00-0400,NVDA,165.8699951171875,166.4499969482422,165.58999633789062,165.69500732421875,165.69500732421875,14207997,0.0,0.0
2026-03-30T14:30:00-0400,NVDA,165.6999969482422,166.07000732421875,164.2949981689453,164.46310424804688,164.46310424804688,19702372,0.0,0.0
2026-03-30T15:30:00-0400,NVDA,164.46499633789062,165.5399932861328,164.27000427246094,165.05999755859375,165.05999755859375,18227730,0.0,0.0
2026-03-31T09:30:00-0400,NVDA,166.97000122070312,171.0749969482422,166.9600067138672,170.97999572753906,170.97999572753906,44954815,0.0,0.0
2026-03-31T10:30:00-0400,NVDA,170.97999572753906,171.3800048828125,169.55999755859375,170.30499267578125,170.30499267578125,25991642,0.0,0.0
2026-03-31T11:30:00-0400,NVDA,170.3000030517578,171.27999877929688,169.7550048828125,171.0500030517578,171.0500030517578,18531113,0.0,0.0
2026-03-31T12:30:00-0400,NVDA,171.0500030517578,173.8800048828125,170.7550048828125,173.27499389648438,173.27499389648438,33199113,0.0,0.0
2026-03-31T13:30:00-0400,NVDA,173.27999877929688,173.72999572753906,172.27999877929688,173.26499938964844,173.26499938964844,19348274,0.0,0.0
2026-03-31T14:30:00-0400,NVDA,173.25999450683594,174.27499389648438,173.02000427246094,173.93499755859375,173.93499755859375,21682792,0.0,0.0
2026-03-31T15:30:00-0400,NVDA,173.92999267578125,174.6199951171875,173.85499572753906,174.3800048828125,174.3800048828125,20307842,0.0,0.0
2026-04-01T09:30:00-0400,NVDA,176.0,176.60000610351562,174.75999450683594,176.1999969482422,176.1999969482422,46071243,0.0,0.0
2026-04-01T10:30:00-0400,NVDA,176.19000244140625,177.11500549316406,175.5050048828125,176.48500061035156,176.48500061035156,22675088,0.0,0.0
2026-04-01T11:30:00-0400,NVDA,176.47999572753906,177.3699951171875,176.39999389648438,177.10000610351562,177.10000610351562,15319849,0.0,0.0
2026-04-01T12:30:00-0400,NVDA,177.10000610351562,177.1649932861328,176.61000061035156,176.6649932861328,176.6649932861328,11191707,0.0,0.0
2026-04-01T13:30:00-0400,NVDA,176.6649932861328,176.72000122070312,174.8699951171875,175.0800018310547,175.0800018310547,16219900,0.0,0.0
2026-04-01T14:30:00-0400,NVDA,175.0800018310547,176.32000732421875,174.80499267578125,176.00999450683594,176.00999450683594,16485638,0.0,0.0
2026-04-01T15:30:00-0400,NVDA,176.0050048828125,176.25999450683594,175.50010681152344,175.8000030517578,175.8000030517578,11838090,0.0,0.0
2026-04-02T09:30:00-0400,NVDA,172.17999267578125,175.10000610351562,171.3699951171875,174.0449981689453,174.0449981689453,45441550,0.0,0.0
2026-04-02T10:30:00-0400,NVDA,174.02999877929688,177.14999389648438,173.9199981689453,176.67999267578125,176.67999267578125,24382227,0.0,0.0
2026-04-02T11:30:00-0400,NVDA,176.6999969482422,177.02000427246094,175.72000122070312,176.125,176.125,14120301,0.0,0.0
2026-04-02T12:30:00-0400,NVDA,176.1199951171875,176.9199981689453,175.77000427246094,176.77499389648438,176.77499389648438,9243660,0.0,0.0
2026-04-02T13:30:00-0400,NVDA,176.7899932861328,177.0500030517578,176.110107421875,176.5399932861328,176.5399932861328,9736315,0.0,0.0
2026-04-02T14:30:00-0400,NVDA,176.5500030517578,177.47000122070312,176.52000427246094,176.90499877929688,176.90499877929688,12773281,0.0,0.0
2026-04-02T15:30:00-0400,NVDA,176.89999389648438,177.47999572753906,176.86000061035156,177.39999389648438,177.39999389648438,10781288,0.0,0.0
2026-04-06T09:30:00-0400,NVDA,177.0800018310547,177.4600067138672,175.75999450683594,176.77999877929688,176.77999877929688,31902106,0.0,0.0
2026-04-06T10:30:00-0400,NVDA,176.77999877929688,176.9550018310547,176.18350219726562,176.48609924316406,176.48609924316406,14423208,0.0,0.0
2026-04-06T11:30:00-0400,NVDA,176.49000549316406,177.61000061035156,176.4499969482422,177.15499877929688,177.15499877929688,10776969,0.0,0.0
2026-04-06T12:30:00-0400,NVDA,177.1501007080078,177.44000244140625,176.10000610351562,176.93499755859375,176.93499755859375,10043504,0.0,0.0
2026-04-06T13:30:00-0400,NVDA,176.9320068359375,177.3000030517578,176.44500732421875,176.98500061035156,176.98500061035156,10372408,0.0,0.0
2026-04-06T14:30:00-0400,NVDA,176.97500610351562,177.4199981689453,176.75,177.2200927734375,177.2200927734375,8384391,0.0,0.0
2026-04-06T15:30:00-0400,NVDA,177.22000122070312,177.67999267578125,177.0749969482422,177.63999938964844,177.63999938964844,8330957,0.0,0.0
2026-04-07T09:30:00-0400,NVDA,175.75,176.99000549316406,174.44000244140625,175.0800018310547,175.0800018310547,31133504,0.0,0.0
2026-04-07T10:30:00-0400,NVDA,175.08999633789062,175.1699981689453,173.66000366210938,175.01010131835938,175.01010131835938,18582815,0.0,0.0
2026-04-07T11:30:00-0400,NVDA,175.02000427246094,175.9499053955078,174.69000244140625,175.41000366210938,175.41000366210938,13773231,0.0,0.0
2026-04-07T12:30:00-0400,NVDA,175.39999389648438,175.9470977783203,175.27999877929688,175.38999938964844,175.38999938964844,9482355,0.0,0.0
2026-04-07T13:30:00-0400,NVDA,175.38999938964844,176.17999267578125,175.34500122070312,175.69960021972656,175.69960021972656,10391810,0.0,0.0
2026-04-07T14:30:00-0400,NVDA,175.69500732421875,176.8699951171875,174.9801025390625,176.2899932861328,176.2899932861328,13809826,0.0,0.0
2026-04-07T15:30:00-0400,NVDA,176.27499389648438,178.2050018310547,176.0800018310547,178.09500122070312,178.09500122070312,15240344,0.0,0.0
2026-04-08T09:30:00-0400,NVDA,184.4499969482422,185.25,181.2550048828125,181.8000030517578,181.8000030517578,51602936,0.0,0.0
2026-04-08T10:30:00-0400,NVDA,181.79510498046875,181.92970275878906,180.30999755859375,181.3000030517578,181.3000030517578,20915113,0.0,0.0
2026-04-08T11:30:00-0400,NVDA,181.3000030517578,182.02999877929688,181.1300048828125,181.4499969482422,181.4499969482422,11893338,0.0,0.0
2026-04-08T12:30:00-0400,NVDA,181.4499969482422,181.80999755859375,181.375,181.44500732421875,181.44500732421875,9159925,0.0,0.0
2026-04-08T13:30:00-0400,NVDA,181.44500732421875,182.17999267578125,181.2949981689453,181.70030212402344,181.70030212402344,10518995,0.0,0.0
2026-04-08T14:30:00-0400,NVDA,181.7075958251953,182.0500030517578,181.10000610351562,181.7050018310547,181.7050018310547,11151138,0.0,0.0
2026-04-08T15:30:00-0400,NVDA,181.6999969482422,182.3000030517578,181.64999389648438,182.10000610351562,182.10000610351562,11293205,0.0,0.0
2026-04-09T09:30:00-0400,NVDA,181.83999633789062,182.25999450683594,180.62010192871094,181.625,181.625,26761935,0.0,0.0
2026-04-09T10:30:00-0400,NVDA,181.61000061035156,183.52999877929688,181.38999938964844,182.8350067138672,182.8350067138672,18257065,0.0,0.0
2026-04-09T11:30:00-0400,NVDA,182.8300018310547,183.9600067138672,182.72000122070312,183.53500366210938,183.53500366210938,13985168,0.0,0.0
2026-04-09T12:30:00-0400,NVDA,183.52999877929688,183.88999938964844,183.10000610351562,183.4600067138672,183.4600067138672,9528547,0.0,0.0
2026-04-09T13:30:00-0400,NVDA,183.4550018310547,183.73959350585938,183.0,183.10000610351562,183.10000610351562,9518565,0.0,0.0
2026-04-09T14:30:00-0400,NVDA,183.0800018310547,183.8300018310547,182.9199981689453,183.64500427246094,183.64500427246094,9176370,0.0,0.0
2026-04-09T15:30:00-0400,NVDA,183.64999389648438,184.0800018310547,183.60000610351562,183.85000610351562,183.85000610351562,10974717,0.0,0.0
2026-04-10T09:30:00-0400,NVDA,184.4199981689453,187.9199981689453,184.3000030517578,187.8249969482422,187.8249969482422,41841686,0.0,0.0
2026-04-10T10:30:00-0400,NVDA,187.8350067138672,190.0,187.72999572753906,189.47999572753906,189.47999572753906,32319743,0.0,0.0
2026-04-10T11:30:00-0400,NVDA,189.48500061035156,189.5800018310547,188.09500122070312,188.45469665527344,188.45469665527344,17852756,0.0,0.0
2026-04-10T12:30:00-0400,NVDA,188.4499969482422,188.6199951171875,187.92999267578125,188.1470947265625,188.1470947265625,12587920,0.0,0.0
2026-04-10T13:30:00-0400,NVDA,188.13999938964844,189.0,187.9600067138672,188.5850067138672,188.5850067138672,10697184,0.0,0.0
2026-04-10T14:30:00-0400,NVDA,188.5800018310547,189.69000244140625,188.38009643554688,189.38999938964844,189.38999938964844,13701728,0.0,0.0
2026-04-10T15:30:00-0400,NVDA,189.38499450683594,189.38499450683594,188.11000061035156,188.63999938964844,188.63999938964844,14162426,0.0,0.0
2026-04-13T09:30:00-0400,NVDA,186.02000427246094,188.47999572753906,185.74000549316406,188.41990661621094,188.41990661621094,35943745,0.0,0.0
2026-04-13T10:30:00-0400,NVDA,188.41000366210938,189.64999389648438,188.13499450683594,188.6107940673828,188.6107940673828,18922601,0.0,0.0
2026-04-13T11:30:00-0400,NVDA,188.6199951171875,188.89990234375,187.9199981689453,188.44509887695312,188.44509887695312,13963685,0.0,0.0
2026-04-13T12:30:00-0400,NVDA,188.44000244140625,188.64990234375,187.85000610351562,188.2050018310547,188.2050018310547,11181831,0.0,0.0
2026-04-13T13:30:00-0400,NVDA,188.2100067138672,188.4199981689453,187.97000122070312,188.0198974609375,188.0198974609375,9120812,0.0,0.0
2026-04-13T14:30:00-0400,NVDA,188.00999450683594,188.88999938964844,187.99000549316406,188.7050018310547,188.7050018310547,10976974,0.0,0.0
2026-04-13T15:30:00-0400,NVDA,188.6999969482422,189.4550018310547,188.38999938964844,189.2100067138672,189.2100067138672,12534805,0.0,0.0
2026-04-14T09:30:00-0400,NVDA,190.8300018310547,193.30999755859375,190.8000030517578,192.86000061035156,192.86000061035156,43520464,0.0,0.0
2026-04-14T10:30:00-0400,NVDA,192.8699951171875,193.72999572753906,192.66000366210938,193.44500732421875,193.44500732421875,19306493,0.0,0.0
2026-04-14T11:30:00-0400,NVDA,193.44500732421875,194.94000244140625,193.3300018310547,194.79989624023438,194.79989624023438,18612294,0.0,0.0
2026-04-14T12:30:00-0400,NVDA,194.80589294433594,194.99000549316406,194.33999633789062,194.72500610351562,194.72500610351562,13990697,0.0,0.0
2026-04-14T13:30:00-0400,NVDA,194.72999572753906,194.89999389648438,194.38999938964844,194.5800018310547,194.5800018310547,8811868,0.0,0.0
2026-04-14T14:30:00-0400,NVDA,194.5749969482422,196.33999633789062,194.56500244140625,196.20989990234375,196.20989990234375,19309999,0.0,0.0
2026-04-14T15:30:00-0400,NVDA,196.1999969482422,196.5,195.57000732421875,196.49000549316406,196.49000549316406,16494329,0.0,0.0
2026-04-15T09:30:00-0400,NVDA,196.5500030517578,199.5800018310547,196.25999450683594,199.24000549316406,199.24000549316406,47272775,0.0,0.0
2026-04-15T10:30:00-0400,NVDA,199.25990295410156,199.94000244140625,199.02000427246094,199.80999755859375,199.80999755859375,23088432,0.0,0.0
2026-04-15T11:30:00-0400,NVDA,199.7949981689453,200.39999389648438,199.08999633789062,199.125,199.125,23311405,0.0,0.0
2026-04-15T12:30:00-0400,NVDA,199.1201934814453,199.13999938964844,196.13999938964844,196.97000122070312,196.97000122070312,22601798,0.0,0.0
2026-04-15T13:30:00-0400,NVDA,196.9550018310547,197.7100067138672,195.74000549316406,196.9698944091797,196.9698944091797,16412953,0.0,0.0
2026-04-15T14:30:00-0400,NVDA,196.9600067138672,198.27000427246094,196.95249938964844,198.23989868164062,198.23989868164062,14111714,0.0,0.0
2026-04-15T15:30:00-0400,NVDA,198.24000549316406,199.1699981689453,198.02000427246094,198.8677978515625,198.8677978515625,16516099,0.0,0.0
2026-04-16T09:30:00-0400,NVDA,197.42999267578125,197.75999450683594,195.80999755859375,197.3699951171875,197.3699951171875,34867030,0.0,0.0
2026-04-16T10:30:00-0400,NVDA,197.3699951171875,199.85000610351562,197.30999755859375,199.00999450683594,199.00999450683594,19694478,0.0,0.0
2026-04-16T11:30:00-0400,NVDA,199.02000427246094,199.6300048828125,198.40029907226562,198.6199951171875,198.6199951171875,14184255,0.0,0.0
2026-04-16T12:30:00-0400,NVDA,198.61500549316406,198.85000610351562,197.75,198.4149932861328,198.4149932861328,12103065,0.0,0.0
2026-04-16T13:30:00-0400,NVDA,198.4174041748047,198.7299041748047,197.3000030517578,197.4949951171875,197.4949951171875,11223279,0.0,0.0
2026-04-16T14:30:00-0400,NVDA,197.49000549316406,198.38999938964844,197.48500061035156,198.1199951171875,198.1199951171875,13497268,0.0,0.0
2026-04-16T15:30:00-0400,NVDA,198.1199951171875,198.77000427246094,198.09500122070312,198.24000549316406,198.24000549316406,11174544,0.0,0.0
2026-04-17T09:30:00-0400,NVDA,199.8800048828125,201.67999267578125,199.27000427246094,200.375,200.375,55123160,0.0,0.0
2026-04-17T10:30:00-0400,NVDA,200.375,200.99000549316406,200.02000427246094,200.63999938964844,200.63999938964844,17346281,0.0,0.0
2026-04-17T11:30:00-0400,NVDA,200.63499450683594,201.39999389648438,200.22999572753906,200.69000244140625,200.69000244140625,18546450,0.0,0.0
2026-04-17T12:30:00-0400,NVDA,200.6999969482422,200.8699951171875,199.47000122070312,199.8800048828125,199.8800048828125,13021821,0.0,0.0
2026-04-17T13:30:00-0400,NVDA,199.8699951171875,200.88510131835938,199.84010314941406,200.64999389648438,200.64999389648438,10962127,0.0,0.0
2026-04-17T14:30:00-0400,NVDA,200.66000366210938,201.47999572753906,200.5500030517578,201.25999450683594,201.25999450683594,11941766,0.0,0.0
2026-04-17T15:30:00-0400,NVDA,201.27999877929688,201.6999969482422,201.1199951171875,201.64999389648438,201.64999389648438,11970481,0.0,0.0
2026-04-20T09:30:00-0400,NVDA,199.97999572753906,200.52000427246094,198.4199981689453,199.1300048828125,199.1300048828125,31888414,0.0,0.0
2026-04-20T10:30:00-0400,NVDA,199.11500549316406,199.41929626464844,197.83970642089844,199.27000427246094,199.27000427246094,18660733,0.0,0.0
2026-04-20T11:30:00-0400,NVDA,199.25999450683594,199.45989990234375,198.4199981689453,199.18499755859375,199.18499755859375,12893600,0.0,0.0
2026-04-20T12:30:00-0400,NVDA,199.1999969482422,199.8000030517578,199.13999938964844,199.5299072265625,199.5299072265625,6997175,0.0,0.0
2026-04-20T13:30:00-0400,NVDA,199.52999877929688,200.72999572753906,199.4499969482422,200.58999633789062,200.58999633789062,13358656,0.0,0.0
2026-04-20T14:30:00-0400,NVDA,200.60000610351562,201.24000549316406,200.3800048828125,201.1300048828125,201.1300048828125,10484052,0.0,0.0
2026-04-20T15:30:00-0400,NVDA,201.1300048828125,202.16000366210938,201.08999633789062,202.11000061035156,202.11000061035156,12574882,0.0,0.0
2026-04-21T09:30:00-0400,NVDA,202.1300048828125,202.75,200.83999633789062,201.88999938964844,201.88999938964844,26931641,0.0,0.0
2026-04-21T10:30:00-0400,NVDA,201.88999938964844,202.0500030517578,200.57090759277344,201.0500030517578,201.0500030517578,13287102,0.0,0.0
2026-04-21T11:30:00-0400,NVDA,201.05999755859375,201.3800048828125,199.8699951171875,199.89500427246094,199.89500427246094,11146811,0.0,0.0
2026-04-21T12:30:00-0400,NVDA,199.88999938964844,200.31910705566406,199.0,199.32000732421875,199.32000732421875,10479999,0.0,0.0
2026-04-21T13:30:00-0400,NVDA,199.34010314941406,200.3800048828125,199.25999450683594,199.93099975585938,199.93099975585938,10018449,0.0,0.0
2026-04-21T14:30:00-0400,NVDA,199.9499969482422,200.97000122070312,199.9499969482422,200.95700073242188,200.95700073242188,9959608,0.0,0.0
2026-04-21T15:30:00-0400,NVDA,200.9600067138672,201.16000366210938,199.17999267578125,199.91000366210938,199.91000366210938,11675449,0.0,0.0
2026-04-22T09:30:00-0400,NVDA,201.0,201.10000610351562,199.32000732421875,200.36000061035156,200.36000061035156,25702217,0.0,0.0
2026-04-22T10:30:00-0400,NVDA,200.35009765625,201.8699951171875,200.2899932861328,201.6009063720703,201.6009063720703,16102669,0.0,0.0
2026-04-22T11:30:00-0400,NVDA,201.60000610351562,201.6999969482422,200.92999267578125,201.09500122070312,201.09500122070312,8980435,0.0,0.0
2026-04-22T12:30:00-0400,NVDA,201.08999633789062,201.97999572753906,200.9499969482422,201.7449951171875,201.7449951171875,8787583,0.0,0.0
2026-04-22T13:30:00-0400,NVDA,201.75999450683594,202.4875030517578,201.6199951171875,201.6649932861328,201.6649932861328,11135412,0.0,0.0
2026-04-22T14:30:00-0400,NVDA,201.6649932861328,202.02000427246094,201.22999572753906,201.6750030517578,201.6750030517578,9664746,0.0,0.0
2026-04-22T15:30:00-0400,NVDA,201.66990661621094,202.5,201.59500122070312,202.4199981689453,202.4199981689453,11389298,0.0,0.0
2026-04-23T09:30:00-0400,NVDA,202.39999389648438,203.82899475097656,201.10499572753906,201.76010131835938,201.76010131835938,27402057,0.0,0.0
2026-04-23T10:30:00-0400,NVDA,201.78880310058594,203.11000061035156,201.76010131835938,202.5084991455078,202.5084991455078,12933498,0.0,0.0
2026-04-23T11:30:00-0400,NVDA,202.5050048828125,202.72000122070312,200.9600067138672,201.10629272460938,201.10629272460938,12307243,0.0,0.0
2026-04-23T12:30:00-0400,NVDA,201.10499572753906,201.91000366210938,199.2100067138672,199.43499755859375,199.43499755859375,11762619,0.0,0.0
2026-04-23T13:30:00-0400,NVDA,199.4499969482422,200.13999938964844,197.22059631347656,199.13999938964844,199.13999938964844,16660403,0.0,0.0
2026-04-23T14:30:00-0400,NVDA,199.13999938964844,199.64999389648438,198.185302734375,199.11000061035156,199.11000061035156,8347959,0.0,0.0
2026-04-23T15:30:00-0400,NVDA,199.1199951171875,199.7100067138672,198.6999969482422,199.7100067138672,199.7100067138672,8139245,0.0,0.0
2026-04-24T09:30:00-0400,NVDA,199.9600067138672,203.22000122070312,199.80999755859375,202.60499572753906,202.60499572753906,36820806,0.0,0.0
2026-04-24T10:30:00-0400,NVDA,202.60499572753906,209.74000549316406,202.47999572753906,208.9158935546875,208.9158935546875,53306667,0.0,0.0
2026-04-24T11:30:00-0400,NVDA,208.91969299316406,210.0,208.3300018310547,209.5749969482422,209.5749969482422,31167268,0.0,0.0
2026-04-24T12:30:00-0400,NVDA,209.5749969482422,210.9499969482422,209.02999877929688,209.3300018310547,209.3300018310547,23047260,0.0,0.0
2026-04-24T13:30:00-0400,NVDA,209.30999755859375,209.72000122070312,208.14999389648438,208.1927032470703,208.1927032470703,14007833,0.0,0.0
2026-04-24T14:30:00-0400,NVDA,208.18499755859375,209.2790069580078,207.68499755859375,208.51800537109375,208.51800537109375,18107042,0.0,0.0
2026-04-24T15:30:00-0400,NVDA,208.50999450683594,208.61000061035156,207.5500030517578,208.19000244140625,208.19000244140625,16073082,0.0,0.0
2026-04-27T09:30:00-0400,NVDA,209.64500427246094,211.9499969482422,208.39999389648438,208.69500732421875,208.69500732421875,46698474,0.0,0.0
2026-04-27T10:30:00-0400,NVDA,208.6999969482422,209.92999267578125,207.3800048828125,209.8800048828125,209.8800048828125,18121354,0.0,0.0
2026-04-27T11:30:00-0400,NVDA,209.88999938964844,211.63999938964844,209.77000427246094,211.4550018310547,211.4550018310547,16541416,0.0,0.0
2026-04-27T12:30:00-0400,NVDA,211.4600067138672,214.25999450683594,211.40499877929688,213.61000061035156,213.61000061035156,25911233,0.0,0.0
2026-04-27T13:30:00-0400,NVDA,213.6199951171875,216.25999450683594,213.5800018310547,215.6999969482422,215.6999969482422,24409920,0.0,0.0
2026-04-27T14:30:00-0400,NVDA,215.6649932861328,216.3800048828125,214.82000732421875,215.49000549316406,215.49000549316406,20512380,0.0,0.0
2026-04-27T15:30:00-0400,NVDA,215.48500061035156,216.82000732421875,215.3000030517578,216.6300048828125,216.6300048828125,15881349,0.0,0.0
2026-04-28T09:30:00-0400,NVDA,209.5050048828125,213.6699981689453,208.1999969482422,212.375,212.375,57845453,0.0,0.0
2026-04-28T10:30:00-0400,NVDA,212.3699951171875,212.74000549316406,208.35000610351562,209.10000610351562,209.10000610351562,28861244,0.0,0.0
2026-04-28T11:30:00-0400,NVDA,209.10989379882812,210.65499877929688,208.58999633789062,210.11000061035156,210.11000061035156,15869340,0.0,0.0
2026-04-28T12:30:00-0400,NVDA,210.10000610351562,210.9550018310547,209.30999755859375,210.7899932861328,210.7899932861328,12687956,0.0,0.0
2026-04-28T13:30:00-0400,NVDA,210.7899932861328,213.0,210.78500366210938,212.84500122070312,212.84500122070312,13579691,0.0,0.0
2026-04-28T14:30:00-0400,NVDA,212.8498992919922,214.72999572753906,212.47000122070312,214.06500244140625,214.06500244140625,20176181,0.0,0.0
2026-04-28T15:30:00-0400,NVDA,214.05999755859375,214.42999267578125,213.0,213.14999389648438,213.14999389648438,12274582,0.0,0.0
2026-04-29T09:30:00-0400,NVDA,212.71499633789062,212.71499633789062,209.75,211.11000061035156,211.11000061035156,29242173,0.0,0.0
2026-04-29T10:30:00-0400,NVDA,211.11000061035156,211.9499969482422,210.375,210.8000030517578,210.8000030517578,14808343,0.0,0.0
2026-04-29T11:30:00-0400,NVDA,210.80999755859375,211.39999389648438,209.66000366210938,209.6699981689453,209.6699981689453,12425477,0.0,0.0
2026-04-29T12:30:00-0400,NVDA,209.66000366210938,209.86000061035156,208.55999755859375,209.43699645996094,209.43699645996094,12347642,0.0,0.0
2026-04-29T13:30:00-0400,NVDA,209.4499969482422,209.69000244140625,207.5941925048828,208.0449981689453,208.0449981689453,11516524,0.0,0.0
2026-04-29T14:30:00-0400,NVDA,208.0500030517578,209.5,207.5758056640625,209.3249969482422,209.3249969482422,12533817,0.0,0.0
2026-04-29T15:30:00-0400,NVDA,209.30999755859375,209.44000244140625,208.67999267578125,209.3000030517578,209.3000030517578,10885625,0.0,0.0
2026-04-30T09:30:00-0400,NVDA,209.93899536132812,210.3000030517578,199.77999877929688,200.61500549316406,200.61500549316406,0,0.0,0.0
2026-04-30T10:30:00-0400,NVDA,200.61000061035156,202.4600067138672,198.6999969482422,201.3209991455078,201.3209991455078,95178344,0.0,0.0
2026-04-30T11:30:00-0400,NVDA,201.3000030517578,201.82000732421875,199.4199981689453,200.13999938964844,200.13999938964844,20337941,0.0,0.0
2026-04-30T12:30:00-0400,NVDA,200.14500427246094,201.0500030517578,199.32000732421875,200.47999572753906,200.47999572753906,16011537,0.0,0.0
2026-04-30T13:30:00-0400,NVDA,200.47999572753906,201.72999572753906,200.25999450683594,200.77499389648438,200.77499389648438,15835799,0.0,0.0
2026-04-30T14:30:00-0400,NVDA,200.77000427246094,202.0,200.74000549316406,200.82000732421875,200.82000732421875,17412627,0.0,0.0
2026-04-30T15:30:00-0400,NVDA,200.58999633789062,201.0084991455078,199.5,199.52999877929688,199.52999877929688,19896461,0.0,0.0
2026-05-01T09:30:00-0400,NVDA,201.27999877929688,203.0,199.13999938964844,199.3000030517578,199.3000030517578,34778609,0.0,0.0
2026-05-01T10:30:00-0400,NVDA,199.30499267578125,200.0500030517578,197.1199951171875,198.92999267578125,198.92999267578125,23090131,0.0,0.0
2026-05-01T11:30:00-0400,NVDA,198.92999267578125,199.85000610351562,198.47999572753906,198.65499877929688,198.65499877929688,12209876,0.0,0.0
2026-05-01T12:30:00-0400,NVDA,198.64239501953125,200.1999969482422,198.55999755859375,199.85000610351562,199.85000610351562,9257551,0.0,0.0
2026-05-01T13:30:00-0400,NVDA,199.85000610351562,200.2899932861328,198.92999267578125,199.13009643554688,199.13009643554688,8524694,0.0,0.0
2026-05-01T14:30:00-0400,NVDA,199.1300048828125,199.8300018310547,198.17999267578125,199.71499633789062,199.71499633789062,12173166,0.0,0.0
2026-05-01T15:30:00-0400,NVDA,199.72000122070312,199.9199981689453,198.22000122070312,198.4199981689453,198.4199981689453,11233757,0.0,0.0
2026-05-04T09:30:00-0400,NVDA,198.52000427246094,201.72999572753906,197.33999633789062,197.375,197.375,34264236,0.0,0.0
2026-05-04T10:30:00-0400,NVDA,197.3800048828125,198.39999389648438,194.74000549316406,195.75599670410156,195.75599670410156,21273947,0.0,0.0
2026-05-04T11:30:00-0400,NVDA,195.8000030517578,196.5894012451172,194.86000061035156,196.22000122070312,196.22000122070312,16464990,0.0,0.0
2026-05-04T12:30:00-0400,NVDA,196.22979736328125,197.82000732421875,196.11000061035156,197.3000030517578,197.3000030517578,9864130,0.0,0.0
2026-05-04T13:30:00-0400,NVDA,197.2899932861328,199.1999969482422,196.91000366210938,198.22999572753906,198.22999572753906,12056404,0.0,0.0
2026-05-04T14:30:00-0400,NVDA,198.24000549316406,198.72999572753906,197.35000610351562,198.63999938964844,198.63999938964844,10678723,0.0,0.0
2026-05-04T15:30:00-0400,NVDA,198.6300048828125,199.17999267578125,198.0,198.55999755859375,198.55999755859375,9210772,0.0,0.0
2026-05-05T09:30:00-0400,NVDA,199.3000030517578,200.24000549316406,197.5,198.52499389648438,198.52499389648438,30544680,0.0,0.0
2026-05-05T10:30:00-0400,NVDA,198.5200958251953,198.6999969482422,196.66000366210938,197.0301971435547,197.0301971435547,16517108,0.0,0.0
2026-05-05T11:30:00-0400,NVDA,197.03500366210938,198.5,196.83009338378906,197.97500610351562,197.97500610351562,11108809,0.0,0.0
2026-05-05T12:30:00-0400,NVDA,197.9698944091797,198.10000610351562,197.14999389648438,197.78500366210938,197.78500366210938,7386811,0.0,0.0
2026-05-05T13:30:00-0400,NVDA,197.78500366210938,197.97999572753906,196.99000549316406,197.5,197.5,8102043,0.0,0.0
2026-05-05T14:30:00-0400,NVDA,197.5,197.64999389648438,196.24000549316406,196.30999755859375,196.30999755859375,11553147,0.0,0.0
2026-05-05T15:30:00-0400,NVDA,196.30499267578125,196.60000610351562,196.02999877929688,196.5,196.5,9641519,0.0,0.0
2026-05-06T09:30:00-0400,NVDA,199.80999755859375,205.64999389648438,198.61000061035156,203.9499969482422,203.9499969482422,57596744,0.0,0.0
2026-05-06T10:30:00-0400,NVDA,203.9694061279297,206.79989624023438,203.50999450683594,206.35000610351562,206.35000610351562,22958803,0.0,0.0
2026-05-06T11:30:00-0400,NVDA,206.3800048828125,207.17999267578125,204.60000610351562,205.2698974609375,205.2698974609375,16072083,0.0,0.0
2026-05-06T12:30:00-0400,NVDA,205.25999450683594,205.52000427246094,203.9499969482422,205.0699005126953,205.0699005126953,11073902,0.0,0.0
2026-05-06T13:30:00-0400,NVDA,205.07000732421875,207.2100067138672,204.96009826660156,207.02000427246094,207.02000427246094,12300158,0.0,0.0
2026-05-06T14:30:00-0400,NVDA,207.03880310058594,208.0500030517578,206.51300048828125,207.6199951171875,207.6199951171875,16853634,0.0,0.0
2026-05-06T15:30:00-0400,NVDA,207.61000061035156,208.26499938964844,206.88999938964844,207.6649932861328,207.6649932861328,17143139,0.0,0.0
2026-05-07T09:30:00-0400,NVDA,208.31500244140625,214.02999877929688,206.5,213.1300048828125,213.1300048828125,51861512,0.0,0.0
2026-05-07T10:30:00-0400,NVDA,213.1300048828125,214.1999969482422,210.72999572753906,211.95599365234375,211.95599365234375,25332727,0.0,0.0
2026-05-07T11:30:00-0400,NVDA,211.98500061035156,213.86000061035156,210.6199951171875,213.5749969482422,213.5749969482422,20878239,0.0,0.0
2026-05-07T12:30:00-0400,NVDA,213.57000732421875,214.14999389648438,210.9499969482422,212.0,212.0,15159207,0.0,0.0
2026-05-07T13:30:00-0400,NVDA,211.9499969482422,213.1988067626953,211.44000244140625,212.7884979248047,212.7884979248047,13016590,0.0,0.0
2026-05-07T14:30:00-0400,NVDA,212.77000427246094,213.25999450683594,211.4199981689453,212.02999877929688,212.02999877929688,11919279,0.0,0.0
2026-05-07T15:30:00-0400,NVDA,212.03070068359375,212.5800018310547,211.22999572753906,211.50999450683594,211.50999450683594,10318267,0.0,0.0
2026-05-08T09:30:00-0400,NVDA,213.02999877929688,217.8000030517578,212.88999938964844,215.2899932861328,215.2899932861328,43322899,0.0,0.0
2026-05-08T10:30:00-0400,NVDA,215.3112030029297,216.8000030517578,214.30999755859375,216.25999450683594,216.25999450683594,18072660,0.0,0.0
2026-05-08T11:30:00-0400,NVDA,216.27999877929688,217.1999969482422,215.16000366210938,215.88999938964844,215.88999938964844,13308112,0.0,0.0
2026-05-08T12:30:00-0400,NVDA,215.89999389648438,216.0998992919922,215.00999450683594,215.6750030517578,215.6750030517578,8779609,0.0,0.0
2026-05-08T13:30:00-0400,NVDA,215.68499755859375,215.80499267578125,214.85000610351562,215.36300659179688,215.36300659179688,8972004,0.0,0.0
2026-05-08T14:30:00-0400,NVDA,215.3699951171875,215.82000732421875,214.8249969482422,214.85000610351562,214.85000610351562,9641300,0.0,0.0
2026-05-08T15:30:00-0400,NVDA,214.85000610351562,215.47000122070312,214.67999267578125,215.2100067138672,215.2100067138672,11516279,0.0,0.0
2026-05-11T09:30:00-0400,NVDA,213.92999267578125,220.89999389648438,213.92999267578125,217.97000122070312,217.97000122070312,48204003,0.0,0.0
2026-05-11T10:30:00-0400,NVDA,217.98500061035156,222.2899932861328,217.3699951171875,221.98500061035156,221.98500061035156,29227300,0.0,0.0
2026-05-11T11:30:00-0400,NVDA,221.98500061035156,222.3000030517578,220.97000122070312,221.98880004882812,221.98880004882812,14795865,0.0,0.0
2026-05-11T12:30:00-0400,NVDA,221.98109436035156,222.08999633789062,219.8800048828125,220.76499938964844,220.76499938964844,11200648,0.0,0.0
2026-05-11T13:30:00-0400,NVDA,220.72000122070312,221.44000244140625,220.3699951171875,221.42889404296875,221.42889404296875,8563105,0.0,0.0
2026-05-11T14:30:00-0400,NVDA,221.41000366210938,221.56500244140625,218.94000244140625,219.13999938964844,219.13999938964844,12472914,0.0,0.0
2026-05-11T15:30:00-0400,NVDA,219.14500427246094,219.58999633789062,218.9199981689453,219.47999572753906,219.47999572753906,10509450,0.0,0.0
2026-05-12T09:30:00-0400,NVDA,218.5449981689453,223.75,217.00999450683594,218.9199981689453,218.9199981689453,45254879,0.0,0.0
2026-05-12T10:30:00-0400,NVDA,218.89500427246094,219.10000610351562,215.00999450683594,215.4600067138672,215.4600067138672,27061151,0.0,0.0
2026-05-12T11:30:00-0400,NVDA,215.4199981689453,218.25999450683594,215.13999938964844,217.5050048828125,217.5050048828125,15568727,0.0,0.0
2026-05-12T12:30:00-0400,NVDA,217.5198974609375,218.08999633789062,215.52999877929688,217.72000122070312,217.72000122070312,15677842,0.0,0.0
2026-05-12T13:30:00-0400,NVDA,217.72000122070312,219.1999969482422,217.6699981689453,218.9600067138672,218.9600067138672,9893599,0.0,0.0
2026-05-12T14:30:00-0400,NVDA,218.9499969482422,221.13999938964844,218.89169311523438,220.72999572753906,220.72999572753906,14638529,0.0,0.0
2026-05-12T15:30:00-0400,NVDA,220.74000549316406,221.73989868164062,220.14999389648438,220.8699951171875,220.8699951171875,12903996,0.0,0.0
2026-05-13T09:30:00-0400,NVDA,224.92999267578125,227.16000366210938,221.5653076171875,224.44000244140625,224.44000244140625,46864063,0.0,0.0
2026-05-13T10:30:00-0400,NVDA,224.4600067138672,227.57000732421875,223.6999969482422,226.2100067138672,226.2100067138672,24274192,0.0,0.0
2026-05-13T11:30:00-0400,NVDA,226.22000122070312,227.83999633789062,225.7100067138672,227.3300018310547,227.3300018310547,15288462,0.0,0.0
2026-05-13T12:30:00-0400,NVDA,227.3000030517578,227.64999389648438,226.66000366210938,226.9499969482422,226.9499969482422,10556665,0.0,0.0
2026-05-13T13:30:00-0400,NVDA,226.9300994873047,227.42999267578125,225.41000366210938,226.9600067138672,226.9600067138672,12329697,0.0,0.0
2026-05-13T14:30:00-0400,NVDA,226.9600067138672,227.1999969482422,226.3000030517578,226.7801055908203,226.7801055908203,9649273,0.0,0.0
2026-05-13T15:30:00-0400,NVDA,226.78509521484375,226.80999755859375,225.0800018310547,225.8699951171875,225.8699951171875,11059959,0.0,0.0
2026-05-14T09:30:00-0400,NVDA,229.72999572753906,234.14999389648438,229.35000610351562,233.02999877929688,233.02999877929688,58278680,0.0,0.0
2026-05-14T10:30:00-0400,NVDA,233.03500366210938,236.0500030517578,232.85000610351562,235.0399932861328,235.0399932861328,28689833,0.0,0.0
2026-05-14T11:30:00-0400,NVDA,235.07000732421875,236.47000122070312,234.57000732421875,234.74009704589844,234.74009704589844,19533747,0.0,0.0
2026-05-14T12:30:00-0400,NVDA,234.75,235.91189575195312,232.67999267578125,234.125,234.125,16396698,0.0,0.0
2026-05-14T13:30:00-0400,NVDA,234.11000061035156,235.55999755859375,233.75,235.50070190429688,235.50070190429688,11848175,0.0,0.0
2026-05-14T14:30:00-0400,NVDA,235.51499938964844,236.5399932861328,235.10499572753906,235.6300048828125,235.6300048828125,14911897,0.0,0.0
2026-05-14T15:30:00-0400,NVDA,235.61000061035156,236.02749633789062,235.13999938964844,235.7449951171875,235.7449951171875,12204261,0.0,0.0
2026-05-15T09:30:00-0400,NVDA,229.75,230.0500030517578,224.25,226.60499572753906,226.60499572753906,60322891,0.0,0.0
2026-05-15T10:30:00-0400,NVDA,226.66000366210938,227.91990661621094,225.67999267578125,227.76499938964844,227.76499938964844,16262111,0.0,0.0
2026-05-15T11:30:00-0400,NVDA,227.7899932861328,229.17999267578125,227.05999755859375,228.3000030517578,228.3000030517578,13927816,0.0,0.0
2026-05-15T12:30:00-0400,NVDA,228.3199005126953,229.3000030517578,227.6300048828125,229.16009521484375,229.16009521484375,10929378,0.0,0.0
2026-05-15T13:30:00-0400,NVDA,229.16000366210938,231.5,229.12010192871094,229.84979248046875,229.84979248046875,14668215,0.0,0.0
2026-05-15T14:30:00-0400,NVDA,229.5399932861328,229.85000610351562,226.7100067138672,227.0449981689453,227.0449981689453,14566675,0.0,0.0
2026-05-15T15:30:00-0400,NVDA,227.0500030517578,227.5500030517578,224.88999938964844,225.22999572753906,225.22999572753906,17202887,0.0,0.0
2026-05-18T09:30:00-0400,NVDA,229.82000732421875,230.0,222.4199981689453,222.8249969482422,222.8249969482422,45078463,0.0,0.0
2026-05-18T10:30:00-0400,NVDA,222.80999755859375,223.42999267578125,220.57000732421875,221.67999267578125,221.67999267578125,22071339,0.0,0.0
2026-05-18T11:30:00-0400,NVDA,221.60000610351562,223.3498992919922,220.25999450683594,220.41000366210938,220.41000366210938,11933786,0.0,0.0
2026-05-18T12:30:00-0400,NVDA,220.4199981689453,222.5399932861328,219.64019775390625,221.47999572753906,221.47999572753906,13115109,0.0,0.0
2026-05-18T13:30:00-0400,NVDA,221.47000122070312,221.85000610351562,219.22000122070312,219.9199981689453,219.9199981689453,10811721,0.0,0.0
2026-05-18T14:30:00-0400,NVDA,219.92999267578125,221.64999389648438,218.3699951171875,220.18499755859375,220.18499755859375,16325602,0.0,0.0
2026-05-18T15:30:00-0400,NVDA,220.19009399414062,222.35000610351562,220.1199951171875,222.35000610351562,222.35000610351562,11289743,0.0,0.0
2026-05-19T09:30:00-0400,NVDA,219.73500061035156,223.3300018310547,217.91000366210938,218.5749969482422,218.5749969482422,35894972,0.0,0.0
2026-05-19T10:30:00-0400,NVDA,218.60000610351562,221.60000610351562,218.14999389648438,220.51499938964844,220.51499938964844,16710773,0.0,0.0
2026-05-19T11:30:00-0400,NVDA,220.49000549316406,222.00999450683594,220.1999969482422,221.90499877929688,221.90499877929688,12185522,0.0,0.0
2026-05-19T12:30:00-0400,NVDA,221.86000061035156,224.47999572753906,221.75010681152344,223.34500122070312,223.34500122070312,13301572,0.0,0.0
2026-05-19T13:30:00-0400,NVDA,223.3101043701172,224.1300048828125,222.07000732421875,222.64999389648438,222.64999389648438,11000826,0.0,0.0
2026-05-19T14:30:00-0400,NVDA,222.63999938964844,223.1300048828125,221.19000244140625,221.89599609375,221.89599609375,11082503,0.0,0.0
2026-05-19T15:30:00-0400,NVDA,221.9199981689453,222.47999572753906,219.0,220.6300048828125,220.6300048828125,14725529,0.0,0.0
2026-05-20T09:30:00-0400,NVDA,223.10000610351562,225.07000732421875,220.4949951171875,224.33990478515625,224.33990478515625,41070380,0.0,0.0
2026-05-20T10:30:00-0400,NVDA,224.35000610351562,226.1300048828125,223.85000610351562,225.2449951171875,225.2449951171875,20816958,0.0,0.0
2026-05-20T11:30:00-0400,NVDA,225.25,225.63999938964844,223.8000030517578,224.26010131835938,224.26010131835938,12753450,0.0,0.0
2026-05-20T12:30:00-0400,NVDA,224.27999877929688,225.1199951171875,224.08999633789062,224.9199981689453,224.9199981689453,9989295,0.0,0.0
2026-05-20T13:30:00-0400,NVDA,224.9199981689453,225.16000366210938,223.86000061035156,224.27000427246094,224.27000427246094,10660551,0.0,0.0
2026-05-20T14:30:00-0400,NVDA,224.26499938964844,224.3199005126953,222.03070068359375,222.8800048828125,222.8800048828125,16972518,0.0,0.0
2026-05-20T15:30:00-0400,NVDA,222.8892059326172,223.64999389648438,222.58999633789062,223.43499755859375,223.43499755859375,15836751,0.0,0.0
2026-05-21T09:30:00-0400,NVDA,222.1999969482422,227.39990234375,218.35000610351562,218.97000122070312,218.97000122070312,79656346,0.0,0.0
2026-05-21T10:30:00-0400,NVDA,218.92999267578125,220.10000610351562,217.92999267578125,218.85499572753906,218.85499572753906,26986727,0.0,0.0
2026-05-21T11:30:00-0400,NVDA,218.86500549316406,220.3249969482422,218.35000610351562,219.53500366210938,219.53500366210938,16169724,0.0,0.0
2026-05-21T12:30:00-0400,NVDA,219.5399932861328,222.3699951171875,218.92999267578125,221.11990356445312,221.11990356445312,16107400,0.0,0.0
2026-05-21T13:30:00-0400,NVDA,221.11000061035156,221.85000610351562,219.77999877929688,220.25999450683594,220.25999450683594,14242485,0.0,0.0
2026-05-21T14:30:00-0400,NVDA,220.25,220.4499969482422,218.6199951171875,220.3300018310547,220.3300018310547,18585308,0.0,0.0
2026-05-21T15:30:00-0400,NVDA,220.32000732421875,220.6300048828125,219.11000061035156,219.5,219.5,12663419,0.0,0.0
2026-05-22T09:30:00-0400,NVDA,220.9040069580078,221.00999450683594,215.16000366210938,216.3300018310547,216.3300018310547,50485470,0.0,0.0
2026-05-22T10:30:00-0400,NVDA,216.33700561523438,218.30499267578125,216.00999450683594,218.15499877929688,218.15499877929688,19893580,0.0,0.0
2026-05-22T11:30:00-0400,NVDA,218.14999389648438,218.32000732421875,216.7100067138672,217.10000610351562,217.10000610351562,13352896,0.0,0.0
2026-05-22T12:30:00-0400,NVDA,217.11000061035156,218.49000549316406,216.41000366210938,218.24000549316406,218.24000549316406,13514273,0.0,0.0
2026-05-22T13:30:00-0400,NVDA,218.24020385742188,218.2899932861328,215.4499969482422,216.0449981689453,216.0449981689453,16717248,0.0,0.0
2026-05-22T14:30:00-0400,NVDA,216.0399932861328,216.3300018310547,214.86000061035156,215.3350067138672,215.3350067138672,20907915,0.0,0.0
2026-05-22T15:30:00-0400,NVDA,215.3249969482422,215.94000244140625,215.11000061035156,215.25,215.25,13884597,0.0,0.0
2026-05-26T09:30:00-0400,NVDA,216.57749938964844,217.6999969482422,214.27999877929688,217.57009887695312,217.57009887695312,48336162,0.0,0.0
2026-05-26T10:30:00-0400,NVDA,217.60000610351562,218.17999267578125,213.610107421875,214.42999267578125,214.42999267578125,25453169,0.0,0.0
2026-05-26T11:30:00-0400,NVDA,214.44000244140625,214.75999450683594,212.0,213.10000610351562,213.10000610351562,20920540,0.0,0.0
2026-05-26T12:30:00-0400,NVDA,213.1199951171875,214.11700439453125,212.88299560546875,213.64300537109375,213.64300537109375,11456634,0.0,0.0
2026-05-26T13:30:00-0400,NVDA,213.63999938964844,214.4499969482422,212.90330505371094,213.88499450683594,213.88499450683594,12363737,0.0,0.0
2026-05-26T14:30:00-0400,NVDA,213.88499450683594,214.0399932861328,212.83999633789062,213.60800170898438,213.60800170898438,12901212,0.0,0.0
2026-05-26T15:30:00-0400,NVDA,213.60499572753906,214.86000061035156,213.4600067138672,214.8300018310547,214.8300018310547,12961311,0.0,0.0
2026-05-27T09:30:00-0400,NVDA,214.1199951171875,214.13999938964844,209.48939514160156,209.9199981689453,209.9199981689453,50952450,0.0,0.0
2026-05-27T10:30:00-0400,NVDA,209.92999267578125,210.38999938964844,208.77999877929688,209.7899932861328,209.7899932861328,20195747,0.0,0.0
2026-05-27T11:30:00-0400,NVDA,209.8000030517578,211.11000061035156,209.3350067138672,210.6898956298828,210.6898956298828,15861098,0.0,0.0
2026-05-27T12:30:00-0400,NVDA,210.67999267578125,212.1199951171875,210.31500244140625,211.97000122070312,211.97000122070312,13301084,0.0,0.0
2026-05-27T13:30:00-0400,NVDA,211.97000122070312,213.2899932861328,211.8000030517578,213.1999969482422,213.1999969482422,12953088,0.0,0.0
2026-05-27T14:30:00-0400,NVDA,213.17999267578125,213.32000732421875,212.1199951171875,212.44000244140625,212.44000244140625,12247580,0.0,0.0
2026-05-27T15:30:00-0400,NVDA,212.4499969482422,213.25999450683594,212.16000366210938,212.5800018310547,212.5800018310547,10427471,0.0,0.0
2026-05-28T09:30:00-0400,NVDA,211.27499389648438,214.2899932861328,211.2220001220703,212.4512939453125,212.4512939453125,34321042,0.0,0.0
2026-05-28T10:30:00-0400,NVDA,212.47000122070312,213.14999389648438,211.50999450683594,212.6699981689453,212.6699981689453,15883778,0.0,0.0
2026-05-28T11:30:00-0400,NVDA,212.67999267578125,213.32000732421875,212.10000610351562,212.9949951171875,212.9949951171875,12354616,0.0,0.0
2026-05-28T12:30:00-0400,NVDA,212.99749755859375,213.97500610351562,212.4499969482422,213.22999572753906,213.22999572753906,11604811,0.0,0.0
2026-05-28T13:30:00-0400,NVDA,213.24600219726562,215.51910400390625,212.92999267578125,214.3800048828125,214.3800048828125,16226317,0.0,0.0
2026-05-28T14:30:00-0400,NVDA,214.36459350585938,214.8968963623047,213.86000061035156,214.10000610351562,214.10000610351562,11783954,0.0,0.0
2026-05-28T15:30:00-0400,NVDA,214.1199951171875,214.49000549316406,213.77000427246094,214.3000030517578,214.3000030517578,7963820,0.0,0.0
2026-05-29T09:30:00-0400,NVDA,214.4499969482422,217.35000610351562,212.80999755859375,215.9199981689453,215.9199981689453,40543469,0.0,0.0
2026-05-29T10:30:00-0400,NVDA,215.9149932861328,217.02000427246094,214.36000061035156,215.38999938964844,215.38999938964844,19932251,0.0,0.0
2026-05-29T11:30:00-0400,NVDA,215.4199981689453,217.1199951171875,214.77000427246094,215.98989868164062,215.98989868164062,11951156,0.0,0.0
2026-05-29T12:30:00-0400,NVDA,215.99000549316406,217.52000427246094,215.78990173339844,216.27999877929688,216.27999877929688,11200176,0.0,0.0
2026-05-29T13:30:00-0400,NVDA,216.2899932861328,217.0500030517578,215.2899932861328,216.97000122070312,216.97000122070312,11436702,0.0,0.0
2026-05-29T14:30:00-0400,NVDA,217.0,217.85989379882812,216.45030212402344,216.99000549316406,216.99000549316406,15770699,0.0,0.0
2026-05-29T15:30:00-0400,NVDA,216.9949951171875,217.4499969482422,211.1300048828125,211.14999389648438,211.14999389648438,37566793,0.0,0.0
