window_id,ticker,from_date,to_date,status,http_status,article_count,retrieved_at_utc,raw_file,error_kind
window_46641913618ba5dd,AMD,2025-10-01,2025-10-07,success,200,210,2026-09-14T15:29:41Z,raw/responses/AMD/2025-10-01_2025-10-07.json,
window_b11381e3d9d74040,AMD,2025-10-08,2025-10-14,success,200,239,2026-09-14T15:29:42Z,raw/responses/AMD/2025-10-08_2025-10-14.json,
window_55a016a875b8bbb1,AMD,2025-10-15,2025-10-21,success,200,182,2026-09-14T15:29:43Z,raw/responses/AMD/2025-10-15_2025-10-21.json,
window_8e5ee30ee2c391d9,AMD,2025-10-22,2025-10-28,success,200,187,2026-09-14T15:29:44Z,raw/responses/AMD/2025-10-22_2025-10-28.json,
window_2643d3727ce07698,AMD,2025-10-29,2025-11-04,success,200,197,2026-09-14T15:29:45Z,raw/responses/AMD/2025-10-29_2025-11-04.json,
window_f57b363572278128,AMD,2025-11-05,2025-11-11,success,200,178,2026-09-14T15:29:46Z,raw/responses/AMD/2025-11-05_2025-11-11.json,
window_a451f3bdb3d9c7b6,AMD,2025-11-12,2025-11-18,success,200,217,2026-09-14T15:29:47Z,raw/responses/AMD/2025-11-12_2025-11-18.json,
window_18d74d64d3572d3f,AMD,2025-11-19,2025-11-25,success,200,219,2026-09-14T15:29:48Z,raw/responses/AMD/2025-11-19_2025-11-25.json,
window_b9b8bb0a9edea6ba,AMD,2025-11-26,2025-12-02,success,200,125,2026-09-14T15:29:49Z,raw/responses/AMD/2025-11-26_2025-12-02.json,
window_d71c2c6933047033,AMD,2025-12-03,2025-12-09,success,200,133,2026-09-14T15:29:51Z,raw/responses/AMD/2025-12-03_2025-12-09.json,
window_642510781a061b08,AMD,2025-12-10,2025-12-16,success,200,139,2026-09-14T15:29:52Z,raw/responses/AMD/2025-12-10_2025-12-16.json,
window_774bcd7ea5cc2aa5,AMD,2025-12-17,2025-12-23,success,200,120,2026-09-14T15:29:53Z,raw/responses/AMD/2025-12-17_2025-12-23.json,
window_f84297968a037cd4,AMD,2025-12-24,2025-12-30,success,200,88,2026-09-14T15:29:54Z,raw/responses/AMD/2025-12-24_2025-12-30.json,
window_f8f0ab5b57454e51,AMD,2025-12-31,2026-01-06,success,200,162,2026-09-14T15:29:55Z,raw/responses/AMD/2025-12-31_2026-01-06.json,
window_0a28cba557f38011,AMD,2026-01-07,2026-01-13,success,200,154,2026-09-14T15:29:56Z,raw/responses/AMD/2026-01-07_2026-01-13.json,
window_b99d3b197606cdf8,AMD,2026-01-14,2026-01-20,success,200,227,2026-09-14T15:29:57Z,raw/responses/AMD/2026-01-14_2026-01-20.json,
window_a83f09741787bdca,AMD,2026-01-21,2026-01-27,success,200,170,2026-09-14T15:29:58Z,raw/responses/AMD/2026-01-21_2026-01-27.json,
window_324373e9e8f23ef5,AMD,2026-01-28,2026-01-31,success,200,94,2026-09-14T15:34:38Z,raw/responses/AMD/2026-01-28_2026-01-31.json,
window_9f7a71e55feee9c1,AMD,2026-01-28,2026-02-03,split_potential_truncation,200,243,2026-09-14T15:29:59Z,raw/responses/AMD/2026-01-28_2026-02-03.json,
window_e5c63a8ad416c04b,AMD,2026-02-01,2026-02-03,success,200,175,2026-09-14T15:34:39Z,raw/responses/AMD/2026-02-01_2026-02-03.json,
window_3fc1c2ba65d20380,AMD,2026-02-04,2026-02-05,success,200,189,2026-09-14T15:34:41Z,raw/responses/AMD/2026-02-04_2026-02-05.json,
window_67742f71eb3a6441,AMD,2026-02-04,2026-02-07,split_potential_truncation,200,244,2026-09-14T15:34:40Z,raw/responses/AMD/2026-02-04_2026-02-07.json,
window_e05d90d689719da2,AMD,2026-02-04,2026-02-10,split_potential_truncation,200,244,2026-09-14T15:30:01Z,raw/responses/AMD/2026-02-04_2026-02-10.json,
window_0356dfd746acc5a9,AMD,2026-02-06,2026-02-07,success,200,64,2026-09-14T15:34:43Z,raw/responses/AMD/2026-02-06_2026-02-07.json,
window_f0b5467da8e63e5c,AMD,2026-02-08,2026-02-10,success,200,71,2026-09-14T15:34:44Z,raw/responses/AMD/2026-02-08_2026-02-10.json,
window_8c73869e7fc5826c,AMD,2026-02-11,2026-02-17,success,200,119,2026-09-14T15:30:02Z,raw/responses/AMD/2026-02-11_2026-02-17.json,
window_9fdf36fa964c4856,AMD,2026-02-18,2026-02-24,success,200,238,2026-09-14T15:30:03Z,raw/responses/AMD/2026-02-18_2026-02-24.json,
window_29f73d904015c91f,AMD,2026-02-25,2026-02-28,success,200,189,2026-09-14T15:34:45Z,raw/responses/AMD/2026-02-25_2026-02-28.json,
window_eacceabcf5bb7cb3,AMD,2026-02-25,2026-03-03,split_potential_truncation,200,243,2026-09-14T15:30:05Z,raw/responses/AMD/2026-02-25_2026-03-03.json,
window_9d6b469be60fa871,AMD,2026-03-01,2026-03-03,success,200,72,2026-09-14T15:34:46Z,raw/responses/AMD/2026-03-01_2026-03-03.json,
window_a3bbb21a067af098,AMD,2026-03-04,2026-03-10,success,200,185,2026-09-14T15:30:07Z,raw/responses/AMD/2026-03-04_2026-03-10.json,
window_d32d5f6ab8f14c5a,AMD,2026-03-11,2026-03-17,success,200,160,2026-09-14T15:30:09Z,raw/responses/AMD/2026-03-11_2026-03-17.json,
window_af3a293731fdb52a,AMD,2026-03-18,2026-03-24,success,200,159,2026-09-14T15:30:10Z,raw/responses/AMD/2026-03-18_2026-03-24.json,
window_6ae90aceded2ee6c,AMD,2026-03-25,2026-03-31,success,200,194,2026-09-14T15:30:11Z,raw/responses/AMD/2026-03-25_2026-03-31.json,
window_a178cc4b7072c802,AMD,2026-04-01,2026-04-07,success,200,134,2026-09-14T15:30:12Z,raw/responses/AMD/2026-04-01_2026-04-07.json,
window_6656b9babc64a35a,AMD,2026-04-08,2026-04-14,success,200,130,2026-09-14T15:30:13Z,raw/responses/AMD/2026-04-08_2026-04-14.json,
window_eb679167f427fa40,AMD,2026-04-15,2026-04-21,success,200,185,2026-09-14T15:30:15Z,raw/responses/AMD/2026-04-15_2026-04-21.json,
window_6a8f4484d097b1a8,AMD,2026-04-22,2026-04-25,success,200,194,2026-09-14T15:34:47Z,raw/responses/AMD/2026-04-22_2026-04-25.json,
window_66f7f3e1bd1bed45,AMD,2026-04-22,2026-04-28,split_potential_truncation,200,245,2026-09-14T15:30:16Z,raw/responses/AMD/2026-04-22_2026-04-28.json,
window_1957d470e54782bb,AMD,2026-04-26,2026-04-28,success,200,145,2026-09-14T15:34:48Z,raw/responses/AMD/2026-04-26_2026-04-28.json,
window_f5195f0a4793bbd7,AMD,2026-04-29,2026-05-01,success,200,122,2026-09-14T15:30:17Z,raw/responses/AMD/2026-04-29_2026-05-01.json,
window_32a8302326475292,AMZN,2025-10-01,2025-10-07,success,200,219,2026-09-14T15:38:13Z,raw/responses/AMZN/2025-10-01_2025-10-07.json,
window_cdaef7b51c8c104b,AMZN,2025-10-08,2025-10-14,success,200,235,2026-09-14T15:38:14Z,raw/responses/AMZN/2025-10-08_2025-10-14.json,
window_12eaf503769f79fa,AMZN,2025-10-15,2025-10-18,success,200,141,2026-09-14T15:38:16Z,raw/responses/AMZN/2025-10-15_2025-10-18.json,
window_a474faaa122d8e4b,AMZN,2025-10-15,2025-10-21,split_potential_truncation,200,242,2026-09-14T15:38:15Z,raw/responses/AMZN/2025-10-15_2025-10-21.json,
window_b64155ca684807d3,AMZN,2025-10-19,2025-10-21,success,200,101,2026-09-14T15:38:17Z,raw/responses/AMZN/2025-10-19_2025-10-21.json,
window_9647af059331055a,AMZN,2025-10-22,2025-10-25,success,200,99,2026-09-14T15:38:19Z,raw/responses/AMZN/2025-10-22_2025-10-25.json,
window_3ca195ae84542c83,AMZN,2025-10-22,2025-10-28,split_potential_truncation,200,241,2026-09-14T15:38:18Z,raw/responses/AMZN/2025-10-22_2025-10-28.json,
window_4cffed09016a0aa4,AMZN,2025-10-26,2025-10-28,success,200,143,2026-09-14T15:38:20Z,raw/responses/AMZN/2025-10-26_2025-10-28.json,
window_4ad4874d966d8432,AMZN,2025-10-29,2025-11-01,success,200,232,2026-09-14T15:38:22Z,raw/responses/AMZN/2025-10-29_2025-11-01.json,
window_a2d4272e7f173c27,AMZN,2025-10-29,2025-11-04,split_potential_truncation,200,241,2026-09-14T15:38:21Z,raw/responses/AMZN/2025-10-29_2025-11-04.json,
window_8b7e9f7ebaf47d9f,AMZN,2025-11-02,2025-11-04,success,200,155,2026-09-14T15:38:24Z,raw/responses/AMZN/2025-11-02_2025-11-04.json,
window_5b183012e0bac15e,AMZN,2025-11-05,2025-11-08,success,200,140,2026-09-14T15:38:26Z,raw/responses/AMZN/2025-11-05_2025-11-08.json,
window_2ed219cde3edcce3,AMZN,2025-11-05,2025-11-11,split_potential_truncation,200,242,2026-09-14T15:38:25Z,raw/responses/AMZN/2025-11-05_2025-11-11.json,
window_919f01e78fdf3b67,AMZN,2025-11-09,2025-11-11,success,200,113,2026-09-14T15:38:27Z,raw/responses/AMZN/2025-11-09_2025-11-11.json,
window_a3af9c0c75e34c73,AMZN,2025-11-12,2025-11-15,success,200,204,2026-09-14T15:38:29Z,raw/responses/AMZN/2025-11-12_2025-11-15.json,
window_b5c8b95eae2e0361,AMZN,2025-11-12,2025-11-18,split_potential_truncation,200,246,2026-09-14T15:38:28Z,raw/responses/AMZN/2025-11-12_2025-11-18.json,
window_b35906769612138b,AMZN,2025-11-16,2025-11-18,success,200,148,2026-09-14T15:38:30Z,raw/responses/AMZN/2025-11-16_2025-11-18.json,
window_421a346667ee2ea7,AMZN,2025-11-19,2025-11-22,success,200,190,2026-09-14T15:38:32Z,raw/responses/AMZN/2025-11-19_2025-11-22.json,
window_6be719cb4b4ae733,AMZN,2025-11-19,2025-11-25,split_potential_truncation,200,248,2026-09-14T15:38:31Z,raw/responses/AMZN/2025-11-19_2025-11-25.json,
window_7feb5c385156c917,AMZN,2025-11-23,2025-11-25,success,200,147,2026-09-14T15:38:33Z,raw/responses/AMZN/2025-11-23_2025-11-25.json,
window_66f33dd64ef0e8bd,AMZN,2025-11-26,2025-12-02,success,200,236,2026-09-14T15:38:35Z,raw/responses/AMZN/2025-11-26_2025-12-02.json,
window_72e69b1a016c5528,AMZN,2025-12-03,2025-12-06,success,200,215,2026-09-14T15:38:37Z,raw/responses/AMZN/2025-12-03_2025-12-06.json,
window_9aa375813be81412,AMZN,2025-12-03,2025-12-09,split_potential_truncation,200,245,2026-09-14T15:38:36Z,raw/responses/AMZN/2025-12-03_2025-12-09.json,
window_5cf896d52bbe3ab4,AMZN,2025-12-07,2025-12-09,success,200,116,2026-09-14T15:38:38Z,raw/responses/AMZN/2025-12-07_2025-12-09.json,
window_5e20f65c0d3aee08,AMZN,2025-12-10,2025-12-13,success,200,158,2026-09-14T15:38:40Z,raw/responses/AMZN/2025-12-10_2025-12-13.json,
window_72ecd6cd78596ed6,AMZN,2025-12-10,2025-12-16,split_potential_truncation,200,243,2026-09-14T15:38:39Z,raw/responses/AMZN/2025-12-10_2025-12-16.json,
window_11a91f1ed2a77f5f,AMZN,2025-12-14,2025-12-16,success,200,105,2026-09-14T15:38:41Z,raw/responses/AMZN/2025-12-14_2025-12-16.json,
window_937461887bb4e0d2,AMZN,2025-12-17,2025-12-20,success,200,159,2026-09-14T15:38:43Z,raw/responses/AMZN/2025-12-17_2025-12-20.json,
window_ee5d0b61775b4aa2,AMZN,2025-12-17,2025-12-23,split_potential_truncation,200,241,2026-09-14T15:38:42Z,raw/responses/AMZN/2025-12-17_2025-12-23.json,
window_9ce450fcfedef39f,AMZN,2025-12-21,2025-12-23,success,200,86,2026-09-14T15:38:45Z,raw/responses/AMZN/2025-12-21_2025-12-23.json,
window_1f826e471b1240c1,AMZN,2025-12-24,2025-12-30,success,200,152,2026-09-14T15:38:46Z,raw/responses/AMZN/2025-12-24_2025-12-30.json,
window_479cb9f05b4c9d4d,AMZN,2025-12-31,2026-01-06,success,200,177,2026-09-14T15:38:47Z,raw/responses/AMZN/2025-12-31_2026-01-06.json,
window_15ff40370a4a193c,AMZN,2026-01-07,2026-01-10,success,200,190,2026-09-14T15:38:49Z,raw/responses/AMZN/2026-01-07_2026-01-10.json,
window_01a71c10962797bf,AMZN,2026-01-07,2026-01-13,split_potential_truncation,200,244,2026-09-14T15:38:48Z,raw/responses/AMZN/2026-01-07_2026-01-13.json,
window_83a355773ddaf552,AMZN,2026-01-11,2026-01-13,success,200,121,2026-09-14T15:38:50Z,raw/responses/AMZN/2026-01-11_2026-01-13.json,
window_57e67dded164174d,AMZN,2026-01-14,2026-01-17,success,200,207,2026-09-14T15:38:52Z,raw/responses/AMZN/2026-01-14_2026-01-17.json,
window_c3d37b43c8bc3688,AMZN,2026-01-14,2026-01-20,split_potential_truncation,200,241,2026-09-14T15:38:51Z,raw/responses/AMZN/2026-01-14_2026-01-20.json,
window_d4067eda556892c1,AMZN,2026-01-18,2026-01-20,success,200,119,2026-09-14T15:38:53Z,raw/responses/AMZN/2026-01-18_2026-01-20.json,
window_351dae7f0b2ce4ab,AMZN,2026-01-21,2026-01-24,success,200,209,2026-09-14T15:38:56Z,raw/responses/AMZN/2026-01-21_2026-01-24.json,
window_ae24b09c9535d46e,AMZN,2026-01-21,2026-01-27,split_potential_truncation,200,243,2026-09-14T15:38:54Z,raw/responses/AMZN/2026-01-21_2026-01-27.json,
window_be8edfb538810898,AMZN,2026-01-25,2026-01-27,success,200,160,2026-09-14T15:38:57Z,raw/responses/AMZN/2026-01-25_2026-01-27.json,
window_71b0046669189637,AMZN,2026-01-28,2026-01-29,success,200,221,2026-09-14T15:39:00Z,raw/responses/AMZN/2026-01-28_2026-01-29.json,
window_f95cec2ffd8ffccc,AMZN,2026-01-28,2026-01-31,split_potential_truncation,200,246,2026-09-14T15:38:59Z,raw/responses/AMZN/2026-01-28_2026-01-31.json,
window_c09d06f336d96492,AMZN,2026-01-28,2026-02-03,split_potential_truncation,200,249,2026-09-14T15:38:58Z,raw/responses/AMZN/2026-01-28_2026-02-03.json,
window_d8afd1e1ec616a8b,AMZN,2026-01-30,2026-01-31,success,200,88,2026-09-14T15:39:01Z,raw/responses/AMZN/2026-01-30_2026-01-31.json,
window_f9d6915343ce6ab9,AMZN,2026-02-01,2026-02-03,success,200,237,2026-09-14T15:39:02Z,raw/responses/AMZN/2026-02-01_2026-02-03.json,
window_e19e54fae83d7b04,AMZN,2026-02-04,2026-02-04,success,200,95,2026-09-14T15:39:07Z,raw/responses/AMZN/2026-02-04_2026-02-04.json,
window_6e87f48b06d4ec23,AMZN,2026-02-04,2026-02-05,split_potential_truncation,200,247,2026-09-14T15:39:06Z,raw/responses/AMZN/2026-02-04_2026-02-05.json,
window_aade26b7a628fe85,AMZN,2026-02-04,2026-02-07,split_potential_truncation,200,249,2026-09-14T15:39:04Z,raw/responses/AMZN/2026-02-04_2026-02-07.json,
window_e6faecc6dd0502f6,AMZN,2026-02-04,2026-02-10,split_potential_truncation,200,247,2026-09-14T15:39:03Z,raw/responses/AMZN/2026-02-04_2026-02-10.json,
window_bcd7668e630bc6d5,AMZN,2026-02-05,2026-02-05,success,200,160,2026-09-14T15:39:08Z,raw/responses/AMZN/2026-02-05_2026-02-05.json,
window_88077e996d71dfed,AMZN,2026-02-06,2026-02-06,success,200,220,2026-09-14T15:39:10Z,raw/responses/AMZN/2026-02-06_2026-02-06.json,
window_df6452392fa41567,AMZN,2026-02-06,2026-02-07,split_potential_truncation,200,249,2026-09-14T15:39:09Z,raw/responses/AMZN/2026-02-06_2026-02-07.json,
window_b8da1a4093e56fee,AMZN,2026-02-07,2026-02-07,success,200,42,2026-09-14T15:39:11Z,raw/responses/AMZN/2026-02-07_2026-02-07.json,
window_5b43be5f9e8eec21,AMZN,2026-02-08,2026-02-09,success,200,157,2026-09-14T15:39:13Z,raw/responses/AMZN/2026-02-08_2026-02-09.json,
window_0822a78e5060d24b,AMZN,2026-02-08,2026-02-10,split_potential_truncation,200,247,2026-09-14T15:39:12Z,raw/responses/AMZN/2026-02-08_2026-02-10.json,
window_439dfe35495d56fc,AMZN,2026-02-10,2026-02-10,success,200,97,2026-09-14T15:39:14Z,raw/responses/AMZN/2026-02-10_2026-02-10.json,
window_967738e49bd7247a,AMZN,2026-02-11,2026-02-12,success,200,194,2026-09-14T15:39:18Z,raw/responses/AMZN/2026-02-11_2026-02-12.json,
window_9c77fe4013cfaa0e,AMZN,2026-02-11,2026-02-14,split_potential_truncation,200,246,2026-09-14T15:39:17Z,raw/responses/AMZN/2026-02-11_2026-02-14.json,
window_8efb6cb4c8299669,AMZN,2026-02-11,2026-02-17,split_potential_truncation,200,248,2026-09-14T15:39:15Z,raw/responses/AMZN/2026-02-11_2026-02-17.json,
window_8268880ccda7dbdb,AMZN,2026-02-13,2026-02-14,success,200,129,2026-09-14T15:39:19Z,raw/responses/AMZN/2026-02-13_2026-02-14.json,
window_0fa2934538bae0af,AMZN,2026-02-15,2026-02-17,success,200,174,2026-09-14T15:39:20Z,raw/responses/AMZN/2026-02-15_2026-02-17.json,
window_bcd65b58ee687c89,AMZN,2026-02-18,2026-02-19,success,200,217,2026-09-14T15:39:23Z,raw/responses/AMZN/2026-02-18_2026-02-19.json,
window_9a4d63ff6a2a92d5,AMZN,2026-02-18,2026-02-21,split_potential_truncation,200,249,2026-09-14T15:39:22Z,raw/responses/AMZN/2026-02-18_2026-02-21.json,
window_4c670605ab539f06,AMZN,2026-02-18,2026-02-24,split_potential_truncation,200,249,2026-09-14T15:39:21Z,raw/responses/AMZN/2026-02-18_2026-02-24.json,
window_baf32b2b69fb4b66,AMZN,2026-02-20,2026-02-21,success,200,101,2026-09-14T15:39:24Z,raw/responses/AMZN/2026-02-20_2026-02-21.json,
window_0c83b0488a53c841,AMZN,2026-02-22,2026-02-24,success,200,194,2026-09-14T15:39:25Z,raw/responses/AMZN/2026-02-22_2026-02-24.json,
window_2cec7388abdb7c27,AMZN,2026-02-25,2026-02-26,success,200,191,2026-09-14T15:39:29Z,raw/responses/AMZN/2026-02-25_2026-02-26.json,
window_766f08bd64e7e359,AMZN,2026-02-25,2026-02-28,split_potential_truncation,200,246,2026-09-14T15:39:28Z,raw/responses/AMZN/2026-02-25_2026-02-28.json,
window_527308253b8f2ea4,AMZN,2026-02-25,2026-03-03,split_potential_truncation,200,246,2026-09-14T15:39:26Z,raw/responses/AMZN/2026-02-25_2026-03-03.json,
window_3ea97e7718605bd6,AMZN,2026-02-27,2026-02-28,success,200,147,2026-09-14T15:39:30Z,raw/responses/AMZN/2026-02-27_2026-02-28.json,
window_eac6055bdc3e6f98,AMZN,2026-03-01,2026-03-03,success,200,186,2026-09-14T15:39:31Z,raw/responses/AMZN/2026-03-01_2026-03-03.json,
window_1629542d9839b116,AMZN,2026-03-04,2026-03-07,success,200,238,2026-09-14T15:39:33Z,raw/responses/AMZN/2026-03-04_2026-03-07.json,
window_9c02b9f2af41158f,AMZN,2026-03-04,2026-03-10,split_potential_truncation,200,243,2026-09-14T15:39:32Z,raw/responses/AMZN/2026-03-04_2026-03-10.json,
window_0cd6416f7008f8ad,AMZN,2026-03-08,2026-03-10,success,200,180,2026-09-14T15:39:34Z,raw/responses/AMZN/2026-03-08_2026-03-10.json,
window_2da50aff641879b0,AMZN,2026-03-11,2026-03-17,success,200,236,2026-09-14T15:39:35Z,raw/responses/AMZN/2026-03-11_2026-03-17.json,
window_1828a95cff52a484,AMZN,2026-03-18,2026-03-21,success,200,233,2026-09-14T15:39:38Z,raw/responses/AMZN/2026-03-18_2026-03-21.json,
window_fbcf483e12f5047e,AMZN,2026-03-18,2026-03-24,split_potential_truncation,200,243,2026-09-14T15:39:36Z,raw/responses/AMZN/2026-03-18_2026-03-24.json,
window_d8e69a94eafd4d4b,AMZN,2026-03-22,2026-03-24,success,200,182,2026-09-14T15:39:39Z,raw/responses/AMZN/2026-03-22_2026-03-24.json,
window_ca386a36c507d3c7,AMZN,2026-03-25,2026-03-28,success,200,217,2026-09-14T15:39:41Z,raw/responses/AMZN/2026-03-25_2026-03-28.json,
window_e41526848fd560e2,AMZN,2026-03-25,2026-03-31,split_potential_truncation,200,242,2026-09-14T15:39:40Z,raw/responses/AMZN/2026-03-25_2026-03-31.json,
window_c84f6dfaea09a134,AMZN,2026-03-29,2026-03-31,success,200,163,2026-09-14T15:39:42Z,raw/responses/AMZN/2026-03-29_2026-03-31.json,
window_3ffcbf7564e39ea8,AMZN,2026-04-01,2026-04-04,success,200,234,2026-09-14T15:39:44Z,raw/responses/AMZN/2026-04-01_2026-04-04.json,
window_a5b781543f51e386,AMZN,2026-04-01,2026-04-07,split_potential_truncation,200,240,2026-09-14T15:39:43Z,raw/responses/AMZN/2026-04-01_2026-04-07.json,
window_e4f400964d6d73eb,AMZN,2026-04-05,2026-04-07,success,200,172,2026-09-14T15:39:45Z,raw/responses/AMZN/2026-04-05_2026-04-07.json,
window_5902055854dadc80,AMZN,2026-04-08,2026-04-09,success,200,192,2026-09-14T15:39:49Z,raw/responses/AMZN/2026-04-08_2026-04-09.json,
window_d1abce0a40790c30,AMZN,2026-04-08,2026-04-11,split_potential_truncation,200,249,2026-09-14T15:39:47Z,raw/responses/AMZN/2026-04-08_2026-04-11.json,
window_84ec424a54318878,AMZN,2026-04-08,2026-04-14,split_potential_truncation,200,240,2026-09-14T15:39:46Z,raw/responses/AMZN/2026-04-08_2026-04-14.json,
window_8527b624803e88c6,AMZN,2026-04-10,2026-04-11,success,200,124,2026-09-14T15:39:50Z,raw/responses/AMZN/2026-04-10_2026-04-11.json,
window_e2624b4f9ab05b0a,AMZN,2026-04-12,2026-04-13,success,200,100,2026-09-14T15:39:52Z,raw/responses/AMZN/2026-04-12_2026-04-13.json,
window_e948de18576c7b19,AMZN,2026-04-12,2026-04-14,split_potential_truncation,200,240,2026-09-14T15:39:51Z,raw/responses/AMZN/2026-04-12_2026-04-14.json,
window_ae9095859bb4b308,AMZN,2026-04-14,2026-04-14,success,200,144,2026-09-14T15:39:53Z,raw/responses/AMZN/2026-04-14_2026-04-14.json,
window_74410245ec5860eb,AMZN,2026-04-15,2026-04-16,success,200,180,2026-09-14T15:39:56Z,raw/responses/AMZN/2026-04-15_2026-04-16.json,
window_96391b16b3132a63,AMZN,2026-04-15,2026-04-18,split_potential_truncation,200,245,2026-09-14T15:39:55Z,raw/responses/AMZN/2026-04-15_2026-04-18.json,
window_3e48bc5fb07648ea,AMZN,2026-04-15,2026-04-21,split_potential_truncation,200,245,2026-09-14T15:39:54Z,raw/responses/AMZN/2026-04-15_2026-04-21.json,
window_c0b3cd6533839846,AMZN,2026-04-17,2026-04-18,success,200,91,2026-09-14T15:39:57Z,raw/responses/AMZN/2026-04-17_2026-04-18.json,
window_895c0489a8b6fd67,AMZN,2026-04-19,2026-04-20,success,200,119,2026-09-14T15:40:00Z,raw/responses/AMZN/2026-04-19_2026-04-20.json,
window_8743ebe27d553d7c,AMZN,2026-04-19,2026-04-21,split_potential_truncation,200,245,2026-09-14T15:39:58Z,raw/responses/AMZN/2026-04-19_2026-04-21.json,
window_105d305c32a07968,AMZN,2026-04-21,2026-04-21,success,200,128,2026-09-14T15:40:01Z,raw/responses/AMZN/2026-04-21_2026-04-21.json,
window_5b38b26b1cf1c754,AMZN,2026-04-22,2026-04-23,success,200,162,2026-09-14T15:40:04Z,raw/responses/AMZN/2026-04-22_2026-04-23.json,
window_0ad73b304d6f8d4c,AMZN,2026-04-22,2026-04-25,split_potential_truncation,200,242,2026-09-14T15:40:03Z,raw/responses/AMZN/2026-04-22_2026-04-25.json,
window_7203bb298eff0803,AMZN,2026-04-22,2026-04-28,split_potential_truncation,200,246,2026-09-14T15:40:02Z,raw/responses/AMZN/2026-04-22_2026-04-28.json,
window_916a45ac3251bab3,AMZN,2026-04-24,2026-04-25,success,200,153,2026-09-14T15:40:05Z,raw/responses/AMZN/2026-04-24_2026-04-25.json,
window_a600d66f8da0f35d,AMZN,2026-04-26,2026-04-27,success,200,170,2026-09-14T15:40:07Z,raw/responses/AMZN/2026-04-26_2026-04-27.json,
window_2084a88ac7a2be93,AMZN,2026-04-26,2026-04-28,split_potential_truncation,200,246,2026-09-14T15:40:06Z,raw/responses/AMZN/2026-04-26_2026-04-28.json,
window_22ce2ac4b0e97d85,AMZN,2026-04-28,2026-04-28,success,200,123,2026-09-14T15:40:08Z,raw/responses/AMZN/2026-04-28_2026-04-28.json,
window_e835602b657f9bc8,AMZN,2026-04-29,2026-04-29,success,200,150,2026-09-14T15:40:12Z,raw/responses/AMZN/2026-04-29_2026-04-29.json,
window_d461f83d5be902e6,AMZN,2026-04-29,2026-04-30,split_potential_truncation,200,250,2026-09-14T15:40:11Z,raw/responses/AMZN/2026-04-29_2026-04-30.json,
window_cb598dbb7188dd5f,AMZN,2026-04-29,2026-05-01,split_potential_truncation,200,249,2026-09-14T15:40:10Z,raw/responses/AMZN/2026-04-29_2026-05-01.json,
window_7ae1eb5e538d39a9,AMZN,2026-04-30,2026-04-30,success,200,183,2026-09-14T15:40:13Z,raw/responses/AMZN/2026-04-30_2026-04-30.json,
window_3715204fbc8a4012,AMZN,2026-05-01,2026-05-01,success,200,115,2026-09-14T15:40:14Z,raw/responses/AMZN/2026-05-01_2026-05-01.json,
window_39c6982d4fdfbc90,AVGO,2025-10-01,2025-10-07,success,200,110,2026-09-14T15:35:53Z,raw/responses/AVGO/2025-10-01_2025-10-07.json,
window_94d9a33e4f61e01b,AVGO,2025-10-08,2025-10-14,success,200,175,2026-09-14T15:35:54Z,raw/responses/AVGO/2025-10-08_2025-10-14.json,
window_a2d75d90bc6efc1c,AVGO,2025-10-15,2025-10-21,success,200,139,2026-09-14T15:35:56Z,raw/responses/AVGO/2025-10-15_2025-10-21.json,
window_f982ab879668b97d,AVGO,2025-10-22,2025-10-28,success,200,87,2026-09-14T15:35:57Z,raw/responses/AVGO/2025-10-22_2025-10-28.json,
window_2e2d6e7c23285ab7,AVGO,2025-10-29,2025-11-04,success,200,102,2026-09-14T15:35:58Z,raw/responses/AVGO/2025-10-29_2025-11-04.json,
window_373be4a4c7adb19b,AVGO,2025-11-05,2025-11-11,success,200,105,2026-09-14T15:35:59Z,raw/responses/AVGO/2025-11-05_2025-11-11.json,
window_bb8cb3098640776c,AVGO,2025-11-12,2025-11-18,success,200,132,2026-09-14T15:36:00Z,raw/responses/AVGO/2025-11-12_2025-11-18.json,
window_caca7dd9f08523f4,AVGO,2025-11-19,2025-11-25,success,200,173,2026-09-14T15:36:01Z,raw/responses/AVGO/2025-11-19_2025-11-25.json,
window_7710653a5e5a8f3b,AVGO,2025-11-26,2025-12-02,success,200,132,2026-09-14T15:36:02Z,raw/responses/AVGO/2025-11-26_2025-12-02.json,
window_6f693ea96b9549d9,AVGO,2025-12-03,2025-12-09,success,200,182,2026-09-14T15:36:03Z,raw/responses/AVGO/2025-12-03_2025-12-09.json,
window_4ccaf85206ecb7d5,AVGO,2025-12-10,2025-12-16,success,200,235,2026-09-14T15:36:04Z,raw/responses/AVGO/2025-12-10_2025-12-16.json,
window_5637a63953f70b9a,AVGO,2025-12-17,2025-12-23,success,200,188,2026-09-14T15:36:05Z,raw/responses/AVGO/2025-12-17_2025-12-23.json,
window_5e8cfacb89865f40,AVGO,2025-12-24,2025-12-30,success,200,86,2026-09-14T15:36:07Z,raw/responses/AVGO/2025-12-24_2025-12-30.json,
window_a5a75e010c7a0373,AVGO,2025-12-31,2026-01-06,success,200,92,2026-09-14T15:36:08Z,raw/responses/AVGO/2025-12-31_2026-01-06.json,
window_14152a10d0cb6cf1,AVGO,2026-01-07,2026-01-13,success,200,121,2026-09-14T15:36:09Z,raw/responses/AVGO/2026-01-07_2026-01-13.json,
window_393006c30332fac3,AVGO,2026-01-14,2026-01-20,success,200,179,2026-09-14T15:36:10Z,raw/responses/AVGO/2026-01-14_2026-01-20.json,
window_7b097a24cf21c185,AVGO,2026-01-21,2026-01-27,success,200,92,2026-09-14T15:36:11Z,raw/responses/AVGO/2026-01-21_2026-01-27.json,
window_4fce2ee7057e4844,AVGO,2026-01-28,2026-02-03,success,200,138,2026-09-14T15:36:12Z,raw/responses/AVGO/2026-01-28_2026-02-03.json,
window_4ccfb38e58ad3e72,AVGO,2026-02-04,2026-02-10,success,200,192,2026-09-14T15:36:13Z,raw/responses/AVGO/2026-02-04_2026-02-10.json,
window_c0201c120cf2d11f,AVGO,2026-02-11,2026-02-17,success,200,125,2026-09-14T15:36:14Z,raw/responses/AVGO/2026-02-11_2026-02-17.json,
window_e259750c68fa2560,AVGO,2026-02-18,2026-02-24,success,200,120,2026-09-14T15:36:15Z,raw/responses/AVGO/2026-02-18_2026-02-24.json,
window_54d6df2e9f5cd167,AVGO,2026-02-25,2026-03-03,success,200,206,2026-09-14T15:36:17Z,raw/responses/AVGO/2026-02-25_2026-03-03.json,
window_1a48f627da8df550,AVGO,2026-03-04,2026-03-10,success,200,235,2026-09-14T15:36:18Z,raw/responses/AVGO/2026-03-04_2026-03-10.json,
window_4edfc3287b6ac191,AVGO,2026-03-11,2026-03-17,success,200,153,2026-09-14T15:36:19Z,raw/responses/AVGO/2026-03-11_2026-03-17.json,
window_921cfd93f0277f66,AVGO,2026-03-18,2026-03-24,success,200,160,2026-09-14T15:36:20Z,raw/responses/AVGO/2026-03-18_2026-03-24.json,
window_444926de3229f2ae,AVGO,2026-03-25,2026-03-31,success,200,121,2026-09-14T15:36:21Z,raw/responses/AVGO/2026-03-25_2026-03-31.json,
window_67b7682e03c3ec18,AVGO,2026-04-01,2026-04-07,success,200,177,2026-09-14T15:36:22Z,raw/responses/AVGO/2026-04-01_2026-04-07.json,
window_7ce8ce07d6418dcf,AVGO,2026-04-08,2026-04-14,success,200,214,2026-09-14T15:36:23Z,raw/responses/AVGO/2026-04-08_2026-04-14.json,
window_0e2c895aa4a5f97f,AVGO,2026-04-15,2026-04-21,success,200,233,2026-09-14T15:36:24Z,raw/responses/AVGO/2026-04-15_2026-04-21.json,
window_cf5346667d938627,AVGO,2026-04-22,2026-04-28,success,200,203,2026-09-14T15:36:25Z,raw/responses/AVGO/2026-04-22_2026-04-28.json,
window_556a2a3dd989a1c6,AVGO,2026-04-29,2026-05-01,success,200,65,2026-09-14T15:36:27Z,raw/responses/AVGO/2026-04-29_2026-05-01.json,
window_2f3d16a7a0afe7b5,GOOGL,2025-10-01,2025-10-07,success,200,215,2026-09-14T15:40:15Z,raw/responses/GOOGL/2025-10-01_2025-10-07.json,
window_f70fa1b26c91856c,GOOGL,2025-10-08,2025-10-14,success,200,239,2026-09-14T15:40:16Z,raw/responses/GOOGL/2025-10-08_2025-10-14.json,
window_adf8383fb8aa7070,GOOGL,2025-10-15,2025-10-21,success,200,228,2026-09-14T15:40:17Z,raw/responses/GOOGL/2025-10-15_2025-10-21.json,
window_ec90841af6bfcc0c,GOOGL,2025-10-22,2025-10-28,success,200,227,2026-09-14T15:40:18Z,raw/responses/GOOGL/2025-10-22_2025-10-28.json,
window_dda576027fd190a4,GOOGL,2025-10-29,2025-10-30,success,200,172,2026-09-14T15:40:22Z,raw/responses/GOOGL/2025-10-29_2025-10-30.json,
window_37387732c1e35ff2,GOOGL,2025-10-29,2025-11-01,split_potential_truncation,200,240,2026-09-14T15:40:21Z,raw/responses/GOOGL/2025-10-29_2025-11-01.json,
window_8694e8f48795cfe6,GOOGL,2025-10-29,2025-11-04,split_potential_truncation,200,242,2026-09-14T15:40:19Z,raw/responses/GOOGL/2025-10-29_2025-11-04.json,
window_36253d2aaaba93ce,GOOGL,2025-10-31,2025-11-01,success,200,69,2026-09-14T15:40:23Z,raw/responses/GOOGL/2025-10-31_2025-11-01.json,
window_14fb91f40a17aaa9,GOOGL,2025-11-02,2025-11-04,success,200,101,2026-09-14T15:40:24Z,raw/responses/GOOGL/2025-11-02_2025-11-04.json,
window_8baaa77962cf698b,GOOGL,2025-11-05,2025-11-11,success,200,231,2026-09-14T15:40:25Z,raw/responses/GOOGL/2025-11-05_2025-11-11.json,
window_c19124dc15ad861d,GOOGL,2025-11-12,2025-11-15,success,200,231,2026-09-14T15:40:27Z,raw/responses/GOOGL/2025-11-12_2025-11-15.json,
window_e52af6e50019a001,GOOGL,2025-11-12,2025-11-18,split_potential_truncation,200,250,2026-09-14T15:40:26Z,raw/responses/GOOGL/2025-11-12_2025-11-18.json,
window_a51edd0bd6f09fa7,GOOGL,2025-11-16,2025-11-18,success,200,148,2026-09-14T15:40:28Z,raw/responses/GOOGL/2025-11-16_2025-11-18.json,
window_e59edf0f1677dfab,GOOGL,2025-11-19,2025-11-22,success,200,210,2026-09-14T15:40:31Z,raw/responses/GOOGL/2025-11-19_2025-11-22.json,
window_c0ffb6637dee7703,GOOGL,2025-11-19,2025-11-25,split_potential_truncation,200,250,2026-09-14T15:40:29Z,raw/responses/GOOGL/2025-11-19_2025-11-25.json,
window_56d2eb13566abe10,GOOGL,2025-11-23,2025-11-25,success,200,180,2026-09-14T15:40:32Z,raw/responses/GOOGL/2025-11-23_2025-11-25.json,
window_41a868085d5bd012,GOOGL,2025-11-26,2025-11-29,success,200,154,2026-09-14T15:40:34Z,raw/responses/GOOGL/2025-11-26_2025-11-29.json,
window_3e7231466d70c865,GOOGL,2025-11-26,2025-12-02,split_potential_truncation,200,243,2026-09-14T15:40:33Z,raw/responses/GOOGL/2025-11-26_2025-12-02.json,
window_a7d5949c9ca19a14,GOOGL,2025-11-30,2025-12-02,success,200,110,2026-09-14T15:40:35Z,raw/responses/GOOGL/2025-11-30_2025-12-02.json,
window_fdf786f6f7c6e786,GOOGL,2025-12-03,2025-12-06,success,200,215,2026-09-14T15:40:37Z,raw/responses/GOOGL/2025-12-03_2025-12-06.json,
window_e154d34e7507491a,GOOGL,2025-12-03,2025-12-09,split_potential_truncation,200,248,2026-09-14T15:40:36Z,raw/responses/GOOGL/2025-12-03_2025-12-09.json,
window_a7b41b493f00912f,GOOGL,2025-12-07,2025-12-09,success,200,132,2026-09-14T15:40:38Z,raw/responses/GOOGL/2025-12-07_2025-12-09.json,
window_66a7a400d5ec1385,GOOGL,2025-12-10,2025-12-13,success,200,196,2026-09-14T15:40:40Z,raw/responses/GOOGL/2025-12-10_2025-12-13.json,
window_e38b072c9eb970eb,GOOGL,2025-12-10,2025-12-16,split_potential_truncation,200,248,2026-09-14T15:40:39Z,raw/responses/GOOGL/2025-12-10_2025-12-16.json,
window_795f864d95a27bfd,GOOGL,2025-12-14,2025-12-16,success,200,121,2026-09-14T15:40:42Z,raw/responses/GOOGL/2025-12-14_2025-12-16.json,
window_2974609d0c6cf4e2,GOOGL,2025-12-17,2025-12-20,success,200,163,2026-09-14T15:40:44Z,raw/responses/GOOGL/2025-12-17_2025-12-20.json,
window_2a34c8b38b069c47,GOOGL,2025-12-17,2025-12-23,split_potential_truncation,200,246,2026-09-14T15:40:43Z,raw/responses/GOOGL/2025-12-17_2025-12-23.json,
window_9f758b599b455bdb,GOOGL,2025-12-21,2025-12-23,success,200,114,2026-09-14T15:40:45Z,raw/responses/GOOGL/2025-12-21_2025-12-23.json,
window_44e06eb00c27c96d,GOOGL,2025-12-24,2025-12-30,success,200,165,2026-09-14T15:40:46Z,raw/responses/GOOGL/2025-12-24_2025-12-30.json,
window_93bb606e31a89164,GOOGL,2025-12-31,2026-01-06,success,200,220,2026-09-14T15:40:47Z,raw/responses/GOOGL/2025-12-31_2026-01-06.json,
window_84a2453a8aeb4236,GOOGL,2026-01-07,2026-01-13,success,200,232,2026-09-14T15:40:48Z,raw/responses/GOOGL/2026-01-07_2026-01-13.json,
window_527999e3bb04b8d3,GOOGL,2026-01-14,2026-01-15,success,200,147,2026-09-14T15:40:52Z,raw/responses/GOOGL/2026-01-14_2026-01-15.json,
window_031534a98e77110a,GOOGL,2026-01-14,2026-01-17,split_potential_truncation,200,243,2026-09-14T15:40:51Z,raw/responses/GOOGL/2026-01-14_2026-01-17.json,
window_a86e75f11efd77e8,GOOGL,2026-01-14,2026-01-20,split_potential_truncation,200,243,2026-09-14T15:40:49Z,raw/responses/GOOGL/2026-01-14_2026-01-20.json,
window_82e0e57a0c95c493,GOOGL,2026-01-16,2026-01-17,success,200,109,2026-09-14T15:40:53Z,raw/responses/GOOGL/2026-01-16_2026-01-17.json,
window_860a5d6f0e960c43,GOOGL,2026-01-18,2026-01-20,success,200,151,2026-09-14T15:40:54Z,raw/responses/GOOGL/2026-01-18_2026-01-20.json,
window_6f06a9be12784de9,GOOGL,2026-01-21,2026-01-24,success,200,239,2026-09-14T15:40:56Z,raw/responses/GOOGL/2026-01-21_2026-01-24.json,
window_7d6d4e2d9d894cad,GOOGL,2026-01-21,2026-01-27,split_potential_truncation,200,242,2026-09-14T15:40:55Z,raw/responses/GOOGL/2026-01-21_2026-01-27.json,
window_23f0fba6ba207948,GOOGL,2026-01-25,2026-01-27,success,200,171,2026-09-14T15:40:57Z,raw/responses/GOOGL/2026-01-25_2026-01-27.json,
window_37d2ebf9a6c90c40,GOOGL,2026-01-28,2026-01-29,success,200,184,2026-09-14T15:41:00Z,raw/responses/GOOGL/2026-01-28_2026-01-29.json,
window_51c208b5fba0bbd0,GOOGL,2026-01-28,2026-01-31,split_potential_truncation,200,248,2026-09-14T15:40:59Z,raw/responses/GOOGL/2026-01-28_2026-01-31.json,
window_18ae9e0f03a2f459,GOOGL,2026-01-28,2026-02-03,split_potential_truncation,200,249,2026-09-14T15:40:58Z,raw/responses/GOOGL/2026-01-28_2026-02-03.json,
window_c322a84bdcf09b49,GOOGL,2026-01-30,2026-01-31,success,200,104,2026-09-14T15:41:02Z,raw/responses/GOOGL/2026-01-30_2026-01-31.json,
window_e18fc8512f90f08e,GOOGL,2026-02-01,2026-02-02,success,200,169,2026-09-14T15:41:04Z,raw/responses/GOOGL/2026-02-01_2026-02-02.json,
window_16332c6a3ffbb887,GOOGL,2026-02-01,2026-02-03,split_potential_truncation,200,249,2026-09-14T15:41:03Z,raw/responses/GOOGL/2026-02-01_2026-02-03.json,
window_89c28b763dc151f9,GOOGL,2026-02-03,2026-02-03,success,200,125,2026-09-14T15:41:05Z,raw/responses/GOOGL/2026-02-03_2026-02-03.json,
window_b61f5302decdb0e5,GOOGL,2026-02-04,2026-02-04,success,200,163,2026-09-14T15:41:09Z,raw/responses/GOOGL/2026-02-04_2026-02-04.json,
window_2fa083aa63aec1fb,GOOGL,2026-02-04,2026-02-05,split_potential_truncation,200,249,2026-09-14T15:41:08Z,raw/responses/GOOGL/2026-02-04_2026-02-05.json,
window_25511289a7d10593,GOOGL,2026-02-04,2026-02-07,split_potential_truncation,200,249,2026-09-14T15:41:07Z,raw/responses/GOOGL/2026-02-04_2026-02-07.json,
window_5d43d32d540ee370,GOOGL,2026-02-04,2026-02-10,split_potential_truncation,200,241,2026-09-14T15:41:06Z,raw/responses/GOOGL/2026-02-04_2026-02-10.json,
window_daacc6a1c401e39a,GOOGL,2026-02-05,2026-02-05,success,200,194,2026-09-14T15:41:10Z,raw/responses/GOOGL/2026-02-05_2026-02-05.json,
window_60c7473b3aa0d0d5,GOOGL,2026-02-06,2026-02-07,success,200,198,2026-09-14T15:41:11Z,raw/responses/GOOGL/2026-02-06_2026-02-07.json,
window_583476ce4d7f6b58,GOOGL,2026-02-08,2026-02-09,success,200,168,2026-09-14T15:41:14Z,raw/responses/GOOGL/2026-02-08_2026-02-09.json,
window_5db62bada80ac199,GOOGL,2026-02-08,2026-02-10,split_potential_truncation,200,241,2026-09-14T15:41:13Z,raw/responses/GOOGL/2026-02-08_2026-02-10.json,
window_7a8f7350f525f374,GOOGL,2026-02-10,2026-02-10,success,200,143,2026-09-14T15:41:15Z,raw/responses/GOOGL/2026-02-10_2026-02-10.json,
window_162aa3ffb2d083a1,GOOGL,2026-02-11,2026-02-12,success,200,209,2026-09-14T15:41:18Z,raw/responses/GOOGL/2026-02-11_2026-02-12.json,
window_381cf418c061922b,GOOGL,2026-02-11,2026-02-14,split_potential_truncation,200,247,2026-09-14T15:41:17Z,raw/responses/GOOGL/2026-02-11_2026-02-14.json,
window_cc43433b5a719f01,GOOGL,2026-02-11,2026-02-17,split_potential_truncation,200,247,2026-09-14T15:41:16Z,raw/responses/GOOGL/2026-02-11_2026-02-17.json,
window_38db5d1e33c7e8be,GOOGL,2026-02-13,2026-02-14,success,200,134,2026-09-14T15:41:19Z,raw/responses/GOOGL/2026-02-13_2026-02-14.json,
window_120c652d5de95712,GOOGL,2026-02-15,2026-02-17,success,200,194,2026-09-14T15:41:20Z,raw/responses/GOOGL/2026-02-15_2026-02-17.json,
window_da6e6aef843c01b1,GOOGL,2026-02-18,2026-02-19,success,200,217,2026-09-14T15:41:24Z,raw/responses/GOOGL/2026-02-18_2026-02-19.json,
window_71f0464e2eb3d556,GOOGL,2026-02-18,2026-02-21,split_potential_truncation,200,241,2026-09-14T15:41:23Z,raw/responses/GOOGL/2026-02-18_2026-02-21.json,
window_5c9956ee45bd4853,GOOGL,2026-02-18,2026-02-24,split_potential_truncation,200,241,2026-09-14T15:41:21Z,raw/responses/GOOGL/2026-02-18_2026-02-24.json,
window_bb7bdc303280e5bf,GOOGL,2026-02-20,2026-02-21,success,200,104,2026-09-14T15:41:25Z,raw/responses/GOOGL/2026-02-20_2026-02-21.json,
window_bd5427cad1162ada,GOOGL,2026-02-22,2026-02-24,success,200,199,2026-09-14T15:41:26Z,raw/responses/GOOGL/2026-02-22_2026-02-24.json,
window_9bc29d6f12112132,GOOGL,2026-02-25,2026-02-26,success,200,193,2026-09-14T15:41:29Z,raw/responses/GOOGL/2026-02-25_2026-02-26.json,
window_b8a46967abcba500,GOOGL,2026-02-25,2026-02-28,split_potential_truncation,200,244,2026-09-14T15:41:28Z,raw/responses/GOOGL/2026-02-25_2026-02-28.json,
window_5e003d32a6631411,GOOGL,2026-02-25,2026-03-03,split_potential_truncation,200,245,2026-09-14T15:41:27Z,raw/responses/GOOGL/2026-02-25_2026-03-03.json,
window_47dbd2dd6c9dbbe4,GOOGL,2026-02-27,2026-02-28,success,200,121,2026-09-14T15:41:30Z,raw/responses/GOOGL/2026-02-27_2026-02-28.json,
window_2fc059779593b6c9,GOOGL,2026-03-01,2026-03-03,success,200,148,2026-09-14T15:41:31Z,raw/responses/GOOGL/2026-03-01_2026-03-03.json,
window_1f12cb2f408ae800,GOOGL,2026-03-04,2026-03-05,success,200,162,2026-09-14T15:41:35Z,raw/responses/GOOGL/2026-03-04_2026-03-05.json,
window_4ca2e593da6a3af5,GOOGL,2026-03-04,2026-03-07,split_potential_truncation,200,244,2026-09-14T15:41:34Z,raw/responses/GOOGL/2026-03-04_2026-03-07.json,
window_88e2177f841f9d20,GOOGL,2026-03-04,2026-03-10,split_potential_truncation,200,247,2026-09-14T15:41:32Z,raw/responses/GOOGL/2026-03-04_2026-03-10.json,
window_f44f2f9564fc0f75,GOOGL,2026-03-06,2026-03-07,success,200,84,2026-09-14T15:41:36Z,raw/responses/GOOGL/2026-03-06_2026-03-07.json,
window_0bce27da9367a49e,GOOGL,2026-03-08,2026-03-10,success,200,177,2026-09-14T15:41:37Z,raw/responses/GOOGL/2026-03-08_2026-03-10.json,
window_0ac9330ddcc4dda7,GOOGL,2026-03-11,2026-03-14,success,200,212,2026-09-14T15:41:39Z,raw/responses/GOOGL/2026-03-11_2026-03-14.json,
window_b0249a7439d67496,GOOGL,2026-03-11,2026-03-17,split_potential_truncation,200,241,2026-09-14T15:41:38Z,raw/responses/GOOGL/2026-03-11_2026-03-17.json,
window_2db0e9246f4c4a29,GOOGL,2026-03-15,2026-03-17,success,200,153,2026-09-14T15:41:40Z,raw/responses/GOOGL/2026-03-15_2026-03-17.json,
window_189616ce55c64bfb,GOOGL,2026-03-18,2026-03-21,success,200,213,2026-09-14T15:41:42Z,raw/responses/GOOGL/2026-03-18_2026-03-21.json,
window_09cf855caa40d269,GOOGL,2026-03-18,2026-03-24,split_potential_truncation,200,245,2026-09-14T15:41:41Z,raw/responses/GOOGL/2026-03-18_2026-03-24.json,
window_9332c9c327e9e0e1,GOOGL,2026-03-22,2026-03-24,success,200,179,2026-09-14T15:41:44Z,raw/responses/GOOGL/2026-03-22_2026-03-24.json,
window_24f9ddc671e233c8,GOOGL,2026-03-25,2026-03-25,success,200,119,2026-09-14T15:41:48Z,raw/responses/GOOGL/2026-03-25_2026-03-25.json,
window_dd4cb93ed38fc153,GOOGL,2026-03-25,2026-03-26,split_potential_truncation,200,247,2026-09-14T15:41:47Z,raw/responses/GOOGL/2026-03-25_2026-03-26.json,
window_8655a0b2f65976b0,GOOGL,2026-03-25,2026-03-28,split_potential_truncation,200,246,2026-09-14T15:41:46Z,raw/responses/GOOGL/2026-03-25_2026-03-28.json,
window_b0b03ebcc9e04c9f,GOOGL,2026-03-25,2026-03-31,split_potential_truncation,200,242,2026-09-14T15:41:45Z,raw/responses/GOOGL/2026-03-25_2026-03-31.json,
window_667d968c9505434d,GOOGL,2026-03-26,2026-03-26,success,200,134,2026-09-14T15:41:49Z,raw/responses/GOOGL/2026-03-26_2026-03-26.json,
window_d50146ccfbb5ba65,GOOGL,2026-03-27,2026-03-28,success,200,131,2026-09-14T15:41:50Z,raw/responses/GOOGL/2026-03-27_2026-03-28.json,
window_ee7d07b88c014bc2,GOOGL,2026-03-29,2026-03-31,success,200,178,2026-09-14T15:41:51Z,raw/responses/GOOGL/2026-03-29_2026-03-31.json,
window_a18f24b892bc474f,GOOGL,2026-04-01,2026-04-04,success,200,216,2026-09-14T15:41:53Z,raw/responses/GOOGL/2026-04-01_2026-04-04.json,
window_30d365da53b6384d,GOOGL,2026-04-01,2026-04-07,split_potential_truncation,200,242,2026-09-14T15:41:52Z,raw/responses/GOOGL/2026-04-01_2026-04-07.json,
window_60316f164b151787,GOOGL,2026-04-05,2026-04-07,success,200,191,2026-09-14T15:41:55Z,raw/responses/GOOGL/2026-04-05_2026-04-07.json,
window_6dacd4617bfb5014,GOOGL,2026-04-08,2026-04-09,success,200,183,2026-09-14T15:41:58Z,raw/responses/GOOGL/2026-04-08_2026-04-09.json,
window_461d590678fe6aec,GOOGL,2026-04-08,2026-04-11,split_potential_truncation,200,248,2026-09-14T15:41:57Z,raw/responses/GOOGL/2026-04-08_2026-04-11.json,
window_ce84ddbefcfa1473,GOOGL,2026-04-08,2026-04-14,split_potential_truncation,200,247,2026-09-14T15:41:56Z,raw/responses/GOOGL/2026-04-08_2026-04-14.json,
window_407098302a1d187f,GOOGL,2026-04-10,2026-04-11,success,200,124,2026-09-14T15:41:59Z,raw/responses/GOOGL/2026-04-10_2026-04-11.json,
window_b8c9a1b7b3519ad9,GOOGL,2026-04-12,2026-04-14,success,200,224,2026-09-14T15:42:00Z,raw/responses/GOOGL/2026-04-12_2026-04-14.json,
window_9ef37612efb3a116,GOOGL,2026-04-15,2026-04-16,success,200,191,2026-09-14T15:42:03Z,raw/responses/GOOGL/2026-04-15_2026-04-16.json,
window_7b6e8d260215db6b,GOOGL,2026-04-15,2026-04-18,split_potential_truncation,200,245,2026-09-14T15:42:02Z,raw/responses/GOOGL/2026-04-15_2026-04-18.json,
window_0ebd168a5aa691c8,GOOGL,2026-04-15,2026-04-21,split_potential_truncation,200,247,2026-09-14T15:42:01Z,raw/responses/GOOGL/2026-04-15_2026-04-21.json,
window_c0178fcad4da489f,GOOGL,2026-04-17,2026-04-18,success,200,90,2026-09-14T15:42:04Z,raw/responses/GOOGL/2026-04-17_2026-04-18.json,
window_77c921c417deb232,GOOGL,2026-04-19,2026-04-21,success,200,216,2026-09-14T15:42:06Z,raw/responses/GOOGL/2026-04-19_2026-04-21.json,
window_9353adc3cce3280f,GOOGL,2026-04-22,2026-04-23,success,200,215,2026-09-14T15:42:09Z,raw/responses/GOOGL/2026-04-22_2026-04-23.json,
window_022dd63d8eb937f4,GOOGL,2026-04-22,2026-04-25,split_potential_truncation,200,247,2026-09-14T15:42:08Z,raw/responses/GOOGL/2026-04-22_2026-04-25.json,
window_ad8e977ff64c31fd,GOOGL,2026-04-22,2026-04-28,split_potential_truncation,200,246,2026-09-14T15:42:07Z,raw/responses/GOOGL/2026-04-22_2026-04-28.json,
window_2ec0c6c335ff1240,GOOGL,2026-04-24,2026-04-25,success,200,146,2026-09-14T15:42:10Z,raw/responses/GOOGL/2026-04-24_2026-04-25.json,
window_9800af7013499f93,GOOGL,2026-04-26,2026-04-27,success,200,184,2026-09-14T15:42:12Z,raw/responses/GOOGL/2026-04-26_2026-04-27.json,
window_2eae70f3bece936d,GOOGL,2026-04-26,2026-04-28,split_potential_truncation,200,246,2026-09-14T15:42:11Z,raw/responses/GOOGL/2026-04-26_2026-04-28.json,
window_b7e50dcdc6f748c7,GOOGL,2026-04-28,2026-04-28,success,200,132,2026-09-14T15:42:13Z,raw/responses/GOOGL/2026-04-28_2026-04-28.json,
window_2ad4b549384096c8,GOOGL,2026-04-29,2026-04-29,success,200,172,2026-09-14T15:42:17Z,raw/responses/GOOGL/2026-04-29_2026-04-29.json,
window_fb9e2e461e0dc11f,GOOGL,2026-04-29,2026-04-30,split_potential_truncation,200,244,2026-09-14T15:42:16Z,raw/responses/GOOGL/2026-04-29_2026-04-30.json,
window_d16fc17a841e4f56,GOOGL,2026-04-29,2026-05-01,split_potential_truncation,200,249,2026-09-14T15:42:14Z,raw/responses/GOOGL/2026-04-29_2026-05-01.json,
window_4d5d576e56b967d0,GOOGL,2026-04-30,2026-04-30,success,200,214,2026-09-14T15:42:18Z,raw/responses/GOOGL/2026-04-30_2026-04-30.json,
window_7ad4a977f23c2df7,GOOGL,2026-05-01,2026-05-01,success,200,134,2026-09-14T15:42:19Z,raw/responses/GOOGL/2026-05-01_2026-05-01.json,
window_4b05ffaf4c890458,META,2025-10-01,2025-10-07,success,200,205,2026-09-14T15:42:20Z,raw/responses/META/2025-10-01_2025-10-07.json,
window_c2ecbc4b94886e27,META,2025-10-08,2025-10-14,success,200,186,2026-09-14T15:42:21Z,raw/responses/META/2025-10-08_2025-10-14.json,
window_be3ad1fd981adb7f,META,2025-10-15,2025-10-21,success,200,178,2026-09-14T15:42:22Z,raw/responses/META/2025-10-15_2025-10-21.json,
window_1ac5bd6a0cc6f583,META,2025-10-22,2025-10-28,success,200,207,2026-09-14T15:42:23Z,raw/responses/META/2025-10-22_2025-10-28.json,
window_1bd7e1d5fcf6fc80,META,2025-10-29,2025-11-01,success,200,220,2026-09-14T15:42:25Z,raw/responses/META/2025-10-29_2025-11-01.json,
window_a0c0bb98e9bd6f57,META,2025-10-29,2025-11-04,split_potential_truncation,200,243,2026-09-14T15:42:24Z,raw/responses/META/2025-10-29_2025-11-04.json,
window_90251911b901f836,META,2025-11-02,2025-11-04,success,200,89,2026-09-14T15:42:27Z,raw/responses/META/2025-11-02_2025-11-04.json,
window_d92349b02d643a4d,META,2025-11-05,2025-11-11,success,200,207,2026-09-14T15:42:28Z,raw/responses/META/2025-11-05_2025-11-11.json,
window_e4815935df32c0bc,META,2025-11-12,2025-11-18,success,200,237,2026-09-14T15:42:29Z,raw/responses/META/2025-11-12_2025-11-18.json,
window_e3ed54fc7d4d1f25,META,2025-11-19,2025-11-22,success,200,180,2026-09-14T15:42:31Z,raw/responses/META/2025-11-19_2025-11-22.json,
window_8217cd044dd62bcc,META,2025-11-19,2025-11-25,split_potential_truncation,200,246,2026-09-14T15:42:30Z,raw/responses/META/2025-11-19_2025-11-25.json,
window_08779e2a69f7b09e,META,2025-11-23,2025-11-25,success,200,138,2026-09-14T15:42:32Z,raw/responses/META/2025-11-23_2025-11-25.json,
window_5bcce1739b5a5a69,META,2025-11-26,2025-12-02,success,200,222,2026-09-14T15:42:33Z,raw/responses/META/2025-11-26_2025-12-02.json,
window_6c9f93d004af0215,META,2025-12-03,2025-12-06,success,200,176,2026-09-14T15:42:35Z,raw/responses/META/2025-12-03_2025-12-06.json,
window_55a286f05018dcbc,META,2025-12-03,2025-12-09,split_potential_truncation,200,241,2026-09-14T15:42:34Z,raw/responses/META/2025-12-03_2025-12-09.json,
window_7686ad8dc0d06d05,META,2025-12-07,2025-12-09,success,200,100,2026-09-14T15:42:37Z,raw/responses/META/2025-12-07_2025-12-09.json,
window_c58479ff1d9b0bbd,META,2025-12-10,2025-12-16,success,200,224,2026-09-14T15:42:38Z,raw/responses/META/2025-12-10_2025-12-16.json,
window_cde0b34879bb3472,META,2025-12-17,2025-12-23,success,200,183,2026-09-14T15:42:39Z,raw/responses/META/2025-12-17_2025-12-23.json,
window_2699cc0ecee1287d,META,2025-12-24,2025-12-30,success,200,124,2026-09-14T15:42:40Z,raw/responses/META/2025-12-24_2025-12-30.json,
window_9b67d3ca874b9b77,META,2025-12-31,2026-01-06,success,200,152,2026-09-14T15:42:41Z,raw/responses/META/2025-12-31_2026-01-06.json,
window_bfa8fd653d74319b,META,2026-01-07,2026-01-13,success,200,233,2026-09-14T15:42:42Z,raw/responses/META/2026-01-07_2026-01-13.json,
window_0ce2647ae8e1d869,META,2026-01-14,2026-01-17,success,200,185,2026-09-14T15:42:44Z,raw/responses/META/2026-01-14_2026-01-17.json,
window_b6e1525a21e71522,META,2026-01-14,2026-01-20,split_potential_truncation,200,241,2026-09-14T15:42:43Z,raw/responses/META/2026-01-14_2026-01-20.json,
window_af1f43fd9c0bf7ec,META,2026-01-18,2026-01-20,success,200,103,2026-09-14T15:42:45Z,raw/responses/META/2026-01-18_2026-01-20.json,
window_41138799c6cd35eb,META,2026-01-21,2026-01-24,success,200,205,2026-09-14T15:42:48Z,raw/responses/META/2026-01-21_2026-01-24.json,
window_f0429ade38a250f5,META,2026-01-21,2026-01-27,split_potential_truncation,200,244,2026-09-14T15:42:46Z,raw/responses/META/2026-01-21_2026-01-27.json,
window_625913b84e401041,META,2026-01-25,2026-01-27,success,200,212,2026-09-14T15:42:49Z,raw/responses/META/2026-01-25_2026-01-27.json,
window_fe0358435c0ca3e8,META,2026-01-28,2026-01-28,success,200,134,2026-09-14T15:42:53Z,raw/responses/META/2026-01-28_2026-01-28.json,
window_bac19d8dfcb76845,META,2026-01-28,2026-01-29,split_potential_truncation,200,249,2026-09-14T15:42:52Z,raw/responses/META/2026-01-28_2026-01-29.json,
window_b345839b844d470d,META,2026-01-28,2026-01-31,split_potential_truncation,200,248,2026-09-14T15:42:51Z,raw/responses/META/2026-01-28_2026-01-31.json,
window_357dfcf77144bc3e,META,2026-01-28,2026-02-03,split_potential_truncation,200,247,2026-09-14T15:42:50Z,raw/responses/META/2026-01-28_2026-02-03.json,
window_f211270d7994824b,META,2026-01-29,2026-01-29,success,200,166,2026-09-14T15:42:54Z,raw/responses/META/2026-01-29_2026-01-29.json,
window_b70a0472278284e6,META,2026-01-30,2026-01-31,success,200,111,2026-09-14T15:42:55Z,raw/responses/META/2026-01-30_2026-01-31.json,
window_490416015b7342ef,META,2026-02-01,2026-02-03,success,200,160,2026-09-14T15:42:56Z,raw/responses/META/2026-02-01_2026-02-03.json,
window_63bbb1360c8ef08c,META,2026-02-04,2026-02-05,success,200,135,2026-09-14T15:43:00Z,raw/responses/META/2026-02-04_2026-02-05.json,
window_dd111434a6b841f5,META,2026-02-04,2026-02-07,split_potential_truncation,200,243,2026-09-14T15:42:59Z,raw/responses/META/2026-02-04_2026-02-07.json,
window_e7385380791f62ac,META,2026-02-04,2026-02-10,split_potential_truncation,200,242,2026-09-14T15:42:57Z,raw/responses/META/2026-02-04_2026-02-10.json,
window_032b830053dcb0ab,META,2026-02-06,2026-02-07,success,200,110,2026-09-14T15:43:01Z,raw/responses/META/2026-02-06_2026-02-07.json,
window_9a5fc6648d0fa6b8,META,2026-02-08,2026-02-10,success,200,174,2026-09-14T15:43:02Z,raw/responses/META/2026-02-08_2026-02-10.json,
window_95b40d9a523be50d,META,2026-02-11,2026-02-14,success,200,237,2026-09-14T15:43:04Z,raw/responses/META/2026-02-11_2026-02-14.json,
window_c77ea3c7ceb79cec,META,2026-02-11,2026-02-17,split_potential_truncation,200,243,2026-09-14T15:43:03Z,raw/responses/META/2026-02-11_2026-02-17.json,
window_ab7ae04c1aa641da,META,2026-02-15,2026-02-17,success,200,127,2026-09-14T15:43:05Z,raw/responses/META/2026-02-15_2026-02-17.json,
window_8a0469fb852cc852,META,2026-02-18,2026-02-19,success,200,198,2026-09-14T15:43:09Z,raw/responses/META/2026-02-18_2026-02-19.json,
window_6cf9e9afc8c71d19,META,2026-02-18,2026-02-21,split_potential_truncation,200,249,2026-09-14T15:43:07Z,raw/responses/META/2026-02-18_2026-02-21.json,
window_6d531c8d12fc07c8,META,2026-02-18,2026-02-24,split_potential_truncation,200,249,2026-09-14T15:43:06Z,raw/responses/META/2026-02-18_2026-02-24.json,
window_1a9695aede08e42e,META,2026-02-20,2026-02-21,success,200,69,2026-09-14T15:43:10Z,raw/responses/META/2026-02-20_2026-02-21.json,
window_93b1c08958d1893d,META,2026-02-22,2026-02-24,success,200,205,2026-09-14T15:43:11Z,raw/responses/META/2026-02-22_2026-02-24.json,
window_526a22c92579c11b,META,2026-02-25,2026-02-26,success,200,183,2026-09-14T15:43:14Z,raw/responses/META/2026-02-25_2026-02-26.json,
window_4e3d38dfd4dabfa4,META,2026-02-25,2026-02-28,split_potential_truncation,200,245,2026-09-14T15:43:13Z,raw/responses/META/2026-02-25_2026-02-28.json,
window_4a8eb90426230c22,META,2026-02-25,2026-03-03,split_potential_truncation,200,246,2026-09-14T15:43:12Z,raw/responses/META/2026-02-25_2026-03-03.json,
window_3f38ff6a202debc8,META,2026-02-27,2026-02-28,success,200,79,2026-09-14T15:43:15Z,raw/responses/META/2026-02-27_2026-02-28.json,
window_59a172c238f31832,META,2026-03-01,2026-03-03,success,200,87,2026-09-14T15:43:16Z,raw/responses/META/2026-03-01_2026-03-03.json,
window_25fc8939997ef5e0,META,2026-03-04,2026-03-07,success,200,175,2026-09-14T15:43:18Z,raw/responses/META/2026-03-04_2026-03-07.json,
window_757d07b5c1155f70,META,2026-03-04,2026-03-10,split_potential_truncation,200,247,2026-09-14T15:43:17Z,raw/responses/META/2026-03-04_2026-03-10.json,
window_bb73870f023dc8be,META,2026-03-08,2026-03-10,success,200,129,2026-09-14T15:43:20Z,raw/responses/META/2026-03-08_2026-03-10.json,
window_27cd3312394b5073,META,2026-03-11,2026-03-17,success,200,234,2026-09-14T15:44:23Z,raw/responses/META/2026-03-11_2026-03-17.json,
window_5d4407c6dcf54921,META,2026-03-18,2026-03-21,success,200,183,2026-09-14T15:44:25Z,raw/responses/META/2026-03-18_2026-03-21.json,
window_8ac99524055285a8,META,2026-03-18,2026-03-24,split_potential_truncation,200,241,2026-09-14T15:44:24Z,raw/responses/META/2026-03-18_2026-03-24.json,
window_54c79d5ba2282106,META,2026-03-22,2026-03-24,success,200,130,2026-09-14T15:44:27Z,raw/responses/META/2026-03-22_2026-03-24.json,
window_c37f28f8eb66b062,META,2026-03-25,2026-03-31,success,200,236,2026-09-14T15:44:28Z,raw/responses/META/2026-03-25_2026-03-31.json,
window_597d56bbb8bb447d,META,2026-04-01,2026-04-07,success,200,223,2026-09-14T15:44:29Z,raw/responses/META/2026-04-01_2026-04-07.json,
window_dba64efa419f0e4f,META,2026-04-08,2026-04-09,success,200,183,2026-09-14T15:43:27Z,raw/responses/META/2026-04-08_2026-04-09.json,
window_b9372a2fe6043c02,META,2026-04-08,2026-04-11,split_potential_truncation,200,247,2026-09-14T15:43:26Z,raw/responses/META/2026-04-08_2026-04-11.json,
window_87707190e81a9097,META,2026-04-08,2026-04-14,split_potential_truncation,200,244,2026-09-14T15:43:25Z,raw/responses/META/2026-04-08_2026-04-14.json,
window_f4b14e3312fcb275,META,2026-04-10,2026-04-11,success,200,102,2026-09-14T15:43:28Z,raw/responses/META/2026-04-10_2026-04-11.json,
window_5775e3b4494772a5,META,2026-04-12,2026-04-14,success,200,135,2026-09-14T15:43:35Z,raw/responses/META/2026-04-12_2026-04-14.json,
window_ed21a0c7e16dee47,META,2026-04-15,2026-04-16,success,200,184,2026-09-14T15:43:38Z,raw/responses/META/2026-04-15_2026-04-16.json,
window_9f7d1cb0e8b1127f,META,2026-04-15,2026-04-18,split_potential_truncation,200,247,2026-09-14T15:43:37Z,raw/responses/META/2026-04-15_2026-04-18.json,
window_fb191483dd4db407,META,2026-04-15,2026-04-21,split_potential_truncation,200,246,2026-09-14T15:43:36Z,raw/responses/META/2026-04-15_2026-04-21.json,
window_537be883666059bb,META,2026-04-17,2026-04-18,success,200,74,2026-09-14T15:43:39Z,raw/responses/META/2026-04-17_2026-04-18.json,
window_c1a118122cf4abcd,META,2026-04-19,2026-04-21,success,200,150,2026-09-14T15:43:40Z,raw/responses/META/2026-04-19_2026-04-21.json,
window_2318f80e25d20278,META,2026-04-22,2026-04-23,success,200,132,2026-09-14T15:43:43Z,raw/responses/META/2026-04-22_2026-04-23.json,
window_2dacf67e360d4e5c,META,2026-04-22,2026-04-25,split_potential_truncation,200,246,2026-09-14T15:43:42Z,raw/responses/META/2026-04-22_2026-04-25.json,
window_85683c7eedf75b7a,META,2026-04-22,2026-04-28,split_potential_truncation,200,248,2026-09-14T15:43:41Z,raw/responses/META/2026-04-22_2026-04-28.json,
window_e1ed212c2d1a6ed1,META,2026-04-24,2026-04-25,success,200,120,2026-09-14T15:43:45Z,raw/responses/META/2026-04-24_2026-04-25.json,
window_f51b04b612d23e97,META,2026-04-26,2026-04-27,success,200,159,2026-09-14T15:43:47Z,raw/responses/META/2026-04-26_2026-04-27.json,
window_6919bb7ce43acdfb,META,2026-04-26,2026-04-28,split_potential_truncation,200,248,2026-09-14T15:43:46Z,raw/responses/META/2026-04-26_2026-04-28.json,
window_0acdc7d8ee3d932b,META,2026-04-28,2026-04-28,success,200,125,2026-09-14T15:43:48Z,raw/responses/META/2026-04-28_2026-04-28.json,
window_f255b50a587fdb2b,META,2026-04-29,2026-04-29,success,200,178,2026-09-14T15:43:51Z,raw/responses/META/2026-04-29_2026-04-29.json,
window_5b2eb0932fa2e10c,META,2026-04-29,2026-04-30,split_potential_truncation,200,247,2026-09-14T15:43:50Z,raw/responses/META/2026-04-29_2026-04-30.json,
window_fb17cd7d01bd9d48,META,2026-04-29,2026-05-01,split_potential_truncation,200,247,2026-09-14T15:43:49Z,raw/responses/META/2026-04-29_2026-05-01.json,
window_609520dabd9b572b,META,2026-04-30,2026-04-30,success,200,204,2026-09-14T15:43:52Z,raw/responses/META/2026-04-30_2026-04-30.json,
window_95ad78b94107bc46,META,2026-05-01,2026-05-01,success,200,116,2026-09-14T15:43:53Z,raw/responses/META/2026-05-01_2026-05-01.json,
window_8fcd3c76256bfd43,MSFT,2025-10-01,2025-10-07,success,200,235,2026-09-14T15:36:28Z,raw/responses/MSFT/2025-10-01_2025-10-07.json,
window_ac01356881243b9e,MSFT,2025-10-08,2025-10-14,success,200,236,2026-09-14T15:36:29Z,raw/responses/MSFT/2025-10-08_2025-10-14.json,
window_5abeee18347491c2,MSFT,2025-10-15,2025-10-21,success,200,234,2026-09-14T15:36:30Z,raw/responses/MSFT/2025-10-15_2025-10-21.json,
window_3e3e6dd25bf6cc33,MSFT,2025-10-22,2025-10-28,success,200,221,2026-09-14T15:36:31Z,raw/responses/MSFT/2025-10-22_2025-10-28.json,
window_39ea0f8664c3a3c1,MSFT,2025-10-29,2025-10-30,success,200,182,2026-09-14T15:36:34Z,raw/responses/MSFT/2025-10-29_2025-10-30.json,
window_85da40e82a16f55d,MSFT,2025-10-29,2025-11-01,split_potential_truncation,200,240,2026-09-14T15:36:33Z,raw/responses/MSFT/2025-10-29_2025-11-01.json,
window_d6e53fae8eac9ec9,MSFT,2025-10-29,2025-11-04,split_potential_truncation,200,241,2026-09-14T15:36:32Z,raw/responses/MSFT/2025-10-29_2025-11-04.json,
window_5b27f7f17d90188f,MSFT,2025-10-31,2025-11-01,success,200,73,2026-09-14T15:36:35Z,raw/responses/MSFT/2025-10-31_2025-11-01.json,
window_812d605a08cfbb29,MSFT,2025-11-02,2025-11-04,success,200,138,2026-09-14T15:36:36Z,raw/responses/MSFT/2025-11-02_2025-11-04.json,
window_00de630f094cf25f,MSFT,2025-11-05,2025-11-11,success,200,236,2026-09-14T15:36:38Z,raw/responses/MSFT/2025-11-05_2025-11-11.json,
window_1a5081e30bbec036,MSFT,2025-11-12,2025-11-15,success,200,181,2026-09-14T15:36:40Z,raw/responses/MSFT/2025-11-12_2025-11-15.json,
window_244d1f2e85b515e3,MSFT,2025-11-12,2025-11-18,split_potential_truncation,200,241,2026-09-14T15:36:39Z,raw/responses/MSFT/2025-11-12_2025-11-18.json,
window_1051c1b6ddf9cdb2,MSFT,2025-11-16,2025-11-18,success,200,134,2026-09-14T15:36:41Z,raw/responses/MSFT/2025-11-16_2025-11-18.json,
window_e6dd39f22352386c,MSFT,2025-11-19,2025-11-22,success,200,197,2026-09-14T15:36:43Z,raw/responses/MSFT/2025-11-19_2025-11-22.json,
window_a1962fc79322e564,MSFT,2025-11-19,2025-11-25,split_potential_truncation,200,246,2026-09-14T15:36:42Z,raw/responses/MSFT/2025-11-19_2025-11-25.json,
window_7717e55b3dddd15e,MSFT,2025-11-23,2025-11-25,success,200,136,2026-09-14T15:36:44Z,raw/responses/MSFT/2025-11-23_2025-11-25.json,
window_f2a113049285e1a6,MSFT,2025-11-26,2025-12-02,success,200,203,2026-09-14T15:36:45Z,raw/responses/MSFT/2025-11-26_2025-12-02.json,
window_9da65da875b5bc2c,MSFT,2025-12-03,2025-12-06,success,200,182,2026-09-14T15:36:47Z,raw/responses/MSFT/2025-12-03_2025-12-06.json,
window_3a92578640e8b822,MSFT,2025-12-03,2025-12-09,split_potential_truncation,200,245,2026-09-14T15:36:46Z,raw/responses/MSFT/2025-12-03_2025-12-09.json,
window_19b4c7b281cac260,MSFT,2025-12-07,2025-12-09,success,200,112,2026-09-14T15:36:49Z,raw/responses/MSFT/2025-12-07_2025-12-09.json,
window_cc8aea553e6368d7,MSFT,2025-12-10,2025-12-13,success,200,162,2026-09-14T15:36:51Z,raw/responses/MSFT/2025-12-10_2025-12-13.json,
window_715078ff81576b34,MSFT,2025-12-10,2025-12-16,split_potential_truncation,200,247,2026-09-14T15:36:50Z,raw/responses/MSFT/2025-12-10_2025-12-16.json,
window_34cb0c0a06f0e6f1,MSFT,2025-12-14,2025-12-16,success,200,93,2026-09-14T15:36:52Z,raw/responses/MSFT/2025-12-14_2025-12-16.json,
window_1845daf6edf2069f,MSFT,2025-12-17,2025-12-23,success,200,219,2026-09-14T15:36:53Z,raw/responses/MSFT/2025-12-17_2025-12-23.json,
window_26cf4de09d6870c8,MSFT,2025-12-24,2025-12-30,success,200,138,2026-09-14T15:36:54Z,raw/responses/MSFT/2025-12-24_2025-12-30.json,
window_512889780cbbf27c,MSFT,2025-12-31,2026-01-06,success,200,188,2026-09-14T15:36:55Z,raw/responses/MSFT/2025-12-31_2026-01-06.json,
window_be875a1ff2190ecf,MSFT,2026-01-07,2026-01-13,success,200,239,2026-09-14T15:36:56Z,raw/responses/MSFT/2026-01-07_2026-01-13.json,
window_e9f88af03a685d87,MSFT,2026-01-14,2026-01-17,success,200,209,2026-09-14T15:36:59Z,raw/responses/MSFT/2026-01-14_2026-01-17.json,
window_aefbea501c448481,MSFT,2026-01-14,2026-01-20,split_potential_truncation,200,242,2026-09-14T15:36:57Z,raw/responses/MSFT/2026-01-14_2026-01-20.json,
window_c1f8df9d122d5b0e,MSFT,2026-01-18,2026-01-20,success,200,114,2026-09-14T15:37:00Z,raw/responses/MSFT/2026-01-18_2026-01-20.json,
window_7b899dff6acb01a9,MSFT,2026-01-21,2026-01-24,success,200,208,2026-09-14T15:37:02Z,raw/responses/MSFT/2026-01-21_2026-01-24.json,
window_a20e169ccf9bd966,MSFT,2026-01-21,2026-01-27,split_potential_truncation,200,246,2026-09-14T15:37:01Z,raw/responses/MSFT/2026-01-21_2026-01-27.json,
window_d8fa7bfe64555555,MSFT,2026-01-25,2026-01-27,success,200,215,2026-09-14T15:37:03Z,raw/responses/MSFT/2026-01-25_2026-01-27.json,
window_dd11696a029e93c2,MSFT,2026-01-28,2026-01-28,success,200,135,2026-09-14T15:37:07Z,raw/responses/MSFT/2026-01-28_2026-01-28.json,
window_7012dde3ea580c41,MSFT,2026-01-28,2026-01-29,split_potential_truncation,200,245,2026-09-14T15:37:06Z,raw/responses/MSFT/2026-01-28_2026-01-29.json,
window_72afae3daac295e3,MSFT,2026-01-28,2026-01-31,split_potential_truncation,200,244,2026-09-14T15:37:05Z,raw/responses/MSFT/2026-01-28_2026-01-31.json,
window_d0ae6dc44da98e6e,MSFT,2026-01-28,2026-02-03,split_potential_truncation,200,249,2026-09-14T15:37:04Z,raw/responses/MSFT/2026-01-28_2026-02-03.json,
window_c7032b43d118e740,MSFT,2026-01-29,2026-01-29,success,200,181,2026-09-14T15:37:08Z,raw/responses/MSFT/2026-01-29_2026-01-29.json,
window_bab8fdc0861b7ba6,MSFT,2026-01-30,2026-01-31,success,200,141,2026-09-14T15:37:10Z,raw/responses/MSFT/2026-01-30_2026-01-31.json,
window_e40982a18fdd17ba,MSFT,2026-02-01,2026-02-03,success,200,226,2026-09-14T15:37:11Z,raw/responses/MSFT/2026-02-01_2026-02-03.json,
window_a34c257a8281c9c6,MSFT,2026-02-04,2026-02-05,success,200,196,2026-09-14T15:37:14Z,raw/responses/MSFT/2026-02-04_2026-02-05.json,
window_96448ecff55ade98,MSFT,2026-02-04,2026-02-07,split_potential_truncation,200,246,2026-09-14T15:37:13Z,raw/responses/MSFT/2026-02-04_2026-02-07.json,
window_5c6b4d49efeee8f5,MSFT,2026-02-04,2026-02-10,split_potential_truncation,200,240,2026-09-14T15:37:12Z,raw/responses/MSFT/2026-02-04_2026-02-10.json,
window_4e2392e4fa77dbb1,MSFT,2026-02-06,2026-02-07,success,200,145,2026-09-14T15:37:15Z,raw/responses/MSFT/2026-02-06_2026-02-07.json,
window_d758d4680b319b93,MSFT,2026-02-08,2026-02-10,success,200,238,2026-09-14T15:37:16Z,raw/responses/MSFT/2026-02-08_2026-02-10.json,
window_1e788e1b144e3df4,MSFT,2026-02-11,2026-02-12,success,200,153,2026-09-14T15:37:20Z,raw/responses/MSFT/2026-02-11_2026-02-12.json,
window_6198f8c6ff705d83,MSFT,2026-02-11,2026-02-14,split_potential_truncation,200,243,2026-09-14T15:37:18Z,raw/responses/MSFT/2026-02-11_2026-02-14.json,
window_a9821613437f9acc,MSFT,2026-02-11,2026-02-17,split_potential_truncation,200,245,2026-09-14T15:37:17Z,raw/responses/MSFT/2026-02-11_2026-02-17.json,
window_1849f64acc3c4e9b,MSFT,2026-02-13,2026-02-14,success,200,107,2026-09-14T15:37:21Z,raw/responses/MSFT/2026-02-13_2026-02-14.json,
window_f5bc54fab10eca0d,MSFT,2026-02-15,2026-02-17,success,200,157,2026-09-14T15:37:22Z,raw/responses/MSFT/2026-02-15_2026-02-17.json,
window_1c4e57fe0c76a44c,MSFT,2026-02-18,2026-02-19,success,200,167,2026-09-14T15:37:25Z,raw/responses/MSFT/2026-02-18_2026-02-19.json,
window_aada37fc928455ce,MSFT,2026-02-18,2026-02-21,split_potential_truncation,200,242,2026-09-14T15:37:24Z,raw/responses/MSFT/2026-02-18_2026-02-21.json,
window_a69381971611ef24,MSFT,2026-02-18,2026-02-24,split_potential_truncation,200,246,2026-09-14T15:37:23Z,raw/responses/MSFT/2026-02-18_2026-02-24.json,
window_38f6d4f4abe1ad7d,MSFT,2026-02-20,2026-02-21,success,200,83,2026-09-14T15:37:26Z,raw/responses/MSFT/2026-02-20_2026-02-21.json,
window_690ac5a96998098c,MSFT,2026-02-22,2026-02-24,success,200,181,2026-09-14T15:37:27Z,raw/responses/MSFT/2026-02-22_2026-02-24.json,
window_b53dababe3b43cbe,MSFT,2026-02-25,2026-02-26,success,200,193,2026-09-14T15:37:31Z,raw/responses/MSFT/2026-02-25_2026-02-26.json,
window_2ac28856a6bd7650,MSFT,2026-02-25,2026-02-28,split_potential_truncation,200,246,2026-09-14T15:37:29Z,raw/responses/MSFT/2026-02-25_2026-02-28.json,
window_baf125d0516f1389,MSFT,2026-02-25,2026-03-03,split_potential_truncation,200,244,2026-09-14T15:37:28Z,raw/responses/MSFT/2026-02-25_2026-03-03.json,
window_40f336194cae45d3,MSFT,2026-02-27,2026-02-28,success,200,113,2026-09-14T15:37:32Z,raw/responses/MSFT/2026-02-27_2026-02-28.json,
window_729a1ac14dec87c1,MSFT,2026-03-01,2026-03-03,success,200,130,2026-09-14T15:37:33Z,raw/responses/MSFT/2026-03-01_2026-03-03.json,
window_6b19725b6570de69,MSFT,2026-03-04,2026-03-07,success,200,214,2026-09-14T15:37:35Z,raw/responses/MSFT/2026-03-04_2026-03-07.json,
window_d9d74a394c895915,MSFT,2026-03-04,2026-03-10,split_potential_truncation,200,247,2026-09-14T15:37:34Z,raw/responses/MSFT/2026-03-04_2026-03-10.json,
window_478c19b7fe3e3c07,MSFT,2026-03-08,2026-03-10,success,200,145,2026-09-14T15:37:36Z,raw/responses/MSFT/2026-03-08_2026-03-10.json,
window_337f44aa28a0ca92,MSFT,2026-03-11,2026-03-14,success,200,230,2026-09-14T15:37:38Z,raw/responses/MSFT/2026-03-11_2026-03-14.json,
window_8c2e2f71dae494c2,MSFT,2026-03-11,2026-03-17,split_potential_truncation,200,240,2026-09-14T15:37:37Z,raw/responses/MSFT/2026-03-11_2026-03-17.json,
window_546e00f82dbad3c9,MSFT,2026-03-15,2026-03-17,success,200,163,2026-09-14T15:37:39Z,raw/responses/MSFT/2026-03-15_2026-03-17.json,
window_c935eaa4cd4ebfe3,MSFT,2026-03-18,2026-03-21,success,200,211,2026-09-14T15:37:42Z,raw/responses/MSFT/2026-03-18_2026-03-21.json,
window_da66486eea28b6d3,MSFT,2026-03-18,2026-03-24,split_potential_truncation,200,242,2026-09-14T15:37:40Z,raw/responses/MSFT/2026-03-18_2026-03-24.json,
window_94bc327977c54e49,MSFT,2026-03-22,2026-03-24,success,200,175,2026-09-14T15:37:43Z,raw/responses/MSFT/2026-03-22_2026-03-24.json,
window_fad347994cbf3088,MSFT,2026-03-25,2026-03-26,success,200,165,2026-09-14T15:37:46Z,raw/responses/MSFT/2026-03-25_2026-03-26.json,
window_9b9c80d5f5e655cf,MSFT,2026-03-25,2026-03-28,split_potential_truncation,200,243,2026-09-14T15:37:45Z,raw/responses/MSFT/2026-03-25_2026-03-28.json,
window_14d9b04ae3d4ea3d,MSFT,2026-03-25,2026-03-31,split_potential_truncation,200,244,2026-09-14T15:37:44Z,raw/responses/MSFT/2026-03-25_2026-03-31.json,
window_7f97983142c2ae93,MSFT,2026-03-27,2026-03-28,success,200,92,2026-09-14T15:37:47Z,raw/responses/MSFT/2026-03-27_2026-03-28.json,
window_0788d03b3c658999,MSFT,2026-03-29,2026-03-31,success,200,190,2026-09-14T15:37:48Z,raw/responses/MSFT/2026-03-29_2026-03-31.json,
window_0baddfe6969e919f,MSFT,2026-04-01,2026-04-07,success,200,235,2026-09-14T15:37:49Z,raw/responses/MSFT/2026-04-01_2026-04-07.json,
window_70f05a73fe930fff,MSFT,2026-04-08,2026-04-11,success,200,230,2026-09-14T15:37:52Z,raw/responses/MSFT/2026-04-08_2026-04-11.json,
window_b0d5b667e16f04c7,MSFT,2026-04-08,2026-04-14,split_potential_truncation,200,250,2026-09-14T15:37:50Z,raw/responses/MSFT/2026-04-08_2026-04-14.json,
window_3c1f6e40598391bb,MSFT,2026-04-12,2026-04-14,success,200,205,2026-09-14T15:37:53Z,raw/responses/MSFT/2026-04-12_2026-04-14.json,
window_5632fa26e7670a57,MSFT,2026-04-15,2026-04-16,success,200,211,2026-09-14T15:37:56Z,raw/responses/MSFT/2026-04-15_2026-04-16.json,
window_a1e8369400192bd2,MSFT,2026-04-15,2026-04-18,split_potential_truncation,200,250,2026-09-14T15:37:55Z,raw/responses/MSFT/2026-04-15_2026-04-18.json,
window_d8d77f28338bf749,MSFT,2026-04-15,2026-04-21,split_potential_truncation,200,246,2026-09-14T15:37:54Z,raw/responses/MSFT/2026-04-15_2026-04-21.json,
window_8ee24571af0591b5,MSFT,2026-04-17,2026-04-18,success,200,109,2026-09-14T15:37:57Z,raw/responses/MSFT/2026-04-17_2026-04-18.json,
window_d44aa181a98358ec,MSFT,2026-04-19,2026-04-21,success,200,160,2026-09-14T15:37:58Z,raw/responses/MSFT/2026-04-19_2026-04-21.json,
window_4c701d0bf4db68a6,MSFT,2026-04-22,2026-04-23,success,200,184,2026-09-14T15:38:01Z,raw/responses/MSFT/2026-04-22_2026-04-23.json,
window_bb02f87ff2c38274,MSFT,2026-04-22,2026-04-25,split_potential_truncation,200,245,2026-09-14T15:38:00Z,raw/responses/MSFT/2026-04-22_2026-04-25.json,
window_37e998c3b9b6333a,MSFT,2026-04-22,2026-04-28,split_potential_truncation,200,242,2026-09-14T15:37:59Z,raw/responses/MSFT/2026-04-22_2026-04-28.json,
window_0c49989a538635b7,MSFT,2026-04-24,2026-04-25,success,200,135,2026-09-14T15:38:03Z,raw/responses/MSFT/2026-04-24_2026-04-25.json,
window_8fcbe537e1f5bf58,MSFT,2026-04-26,2026-04-27,success,200,204,2026-09-14T15:38:05Z,raw/responses/MSFT/2026-04-26_2026-04-27.json,
window_9b4eee7f49cf2055,MSFT,2026-04-26,2026-04-28,split_potential_truncation,200,242,2026-09-14T15:38:04Z,raw/responses/MSFT/2026-04-26_2026-04-28.json,
window_09ba3ae5d80718dd,MSFT,2026-04-28,2026-04-28,success,200,172,2026-09-14T15:38:06Z,raw/responses/MSFT/2026-04-28_2026-04-28.json,
window_bc3fea8a4218c283,MSFT,2026-04-29,2026-04-29,success,200,176,2026-09-14T15:38:09Z,raw/responses/MSFT/2026-04-29_2026-04-29.json,
window_fd6562a615627e26,MSFT,2026-04-29,2026-04-30,split_potential_truncation,200,247,2026-09-14T15:38:08Z,raw/responses/MSFT/2026-04-29_2026-04-30.json,
window_893a7e5dc73de187,MSFT,2026-04-29,2026-05-01,split_potential_truncation,200,250,2026-09-14T15:38:07Z,raw/responses/MSFT/2026-04-29_2026-05-01.json,
window_cb20de833504010a,MSFT,2026-04-30,2026-04-30,success,200,190,2026-09-14T15:38:10Z,raw/responses/MSFT/2026-04-30_2026-04-30.json,
window_9a07ab00e49bcce2,MSFT,2026-05-01,2026-05-01,success,200,123,2026-09-14T15:38:11Z,raw/responses/MSFT/2026-05-01_2026-05-01.json,
window_3d201b48fff5d6a7,MU,2025-10-01,2025-10-07,success,200,83,2026-09-14T15:35:12Z,raw/responses/MU/2025-10-01_2025-10-07.json,
window_7c019286a4709eb4,MU,2025-10-08,2025-10-14,success,200,63,2026-09-14T15:35:13Z,raw/responses/MU/2025-10-08_2025-10-14.json,
window_360d346a0bf4e601,MU,2025-10-15,2025-10-21,success,200,76,2026-09-14T15:35:15Z,raw/responses/MU/2025-10-15_2025-10-21.json,
window_eaeec8f9a59317dc,MU,2025-10-22,2025-10-28,success,200,53,2026-09-14T15:35:16Z,raw/responses/MU/2025-10-22_2025-10-28.json,
window_a584fd1dd90ecf33,MU,2025-10-29,2025-11-04,success,200,61,2026-09-14T15:35:17Z,raw/responses/MU/2025-10-29_2025-11-04.json,
window_f11a6bf47dc4f85b,MU,2025-11-05,2025-11-11,success,200,78,2026-09-14T15:35:18Z,raw/responses/MU/2025-11-05_2025-11-11.json,
window_03f0a7d293881ae8,MU,2025-11-12,2025-11-18,success,200,93,2026-09-14T15:35:19Z,raw/responses/MU/2025-11-12_2025-11-18.json,
window_e3dde3f7697c90ff,MU,2025-11-19,2025-11-25,success,200,124,2026-09-14T15:35:20Z,raw/responses/MU/2025-11-19_2025-11-25.json,
window_163047ba64593e9f,MU,2025-11-26,2025-12-02,success,200,64,2026-09-14T15:35:21Z,raw/responses/MU/2025-11-26_2025-12-02.json,
window_37fb15eee45bea20,MU,2025-12-03,2025-12-09,success,200,78,2026-09-14T15:35:22Z,raw/responses/MU/2025-12-03_2025-12-09.json,
window_b07f7e00629d166e,MU,2025-12-10,2025-12-16,success,200,132,2026-09-14T15:35:23Z,raw/responses/MU/2025-12-10_2025-12-16.json,
window_5a0cc5203556c2b6,MU,2025-12-17,2025-12-23,success,200,237,2026-09-14T15:35:24Z,raw/responses/MU/2025-12-17_2025-12-23.json,
window_614539f2691abedf,MU,2025-12-24,2025-12-30,success,200,95,2026-09-14T15:35:26Z,raw/responses/MU/2025-12-24_2025-12-30.json,
window_c03c513fe518de97,MU,2025-12-31,2026-01-06,success,200,125,2026-09-14T15:35:27Z,raw/responses/MU/2025-12-31_2026-01-06.json,
window_4c0f3b00cf9ccd94,MU,2026-01-07,2026-01-13,success,200,161,2026-09-14T15:35:28Z,raw/responses/MU/2026-01-07_2026-01-13.json,
window_595a95a34fccceaa,MU,2026-01-14,2026-01-20,success,200,184,2026-09-14T15:35:29Z,raw/responses/MU/2026-01-14_2026-01-20.json,
window_5e3df40bd03603fc,MU,2026-01-21,2026-01-27,success,200,185,2026-09-14T15:35:30Z,raw/responses/MU/2026-01-21_2026-01-27.json,
window_413368920ae4fa7b,MU,2026-01-28,2026-02-03,success,200,140,2026-09-14T15:35:31Z,raw/responses/MU/2026-01-28_2026-02-03.json,
window_4a685178a8429acf,MU,2026-02-04,2026-02-10,success,200,118,2026-09-14T15:35:32Z,raw/responses/MU/2026-02-04_2026-02-10.json,
window_9472e136277c649c,MU,2026-02-11,2026-02-17,success,200,158,2026-09-14T15:35:33Z,raw/responses/MU/2026-02-11_2026-02-17.json,
window_0e4680f31d6e67f3,MU,2026-02-18,2026-02-24,success,200,122,2026-09-14T15:35:34Z,raw/responses/MU/2026-02-18_2026-02-24.json,
window_4b93ef03ba801223,MU,2026-02-25,2026-03-03,success,200,143,2026-09-14T15:35:36Z,raw/responses/MU/2026-02-25_2026-03-03.json,
window_0933cbe66f553f85,MU,2026-03-04,2026-03-10,success,200,167,2026-09-14T15:35:37Z,raw/responses/MU/2026-03-04_2026-03-10.json,
window_30b1ff7eee7066f4,MU,2026-03-11,2026-03-14,success,200,112,2026-09-14T15:35:39Z,raw/responses/MU/2026-03-11_2026-03-14.json,
window_c5e2f231e9509b45,MU,2026-03-11,2026-03-17,split_potential_truncation,200,247,2026-09-14T15:35:38Z,raw/responses/MU/2026-03-11_2026-03-17.json,
window_5297509de99a81af,MU,2026-03-15,2026-03-17,success,200,146,2026-09-14T15:35:40Z,raw/responses/MU/2026-03-15_2026-03-17.json,
window_369e7e0f25832ff3,MU,2026-03-18,2026-03-19,success,200,231,2026-09-14T15:35:43Z,raw/responses/MU/2026-03-18_2026-03-19.json,
window_61f1063f9ff8a931,MU,2026-03-18,2026-03-21,split_potential_truncation,200,245,2026-09-14T15:35:42Z,raw/responses/MU/2026-03-18_2026-03-21.json,
window_ae7e347324344fcf,MU,2026-03-18,2026-03-24,split_potential_truncation,200,241,2026-09-14T15:35:41Z,raw/responses/MU/2026-03-18_2026-03-24.json,
window_883057459e059453,MU,2026-03-20,2026-03-21,success,200,46,2026-09-14T15:35:45Z,raw/responses/MU/2026-03-20_2026-03-21.json,
window_0c974da3ff47175a,MU,2026-03-22,2026-03-24,success,200,85,2026-09-14T15:35:46Z,raw/responses/MU/2026-03-22_2026-03-24.json,
window_a5d7c66fb0a37fcb,MU,2026-03-25,2026-03-31,success,200,237,2026-09-14T15:35:47Z,raw/responses/MU/2026-03-25_2026-03-31.json,
window_735c6dace6fd2f6a,MU,2026-04-01,2026-04-07,success,200,201,2026-09-14T15:35:48Z,raw/responses/MU/2026-04-01_2026-04-07.json,
window_ad4732d9a3fb8a1f,MU,2026-04-08,2026-04-14,success,200,154,2026-09-14T15:35:49Z,raw/responses/MU/2026-04-08_2026-04-14.json,
window_610fd3050161d73f,MU,2026-04-15,2026-04-21,success,200,140,2026-09-14T15:35:50Z,raw/responses/MU/2026-04-15_2026-04-21.json,
window_d002827069d49595,MU,2026-04-22,2026-04-28,success,200,203,2026-09-14T15:35:51Z,raw/responses/MU/2026-04-22_2026-04-28.json,
window_3ce92aeb8ecfcf32,MU,2026-04-29,2026-05-01,success,200,100,2026-09-14T15:35:52Z,raw/responses/MU/2026-04-29_2026-05-01.json,
window_3559f3616a7400bc,NVDA,2025-10-01,2025-10-04,success,200,204,2026-09-14T15:31:05Z,raw/responses/NVDA/2025-10-01_2025-10-04.json,
window_8793c449726e7d68,NVDA,2025-10-01,2025-10-07,split_potential_truncation,200,241,2026-09-14T15:29:06Z,raw/responses/NVDA/2025-10-01_2025-10-07.json,
window_beb8eb52e1dcb2df,NVDA,2025-10-05,2025-10-07,success,200,137,2026-09-14T15:31:07Z,raw/responses/NVDA/2025-10-05_2025-10-07.json,
window_d1dcce01bbf1d1b0,NVDA,2025-10-08,2025-10-09,success,200,177,2026-09-14T15:31:09Z,raw/responses/NVDA/2025-10-08_2025-10-09.json,
window_f06ebcb589ba8562,NVDA,2025-10-08,2025-10-11,split_potential_truncation,200,247,2026-09-14T15:31:08Z,raw/responses/NVDA/2025-10-08_2025-10-11.json,
window_cc22e726e4672707,NVDA,2025-10-08,2025-10-14,split_potential_truncation,200,246,2026-09-14T15:29:08Z,raw/responses/NVDA/2025-10-08_2025-10-14.json,
window_7846dfcbbdb00e54,NVDA,2025-10-10,2025-10-11,success,200,82,2026-09-14T15:31:10Z,raw/responses/NVDA/2025-10-10_2025-10-11.json,
window_a992158b0794dda7,NVDA,2025-10-12,2025-10-14,success,200,166,2026-09-14T15:31:11Z,raw/responses/NVDA/2025-10-12_2025-10-14.json,
window_018547a293d85d13,NVDA,2025-10-15,2025-10-18,success,200,227,2026-09-14T15:31:13Z,raw/responses/NVDA/2025-10-15_2025-10-18.json,
window_273ad35f060b839b,NVDA,2025-10-15,2025-10-21,split_potential_truncation,200,247,2026-09-14T15:29:09Z,raw/responses/NVDA/2025-10-15_2025-10-21.json,
window_a9531cb1a84d8cc1,NVDA,2025-10-19,2025-10-21,success,200,113,2026-09-14T15:31:14Z,raw/responses/NVDA/2025-10-19_2025-10-21.json,
window_efc1da63648205d5,NVDA,2025-10-22,2025-10-25,success,200,109,2026-09-14T15:31:15Z,raw/responses/NVDA/2025-10-22_2025-10-25.json,
window_ba53366b8bcb236c,NVDA,2025-10-22,2025-10-28,split_potential_truncation,200,247,2026-09-14T15:29:10Z,raw/responses/NVDA/2025-10-22_2025-10-28.json,
window_845423029ce1eccd,NVDA,2025-10-26,2025-10-28,success,200,165,2026-09-14T15:31:17Z,raw/responses/NVDA/2025-10-26_2025-10-28.json,
window_20e1ce3f86729990,NVDA,2025-10-29,2025-10-30,success,200,185,2026-09-14T15:31:19Z,raw/responses/NVDA/2025-10-29_2025-10-30.json,
window_3cc6b9a2ff65bfc5,NVDA,2025-10-29,2025-11-01,split_potential_truncation,200,243,2026-09-14T15:31:18Z,raw/responses/NVDA/2025-10-29_2025-11-01.json,
window_7694d8ceea7bd65c,NVDA,2025-10-29,2025-11-04,split_potential_truncation,200,247,2026-09-14T15:29:11Z,raw/responses/NVDA/2025-10-29_2025-11-04.json,
window_cba9652125ea6f2e,NVDA,2025-10-31,2025-11-01,success,200,59,2026-09-14T15:31:20Z,raw/responses/NVDA/2025-10-31_2025-11-01.json,
window_c12a9cfb72bc1777,NVDA,2025-11-02,2025-11-04,success,200,157,2026-09-14T15:31:21Z,raw/responses/NVDA/2025-11-02_2025-11-04.json,
window_82a2eebf818f881e,NVDA,2025-11-05,2025-11-08,success,200,166,2026-09-14T15:31:23Z,raw/responses/NVDA/2025-11-05_2025-11-08.json,
window_4d62176abfa9d383,NVDA,2025-11-05,2025-11-11,split_potential_truncation,200,248,2026-09-14T15:29:12Z,raw/responses/NVDA/2025-11-05_2025-11-11.json,
window_9354dc6d29eca249,NVDA,2025-11-09,2025-11-11,success,200,162,2026-09-14T15:31:24Z,raw/responses/NVDA/2025-11-09_2025-11-11.json,
window_5288fd7de590f825,NVDA,2025-11-12,2025-11-13,success,200,174,2026-09-14T15:31:26Z,raw/responses/NVDA/2025-11-12_2025-11-13.json,
window_79f32059507c4d95,NVDA,2025-11-12,2025-11-15,split_potential_truncation,200,247,2026-09-14T15:31:25Z,raw/responses/NVDA/2025-11-12_2025-11-15.json,
window_994d178aa3c158d6,NVDA,2025-11-12,2025-11-18,split_potential_truncation,200,249,2026-09-14T15:29:13Z,raw/responses/NVDA/2025-11-12_2025-11-18.json,
window_5c1de5eab8e8b857,NVDA,2025-11-14,2025-11-15,success,200,112,2026-09-14T15:31:27Z,raw/responses/NVDA/2025-11-14_2025-11-15.json,
window_83b0984de94d1ed9,NVDA,2025-11-16,2025-11-18,success,200,181,2026-09-14T15:31:29Z,raw/responses/NVDA/2025-11-16_2025-11-18.json,
window_265212dc1fdc1854,NVDA,2025-11-19,2025-11-20,success,200,207,2026-09-14T15:31:31Z,raw/responses/NVDA/2025-11-19_2025-11-20.json,
window_0b9030f62a8d5970,NVDA,2025-11-19,2025-11-22,split_potential_truncation,200,249,2026-09-14T15:31:30Z,raw/responses/NVDA/2025-11-19_2025-11-22.json,
window_5c6a139c07dfc111,NVDA,2025-11-19,2025-11-25,split_potential_truncation,200,249,2026-09-14T15:29:14Z,raw/responses/NVDA/2025-11-19_2025-11-25.json,
window_7c2938d0411613fd,NVDA,2025-11-21,2025-11-22,success,200,94,2026-09-14T15:31:32Z,raw/responses/NVDA/2025-11-21_2025-11-22.json,
window_2909cd2844136998,NVDA,2025-11-23,2025-11-25,success,200,189,2026-09-14T15:31:33Z,raw/responses/NVDA/2025-11-23_2025-11-25.json,
window_85ac1a1fda416806,NVDA,2025-11-26,2025-11-29,success,200,179,2026-09-14T15:31:34Z,raw/responses/NVDA/2025-11-26_2025-11-29.json,
window_cbe524e48d76c4e0,NVDA,2025-11-26,2025-12-02,split_potential_truncation,200,249,2026-09-14T15:29:15Z,raw/responses/NVDA/2025-11-26_2025-12-02.json,
window_5aeef4e6ebcdf89b,NVDA,2025-11-30,2025-12-02,success,200,132,2026-09-14T15:31:35Z,raw/responses/NVDA/2025-11-30_2025-12-02.json,
window_065312c4ccc80db2,NVDA,2025-12-03,2025-12-06,success,200,204,2026-09-14T15:31:37Z,raw/responses/NVDA/2025-12-03_2025-12-06.json,
window_0c692df2f66d67a2,NVDA,2025-12-03,2025-12-09,split_potential_truncation,200,248,2026-09-14T15:29:16Z,raw/responses/NVDA/2025-12-03_2025-12-09.json,
window_502a597e8661cd3f,NVDA,2025-12-07,2025-12-09,success,200,130,2026-09-14T15:31:38Z,raw/responses/NVDA/2025-12-07_2025-12-09.json,
window_6fb1e7c4d89d0b28,NVDA,2025-12-10,2025-12-13,success,200,229,2026-09-14T15:31:39Z,raw/responses/NVDA/2025-12-10_2025-12-13.json,
window_2e7921df9a717a19,NVDA,2025-12-10,2025-12-16,split_potential_truncation,200,246,2026-09-14T15:29:17Z,raw/responses/NVDA/2025-12-10_2025-12-16.json,
window_25972969ec167fe1,NVDA,2025-12-14,2025-12-16,success,200,115,2026-09-14T15:31:40Z,raw/responses/NVDA/2025-12-14_2025-12-16.json,
window_f28fefedbf263a0a,NVDA,2025-12-17,2025-12-20,success,200,169,2026-09-14T15:31:41Z,raw/responses/NVDA/2025-12-17_2025-12-20.json,
window_46d123d5260c13ab,NVDA,2025-12-17,2025-12-23,split_potential_truncation,200,246,2026-09-14T15:29:19Z,raw/responses/NVDA/2025-12-17_2025-12-23.json,
window_9b420324f466729b,NVDA,2025-12-21,2025-12-23,success,200,106,2026-09-14T15:31:42Z,raw/responses/NVDA/2025-12-21_2025-12-23.json,
window_47d85ce78f7bc669,NVDA,2025-12-24,2025-12-27,success,200,115,2026-09-14T15:31:43Z,raw/responses/NVDA/2025-12-24_2025-12-27.json,
window_257878c62fb7749f,NVDA,2025-12-24,2025-12-30,split_potential_truncation,200,246,2026-09-14T15:29:20Z,raw/responses/NVDA/2025-12-24_2025-12-30.json,
window_2e342a306896c499,NVDA,2025-12-28,2025-12-30,success,200,141,2026-09-14T15:31:44Z,raw/responses/NVDA/2025-12-28_2025-12-30.json,
window_7f08a274cd6038de,NVDA,2025-12-31,2026-01-03,success,200,84,2026-09-14T15:31:45Z,raw/responses/NVDA/2025-12-31_2026-01-03.json,
window_0a97309ddf4eb021,NVDA,2025-12-31,2026-01-06,split_potential_truncation,200,248,2026-09-14T15:29:21Z,raw/responses/NVDA/2025-12-31_2026-01-06.json,
window_430442f85e4f23b7,NVDA,2026-01-04,2026-01-06,success,200,225,2026-09-14T15:31:47Z,raw/responses/NVDA/2026-01-04_2026-01-06.json,
window_a9c67b4a0561105a,NVDA,2026-01-07,2026-01-08,success,200,196,2026-09-14T15:31:49Z,raw/responses/NVDA/2026-01-07_2026-01-08.json,
window_550fe839b879ffe2,NVDA,2026-01-07,2026-01-10,split_potential_truncation,200,245,2026-09-14T15:31:48Z,raw/responses/NVDA/2026-01-07_2026-01-10.json,
window_2d3aab6415f0a145,NVDA,2026-01-07,2026-01-13,split_potential_truncation,200,250,2026-09-14T15:29:22Z,raw/responses/NVDA/2026-01-07_2026-01-13.json,
window_33f3a13d2e693358,NVDA,2026-01-09,2026-01-10,success,200,113,2026-09-14T15:31:50Z,raw/responses/NVDA/2026-01-09_2026-01-10.json,
window_494d960f6cc1c403,NVDA,2026-01-11,2026-01-13,success,200,212,2026-09-14T15:31:51Z,raw/responses/NVDA/2026-01-11_2026-01-13.json,
window_eaf522ce433f8993,NVDA,2026-01-14,2026-01-14,success,200,144,2026-09-14T15:31:55Z,raw/responses/NVDA/2026-01-14_2026-01-14.json,
window_b6c131121961b008,NVDA,2026-01-14,2026-01-15,split_potential_truncation,200,246,2026-09-14T15:31:54Z,raw/responses/NVDA/2026-01-14_2026-01-15.json,
window_ffbbb11e29c9ea08,NVDA,2026-01-14,2026-01-17,split_potential_truncation,200,245,2026-09-14T15:31:53Z,raw/responses/NVDA/2026-01-14_2026-01-17.json,
window_4ff910d182425616,NVDA,2026-01-14,2026-01-20,split_potential_truncation,200,247,2026-09-14T15:29:23Z,raw/responses/NVDA/2026-01-14_2026-01-20.json,
window_fc05693f71c4cf8e,NVDA,2026-01-15,2026-01-15,success,200,150,2026-09-14T15:31:56Z,raw/responses/NVDA/2026-01-15_2026-01-15.json,
window_acdec2d987814d83,NVDA,2026-01-16,2026-01-17,success,200,146,2026-09-14T15:31:57Z,raw/responses/NVDA/2026-01-16_2026-01-17.json,
window_0414f01ea7687bbe,NVDA,2026-01-18,2026-01-20,success,200,216,2026-09-14T15:31:58Z,raw/responses/NVDA/2026-01-18_2026-01-20.json,
window_e933c00765378864,NVDA,2026-01-21,2026-01-24,success,200,234,2026-09-14T15:31:59Z,raw/responses/NVDA/2026-01-21_2026-01-24.json,
window_09d95e271ce4dc3f,NVDA,2026-01-21,2026-01-27,split_potential_truncation,200,242,2026-09-14T15:29:24Z,raw/responses/NVDA/2026-01-21_2026-01-27.json,
window_bf443b029be495c4,NVDA,2026-01-25,2026-01-26,success,200,151,2026-09-14T15:32:02Z,raw/responses/NVDA/2026-01-25_2026-01-26.json,
window_4c315bef6b572962,NVDA,2026-01-25,2026-01-27,split_potential_truncation,200,242,2026-09-14T15:32:00Z,raw/responses/NVDA/2026-01-25_2026-01-27.json,
window_b82b17bcfe39d31e,NVDA,2026-01-27,2026-01-27,success,200,95,2026-09-14T15:32:03Z,raw/responses/NVDA/2026-01-27_2026-01-27.json,
window_0dafe2a15fe18374,NVDA,2026-01-28,2026-01-28,success,200,131,2026-09-14T15:32:06Z,raw/responses/NVDA/2026-01-28_2026-01-28.json,
window_df7cd826572dc6e8,NVDA,2026-01-28,2026-01-29,split_potential_truncation,200,248,2026-09-14T15:32:05Z,raw/responses/NVDA/2026-01-28_2026-01-29.json,
window_d3e1a24e81ba72a8,NVDA,2026-01-28,2026-01-31,split_potential_truncation,200,245,2026-09-14T15:32:04Z,raw/responses/NVDA/2026-01-28_2026-01-31.json,
window_6950e5bae8093032,NVDA,2026-01-28,2026-02-03,split_potential_truncation,200,249,2026-09-14T15:29:25Z,raw/responses/NVDA/2026-01-28_2026-02-03.json,
window_3c3a68f8aa92d6e2,NVDA,2026-01-29,2026-01-29,success,200,118,2026-09-14T15:32:08Z,raw/responses/NVDA/2026-01-29_2026-01-29.json,
window_46286b0e31424e5a,NVDA,2026-01-30,2026-01-31,success,200,133,2026-09-14T15:32:09Z,raw/responses/NVDA/2026-01-30_2026-01-31.json,
window_22250612299a3aa5,NVDA,2026-02-01,2026-02-02,success,200,197,2026-09-14T15:32:11Z,raw/responses/NVDA/2026-02-01_2026-02-02.json,
window_83e17b09b031e1d2,NVDA,2026-02-01,2026-02-03,split_potential_truncation,200,249,2026-09-14T15:32:10Z,raw/responses/NVDA/2026-02-01_2026-02-03.json,
window_c7ebb03b5189f76c,NVDA,2026-02-03,2026-02-03,success,200,132,2026-09-14T15:32:12Z,raw/responses/NVDA/2026-02-03_2026-02-03.json,
window_eef1f23abaf23222,NVDA,2026-02-04,2026-02-04,success,200,149,2026-09-14T15:32:16Z,raw/responses/NVDA/2026-02-04_2026-02-04.json,
window_22af0ddf7cabf563,NVDA,2026-02-04,2026-02-05,split_potential_truncation,200,248,2026-09-14T15:32:14Z,raw/responses/NVDA/2026-02-04_2026-02-05.json,
window_e7f9544c2a80722f,NVDA,2026-02-04,2026-02-07,split_potential_truncation,200,249,2026-09-14T15:32:13Z,raw/responses/NVDA/2026-02-04_2026-02-07.json,
window_4140c8c78d4d7ed7,NVDA,2026-02-04,2026-02-10,split_potential_truncation,200,249,2026-09-14T15:29:26Z,raw/responses/NVDA/2026-02-04_2026-02-10.json,
window_2a5adf8bcb280b82,NVDA,2026-02-05,2026-02-05,success,200,104,2026-09-14T15:32:17Z,raw/responses/NVDA/2026-02-05_2026-02-05.json,
window_62509746b686af8e,NVDA,2026-02-06,2026-02-07,success,200,220,2026-09-14T15:32:18Z,raw/responses/NVDA/2026-02-06_2026-02-07.json,
window_657a270fba068da9,NVDA,2026-02-08,2026-02-09,success,200,220,2026-09-14T15:32:21Z,raw/responses/NVDA/2026-02-08_2026-02-09.json,
window_4f7667a446b2ce29,NVDA,2026-02-08,2026-02-10,split_potential_truncation,200,249,2026-09-14T15:32:19Z,raw/responses/NVDA/2026-02-08_2026-02-10.json,
window_7bca2f967f503988,NVDA,2026-02-10,2026-02-10,success,200,141,2026-09-14T15:32:22Z,raw/responses/NVDA/2026-02-10_2026-02-10.json,
window_dbd2677f6279a594,NVDA,2026-02-11,2026-02-11,success,200,146,2026-09-14T15:32:25Z,raw/responses/NVDA/2026-02-11_2026-02-11.json,
window_28ff5963f6c7f1ce,NVDA,2026-02-11,2026-02-12,split_potential_truncation,200,247,2026-09-14T15:32:24Z,raw/responses/NVDA/2026-02-11_2026-02-12.json,
window_81b014c642537714,NVDA,2026-02-11,2026-02-14,split_potential_truncation,200,247,2026-09-14T15:32:23Z,raw/responses/NVDA/2026-02-11_2026-02-14.json,
window_45256d1b699d0724,NVDA,2026-02-11,2026-02-17,split_potential_truncation,200,247,2026-09-14T15:29:27Z,raw/responses/NVDA/2026-02-11_2026-02-17.json,
window_83dbd79eed22fa0f,NVDA,2026-02-12,2026-02-12,success,200,146,2026-09-14T15:32:26Z,raw/responses/NVDA/2026-02-12_2026-02-12.json,
window_7181deaa9875a314,NVDA,2026-02-13,2026-02-14,success,200,209,2026-09-14T15:32:27Z,raw/responses/NVDA/2026-02-13_2026-02-14.json,
window_c39e6c2af02d9a8a,NVDA,2026-02-15,2026-02-16,success,200,180,2026-09-14T15:32:30Z,raw/responses/NVDA/2026-02-15_2026-02-16.json,
window_628046270b917405,NVDA,2026-02-15,2026-02-17,split_potential_truncation,200,247,2026-09-14T15:32:29Z,raw/responses/NVDA/2026-02-15_2026-02-17.json,
window_a3fda4089bf527e9,NVDA,2026-02-17,2026-02-17,success,200,174,2026-09-14T15:32:31Z,raw/responses/NVDA/2026-02-17_2026-02-17.json,
window_d519d23c558a720c,NVDA,2026-02-18,2026-02-18,success,200,183,2026-09-14T15:32:34Z,raw/responses/NVDA/2026-02-18_2026-02-18.json,
window_aae0cb9dc8eb8513,NVDA,2026-02-18,2026-02-19,split_potential_truncation,200,248,2026-09-14T15:32:33Z,raw/responses/NVDA/2026-02-18_2026-02-19.json,
window_6cfce5e2ca183d7a,NVDA,2026-02-18,2026-02-21,split_potential_truncation,200,249,2026-09-14T15:32:32Z,raw/responses/NVDA/2026-02-18_2026-02-21.json,
window_9bf75e4498b44cc0,NVDA,2026-02-18,2026-02-24,split_potential_truncation,200,248,2026-09-14T15:29:28Z,raw/responses/NVDA/2026-02-18_2026-02-24.json,
window_c1847ff8c93e1a7f,NVDA,2026-02-19,2026-02-19,success,200,162,2026-09-14T15:32:35Z,raw/responses/NVDA/2026-02-19_2026-02-19.json,
window_54e651d9179e63d7,NVDA,2026-02-20,2026-02-21,success,200,208,2026-09-14T15:32:36Z,raw/responses/NVDA/2026-02-20_2026-02-21.json,
window_b2646f0d665730e0,NVDA,2026-02-22,2026-02-22,success,200,73,2026-09-14T15:32:40Z,raw/responses/NVDA/2026-02-22_2026-02-22.json,
window_59b131f591fe26a0,NVDA,2026-02-22,2026-02-23,split_potential_truncation,200,250,2026-09-14T15:32:39Z,raw/responses/NVDA/2026-02-22_2026-02-23.json,
window_61c1fe5b6e62bbdd,NVDA,2026-02-22,2026-02-24,split_potential_truncation,200,248,2026-09-14T15:32:37Z,raw/responses/NVDA/2026-02-22_2026-02-24.json,
window_e560d96dabf90ba7,NVDA,2026-02-23,2026-02-23,success,200,181,2026-09-14T15:32:41Z,raw/responses/NVDA/2026-02-23_2026-02-23.json,
window_495114c47f53b922,NVDA,2026-02-24,2026-02-24,success,200,181,2026-09-14T15:32:42Z,raw/responses/NVDA/2026-02-24_2026-02-24.json,
window_79f449ead6736cda,NVDA,2026-02-25,2026-02-25,success,200,211,2026-09-14T15:32:45Z,raw/responses/NVDA/2026-02-25_2026-02-25.json,
window_edcf7be7a3d41d82,NVDA,2026-02-25,2026-02-26,split_potential_truncation,200,249,2026-09-14T15:32:44Z,raw/responses/NVDA/2026-02-25_2026-02-26.json,
window_b0910327856faae6,NVDA,2026-02-25,2026-02-28,split_potential_truncation,200,250,2026-09-14T15:32:43Z,raw/responses/NVDA/2026-02-25_2026-02-28.json,
window_488f32769ec1a976,NVDA,2026-02-25,2026-03-03,split_potential_truncation,200,249,2026-09-14T15:29:30Z,raw/responses/NVDA/2026-02-25_2026-03-03.json,
window_a773d18556331a3f,NVDA,2026-02-26,2026-02-26,success_truncation_suspected,200,249,2026-09-14T15:32:46Z,raw/responses/NVDA/2026-02-26_2026-02-26.json,
window_fb96d831f62e6e23,NVDA,2026-02-27,2026-02-27,success,200,223,2026-09-14T15:32:48Z,raw/responses/NVDA/2026-02-27_2026-02-27.json,
window_f1abcce236846d46,NVDA,2026-02-27,2026-02-28,split_potential_truncation,200,250,2026-09-14T15:32:47Z,raw/responses/NVDA/2026-02-27_2026-02-28.json,
window_567427c358ab33df,NVDA,2026-02-28,2026-02-28,success,200,103,2026-09-14T15:32:50Z,raw/responses/NVDA/2026-02-28_2026-02-28.json,
window_ef34446e5c59946a,NVDA,2026-03-01,2026-03-01,success,200,92,2026-09-14T15:32:53Z,raw/responses/NVDA/2026-03-01_2026-03-01.json,
window_28b051a3732b1c58,NVDA,2026-03-01,2026-03-02,split_potential_truncation,200,250,2026-09-14T15:32:52Z,raw/responses/NVDA/2026-03-01_2026-03-02.json,
window_8e9888824752c9bc,NVDA,2026-03-01,2026-03-03,split_potential_truncation,200,249,2026-09-14T15:32:51Z,raw/responses/NVDA/2026-03-01_2026-03-03.json,
window_8021daf5d4575296,NVDA,2026-03-02,2026-03-02,success,200,191,2026-09-14T15:32:54Z,raw/responses/NVDA/2026-03-02_2026-03-02.json,
window_f7f868163f841041,NVDA,2026-03-03,2026-03-03,success,200,197,2026-09-14T15:32:55Z,raw/responses/NVDA/2026-03-03_2026-03-03.json,
window_927dbdf8c7937e7e,NVDA,2026-03-04,2026-03-04,success,200,186,2026-09-14T15:32:58Z,raw/responses/NVDA/2026-03-04_2026-03-04.json,
window_efc18751efd897b8,NVDA,2026-03-04,2026-03-05,split_potential_truncation,200,247,2026-09-14T15:32:57Z,raw/responses/NVDA/2026-03-04_2026-03-05.json,
window_ca4b650cf8b7198b,NVDA,2026-03-04,2026-03-07,split_potential_truncation,200,250,2026-09-14T15:32:56Z,raw/responses/NVDA/2026-03-04_2026-03-07.json,
window_082918c891f0f085,NVDA,2026-03-04,2026-03-10,split_potential_truncation,200,249,2026-09-14T15:29:31Z,raw/responses/NVDA/2026-03-04_2026-03-10.json,
window_8f0100e310f57daa,NVDA,2026-03-05,2026-03-05,success,200,229,2026-09-14T15:32:59Z,raw/responses/NVDA/2026-03-05_2026-03-05.json,
window_cdf91a83226e6087,NVDA,2026-03-06,2026-03-06,success,200,195,2026-09-14T15:33:02Z,raw/responses/NVDA/2026-03-06_2026-03-06.json,
window_8c3ef49e33fd96bc,NVDA,2026-03-06,2026-03-07,split_potential_truncation,200,250,2026-09-14T15:33:01Z,raw/responses/NVDA/2026-03-06_2026-03-07.json,
window_c1ffb08eca452e06,NVDA,2026-03-07,2026-03-07,success,200,106,2026-09-14T15:33:03Z,raw/responses/NVDA/2026-03-07_2026-03-07.json,
window_b37c1e548d2aa86b,NVDA,2026-03-08,2026-03-08,success,200,119,2026-09-14T15:33:06Z,raw/responses/NVDA/2026-03-08_2026-03-08.json,
window_9d84d559c62186c6,NVDA,2026-03-08,2026-03-09,split_potential_truncation,200,250,2026-09-14T15:33:05Z,raw/responses/NVDA/2026-03-08_2026-03-09.json,
window_938c36cf8a0309e0,NVDA,2026-03-08,2026-03-10,split_potential_truncation,200,249,2026-09-14T15:33:04Z,raw/responses/NVDA/2026-03-08_2026-03-10.json,
window_f723f3526fa50042,NVDA,2026-03-09,2026-03-09,success,200,192,2026-09-14T15:33:07Z,raw/responses/NVDA/2026-03-09_2026-03-09.json,
window_353e969c5f758a09,NVDA,2026-03-10,2026-03-10,success,200,211,2026-09-14T15:33:08Z,raw/responses/NVDA/2026-03-10_2026-03-10.json,
window_4fab87c51a0ad8a2,NVDA,2026-03-11,2026-03-11,success,200,197,2026-09-14T15:33:12Z,raw/responses/NVDA/2026-03-11_2026-03-11.json,
window_a1ef266cd790be0c,NVDA,2026-03-11,2026-03-12,split_potential_truncation,200,250,2026-09-14T15:33:11Z,raw/responses/NVDA/2026-03-11_2026-03-12.json,
window_55390c98cde8e833,NVDA,2026-03-11,2026-03-14,split_potential_truncation,200,249,2026-09-14T15:33:10Z,raw/responses/NVDA/2026-03-11_2026-03-14.json,
window_4266487b5baf72cf,NVDA,2026-03-11,2026-03-17,split_potential_truncation,200,250,2026-09-14T15:29:32Z,raw/responses/NVDA/2026-03-11_2026-03-17.json,
window_11eca7da807946c7,NVDA,2026-03-12,2026-03-12,success,200,193,2026-09-14T15:33:13Z,raw/responses/NVDA/2026-03-12_2026-03-12.json,
window_4a03fc9f7d99a837,NVDA,2026-03-13,2026-03-13,success,200,181,2026-09-14T15:33:15Z,raw/responses/NVDA/2026-03-13_2026-03-13.json,
window_41008d9234dc9ac4,NVDA,2026-03-13,2026-03-14,split_potential_truncation,200,249,2026-09-14T15:33:14Z,raw/responses/NVDA/2026-03-13_2026-03-14.json,
window_0bd6070c52020442,NVDA,2026-03-14,2026-03-14,success,200,101,2026-09-14T15:33:16Z,raw/responses/NVDA/2026-03-14_2026-03-14.json,
window_d1a80cdb1ea9c6bd,NVDA,2026-03-15,2026-03-15,success,200,122,2026-09-14T15:33:20Z,raw/responses/NVDA/2026-03-15_2026-03-15.json,
window_bd02ee6faac2409d,NVDA,2026-03-15,2026-03-16,split_potential_truncation,200,250,2026-09-14T15:33:18Z,raw/responses/NVDA/2026-03-15_2026-03-16.json,
window_2a82c02a7d077b6f,NVDA,2026-03-15,2026-03-17,split_potential_truncation,200,250,2026-09-14T15:33:17Z,raw/responses/NVDA/2026-03-15_2026-03-17.json,
window_3c4a551b96304e56,NVDA,2026-03-16,2026-03-16,success,200,229,2026-09-14T15:33:21Z,raw/responses/NVDA/2026-03-16_2026-03-16.json,
window_3c682374bafc4d08,NVDA,2026-03-17,2026-03-17,success_truncation_suspected,200,250,2026-09-14T15:33:22Z,raw/responses/NVDA/2026-03-17_2026-03-17.json,
window_46d4fccab82193ca,NVDA,2026-03-18,2026-03-18,success_truncation_suspected,200,241,2026-09-14T15:33:25Z,raw/responses/NVDA/2026-03-18_2026-03-18.json,
window_c132c8d2a63c2a28,NVDA,2026-03-18,2026-03-19,split_potential_truncation,200,249,2026-09-14T15:33:24Z,raw/responses/NVDA/2026-03-18_2026-03-19.json,
window_d4ad1c3a8c10eb39,NVDA,2026-03-18,2026-03-21,split_potential_truncation,200,250,2026-09-14T15:33:23Z,raw/responses/NVDA/2026-03-18_2026-03-21.json,
window_68cd66f2da5a6b21,NVDA,2026-03-18,2026-03-24,split_potential_truncation,200,249,2026-09-14T15:29:33Z,raw/responses/NVDA/2026-03-18_2026-03-24.json,
window_57b53eeee7c81416,NVDA,2026-03-19,2026-03-19,success,200,207,2026-09-14T15:33:26Z,raw/responses/NVDA/2026-03-19_2026-03-19.json,
window_f93b8ddaba262130,NVDA,2026-03-20,2026-03-20,success,200,199,2026-09-14T15:33:28Z,raw/responses/NVDA/2026-03-20_2026-03-20.json,
window_0ca9e59e5b44d1cb,NVDA,2026-03-20,2026-03-21,split_potential_truncation,200,250,2026-09-14T15:33:27Z,raw/responses/NVDA/2026-03-20_2026-03-21.json,
window_804bc38178eb2f2a,NVDA,2026-03-21,2026-03-21,success,200,140,2026-09-14T15:33:29Z,raw/responses/NVDA/2026-03-21_2026-03-21.json,
window_4b7294d7f01e2c2e,NVDA,2026-03-22,2026-03-22,success,200,127,2026-09-14T15:33:33Z,raw/responses/NVDA/2026-03-22_2026-03-22.json,
window_c98601233a3ed913,NVDA,2026-03-22,2026-03-23,split_potential_truncation,200,250,2026-09-14T15:33:32Z,raw/responses/NVDA/2026-03-22_2026-03-23.json,
window_9b899d1a077cd317,NVDA,2026-03-22,2026-03-24,split_potential_truncation,200,249,2026-09-14T15:33:31Z,raw/responses/NVDA/2026-03-22_2026-03-24.json,
window_6a6789351230f209,NVDA,2026-03-23,2026-03-23,success,200,197,2026-09-14T15:33:34Z,raw/responses/NVDA/2026-03-23_2026-03-23.json,
window_125e89de5cc6fce2,NVDA,2026-03-24,2026-03-24,success,200,219,2026-09-14T15:33:35Z,raw/responses/NVDA/2026-03-24_2026-03-24.json,
window_a84201791207623f,NVDA,2026-03-25,2026-03-25,success,200,208,2026-09-14T15:33:38Z,raw/responses/NVDA/2026-03-25_2026-03-25.json,
window_ae45b3500f33a0b2,NVDA,2026-03-25,2026-03-26,split_potential_truncation,200,247,2026-09-14T15:33:37Z,raw/responses/NVDA/2026-03-25_2026-03-26.json,
window_8526cb54800fe59c,NVDA,2026-03-25,2026-03-28,split_potential_truncation,200,250,2026-09-14T15:33:36Z,raw/responses/NVDA/2026-03-25_2026-03-28.json,
window_1a85d651c17fa920,NVDA,2026-03-25,2026-03-31,split_potential_truncation,200,247,2026-09-14T15:29:34Z,raw/responses/NVDA/2026-03-25_2026-03-31.json,
window_52f361dfc5aa9130,NVDA,2026-03-26,2026-03-26,success,200,203,2026-09-14T15:33:39Z,raw/responses/NVDA/2026-03-26_2026-03-26.json,
window_27009b17c9d96d03,NVDA,2026-03-27,2026-03-28,success,200,231,2026-09-14T15:33:40Z,raw/responses/NVDA/2026-03-27_2026-03-28.json,
window_8b468677e6919c2a,NVDA,2026-03-29,2026-03-29,success,200,96,2026-09-14T15:33:44Z,raw/responses/NVDA/2026-03-29_2026-03-29.json,
window_e3d7f4588109a895,NVDA,2026-03-29,2026-03-30,split_potential_truncation,200,248,2026-09-14T15:33:43Z,raw/responses/NVDA/2026-03-29_2026-03-30.json,
window_0dd20a25bdfb81a7,NVDA,2026-03-29,2026-03-31,split_potential_truncation,200,247,2026-09-14T15:33:42Z,raw/responses/NVDA/2026-03-29_2026-03-31.json,
window_fdaa6a471832e3ff,NVDA,2026-03-30,2026-03-30,success,200,185,2026-09-14T15:33:45Z,raw/responses/NVDA/2026-03-30_2026-03-30.json,
window_83297a2673ddff1d,NVDA,2026-03-31,2026-03-31,success,200,208,2026-09-14T15:33:46Z,raw/responses/NVDA/2026-03-31_2026-03-31.json,
window_84af7d18ce480bca,NVDA,2026-04-01,2026-04-01,success,200,209,2026-09-14T15:33:50Z,raw/responses/NVDA/2026-04-01_2026-04-01.json,
window_f41bde156774166b,NVDA,2026-04-01,2026-04-02,split_potential_truncation,200,246,2026-09-14T15:33:48Z,raw/responses/NVDA/2026-04-01_2026-04-02.json,
window_ede4d6fefc7a3936,NVDA,2026-04-01,2026-04-04,split_potential_truncation,200,245,2026-09-14T15:33:47Z,raw/responses/NVDA/2026-04-01_2026-04-04.json,
window_04d42e1c21afda37,NVDA,2026-04-01,2026-04-07,split_potential_truncation,200,249,2026-09-14T15:29:35Z,raw/responses/NVDA/2026-04-01_2026-04-07.json,
window_d86fcfee84ade451,NVDA,2026-04-02,2026-04-02,success,200,125,2026-09-14T15:33:51Z,raw/responses/NVDA/2026-04-02_2026-04-02.json,
window_b0942d72141918fd,NVDA,2026-04-03,2026-04-04,success,200,229,2026-09-14T15:33:52Z,raw/responses/NVDA/2026-04-03_2026-04-04.json,
window_0f018f6c6e0e8f32,NVDA,2026-04-05,2026-04-05,success,200,84,2026-09-14T15:33:55Z,raw/responses/NVDA/2026-04-05_2026-04-05.json,
window_557c045c3f4035d8,NVDA,2026-04-05,2026-04-06,split_potential_truncation,200,248,2026-09-14T15:33:54Z,raw/responses/NVDA/2026-04-05_2026-04-06.json,
window_c22ce9488f581c43,NVDA,2026-04-05,2026-04-07,split_potential_truncation,200,249,2026-09-14T15:33:53Z,raw/responses/NVDA/2026-04-05_2026-04-07.json,
window_bfbd322a2bbf74bb,NVDA,2026-04-06,2026-04-06,success,200,166,2026-09-14T15:33:56Z,raw/responses/NVDA/2026-04-06_2026-04-06.json,
window_52c7555078b01bd5,NVDA,2026-04-07,2026-04-07,success,200,169,2026-09-14T15:33:57Z,raw/responses/NVDA/2026-04-07_2026-04-07.json,
window_6999d54d5e28ad36,NVDA,2026-04-08,2026-04-08,success,200,191,2026-09-14T15:34:01Z,raw/responses/NVDA/2026-04-08_2026-04-08.json,
window_17849b8b303d57f2,NVDA,2026-04-08,2026-04-09,split_potential_truncation,200,249,2026-09-14T15:33:59Z,raw/responses/NVDA/2026-04-08_2026-04-09.json,
window_63435f2aa41a2fb5,NVDA,2026-04-08,2026-04-11,split_potential_truncation,200,250,2026-09-14T15:33:58Z,raw/responses/NVDA/2026-04-08_2026-04-11.json,
window_259427f6e4a1bc5a,NVDA,2026-04-08,2026-04-14,split_potential_truncation,200,248,2026-09-14T15:29:36Z,raw/responses/NVDA/2026-04-08_2026-04-14.json,
window_b3a0813becc4fd64,NVDA,2026-04-09,2026-04-09,success,200,189,2026-09-14T15:34:02Z,raw/responses/NVDA/2026-04-09_2026-04-09.json,
window_7fc4b87774e84e7a,NVDA,2026-04-10,2026-04-10,success,200,172,2026-09-14T15:34:04Z,raw/responses/NVDA/2026-04-10_2026-04-10.json,
window_323f3459ca626c6f,NVDA,2026-04-10,2026-04-11,split_potential_truncation,200,250,2026-09-14T15:34:03Z,raw/responses/NVDA/2026-04-10_2026-04-11.json,
window_c1d87e464da46021,NVDA,2026-04-11,2026-04-11,success,200,99,2026-09-14T15:34:05Z,raw/responses/NVDA/2026-04-11_2026-04-11.json,
window_e7886f54b6db149d,NVDA,2026-04-12,2026-04-12,success,200,108,2026-09-14T15:34:08Z,raw/responses/NVDA/2026-04-12_2026-04-12.json,
window_e194c378422f2b60,NVDA,2026-04-12,2026-04-13,split_potential_truncation,200,249,2026-09-14T15:34:07Z,raw/responses/NVDA/2026-04-12_2026-04-13.json,
window_adb95a6ac7e38acd,NVDA,2026-04-12,2026-04-14,split_potential_truncation,200,248,2026-09-14T15:34:06Z,raw/responses/NVDA/2026-04-12_2026-04-14.json,
window_91709b64052c023c,NVDA,2026-04-13,2026-04-13,success,200,173,2026-09-14T15:34:09Z,raw/responses/NVDA/2026-04-13_2026-04-13.json,
window_07e428f2b4761570,NVDA,2026-04-14,2026-04-14,success,200,194,2026-09-14T15:34:11Z,raw/responses/NVDA/2026-04-14_2026-04-14.json,
window_26674531e99861b5,NVDA,2026-04-15,2026-04-15,success,200,199,2026-09-14T15:34:14Z,raw/responses/NVDA/2026-04-15_2026-04-15.json,
window_483a117b947a492a,NVDA,2026-04-15,2026-04-16,split_potential_truncation,200,250,2026-09-14T15:34:13Z,raw/responses/NVDA/2026-04-15_2026-04-16.json,
window_b9a81d3c9abe9620,NVDA,2026-04-15,2026-04-18,split_potential_truncation,200,250,2026-09-14T15:34:12Z,raw/responses/NVDA/2026-04-15_2026-04-18.json,
window_085e12fe9e5b7e50,NVDA,2026-04-15,2026-04-21,split_potential_truncation,200,250,2026-09-14T15:29:37Z,raw/responses/NVDA/2026-04-15_2026-04-21.json,
window_37ea93fc6ebe09dc,NVDA,2026-04-16,2026-04-16,success,200,192,2026-09-14T15:34:15Z,raw/responses/NVDA/2026-04-16_2026-04-16.json,
window_c4e47c97a57dcc82,NVDA,2026-04-17,2026-04-18,success,200,230,2026-09-14T15:34:16Z,raw/responses/NVDA/2026-04-17_2026-04-18.json,
window_b0437473ab5443d5,NVDA,2026-04-19,2026-04-20,success,200,225,2026-09-14T15:34:18Z,raw/responses/NVDA/2026-04-19_2026-04-20.json,
window_96c5d0f06e2f8906,NVDA,2026-04-19,2026-04-21,split_potential_truncation,200,250,2026-09-14T15:34:17Z,raw/responses/NVDA/2026-04-19_2026-04-21.json,
window_776592db4cf26148,NVDA,2026-04-21,2026-04-21,success,200,153,2026-09-14T15:34:19Z,raw/responses/NVDA/2026-04-21_2026-04-21.json,
window_78e501618ee5f7f3,NVDA,2026-04-22,2026-04-22,success,200,157,2026-09-14T15:34:23Z,raw/responses/NVDA/2026-04-22_2026-04-22.json,
window_353c02a82c5db688,NVDA,2026-04-22,2026-04-23,split_potential_truncation,200,249,2026-09-14T15:34:22Z,raw/responses/NVDA/2026-04-22_2026-04-23.json,
window_593a3f112c88306c,NVDA,2026-04-22,2026-04-25,split_potential_truncation,200,249,2026-09-14T15:34:20Z,raw/responses/NVDA/2026-04-22_2026-04-25.json,
window_c0313c218211b76f,NVDA,2026-04-22,2026-04-28,split_potential_truncation,200,248,2026-09-14T15:29:38Z,raw/responses/NVDA/2026-04-22_2026-04-28.json,
window_0f093007a5080de2,NVDA,2026-04-23,2026-04-23,success,200,163,2026-09-14T15:34:24Z,raw/responses/NVDA/2026-04-23_2026-04-23.json,
window_085cffb47fecd7fb,NVDA,2026-04-24,2026-04-24,success,200,177,2026-09-14T15:34:26Z,raw/responses/NVDA/2026-04-24_2026-04-24.json,
window_5aaef378e0330b61,NVDA,2026-04-24,2026-04-25,split_potential_truncation,200,249,2026-09-14T15:34:25Z,raw/responses/NVDA/2026-04-24_2026-04-25.json,
window_3a1a7b2670e3f773,NVDA,2026-04-25,2026-04-25,success,200,89,2026-09-14T15:34:27Z,raw/responses/NVDA/2026-04-25_2026-04-25.json,
window_1319ce9a40ac6a2a,NVDA,2026-04-26,2026-04-26,success,200,67,2026-09-14T15:34:30Z,raw/responses/NVDA/2026-04-26_2026-04-26.json,
window_026fcb97564f378a,NVDA,2026-04-26,2026-04-27,split_potential_truncation,200,248,2026-09-14T15:34:29Z,raw/responses/NVDA/2026-04-26_2026-04-27.json,
window_fcd3e8e4e3105775,NVDA,2026-04-26,2026-04-28,split_potential_truncation,200,248,2026-09-14T15:34:28Z,raw/responses/NVDA/2026-04-26_2026-04-28.json,
window_67949bbccbb492a3,NVDA,2026-04-27,2026-04-27,success,200,181,2026-09-14T15:34:32Z,raw/responses/NVDA/2026-04-27_2026-04-27.json,
window_d97e793117533f22,NVDA,2026-04-28,2026-04-28,success,200,177,2026-09-14T15:34:33Z,raw/responses/NVDA/2026-04-28_2026-04-28.json,
window_6395973cfd5b8b65,NVDA,2026-04-29,2026-04-29,success,200,180,2026-09-14T15:34:35Z,raw/responses/NVDA/2026-04-29_2026-04-29.json,
window_dbcc0c0f42f3d254,NVDA,2026-04-29,2026-04-30,split_potential_truncation,200,248,2026-09-14T15:34:34Z,raw/responses/NVDA/2026-04-29_2026-04-30.json,
window_fa3f5fb486451cb8,NVDA,2026-04-29,2026-05-01,split_potential_truncation,200,249,2026-09-14T15:29:40Z,raw/responses/NVDA/2026-04-29_2026-05-01.json,
window_64b164fad5f9fc28,NVDA,2026-04-30,2026-04-30,success,200,175,2026-09-14T15:34:36Z,raw/responses/NVDA/2026-04-30_2026-04-30.json,
window_ff664fa49703a979,NVDA,2026-05-01,2026-05-01,success,200,168,2026-09-14T15:34:37Z,raw/responses/NVDA/2026-05-01_2026-05-01.json,
window_97c88b1a27994169,TSM,2025-10-01,2025-10-07,success,200,11,2026-09-14T15:30:18Z,raw/responses/TSM/2025-10-01_2025-10-07.json,
window_4a6c4c21b1aac25b,TSM,2025-10-08,2025-10-14,success,200,36,2026-09-14T15:30:19Z,raw/responses/TSM/2025-10-08_2025-10-14.json,
window_6ff00e9d6189604b,TSM,2025-10-15,2025-10-21,success,200,57,2026-09-14T15:30:20Z,raw/responses/TSM/2025-10-15_2025-10-21.json,
window_5b86637b326d7681,TSM,2025-10-22,2025-10-28,success,200,19,2026-09-14T15:30:21Z,raw/responses/TSM/2025-10-22_2025-10-28.json,
window_b7e415aecf8c170b,TSM,2025-10-29,2025-11-04,success,200,35,2026-09-14T15:30:22Z,raw/responses/TSM/2025-10-29_2025-11-04.json,
window_fb22b6adb7e5a235,TSM,2025-11-05,2025-11-11,success,200,33,2026-09-14T15:30:23Z,raw/responses/TSM/2025-11-05_2025-11-11.json,
window_c4aab1ef2430c82e,TSM,2025-11-12,2025-11-18,success,200,25,2026-09-14T15:30:25Z,raw/responses/TSM/2025-11-12_2025-11-18.json,
window_eb0c5ade53f9584b,TSM,2025-11-19,2025-11-25,success,200,23,2026-09-14T15:30:26Z,raw/responses/TSM/2025-11-19_2025-11-25.json,
window_0ef7647c7373aa6b,TSM,2025-11-26,2025-12-02,success,200,15,2026-09-14T15:30:27Z,raw/responses/TSM/2025-11-26_2025-12-02.json,
window_4a433ee33cfd19d1,TSM,2025-12-03,2025-12-09,success,200,20,2026-09-14T15:30:28Z,raw/responses/TSM/2025-12-03_2025-12-09.json,
window_e32f1c8e72387d3f,TSM,2025-12-10,2025-12-16,success,200,25,2026-09-14T15:34:49Z,raw/responses/TSM/2025-12-10_2025-12-16.json,
window_78503a01a9b97dcf,TSM,2025-12-17,2025-12-23,success,200,22,2026-09-14T15:34:50Z,raw/responses/TSM/2025-12-17_2025-12-23.json,
window_24a84732fb9163b3,TSM,2025-12-24,2025-12-30,success,200,13,2026-09-14T15:34:51Z,raw/responses/TSM/2025-12-24_2025-12-30.json,
window_dc449bbc037c98ae,TSM,2025-12-31,2026-01-06,success,200,29,2026-09-14T15:34:52Z,raw/responses/TSM/2025-12-31_2026-01-06.json,
window_ef9c7c518b05176c,TSM,2026-01-07,2026-01-13,success,200,37,2026-09-14T15:34:54Z,raw/responses/TSM/2026-01-07_2026-01-13.json,
window_f97d776a7d592212,TSM,2026-01-14,2026-01-20,success,200,80,2026-09-14T15:34:55Z,raw/responses/TSM/2026-01-14_2026-01-20.json,
window_818228db2c65660b,TSM,2026-01-21,2026-01-27,success,200,33,2026-09-14T15:34:56Z,raw/responses/TSM/2026-01-21_2026-01-27.json,
window_1b724882eaa51aed,TSM,2026-01-28,2026-02-03,success,200,31,2026-09-14T15:34:57Z,raw/responses/TSM/2026-01-28_2026-02-03.json,
window_67139e016ba5316f,TSM,2026-02-04,2026-02-10,success,200,36,2026-09-14T15:34:58Z,raw/responses/TSM/2026-02-04_2026-02-10.json,
window_d43fd66b931379f1,TSM,2026-02-11,2026-02-17,success,200,27,2026-09-14T15:34:59Z,raw/responses/TSM/2026-02-11_2026-02-17.json,
window_49c42bfa0248d7f5,TSM,2026-02-18,2026-02-24,success,200,29,2026-09-14T15:35:00Z,raw/responses/TSM/2026-02-18_2026-02-24.json,
window_0d8c02105fb3d835,TSM,2026-02-25,2026-03-03,success,200,29,2026-09-14T15:35:01Z,raw/responses/TSM/2026-02-25_2026-03-03.json,
window_c748a286c97d532d,TSM,2026-03-04,2026-03-10,success,200,47,2026-09-14T15:35:02Z,raw/responses/TSM/2026-03-04_2026-03-10.json,
window_feab8bcf98a249d4,TSM,2026-03-11,2026-03-17,success,200,34,2026-09-14T15:35:04Z,raw/responses/TSM/2026-03-11_2026-03-17.json,
window_ec0bab8dd6cdada5,TSM,2026-03-18,2026-03-24,success,200,21,2026-09-14T15:35:05Z,raw/responses/TSM/2026-03-18_2026-03-24.json,
window_6025e663ea0009de,TSM,2026-03-25,2026-03-31,success,200,37,2026-09-14T15:35:06Z,raw/responses/TSM/2026-03-25_2026-03-31.json,
window_5ecaef8c22733c90,TSM,2026-04-01,2026-04-07,success,200,21,2026-09-14T15:35:07Z,raw/responses/TSM/2026-04-01_2026-04-07.json,
window_ae11c64d13e3192f,TSM,2026-04-08,2026-04-14,success,200,37,2026-09-14T15:35:08Z,raw/responses/TSM/2026-04-08_2026-04-14.json,
window_e870a8686efd83dc,TSM,2026-04-15,2026-04-21,success,200,73,2026-09-14T15:35:09Z,raw/responses/TSM/2026-04-15_2026-04-21.json,
window_abf7909d8faa0312,TSM,2026-04-22,2026-04-28,success,200,34,2026-09-14T15:35:10Z,raw/responses/TSM/2026-04-22_2026-04-28.json,
window_8f6404cb4acdf742,TSM,2026-04-29,2026-05-01,success,200,16,2026-09-14T15:35:11Z,raw/responses/TSM/2026-04-29_2026-05-01.json,
